subject,trial,run,interval_width,temporal_location(%),start_frame,target_frame,end_frame,reported_location(%),signed_error,absolute_error,onset,retention_delay,image_similarity,distance_to_boundary,residual_encoding_time,retrieval_elapsed_time,nearest_boundary,similarity_start_end,similarity_start_target,similarity_end_target
sub-01,1,1,12,20,14329,14389,14629,20,0,0,1.9813044,1891.814638,0.673224032,0,689.8333333,1.9813044,14389,0.840943217,0.659988642,0.518740237
sub-01,2,1,12,20,29300,29360,29600,27,7,7,13.9809936,1280.02266,0.882695615,3,66.04166667,13.9809936,29357,0.835012972,0.851993442,0.961080432
sub-01,3,1,300,40,21224,24224,28724,66,26,26,25.9806014,1506.022268,0.461755127,24,280.0416667,25.9806014,24200,0.495798409,0.400327176,0.489139795
sub-01,4,1,60,80,14390,15590,15890,97,17,17,37.9800234,1877.77169,0.87358437,24,639.7916667,37.9800234,15566,0.853619874,0.872111917,0.895021319
sub-01,5,1,60,60,25895,26795,27395,40,-20,20,49.9794666,1422.896133,0.424598813,2,172.9166667,49.9794666,26797,0.452340961,0.406857729,0.41459775
sub-01,6,1,300,40,16327,19327,23827,72,32,32,61.9787666,1746.0621,0.608967781,3,484.0833333,61.9787666,19330,0.765540838,0.512890935,0.54847157
sub-01,7,1,60,80,21153,22353,22653,20,-60,60,73.9778418,1631.977842,0.478971044,152,358,73.9778418,22201,0.367980182,0.52699703,0.541935921
sub-01,8,1,300,60,22736,27236,30236,27,-33,33,85.9781053,1440.519772,0.371524195,35,154.5416667,85.9781053,27271,0.368221045,0.459550083,0.286801457
sub-01,9,1,300,20,18922,20422,26422,43,23,23,97.9776306,1736.435964,0.554572781,10,438.4583333,97.9776306,20412,0.454499304,0.502740145,0.706478894
sub-01,10,1,300,20,13458,14958,20958,16,-4,4,109.9772892,1976.102289,0.527636826,10,666.125,109.9772892,14948,0.503550649,0.735695601,0.343664229
sub-01,11,1,60,40,25202,25802,26702,69,29,29,121.9765434,1536.26821,0.486041149,23,214.2916667,121.9765434,25779,0.380949736,0.502093911,0.575079799
sub-01,12,1,12,40,13450,13570,13750,89,49,49,133.9765376,2057.934871,0.849632084,61,723.9583333,133.9765376,13631,0.881083906,0.8463763,0.821436048
sub-01,13,1,12,20,16152,16212,16452,6,-14,14,145.9761903,1959.85119,0.670652241,56,613.875,145.9761903,16268,0.528136969,0.987549484,0.496270269
sub-01,14,1,60,40,26923,27523,28423,77,37,37,157.9757116,1500.559045,0.596408854,1,142.5833333,157.9757116,27524,0.570710897,0.456747562,0.761768103
sub-01,15,1,12,80,25820,26060,26120,32,-48,48,169.9752563,1573.516923,0.612323423,15,203.5416667,169.9752563,26045,0.514377058,0.79671216,0.525881052
sub-01,16,1,12,60,15586,15766,15886,49,-11,11,181.9748426,2014.433176,0.91404591,126,632.4583333,181.9748426,15892,0.893184006,0.910675526,0.938278198
sub-01,17,1,300,60,16327,20827,23827,70,10,10,193.9744099,1815.557743,0.762053986,91,421.5833333,193.9744099,20918,0.765540838,0.751691878,0.768929243
sub-01,18,1,12,60,23924,24104,24224,28,-32,32,205.9735738,1691.01524,0.661446333,58,285.0416667,205.9735738,24046,0.842187762,0.562097549,0.580053687
sub-01,19,1,12,60,16152,16332,16452,37,-23,23,217.9733254,2026.848325,0.614817361,6,608.875,217.9733254,16338,0.528136969,0.636289001,0.680026114
sub-01,20,1,300,80,14351,20351,21851,70,-10,10,229.9726377,1871.389304,0.707600872,61,441.4166667,229.9726377,20412,0.724799395,0.658842862,0.739160359
sub-01,21,1,300,20,14066,15566,21566,29,9,9,241.9725123,2082.764179,0.560058008,0,640.7916667,241.9725123,15566,0.427026987,0.875541151,0.377605885
sub-01,22,1,60,20,19722,20022,21222,32,12,12,253.9720435,1909.097044,0.411991974,33,455.125,253.9720435,19989,0.266462356,0.699494839,0.270018727
sub-01,23,1,12,80,2486,2726,2786,85,5,5,265.971686,2641.763353,0.773491303,41,1175.791667,265.971686,2767,0.802486777,0.691649318,0.826337814
sub-01,24,1,300,40,1960,4960,9460,63,23,23,277.9715215,2560.679855,0.503999035,42,1082.708333,277.9715215,4918,0.433283031,0.530604362,0.54810971
sub-01,25,1,12,60,15162,15342,15462,58,-2,2,289.9710871,2140.096087,0.792497814,1,650.125,289.9710871,15341,0.925493777,0.732884884,0.71911478
sub-01,26,1,12,20,27281,27341,27581,40,20,20,301.9705846,1652.137251,0.526739667,6,150.1666667,301.9705846,27335,0.663646698,0.481651872,0.43492043
sub-01,27,1,12,40,1602,1722,1902,60,20,20,313.9702804,2731.59528,0.569713354,38,1217.625,313.9702804,1760,0.398957372,0.813810945,0.496371746
sub-01,28,1,300,60,9381,13881,16881,39,-21,21,325.9695514,2236.969551,0.506161819,46,711,325.9695514,13927,0.434503287,0.60319519,0.480786979
sub-01,29,1,300,80,18200,24200,25700,40,-40,40,337.9691534,1819.01082,0.666384419,0,281.0416667,337.9691534,24200,0.791362107,0.576158345,0.631632805
sub-01,30,1,12,20,25820,25880,26120,33,13,13,349.9687389,1761.010406,0.628588279,11,211.0416667,349.9687389,25891,0.514377058,0.79674089,0.57464689
sub-01,31,1,60,40,14390,14990,15890,30,-10,10,361.9684144,2226.760081,0.812392155,29,664.7916667,361.9684144,15019,0.853619874,0.803780138,0.779776454
sub-01,32,1,60,20,28296,28596,29796,40,20,20,373.9679995,1671.843,0.49337545,50,97.875,373.9679995,28646,0.386571616,0.598008156,0.495546579
sub-01,33,1,60,60,10035,10935,11535,20,-40,40,385.9673183,2419.717318,0.556123992,10,833.75,385.9673183,10925,0.404203236,0.668247223,0.595921516
sub-01,34,1,12,40,3739,3859,4039,50,10,10,397.9669826,2726.550316,0.567767153,1,1128.583333,397.9669826,3858,0.471912891,0.49350661,0.737881958
sub-01,35,1,300,60,10518,15018,18018,28,-32,32,409.9668631,2273.591863,0.538457811,1,663.625,409.9668631,15019,0.480903864,0.668780506,0.465689063
sub-01,36,1,300,60,13458,17958,20958,77,17,17,421.9657089,2163.090709,0.393604338,3,541.125,421.9657089,17961,0.503550649,0.407887161,0.269375205
sub-01,37,1,300,80,2522,8522,10022,60,-20,20,433.9819283,2568.273595,0.572465211,1,934.2916667,433.9819283,8523,0.40284428,0.546290815,0.768260539
sub-01,38,1,60,60,22148,23048,23648,70,10,10,445.9820058,1975.023672,0.64348652,2,329.0416667,445.9820058,23050,0.775133371,0.57852304,0.576803148
sub-01,39,1,60,80,4556,5756,6056,80,0,0,457.981767,2707.523434,0.54880482,27,1049.541667,457.981767,5729,0.386306763,0.481833637,0.778274059
sub-01,40,1,300,60,2522,7022,10022,80,20,20,469.9810394,2666.772706,0.520361811,4,996.7916667,469.9810394,7018,0.40284428,0.508628964,0.649612188
sub-01,41,1,300,20,20069,21569,27569,31,11,11,481.9809143,2072.647581,0.45564116,55,390.6666667,481.9809143,21624,0.377250761,0.34495461,0.644718111
sub-01,42,1,12,80,4600,4840,4900,74,-6,6,493.9800086,2781.688342,0.840341111,78,1087.708333,493.9800086,4918,0.777784109,0.808963835,0.934275389
sub-01,43,1,300,60,14066,18566,21566,80,20,20,505.9797997,2221.771466,0.421460688,20,515.7916667,505.9797997,18586,0.427026987,0.550489068,0.286866009
sub-01,44,1,300,60,1960,6460,9460,50,-10,10,517.9791634,2738.187497,0.451823841,48,1020.208333,517.9791634,6412,0.433283031,0.458800852,0.463387638
sub-01,45,1,60,40,19722,20322,21222,70,30,30,529.978729,2172.603729,0.371791154,90,442.625,529.978729,20412,0.266462356,0.429634243,0.419276863
sub-01,46,1,60,40,1414,2014,2914,60,20,20,541.9785103,2947.436844,0.6707172,14,1205.458333,541.9785103,2028,0.880903423,0.538607776,0.5926404
sub-01,47,1,300,80,1960,7960,9460,76,-4,4,553.978279,2711.686612,0.374507785,21,957.7083333,553.978279,7981,0.433283031,0.393522233,0.296718091
sub-01,48,1,300,20,16327,17827,23827,30,10,10,565.9777987,2312.561132,0.514019489,21,546.5833333,565.9777987,17806,0.765540838,0.39063096,0.385886669
sub-01,49,1,60,60,3650,4550,5150,70,10,10,577.9773985,2877.769065,0.541496128,24,1099.791667,577.9773985,4574,0.586262465,0.423998445,0.614227474
sub-01,50,1,300,80,20069,26069,27569,70,-10,10,589.9770775,1993.143744,0.472688923,24,203.1666667,589.9770775,26045,0.377250761,0.476390898,0.564425111
sub-01,51,1,60,20,11369,11669,12869,27,7,7,601.9765397,2605.143206,0.59856234,26,803.1666667,601.9765397,11643,0.533274829,0.825657547,0.436754644
sub-01,52,1,60,20,13942,14242,15442,40,20,20,613.9761148,2509.934448,0.736333648,21,695.9583333,613.9761148,14221,0.617607713,0.858845234,0.732547998
sub-01,53,1,300,80,18922,24922,26422,69,-11,11,625.9757989,2076.934132,0.55417345,88,250.9583333,625.9757989,24834,0.454499304,0.483178377,0.724842668
sub-01,54,1,12,40,23924,24044,24224,30,-10,10,637.9750938,2125.51676,0.791443547,2,287.5416667,637.9750938,24046,0.842187762,0.738648653,0.793494225
sub-01,55,1,60,20,10035,10335,11535,19,-1,1,649.974775,2708.724775,0.528949112,23,858.75,649.974775,10312,0.404203236,0.763092279,0.41955182
sub-01,56,1,12,80,11565,11805,11865,90,10,10,661.9743744,2659.474374,0.425252527,29,797.5,661.9743744,11776,0.391443521,0.391761363,0.492552698
sub-01,57,1,60,60,26923,27823,28423,63,3,3,673.9740035,2004.057337,0.533475856,67,130.0833333,673.9740035,27756,0.570710897,0.54025805,0.489458621
sub-01,58,1,300,40,19988,22988,27488,60,20,20,685.9732116,2217.514878,0.398772667,3,331.5416667,685.9732116,22991,0.381335378,0.467199355,0.347783267
sub-01,59,1,300,40,2522,5522,10022,61,21,21,697.9726793,2957.264346,0.524214218,111,1059.291667,697.9726793,5633,0.40284428,0.631453753,0.538344622
sub-01,60,1,12,60,21800,21980,22100,60,0,0,709.9722509,2283.513918,0.723965764,2,373.5416667,709.9722509,21978,0.736993313,0.71063894,0.724265039
sub-01,61,2,60,40,9187,9787,10687,28,-12,12,1.9779754,2923.561309,0.426671376,92,881.5833333,841.9779754,9879,0.355018765,0.344421983,0.58057338
sub-01,62,2,60,40,17621,18221,19121,61,21,21,13.9775099,2584.144177,0.401363482,9,530.1666667,853.9775099,18212,0.321571469,0.32369706,0.558821917
sub-01,63,2,12,60,13450,13630,13750,61,1,1,25.9770722,2787.435406,0.860371133,1,721.4583333,865.9770722,13631,0.881083906,0.862820923,0.837208569
sub-01,64,2,12,20,21273,21333,21573,18,-2,2,37.9767471,2478.476747,0.75228552,0,400.5,877.9767471,21333,0.636497259,0.971750498,0.648608804
sub-01,65,2,12,20,15586,15646,15886,39,19,19,49.9759319,2727.434265,0.922746738,80,637.4583333,889.9759319,15566,0.893184006,0.971495926,0.903560281
sub-01,66,2,12,40,12500,12620,12800,38,-2,2,61.9755547,2865.517221,0.699443301,90,763.5416667,901.9755547,12530,0.630747199,0.705582559,0.762000144
sub-01,67,2,60,80,11369,12569,12869,86,6,6,73.9753569,2879.642024,0.634420226,39,765.6666667,913.9753569,12530,0.533274829,0.499322087,0.870663762
sub-01,68,2,60,20,13176,13476,14676,22,2,2,85.9748317,2853.849832,0.627957404,155,727.875,925.9748317,13631,0.457795978,0.929294884,0.496781349
sub-01,69,2,60,60,11369,12269,12869,57,-3,3,97.9744801,2916.141147,0.516770363,103,778.1666667,937.9744801,12372,0.533274829,0.423333883,0.593702376
sub-01,70,2,12,80,21800,22040,22100,100,20,20,109.9735398,2521.015206,0.817930579,40,371.0416667,949.9735398,22000,0.736993313,0.733162522,0.983635902
sub-01,71,2,300,20,14351,15851,21851,28,8,8,121.9731641,2790.889831,0.711405754,41,628.9166667,961.9731641,15892,0.724799395,0.719285727,0.690132141
sub-01,72,2,60,80,13176,14376,14676,64,-16,16,133.9726909,2864.347691,0.621318579,13,690.375,973.9726909,14389,0.457795978,0.679272175,0.726887584
sub-01,73,2,12,40,15162,15282,15462,69,29,29,145.9728042,2838.597804,0.778266191,9,652.625,985.9728042,15291,0.925493777,0.706873059,0.702431738
sub-01,74,2,12,20,4600,4660,4900,27,7,7,157.9723637,3293.180697,0.807660639,86,1095.208333,997.9723637,4574,0.777784109,0.890741885,0.754455924
sub-01,75,2,60,20,25202,25502,26702,61,41,41,169.9719906,2436.763657,0.481679867,47,226.7916667,1009.971991,25549,0.380949736,0.394988745,0.669101119
sub-01,76,2,12,80,23924,24164,24224,40,-40,40,181.971635,2504.513302,0.549024999,0,282.5416667,1021.971635,24164,0.842187762,0.403494179,0.401393056
sub-01,77,2,12,20,17959,18019,18259,11,-9,9,193.9707001,2772.554033,0.51661695,47,538.5833333,1033.9707,18066,0.444595844,0.554531097,0.55072391
sub-01,78,2,60,20,15628,15928,17128,60,40,40,205.9703958,2871.678729,0.468310128,36,625.7083333,1045.970396,15892,0.333360583,0.670246482,0.401323318
sub-01,79,2,300,60,14351,18851,21851,70,10,10,217.9696908,2761.886357,0.678511739,71,503.9166667,1057.969691,18922,0.724799395,0.67871201,0.632023811
sub-01,80,2,300,60,11085,15585,18585,40,-20,20,229.9693536,2909.969354,0.512025793,19,640,1069.969354,15566,0.403320372,0.5605762,0.572180808
sub-01,81,2,300,40,9381,12381,16881,30,-10,10,241.9694744,3055.469474,0.459073414,9,773.5,1081.969474,12372,0.434503287,0.471244156,0.4714728
sub-01,82,2,300,20,10273,11773,17773,29,9,9,253.9686042,3092.801938,0.671569288,3,798.8333333,1093.968604,11776,0.664448321,0.659815192,0.69044435
sub-01,83,2,12,80,14329,14569,14629,80,0,0,265.9683256,2988.301659,0.670945783,6,682.3333333,1105.968326,14563,0.840943217,0.651862442,0.520031691
sub-01,84,2,60,20,26923,27223,28423,34,14,14,277.9678323,2473.051166,0.611131052,24,155.0833333,1117.967832,27199,0.570710897,0.635133803,0.627548456
sub-01,85,2,60,20,4556,4856,6056,30,10,10,289.9676061,3417.009273,0.5157758,62,1087.041667,1129.967606,4918,0.386306763,0.83152318,0.329497457
sub-01,86,2,300,60,20069,24569,27569,40,-20,20,301.9671754,2607.633842,0.437215209,10,265.6666667,1141.967175,24579,0.377250761,0.376978368,0.557416499
sub-01,87,2,300,20,21224,22724,28724,60,40,40,313.9667901,2696.508457,0.506919742,2,342.5416667,1153.96679,22722,0.495798409,0.480357289,0.544603527
sub-01,88,2,12,80,26328,26568,26628,59,-21,21,325.96648,2548.34148,0.682078063,68,182.375,1165.96648,26500,0.570940733,0.554679751,0.920613706
sub-01,89,2,60,80,25895,27095,27395,80,0,0,337.9659145,2538.382581,0.475009968,60,160.4166667,1177.965915,27155,0.452340961,0.490531057,0.482157886
sub-01,90,2,12,20,12500,12560,12800,40,20,20,349.9655822,3156.007249,0.644854168,30,766.0416667,1189.965582,12530,0.630747199,0.695603549,0.608211756
sub-01,91,2,60,40,12596,13196,14096,60,20,20,361.9649236,3141.50659,0.687155823,98,739.5416667,1201.964924,13098,0.68969357,0.741181314,0.630592585
sub-01,92,2,12,40,2486,2606,2786,50,10,10,373.964631,3594.756298,0.8548099,2,1180.791667,1213.964631,2608,0.802486777,0.953855455,0.808087468
sub-01,93,2,300,80,19988,25988,27488,77,-3,3,385.9637768,2632.505443,0.414776425,1,206.5416667,1225.963777,25987,0.381335378,0.377626181,0.485367715
sub-01,94,2,12,40,16152,16272,16452,40,0,0,397.96391,3049.33891,0.584240357,4,611.375,1237.96391,16268,0.528136969,0.565639615,0.658944488
sub-01,95,2,300,60,13557,18057,21057,30,-30,30,409.9794757,2986.979476,0.403727372,9,537,1249.979476,18066,0.375888646,0.479011238,0.356282234
sub-01,96,2,60,20,22148,22448,23648,67,47,47,421.9794604,2816.021127,0.754350642,77,354.0416667,1261.97946,22525,0.775133371,0.652248144,0.835670412
sub-01,97,2,12,40,14329,14449,14629,58,18,18,433.9790238,3161.312357,0.659595033,37,687.3333333,1273.979024,14486,0.840943217,0.633674383,0.504167497
sub-01,98,2,300,40,18922,21922,26422,47,7,7,445.9632804,2861.921614,0.563334286,33,375.9583333,1285.96328,21955,0.454499304,0.557501614,0.67800194
sub-01,99,2,60,40,16451,17051,17951,81,41,41,457.978468,3076.895135,0.457817475,62,578.9166667,1297.978468,16989,0.407732636,0.381435901,0.584283888
sub-01,100,2,300,80,16072,22072,23572,70,-10,10,469.9780051,2879.686338,0.690731823,30,369.7083333,1309.978005,22102,0.699183166,0.625260174,0.74775213
sub-01,101,2,12,80,17959,18199,18259,30,-50,50,481.9774485,3053.060782,0.52568237,13,531.0833333,1321.977449,18212,0.444595844,0.397394627,0.735056639
sub-01,102,2,300,40,12645,15645,20145,20,-20,20,493.9769905,3171.476991,0.483331859,79,637.5,1333.976991,15566,0.332550645,0.809746027,0.307698905
sub-01,103,2,300,20,2522,4022,10022,60,40,40,505.9764137,3667.76808,0.535507907,103,1121.791667,1345.976414,3919,0.40284428,0.566761553,0.636917889
sub-01,104,2,60,80,19722,20922,21222,67,-13,13,517.9762726,2975.601273,0.439013958,4,417.625,1357.976273,20918,0.266462356,0.252884895,0.797694623
sub-01,105,2,12,40,25018,25138,25318,41,1,1,529.975394,2811.933727,0.429841896,52,241.9583333,1369.975394,25086,0.614161015,0.286262631,0.389102042
sub-01,106,2,60,40,21153,21753,22653,20,-20,20,541.9753303,2964.97533,0.483911614,103,383,1381.97533,21856,0.367980182,0.516567588,0.567187071
sub-01,107,2,60,20,21153,21453,22653,11,-9,9,553.9743235,2989.474324,0.449790001,5,395.5,1393.974324,21458,0.367980182,0.50407207,0.47731775
sub-01,108,2,60,60,4556,5456,6056,68,8,8,565.974406,3668.016073,0.530113876,122,1062.041667,1405.974406,5334,0.386306763,0.687324226,0.516710639
sub-01,109,2,12,40,4600,4720,4900,30,-10,10,577.9734944,3710.681828,0.743728856,146,1092.708333,1417.973494,4574,0.777784109,0.756530881,0.696871579
sub-01,110,2,300,40,11085,14085,18585,29,-11,11,589.9736049,3332.473605,0.520194809,5,702.5,1429.973605,14090,0.403320372,0.590262294,0.56700176
sub-01,111,2,12,80,15162,15402,15462,72,-8,8,601.972557,3289.597557,0.809432745,6,647.625,1441.972557,15408,0.925493777,0.761621892,0.741182566
sub-01,112,2,300,80,21224,27224,28724,73,-7,7,613.972251,2809.013918,0.448277911,25,155.0416667,1453.972251,27199,0.495798409,0.28581816,0.563217163
sub-01,113,2,300,60,10273,14773,17773,49,-11,11,625.972195,3339.805528,0.538562953,6,673.8333333,1465.972195,14779,0.664448321,0.543266654,0.407973886
sub-01,114,2,300,40,14351,17351,21851,15,-25,25,637.9716705,3244.388337,0.538737476,45,566.4166667,1477.971671,17396,0.724799395,0.48977527,0.401637763
sub-01,115,2,300,20,11085,12585,18585,29,9,9,649.9711023,3454.971102,0.483780523,55,765,1489.971102,12530,0.403320372,0.589437604,0.458583593
sub-01,116,2,12,40,26328,26448,26628,53,13,13,661.9710482,2889.346048,0.659053485,13,187.375,1501.971048,26461,0.570940733,0.511222482,0.894997239
sub-01,117,2,60,40,22148,22748,23648,40,0,0,673.9703891,3055.512056,0.754774034,26,341.5416667,1513.970389,22722,0.775133371,0.723107696,0.766081035
sub-01,118,2,12,60,3739,3919,4039,50,-10,10,685.9699582,3852.053292,0.611491134,0,1126.083333,1525.969958,3919,0.471912891,0.509016752,0.853543758
sub-01,119,2,300,80,12645,18645,20145,72,-8,8,697.9696157,3250.469616,0.354656776,1,512.5,1537.969616,18644,0.332550645,0.508051455,0.223368227
sub-01,120,2,300,80,11085,17085,18585,53,-27,27,709.9694403,3327.46944,0.411512583,96,577.5,1549.96944,16989,0.403320372,0.387581944,0.443635434
sub-01,121,3,300,20,10518,12018,18018,24,4,4,1.9792599,3670.60426,0.523449163,66,788.625,1681.97926,11952,0.480903864,0.692685187,0.396758437
sub-01,122,3,12,60,25018,25198,25318,61,1,1,13.9785354,3133.436869,0.434581568,36,239.4583333,1693.978535,25234,0.614161015,0.293974459,0.39560923
sub-01,123,3,60,60,19722,20622,21222,62,2,2,25.9782118,3336.103212,0.376208852,11,430.125,1705.978212,20633,0.266462356,0.304706454,0.557457745
sub-01,124,3,60,20,9187,9487,10687,21,1,1,37.9776708,3812.061004,0.434174627,137,894.0833333,1717.977671,9350,0.355018765,0.394263268,0.553241849
sub-01,125,3,12,40,11565,11685,11865,50,10,10,49.9772215,3732.477222,0.530226717,12,802.5,1729.977222,11697,0.391443521,0.415040255,0.784196377
sub-01,126,3,60,80,16451,17651,17951,63,-17,17,61.9766064,3495.893273,0.503571322,10,553.9166667,1741.976606,17641,0.407732636,0.547998905,0.554982424
sub-01,127,3,12,60,21273,21453,21573,60,0,0,73.9763033,3349.476303,0.709812641,5,395.5,1753.976303,21458,0.636497259,0.935319662,0.557621002
sub-01,128,3,12,40,29300,29420,29600,60,20,20,85.9757842,3029.517451,0.881912669,33,63.54166667,1765.975784,29453,0.835012972,0.842169046,0.968555987
sub-01,129,3,60,60,14390,15290,15890,40,-20,20,97.9758432,3630.26751,0.646042486,1,652.2916667,1777.975843,15291,0.853619874,0.5200454,0.564462185
sub-01,130,3,60,20,14390,14690,15890,30,10,10,109.9750058,3667.266672,0.652103245,10,677.2916667,1789.975006,14700,0.853619874,0.504358649,0.598331213
sub-01,131,3,60,60,15628,16528,17128,50,-10,10,121.9745664,3602.6829,0.378013372,10,600.7083333,1801.974566,16538,0.333360583,0.569687963,0.230991572
sub-01,132,3,12,60,17959,18139,18259,89,29,29,133.9744009,3547.557734,0.479493658,8,533.5833333,1813.974401,18131,0.444595844,0.32675156,0.66713357
sub-01,133,3,60,20,1414,1714,2914,39,19,19,145.9737348,4243.932068,0.828979512,45,1217.958333,1825.973735,1669,0.880903423,0.819167018,0.786868095
sub-01,134,3,300,40,18200,21200,25700,69,29,29,157.9733516,3444.015018,0.613909702,5,406.0416667,1837.973352,21195,0.791362107,0.579749107,0.47061789
sub-01,135,3,12,60,4600,4780,4900,59,-1,1,169.9728287,4140.181162,0.778728823,138,1090.208333,1849.972829,4918,0.777784109,0.792999804,0.765402555
sub-01,136,3,60,80,12596,13796,14096,40,-40,40,181.9717258,3776.513392,0.710163554,21,714.5416667,1861.971726,13775,0.68969357,0.766344666,0.674452424
sub-01,137,3,300,60,16072,20572,23572,77,17,17,193.9720108,3506.180344,0.599707007,7,432.2083333,1873.972011,20579,0.699183166,0.522151589,0.577786267
sub-01,138,3,12,80,21273,21513,21573,60,-20,20,205.9715795,3478.97158,0.761513889,55,393,1885.97158,21458,0.636497259,0.659675717,0.98836869
sub-01,139,3,12,20,25018,25078,25318,40,20,20,217.9716023,3342.429936,0.694239994,8,244.4583333,1897.971602,25086,0.614161015,0.903934419,0.564624548
sub-01,140,3,60,80,3650,4850,5150,77,-3,3,229.9709654,4197.262632,0.569860439,68,1087.291667,1909.970965,4918,0.586262465,0.485696733,0.637622118
sub-01,141,3,300,20,1960,3460,9460,32,12,12,241.9704009,4267.178734,0.416565597,5,1145.208333,1921.970401,3465,0.433283031,0.312170625,0.504243135
sub-01,142,3,60,60,25202,26102,26702,50,-10,10,253.9699669,3335.761634,0.469284336,2,201.7916667,1933.969967,26100,0.380949736,0.489343941,0.53755933
sub-01,143,3,12,80,15586,15826,15886,60,-20,20,265.9698316,3775.928165,0.912498534,66,629.9583333,1945.969832,15892,0.893184006,0.895874202,0.948437393
sub-01,144,3,300,80,19476,25476,26976,80,0,0,277.9688666,3385.843867,0.696930011,73,227.875,1957.968867,25549,0.618891299,0.667782605,0.80411613
sub-01,145,3,300,20,19988,21488,27488,27,7,7,289.9690372,3564.010704,0.378337264,30,394.0416667,1969.969037,21458,0.381335378,0.459869921,0.293806493
sub-01,146,3,12,20,1602,1662,1902,30,10,10,301.9684601,4402.09346,0.562841068,7,1220.125,1981.96846,1669,0.398957372,0.83936286,0.450202972
sub-01,147,3,12,60,12500,12680,12800,45,-15,15,313.9678557,3955.009522,0.69880573,101,761.0416667,1993.967856,12781,0.630747199,0.732289791,0.733380198
sub-01,148,3,300,20,22736,24236,30236,40,20,20,325.9675569,3485.509224,0.460771928,36,279.5416667,2005.967557,24200,0.368221045,0.748072684,0.266022056
sub-01,149,3,60,20,17621,17921,19121,24,4,4,337.967265,3760.633932,0.504270792,40,542.6666667,2017.967265,17961,0.321571469,0.687747836,0.503493071
sub-01,150,3,12,80,13450,13690,13750,69,-11,11,349.9665406,3948.924874,0.875032147,59,718.9583333,2029.966541,13631,0.881083906,0.851312518,0.892700016
sub-01,151,3,60,80,22148,23348,23648,60,-20,20,361.9663072,3558.507974,0.722102066,34,316.5416667,2041.966307,23314,0.775133371,0.607972264,0.783200562
sub-01,152,3,60,40,3650,4250,5150,40,0,0,373.965962,4366.257629,0.465809743,48,1112.291667,2053.965962,4298,0.586262465,0.404017031,0.407149732
sub-01,153,3,12,20,3739,3799,4039,50,30,30,385.9655977,4397.048931,0.601261348,13,1131.083333,2065.965598,3812,0.471912891,0.75404346,0.577827692
sub-01,154,3,12,60,29300,29480,29600,71,11,11,397.9647871,3339.006454,0.738899032,27,61.04166667,2077.964787,29453,0.835012972,0.636288166,0.745395958
sub-01,155,3,60,80,26923,28123,28423,69,-11,11,409.9647197,3407.548053,0.54487892,43,117.5833333,2089.96472,28166,0.570710897,0.571867824,0.492058039
sub-01,156,3,60,60,17621,18521,19121,70,10,10,421.9802099,3819.646877,0.464502672,38,517.6666667,2101.98021,18483,0.321571469,0.702765763,0.369170785
sub-01,157,3,12,60,1602,1782,1902,80,20,20,433.9632931,4529.088293,0.502100398,6,1215.125,2113.963293,1788,0.398957372,0.396219879,0.711123943
sub-01,158,3,60,40,10035,10635,11535,40,0,0,445.964087,4172.214087,0.48510023,41,846.25,2125.964087,10676,0.404203236,0.632850528,0.418246925
sub-01,159,3,12,20,11565,11625,11865,30,10,10,457.9791475,4142.979148,0.458951463,17,805,2137.979148,11608,0.391443521,0.614788413,0.370622456
sub-01,160,3,12,40,17959,18079,18259,73,33,33,469.9789988,3886.062332,0.529117078,13,536.0833333,2149.978999,18066,0.444595844,0.393297553,0.749457836
sub-01,161,3,300,40,13557,16557,21057,30,-10,10,481.9788152,3961.478815,0.421245933,19,599.5,2161.978815,16538,0.375888646,0.617102027,0.270747125
sub-01,162,3,12,60,11565,11745,11865,40,-20,20,493.9781888,4173.978189,0.469659835,31,800,2173.978189,11776,0.391443521,0.720917881,0.296618104
sub-01,163,3,12,60,2486,2666,2786,72,12,12,505.9778574,4564.269524,0.783421795,58,1178.291667,2185.977857,2608,0.802486777,0.707484126,0.84029448
sub-01,164,3,60,60,21153,22053,22653,55,-5,5,517.9774886,3768.477489,0.501651009,49,370.5,2197.977489,22102,0.367980182,0.683279634,0.453693211
sub-01,165,3,60,40,13942,14542,15442,60,20,20,529.9769655,4093.435299,0.675926189,21,683.4583333,2209.976966,14563,0.617607713,0.683953524,0.72621733
sub-01,166,3,12,40,15586,15706,15886,41,1,1,541.9766706,4056.935004,0.918003182,140,634.9583333,2221.976671,15566,0.893184006,0.946782351,0.914043188
sub-01,167,3,300,40,19476,22476,26976,60,20,20,553.9761987,3786.851199,0.596290787,49,352.875,2233.976199,22525,0.618891299,0.515366018,0.654615045
sub-01,168,3,60,80,13942,15142,15442,70,-10,10,565.9754643,4104.433798,0.745977561,65,658.4583333,2245.975464,15077,0.617607713,0.667556286,0.952768683
sub-01,169,3,12,40,25820,25940,26120,40,0,0,577.9746756,3666.516342,0.538838178,4,208.5416667,2257.974676,25944,0.514377058,0.630758941,0.471378535
sub-01,170,3,12,20,21800,21860,22100,60,40,40,589.9749499,3848.516617,0.779317856,4,378.5416667,2269.97495,21856,0.736993313,0.798989177,0.801971078
sub-01,171,3,12,80,1602,1842,1902,73,-7,7,601.974359,4694.599359,0.494504452,17,1212.625,2281.974359,1859,0.398957372,0.416479409,0.668076575
sub-01,172,3,12,40,21800,21920,22100,38,-2,2,613.9739155,3870.015582,0.786751767,35,376.0416667,2293.973916,21955,0.736993313,0.82633388,0.796928108
sub-01,173,3,300,20,19476,20976,26976,31,11,11,625.9736872,3921.348687,0.513232261,58,415.375,2305.973687,20918,0.618891299,0.418279558,0.502525926
sub-01,174,3,12,80,12500,12740,12800,40,-40,40,637.9727236,4276.51439,0.690956732,41,758.5416667,2317.972724,12781,0.630747199,0.693621397,0.748501599
sub-01,175,3,300,60,12645,17145,20145,40,-20,20,649.97282,4104.97282,0.306706463,112,575,2329.97282,17257,0.332550645,0.347516209,0.240052536
sub-01,176,3,300,40,13458,16458,20958,30,-10,10,661.9723584,4145.597358,0.587588569,80,603.625,2341.972358,16538,0.503550649,0.716322362,0.542892694
sub-01,177,3,300,40,20069,23069,27569,60,20,20,673.9716376,3882.138304,0.468692313,19,328.1666667,2353.971638,23050,0.377250761,0.444087029,0.584739149
sub-01,178,3,300,60,21224,25724,28724,50,-10,10,685.9707803,3783.512447,0.48686858,55,217.5416667,2365.97078,25779,0.495798409,0.43142432,0.533383012
sub-01,179,3,300,40,22736,25736,30236,40,0,0,697.9705371,3795.012204,0.45551905,43,217.0416667,2377.970537,25779,0.368221045,0.729290605,0.269045502
sub-01,180,3,60,40,11369,11969,12869,40,0,0,709.9704675,4380.637134,0.598558346,17,790.6666667,2389.970468,11952,0.533274829,0.519994318,0.742405891
sub-01,181,4,12,80,29300,29540,29600,60,-20,20,1.9781686,3780.519835,0.777512252,43,58.54166667,2521.978169,29583,0.835012972,0.689403892,0.808119893
sub-01,182,4,300,80,22736,28736,30236,39,-41,41,13.9777092,3826.019376,0.429048399,12,92.04166667,2533.977709,28748,0.368221045,0.566889405,0.352034748
sub-01,183,4,60,80,15628,16828,17128,70,-10,10,25.9773079,4334.185641,0.489119957,95,588.2083333,2545.977308,16733,0.333360583,0.658514261,0.475485027
sub-01,184,4,300,20,16072,17572,23572,30,10,10,37.9757772,4315.184111,0.445263386,54,557.2083333,2557.975777,17518,0.699183166,0.346642971,0.28996402
sub-01,185,4,12,80,25018,25258,25318,40,-40,40,49.9765101,4006.934843,0.451532612,24,236.9583333,2569.97651,25234,0.614161015,0.336739153,0.40369767
sub-01,186,4,300,80,9381,15381,16881,70,-10,10,61.9759585,4430.475959,0.462941974,27,648.5,2581.975959,15408,0.434503287,0.516384661,0.437937975
sub-01,187,4,12,80,16152,16392,16452,80,0,0,73.9752906,4400.350291,0.678572257,23,606.375,2593.975291,16369,0.528136969,0.527052999,0.980526805
sub-01,188,4,12,20,15162,15222,15462,31,11,11,85.9747895,4461.09979,0.781456709,12,655.125,2605.97479,15210,0.925493777,0.715577185,0.703299165
sub-01,189,4,12,40,21273,21393,21573,31,-9,9,97.9747025,4215.974703,0.748584628,60,398,2617.974703,21333,0.636497259,0.976724505,0.63253212
sub-01,190,4,12,60,25820,26000,26120,35,-25,25,109.9742233,4036.01589,0.513285508,13,206.0416667,2629.974223,25987,0.514377058,0.487244695,0.53823477
sub-01,191,4,60,40,4556,5156,6056,60,20,20,121.9735094,4916.515176,0.507196426,8,1074.541667,2641.973509,5148,0.386306763,0.617104769,0.518177748
sub-01,192,4,300,60,18922,23422,26422,70,10,10,133.9730704,4167.431404,0.562183181,108,313.4583333,2653.97307,23314,0.454499304,0.605599403,0.626450837
sub-01,193,4,12,40,27281,27401,27581,30,-10,10,145.972503,4013.63917,0.509411087,35,147.6666667,2665.972503,27436,0.663646698,0.441977859,0.422608703
sub-01,194,4,60,80,28296,29496,29796,70,-10,10,157.9724278,3938.347428,0.378579348,43,60.375,2677.972428,29453,0.386571616,0.422424734,0.326741695
sub-01,195,4,60,80,9187,10387,10687,73,-7,7,169.9717692,4746.555103,0.46238931,75,856.5833333,2689.971769,10312,0.355018765,0.479985803,0.552163363
sub-01,196,4,300,20,18200,19700,25700,60,40,40,181.9715773,4370.513244,0.59972165,14,468.5416667,2701.971577,19714,0.791362107,0.581895411,0.425907433
sub-01,197,4,300,40,16072,19072,23572,60,20,20,193.9712006,4408.679534,0.601840854,51,494.7083333,2713.971201,19021,0.699183166,0.517898381,0.588441014
sub-01,198,4,12,20,13450,13510,13750,31,11,11,205.9703422,4652.428676,0.75796785,121,726.4583333,2725.970342,13631,0.881083906,0.69478333,0.698036313
sub-01,199,4,300,40,10273,13273,17773,20,-20,20,217.9703693,4674.303703,0.584628761,175,736.3333333,2737.970369,13098,0.664448321,0.636629224,0.452808738
sub-01,200,4,300,60,19988,24488,27488,60,0,0,229.9699302,4219.011597,0.365601301,14,269.0416667,2749.96993,24474,0.381335378,0.4435606,0.271907926
sub-01,201,4,60,20,16451,16751,17951,60,40,40,241.9694702,4553.386137,0.541294883,18,591.4166667,2761.96947,16733,0.407732636,0.724357009,0.491795003
sub-01,202,4,300,80,13557,19557,21057,80,0,0,253.9691905,4448.469191,0.40807276,5,474.5,2773.969191,19562,0.375888646,0.455977142,0.392352492
sub-01,203,4,60,20,3650,3950,5150,34,14,14,265.9687394,5110.760406,0.612051845,31,1124.791667,2785.968739,3919,0.586262465,0.7236588,0.526234269
sub-01,204,4,300,20,12645,14145,20145,27,7,7,277.9682236,4697.968224,0.466534972,22,700,2797.968224,14167,0.332550645,0.680825114,0.386229157
sub-01,205,4,300,60,18200,22700,25700,70,10,10,289.9675454,4353.509212,0.594278524,22,343.5416667,2809.967545,22722,0.791362107,0.5266366,0.464836866
sub-01,206,4,60,80,1414,2614,2914,65,-15,15,301.9671801,5202.425513,0.893087606,6,1180.458333,2821.96718,2608,0.880903423,0.898732543,0.899626851
sub-01,207,4,300,80,10518,16518,18018,40,-40,40,313.9668741,4635.091874,0.583597581,20,601.125,2833.966874,16538,0.480903864,0.651504278,0.6183846
sub-01,208,4,60,60,16451,17351,17951,41,-19,19,325.965924,4612.382591,0.515537073,45,566.4166667,2845.965924,17396,0.407732636,0.52406621,0.614812374
sub-01,209,4,12,20,23924,23984,24224,7,-13,13,337.9656856,4348.007352,0.527502427,1,290.0416667,2857.965686,23983,0.842187762,0.358798593,0.381520927
sub-01,210,4,60,80,17621,18821,19121,65,-15,15,349.9651633,4575.13183,0.398854067,51,505.1666667,2869.965163,18770,0.321571469,0.287838012,0.587152719
sub-01,211,4,60,60,1414,2314,2914,20,-40,40,361.9648022,5274.923136,0.553229103,101,1192.958333,2881.964802,2213,0.880903423,0.367280275,0.411503613
sub-01,212,4,12,60,14329,14509,14629,52,-8,8,373.9647712,4778.798105,0.697990954,5,684.8333333,2893.964771,14514,0.840943217,0.674068928,0.578960717
sub-01,213,4,300,40,14066,17066,21566,20,-20,20,385.9641864,4684.255853,0.344607135,77,578.2916667,2905.964186,16989,0.427026987,0.365407616,0.241386801
sub-01,214,4,300,80,16327,22327,23827,70,-10,10,397.9638476,4477.047181,0.80520918,126,359.0833333,2917.963848,22201,0.765540838,0.827244103,0.822842598
sub-01,215,4,60,60,13176,14076,14676,76,16,16,409.9803243,4832.855324,0.560014963,14,702.875,2929.980324,14090,0.457795978,0.721336246,0.500912666
sub-01,216,4,300,60,19476,23976,26976,70,10,10,421.9797522,4432.354752,0.474200209,7,290.375,2941.979752,23983,0.618891299,0.414272666,0.389436662
sub-01,217,4,60,60,9187,10087,10687,79,19,19,433.9793377,5023.062671,0.391915798,3,869.0833333,2953.979338,10084,0.355018765,0.264911145,0.555817485
sub-01,218,4,12,20,2486,2546,2786,22,2,2,445.9785696,5349.270236,0.86674879,62,1183.291667,2965.97857,2608,0.802486777,0.984086692,0.8136729
sub-01,219,4,60,60,12596,13496,14096,60,0,0,457.9778352,4905.019502,0.679986358,135,727.0416667,2977.977835,13631,0.68969357,0.66709578,0.683169723
sub-01,220,4,12,80,27281,27521,27581,70,-10,10,469.9625372,4332.629204,0.484808634,3,142.6666667,2989.962537,27524,0.663646698,0.356698692,0.434080511
sub-01,221,4,300,80,10273,16273,17773,69,-11,11,481.977441,4813.310774,0.691866497,5,611.3333333,3001.977441,16268,0.664448321,0.815407932,0.595743239
sub-01,222,4,300,20,13557,15057,21057,30,10,10,493.9766803,4875.97668,0.468338192,20,662,3013.97668,15077,0.375888646,0.523104906,0.506021023
sub-01,223,4,60,40,28296,28896,29796,20,-20,20,505.97694,4311.35194,0.448978245,24,85.375,3025.97694,28920,0.386571616,0.636950135,0.323412985
sub-01,224,4,60,80,25202,26402,26702,67,-13,13,517.9764379,4427.268105,0.514002681,6,189.2916667,3037.976438,26408,0.380949736,0.542046428,0.619011879
sub-01,225,4,60,20,25895,26195,27395,70,50,50,529.9760135,4447.89268,0.423054596,9,197.9166667,3049.976014,26204,0.452340961,0.406089157,0.41073367
sub-01,226,4,12,60,27281,27461,27581,79,19,19,541.9754966,4407.142163,0.479619553,25,145.1666667,3061.975497,27436,0.663646698,0.34283331,0.43237865
sub-01,227,4,300,80,13458,19458,20958,79,-1,1,553.9751559,4752.600156,0.484519442,23,478.625,3073.975156,19435,0.503550649,0.523809075,0.426198602
sub-01,228,4,12,80,3739,3979,4039,60,-20,20,565.9747109,5409.558044,0.605181605,60,1123.583333,3085.974711,3919,0.471912891,0.445872188,0.897759736
sub-01,229,4,60,60,28296,29196,29796,50,-10,10,577.9742654,4370.849265,0.40910688,46,72.875,3097.974265,29242,0.386571616,0.449854881,0.390894145
sub-01,230,4,12,60,26328,26508,26628,68,8,8,589.9737033,4494.848703,0.668048143,8,184.875,3109.973703,26500,0.570940733,0.527293324,0.905910373
sub-01,231,4,60,20,12596,12896,14096,23,3,3,601.9733963,5074.015063,0.754556278,29,752.0416667,3121.973396,12867,0.68969357,0.889180124,0.684795141
sub-01,232,4,12,20,26328,26388,26628,40,20,20,613.9573556,4523.832356,0.705589493,20,189.875,3133.957356,26408,0.570940733,0.925866604,0.619961143
sub-01,233,4,60,40,13176,13776,14676,31,-9,9,625.9723053,5061.347305,0.604968309,1,715.375,3145.972305,13775,0.457795978,0.853265524,0.503843427
sub-01,234,4,300,80,14066,20066,21566,66,-14,14,637.9718211,4811.263488,0.372727503,9,453.2916667,3157.971821,20075,0.427026987,0.356378973,0.334776551
sub-01,235,4,60,80,10035,11235,11535,50,-30,30,649.9716011,5191.221601,0.52952219,59,821.25,3169.971601,11176,0.404203236,0.707623601,0.476739734
sub-01,236,4,60,40,25895,26495,27395,60,20,20,661.9709277,4567.387594,0.440994372,5,185.4166667,3181.970928,26500,0.452340961,0.432447374,0.438194782
sub-01,237,4,60,60,13942,14842,15442,24,-36,36,673.9708445,5064.929178,0.68069917,1,670.9583333,3193.970845,14843,0.617607713,0.727707624,0.696782172
sub-01,238,4,60,40,15628,16228,17128,50,10,10,685.9709274,5019.179261,0.469133109,40,613.2083333,3205.970927,16268,0.333360583,0.796540856,0.277497888
sub-01,239,4,300,20,9381,10881,16881,30,10,10,697.9700143,5253.970014,0.510910342,25,836,3217.970014,10856,0.434503287,0.649891555,0.448336184
sub-01,240,4,300,40,10518,13518,18018,50,10,10,709.9695981,5156.094598,0.473818123,113,726.125,3229.969598,13631,0.480903864,0.551914155,0.388636351
sub-02,1,1,12,20,14329,14389,14629,70,50,50,1.9830689,1891.816402,0.673224032,0,689.8333333,1.9830689,14389,0.840943217,0.659988642,0.518740237
sub-02,2,1,12,20,29300,29360,29600,91,71,71,13.9823141,1280.023981,0.882695615,3,66.04166667,13.9823141,29357,0.835012972,0.851993442,0.961080432
sub-02,3,1,300,40,21224,24224,28724,60,20,20,25.9664737,1506.00814,0.461755127,24,280.0416667,25.9664737,24200,0.495798409,0.400327176,0.489139795
sub-02,4,1,60,80,14390,15590,15890,82,2,2,37.9820056,1877.773672,0.87358437,24,639.7916667,37.9820056,15566,0.853619874,0.872111917,0.895021319
sub-02,5,1,60,60,25895,26795,27395,70,10,10,49.9815235,1422.89819,0.424598813,2,172.9166667,49.9815235,26797,0.452340961,0.406857729,0.41459775
sub-02,6,1,300,40,16327,19327,23827,60,20,20,61.980978,1746.064311,0.608967781,3,484.0833333,61.980978,19330,0.765540838,0.512890935,0.54847157
sub-02,7,1,60,80,21153,22353,22653,61,-19,19,73.9802611,1631.980261,0.478971044,152,358,73.9802611,22201,0.367980182,0.52699703,0.541935921
sub-02,8,1,300,60,22736,27236,30236,61,1,1,85.9799634,1440.52163,0.371524195,35,154.5416667,85.9799634,27271,0.368221045,0.459550083,0.286801457
sub-02,9,1,300,20,18922,20422,26422,68,48,48,97.9797729,1736.438106,0.554572781,10,438.4583333,97.9797729,20412,0.454499304,0.502740145,0.706478894
sub-02,10,1,300,20,13458,14958,20958,76,56,56,109.9792717,1976.104272,0.527636826,10,666.125,109.9792717,14948,0.503550649,0.735695601,0.343664229
sub-02,11,1,60,40,25202,25802,26702,39,-1,1,121.9786146,1536.270281,0.486041149,23,214.2916667,121.9786146,25779,0.380949736,0.502093911,0.575079799
sub-02,12,1,12,40,13450,13570,13750,80,40,40,133.9783402,2057.936674,0.849632084,61,723.9583333,133.9783402,13631,0.881083906,0.8463763,0.821436048
sub-02,13,1,12,20,16152,16212,16452,67,47,47,145.9777956,1959.852796,0.670652241,56,613.875,145.9777956,16268,0.528136969,0.987549484,0.496270269
sub-02,14,1,60,40,26923,27523,28423,80,40,40,157.9773515,1500.560685,0.596408854,1,142.5833333,157.9773515,27524,0.570710897,0.456747562,0.761768103
sub-02,15,1,12,80,25820,26060,26120,29,-51,51,169.9762927,1573.517959,0.612323423,15,203.5416667,169.9762927,26045,0.514377058,0.79671216,0.525881052
sub-02,16,1,12,60,15586,15766,15886,94,34,34,181.9764278,2014.434761,0.91404591,126,632.4583333,181.9764278,15892,0.893184006,0.910675526,0.938278198
sub-02,17,1,300,60,16327,20827,23827,40,-20,20,193.976146,1815.559479,0.762053986,91,421.5833333,193.976146,20918,0.765540838,0.751691878,0.768929243
sub-02,18,1,12,60,23924,24104,24224,71,11,11,205.9755912,1691.017258,0.661446333,58,285.0416667,205.9755912,24046,0.842187762,0.562097549,0.580053687
sub-02,19,1,12,60,16152,16332,16452,62,2,2,217.9755175,2026.850518,0.614817361,6,608.875,217.9755175,16338,0.528136969,0.636289001,0.680026114
sub-02,20,1,300,80,14351,20351,21851,60,-20,20,229.9747152,1871.391382,0.707600872,61,441.4166667,229.9747152,20412,0.724799395,0.658842862,0.739160359
sub-02,21,1,300,20,14066,15566,21566,30,10,10,241.9742686,2082.765935,0.560058008,0,640.7916667,241.9742686,15566,0.427026987,0.875541151,0.377605885
sub-02,22,1,60,20,19722,20022,21222,20,0,0,253.9738105,1909.098811,0.411991974,33,455.125,253.9738105,19989,0.266462356,0.699494839,0.270018727
sub-02,23,1,12,80,2486,2726,2786,70,-10,10,265.9735849,2641.765252,0.773491303,41,1175.791667,265.9735849,2767,0.802486777,0.691649318,0.826337814
sub-02,24,1,300,40,1960,4960,9460,40,0,0,277.9730041,2560.681337,0.503999035,42,1082.708333,277.9730041,4918,0.433283031,0.530604362,0.54810971
sub-02,25,1,12,60,15162,15342,15462,90,30,30,289.9725707,2140.097571,0.792497814,1,650.125,289.9725707,15341,0.925493777,0.732884884,0.71911478
sub-02,26,1,12,20,27281,27341,27581,89,69,69,301.9717721,1652.138439,0.526739667,6,150.1666667,301.9717721,27335,0.663646698,0.481651872,0.43492043
sub-02,27,1,12,40,1602,1722,1902,60,20,20,313.971502,2731.596502,0.569713354,38,1217.625,313.971502,1760,0.398957372,0.813810945,0.496371746
sub-02,28,1,300,60,9381,13881,16881,81,21,21,325.9711924,2236.971192,0.506161819,46,711,325.9711924,13927,0.434503287,0.60319519,0.480786979
sub-02,29,1,300,80,18200,24200,25700,49,-31,31,337.9705868,1819.012253,0.666384419,0,281.0416667,337.9705868,24200,0.791362107,0.576158345,0.631632805
sub-02,30,1,12,20,25820,25880,26120,14,-6,6,349.9701663,1761.011833,0.628588279,11,211.0416667,349.9701663,25891,0.514377058,0.79674089,0.57464689
sub-02,31,1,60,40,14390,14990,15890,70,30,30,361.9702219,2226.761889,0.812392155,29,664.7916667,361.9702219,15019,0.853619874,0.803780138,0.779776454
sub-02,32,1,60,20,28296,28596,29796,46,26,26,373.9697997,1671.8448,0.49337545,50,97.875,373.9697997,28646,0.386571616,0.598008156,0.495546579
sub-02,33,1,60,60,10035,10935,11535,61,1,1,385.9693325,2419.719333,0.556123992,10,833.75,385.9693325,10925,0.404203236,0.668247223,0.595921516
sub-02,34,1,12,40,3739,3859,4039,38,-2,2,397.9689271,2726.55226,0.567767153,1,1128.583333,397.9689271,3858,0.471912891,0.49350661,0.737881958
sub-02,35,1,300,60,10518,15018,18018,57,-3,3,409.9851598,2273.61016,0.538457811,1,663.625,409.9851598,15019,0.480903864,0.668780506,0.465689063
sub-02,36,1,300,60,13458,17958,20958,39,-21,21,421.9847325,2163.109733,0.393604338,3,541.125,421.9847325,17961,0.503550649,0.407887161,0.269375205
sub-02,37,1,300,80,2522,8522,10022,52,-28,28,433.9844086,2568.276075,0.572465211,1,934.2916667,433.9844086,8523,0.40284428,0.546290815,0.768260539
sub-02,38,1,60,60,22148,23048,23648,61,1,1,445.9838653,1975.025532,0.64348652,2,329.0416667,445.9838653,23050,0.775133371,0.57852304,0.576803148
sub-02,39,1,60,80,4556,5756,6056,80,0,0,457.9835771,2707.525244,0.54880482,27,1049.541667,457.9835771,5729,0.386306763,0.481833637,0.778274059
sub-02,40,1,300,60,2522,7022,10022,40,-20,20,469.9830973,2666.774764,0.520361811,4,996.7916667,469.9830973,7018,0.40284428,0.508628964,0.649612188
sub-02,41,1,300,20,20069,21569,27569,60,40,40,481.9670339,2072.633701,0.45564116,55,390.6666667,481.9670339,21624,0.377250761,0.34495461,0.644718111
sub-02,42,1,12,80,4600,4840,4900,70,-10,10,493.9820152,2781.690349,0.840341111,78,1087.708333,493.9820152,4918,0.777784109,0.808963835,0.934275389
sub-02,43,1,300,60,14066,18566,21566,60,0,0,505.9815972,2221.773264,0.421460688,20,515.7916667,505.9815972,18586,0.427026987,0.550489068,0.286866009
sub-02,44,1,300,60,1960,6460,9460,60,0,0,517.9810115,2738.189345,0.451823841,48,1020.208333,517.9810115,6412,0.433283031,0.458800852,0.463387638
sub-02,45,1,60,40,19722,20322,21222,70,30,30,529.9807878,2172.605788,0.371791154,90,442.625,529.9807878,20412,0.266462356,0.429634243,0.419276863
sub-02,46,1,60,40,1414,2014,2914,52,12,12,541.9797025,2947.438036,0.6707172,14,1205.458333,541.9797025,2028,0.880903423,0.538607776,0.5926404
sub-02,47,1,300,80,1960,7960,9460,70,-10,10,553.9800875,2711.688421,0.374507785,21,957.7083333,553.9800875,7981,0.433283031,0.393522233,0.296718091
sub-02,48,1,300,20,16327,17827,23827,70,50,50,565.9795233,2312.562857,0.514019489,21,546.5833333,565.9795233,17806,0.765540838,0.39063096,0.385886669
sub-02,49,1,60,60,3650,4550,5150,70,10,10,577.9789614,2877.770628,0.541496128,24,1099.791667,577.9789614,4574,0.586262465,0.423998445,0.614227474
sub-02,50,1,300,80,20069,26069,27569,60,-20,20,589.9787089,1993.145376,0.472688923,24,203.1666667,589.9787089,26045,0.377250761,0.476390898,0.564425111
sub-02,51,1,60,20,11369,11669,12869,71,51,51,601.9780977,2605.144764,0.59856234,26,803.1666667,601.9780977,11643,0.533274829,0.825657547,0.436754644
sub-02,52,1,60,20,13942,14242,15442,58,38,38,613.9779376,2509.936271,0.736333648,21,695.9583333,613.9779376,14221,0.617607713,0.858845234,0.732547998
sub-02,53,1,300,80,18922,24922,26422,59,-21,21,625.9771739,2076.935507,0.55417345,88,250.9583333,625.9771739,24834,0.454499304,0.483178377,0.724842668
sub-02,54,1,12,40,23924,24044,24224,29,-11,11,637.9769504,2125.518617,0.791443547,2,287.5416667,637.9769504,24046,0.842187762,0.738648653,0.793494225
sub-02,55,1,60,20,10035,10335,11535,42,22,22,649.9767088,2708.726709,0.528949112,23,858.75,649.9767088,10312,0.404203236,0.763092279,0.41955182
sub-02,56,1,12,80,11565,11805,11865,40,-40,40,661.9759431,2659.475943,0.425252527,29,797.5,661.9759431,11776,0.391443521,0.391761363,0.492552698
sub-02,57,1,60,60,26923,27823,28423,60,0,0,673.9757187,2004.059052,0.533475856,67,130.0833333,673.9757187,27756,0.570710897,0.54025805,0.489458621
sub-02,58,1,300,40,19988,22988,27488,60,20,20,685.975253,2217.51692,0.398772667,3,331.5416667,685.975253,22991,0.381335378,0.467199355,0.347783267
sub-02,59,1,300,40,2522,5522,10022,32,-8,8,697.9749295,2957.266596,0.524214218,111,1059.291667,697.9749295,5633,0.40284428,0.631453753,0.538344622
sub-02,60,1,12,60,21800,21980,22100,61,1,1,709.9744245,2283.516091,0.723965764,2,373.5416667,709.9744245,21978,0.736993313,0.71063894,0.724265039
sub-02,61,2,60,40,9187,9787,10687,30,-10,10,1.9778346,2923.561168,0.426671376,92,881.5833333,841.9778346,9879,0.355018765,0.344421983,0.58057338
sub-02,62,2,60,40,17621,18221,19121,40,0,0,13.9776595,2584.144326,0.401363482,9,530.1666667,853.9776595,18212,0.321571469,0.32369706,0.558821917
sub-02,63,2,12,60,13450,13630,13750,80,20,20,25.9771034,2787.435437,0.860371133,1,721.4583333,865.9771034,13631,0.881083906,0.862820923,0.837208569
sub-02,64,2,12,20,21273,21333,21573,30,10,10,37.9767418,2478.476742,0.75228552,0,400.5,877.9767418,21333,0.636497259,0.971750498,0.648608804
sub-02,65,2,12,20,15586,15646,15886,10,-10,10,49.9762548,2727.434588,0.922746738,80,637.4583333,889.9762548,15566,0.893184006,0.971495926,0.903560281
sub-02,66,2,12,40,12500,12620,12800,40,0,0,61.975911,2865.517578,0.699443301,90,763.5416667,901.975911,12530,0.630747199,0.705582559,0.762000144
sub-02,67,2,60,80,11369,12569,12869,70,-10,10,73.9755063,2879.642173,0.634420226,39,765.6666667,913.9755063,12530,0.533274829,0.499322087,0.870663762
sub-02,68,2,60,20,13176,13476,14676,20,0,0,85.9739919,2853.848992,0.627957404,155,727.875,925.9739919,13631,0.457795978,0.929294884,0.496781349
sub-02,69,2,60,60,11369,12269,12869,50,-10,10,97.9587895,2916.125456,0.516770363,103,778.1666667,937.9587895,12372,0.533274829,0.423333883,0.593702376
sub-02,70,2,12,80,21800,22040,22100,92,12,12,109.9740736,2521.01574,0.817930579,40,371.0416667,949.9740736,22000,0.736993313,0.733162522,0.983635902
sub-02,71,2,300,20,14351,15851,21851,60,40,40,121.9736858,2790.890352,0.711405754,41,628.9166667,961.9736858,15892,0.724799395,0.719285727,0.690132141
sub-02,72,2,60,80,13176,14376,14676,70,-10,10,133.9732254,2864.348225,0.621318579,13,690.375,973.9732254,14389,0.457795978,0.679272175,0.726887584
sub-02,73,2,12,40,15162,15282,15462,90,50,50,145.9721924,2838.597192,0.778266191,9,652.625,985.9721924,15291,0.925493777,0.706873059,0.702431738
sub-02,74,2,12,20,4600,4660,4900,20,0,0,157.9722996,3293.180633,0.807660639,86,1095.208333,997.9722996,4574,0.777784109,0.890741885,0.754455924
sub-02,75,2,60,20,25202,25502,26702,20,0,0,169.9717362,2436.763403,0.481679867,47,226.7916667,1009.971736,25549,0.380949736,0.394988745,0.669101119
sub-02,76,2,12,80,23924,24164,24224,30,-50,50,181.9711343,2504.512801,0.549024999,0,282.5416667,1021.971134,24164,0.842187762,0.403494179,0.401393056
sub-02,77,2,12,20,17959,18019,18259,50,30,30,193.9712055,2772.554539,0.51661695,47,538.5833333,1033.971206,18066,0.444595844,0.554531097,0.55072391
sub-02,78,2,60,20,15628,15928,17128,50,30,30,205.9705126,2871.678846,0.468310128,36,625.7083333,1045.970513,15892,0.333360583,0.670246482,0.401323318
sub-02,79,2,300,60,14351,18851,21851,60,0,0,217.9703469,2761.887014,0.678511739,71,503.9166667,1057.970347,18922,0.724799395,0.67871201,0.632023811
sub-02,80,2,300,60,11085,15585,18585,70,10,10,229.9699242,2909.969924,0.512025793,19,640,1069.969924,15566,0.403320372,0.5605762,0.572180808
sub-02,81,2,300,40,9381,12381,16881,60,20,20,241.9692702,3055.46927,0.459073414,9,773.5,1081.96927,12372,0.434503287,0.471244156,0.4714728
sub-02,82,2,300,20,10273,11773,17773,20,0,0,253.9690389,3092.802372,0.671569288,3,798.8333333,1093.969039,11776,0.664448321,0.659815192,0.69044435
sub-02,83,2,12,80,14329,14569,14629,70,-10,10,265.9686577,2988.301991,0.670945783,6,682.3333333,1105.968658,14563,0.840943217,0.651862442,0.520031691
sub-02,84,2,60,20,26923,27223,28423,30,10,10,277.9680769,2473.05141,0.611131052,24,155.0833333,1117.968077,27199,0.570710897,0.635133803,0.627548456
sub-02,85,2,60,20,4556,4856,6056,40,20,20,289.9676303,3417.009297,0.5157758,62,1087.041667,1129.96763,4918,0.386306763,0.83152318,0.329497457
sub-02,86,2,300,60,20069,24569,27569,60,0,0,301.9673085,2607.633975,0.437215209,10,265.6666667,1141.967309,24579,0.377250761,0.376978368,0.557416499
sub-02,87,2,300,20,21224,22724,28724,50,30,30,313.9667592,2696.508426,0.506919742,2,342.5416667,1153.966759,22722,0.495798409,0.480357289,0.544603527
sub-02,88,2,12,80,26328,26568,26628,50,-30,30,325.9694194,2548.344419,0.682078063,68,182.375,1165.969419,26500,0.570940733,0.554679751,0.920613706
sub-02,89,2,60,80,25895,27095,27395,70,-10,10,337.9656891,2538.382356,0.475009968,60,160.4166667,1177.965689,27155,0.452340961,0.490531057,0.482157886
sub-02,90,2,12,20,12500,12560,12800,30,10,10,349.965334,3156.007001,0.644854168,30,766.0416667,1189.965334,12530,0.630747199,0.695603549,0.608211756
sub-02,91,2,60,40,12596,13196,14096,60,20,20,361.9648862,3141.506553,0.687155823,98,739.5416667,1201.964886,13098,0.68969357,0.741181314,0.630592585
sub-02,92,2,12,40,2486,2606,2786,50,10,10,373.9647178,3594.756384,0.8548099,2,1180.791667,1213.964718,2608,0.802486777,0.953855455,0.808087468
sub-02,93,2,300,80,19988,25988,27488,60,-20,20,385.9641424,2632.505809,0.414776425,1,206.5416667,1225.964142,25987,0.381335378,0.377626181,0.485367715
sub-02,94,2,12,40,16152,16272,16452,50,10,10,397.9636662,3049.338666,0.584240357,4,611.375,1237.963666,16268,0.528136969,0.565639615,0.658944488
sub-02,95,2,300,60,13557,18057,21057,50,-10,10,409.9632763,2986.963276,0.403727372,9,537,1249.963276,18066,0.375888646,0.479011238,0.356282234
sub-02,96,2,60,20,22148,22448,23648,40,20,20,421.9791337,2816.0208,0.754350642,77,354.0416667,1261.979134,22525,0.775133371,0.652248144,0.835670412
sub-02,97,2,12,40,14329,14449,14629,70,30,30,433.978773,3161.312106,0.659595033,37,687.3333333,1273.978773,14486,0.840943217,0.633674383,0.504167497
sub-02,98,2,300,40,18922,21922,26422,50,10,10,445.9782746,2861.936608,0.563334286,33,375.9583333,1285.978275,21955,0.454499304,0.557501614,0.67800194
sub-02,99,2,60,40,16451,17051,17951,60,20,20,457.978135,3076.894802,0.457817475,62,578.9166667,1297.978135,16989,0.407732636,0.381435901,0.584283888
sub-02,100,2,300,80,16072,22072,23572,60,-20,20,469.9779257,2879.686259,0.690731823,30,369.7083333,1309.977926,22102,0.699183166,0.625260174,0.74775213
sub-02,101,2,12,80,17959,18199,18259,60,-20,20,481.9774268,3053.06076,0.52568237,13,531.0833333,1321.977427,18212,0.444595844,0.397394627,0.735056639
sub-02,102,2,300,40,12645,15645,20145,50,10,10,493.9771224,3171.477122,0.483331859,79,637.5,1333.977122,15566,0.332550645,0.809746027,0.307698905
sub-02,103,2,300,20,2522,4022,10022,60,40,40,505.9761814,3667.767848,0.535507907,103,1121.791667,1345.976181,3919,0.40284428,0.566761553,0.636917889
sub-02,104,2,60,80,19722,20922,21222,80,0,0,517.976259,2975.601259,0.439013958,4,417.625,1357.976259,20918,0.266462356,0.252884895,0.797694623
sub-02,105,2,12,40,25018,25138,25318,20,-20,20,529.9756827,2811.934016,0.429841896,52,241.9583333,1369.975683,25086,0.614161015,0.286262631,0.389102042
sub-02,106,2,60,40,21153,21753,22653,50,10,10,541.9754202,2964.97542,0.483911614,103,383,1381.97542,21856,0.367980182,0.516567588,0.567187071
sub-02,107,2,60,20,21153,21453,22653,20,0,0,553.9748493,2989.474849,0.449790001,5,395.5,1393.974849,21458,0.367980182,0.50407207,0.47731775
sub-02,108,2,60,60,4556,5456,6056,70,10,10,565.9745482,3668.016215,0.530113876,122,1062.041667,1405.974548,5334,0.386306763,0.687324226,0.516710639
sub-02,109,2,12,40,4600,4720,4900,70,30,30,577.9739962,3710.68233,0.743728856,146,1092.708333,1417.973996,4574,0.777784109,0.756530881,0.696871579
sub-02,110,2,300,40,11085,14085,18585,40,0,0,589.9737042,3332.473704,0.520194809,5,702.5,1429.973704,14090,0.403320372,0.590262294,0.56700176
sub-02,111,2,12,80,15162,15402,15462,80,0,0,601.9731871,3289.598187,0.809432745,6,647.625,1441.973187,15408,0.925493777,0.761621892,0.741182566
sub-02,112,2,300,80,21224,27224,28724,70,-10,10,613.9728491,2809.014516,0.448277911,25,155.0416667,1453.972849,27199,0.495798409,0.28581816,0.563217163
sub-02,113,2,300,60,10273,14773,17773,40,-20,20,625.9720944,3339.805428,0.538562953,6,673.8333333,1465.972094,14779,0.664448321,0.543266654,0.407973886
sub-02,114,2,300,40,14351,17351,21851,70,30,30,637.971966,3244.388633,0.538737476,45,566.4166667,1477.971966,17396,0.724799395,0.48977527,0.401637763
sub-02,115,2,300,20,11085,12585,18585,70,50,50,649.9707936,3454.970794,0.483780523,55,765,1489.970794,12530,0.403320372,0.589437604,0.458583593
sub-02,116,2,12,40,26328,26448,26628,80,40,40,661.9707293,2889.345729,0.659053485,13,187.375,1501.970729,26461,0.570940733,0.511222482,0.894997239
sub-02,117,2,60,40,22148,22748,23648,60,20,20,673.9704053,3055.512072,0.754774034,26,341.5416667,1513.970405,22722,0.775133371,0.723107696,0.766081035
sub-02,118,2,12,60,3739,3919,4039,80,20,20,685.9697482,3852.053082,0.611491134,0,1126.083333,1525.969748,3919,0.471912891,0.509016752,0.853543758
sub-02,119,2,300,80,12645,18645,20145,60,-20,20,697.9693221,3250.469322,0.354656776,1,512.5,1537.969322,18644,0.332550645,0.508051455,0.223368227
sub-02,120,2,300,80,11085,17085,18585,30,-50,50,709.9686863,3327.468686,0.411512583,96,577.5,1549.968686,16989,0.403320372,0.387581944,0.443635434
sub-02,121,3,300,20,10518,12018,18018,59,39,39,1.9802003,3670.6052,0.523449163,66,788.625,1681.9802,11952,0.480903864,0.692685187,0.396758437
sub-02,122,3,12,60,25018,25198,25318,70,10,10,13.9792574,3133.437591,0.434581568,36,239.4583333,1693.979257,25234,0.614161015,0.293974459,0.39560923
sub-02,123,3,60,60,19722,20622,21222,70,10,10,25.9793496,3336.10435,0.376208852,11,430.125,1705.97935,20633,0.266462356,0.304706454,0.557457745
sub-02,124,3,60,20,9187,9487,10687,30,10,10,37.9784742,3812.061808,0.434174627,137,894.0833333,1717.978474,9350,0.355018765,0.394263268,0.553241849
sub-02,125,3,12,40,11565,11685,11865,70,30,30,49.9778314,3732.477831,0.530226717,12,802.5,1729.977831,11697,0.391443521,0.415040255,0.784196377
sub-02,126,3,60,80,16451,17651,17951,90,10,10,61.9775364,3495.894203,0.503571322,10,553.9166667,1741.977536,17641,0.407732636,0.547998905,0.554982424
sub-02,127,3,12,60,21273,21453,21573,10,-50,50,73.9769427,3349.476943,0.709812641,5,395.5,1753.976943,21458,0.636497259,0.935319662,0.557621002
sub-02,128,3,12,40,29300,29420,29600,80,40,40,85.9765674,3029.518234,0.881912669,33,63.54166667,1765.976567,29453,0.835012972,0.842169046,0.968555987
sub-02,129,3,60,60,14390,15290,15890,80,20,20,97.9758934,3630.26756,0.646042486,1,652.2916667,1777.975893,15291,0.853619874,0.5200454,0.564462185
sub-02,130,3,60,20,14390,14690,15890,24,4,4,109.9756448,3667.267311,0.652103245,10,677.2916667,1789.975645,14700,0.853619874,0.504358649,0.598331213
sub-02,131,3,60,60,15628,16528,17128,40,-20,20,121.9754497,3602.683783,0.378013372,10,600.7083333,1801.97545,16538,0.333360583,0.569687963,0.230991572
sub-02,132,3,12,60,17959,18139,18259,70,10,10,133.9751069,3547.55844,0.479493658,8,533.5833333,1813.975107,18131,0.444595844,0.32675156,0.66713357
sub-02,133,3,60,20,1414,1714,2914,30,10,10,145.9748613,4243.933195,0.828979512,45,1217.958333,1825.974861,1669,0.880903423,0.819167018,0.786868095
sub-02,134,3,300,40,18200,21200,25700,50,10,10,157.974473,3444.01614,0.613909702,5,406.0416667,1837.974473,21195,0.791362107,0.579749107,0.47061789
sub-02,135,3,12,60,4600,4780,4900,80,20,20,169.9738277,4140.182161,0.778728823,138,1090.208333,1849.973828,4918,0.777784109,0.792999804,0.765402555
sub-02,136,3,60,80,12596,13796,14096,60,-20,20,181.9736664,3776.515333,0.710163554,21,714.5416667,1861.973666,13775,0.68969357,0.766344666,0.674452424
sub-02,137,3,300,60,16072,20572,23572,50,-10,10,193.9732446,3506.181578,0.599707007,7,432.2083333,1873.973245,20579,0.699183166,0.522151589,0.577786267
sub-02,138,3,12,80,21273,21513,21573,80,0,0,205.9729099,3478.97291,0.761513889,55,393,1885.97291,21458,0.636497259,0.659675717,0.98836869
sub-02,139,3,12,20,25018,25078,25318,30,10,10,217.9723005,3342.430634,0.694239994,8,244.4583333,1897.972301,25086,0.614161015,0.903934419,0.564624548
sub-02,140,3,60,80,3650,4850,5150,70,-10,10,229.9718782,4197.263545,0.569860439,68,1087.291667,1909.971878,4918,0.586262465,0.485696733,0.637622118
sub-02,141,3,300,20,1960,3460,9460,40,20,20,241.9708909,4267.179224,0.416565597,5,1145.208333,1921.970891,3465,0.433283031,0.312170625,0.504243135
sub-02,142,3,60,60,25202,26102,26702,60,0,0,253.9708562,3335.762523,0.469284336,2,201.7916667,1933.970856,26100,0.380949736,0.489343941,0.53755933
sub-02,143,3,12,80,15586,15826,15886,80,0,0,265.9706175,3775.928951,0.912498534,66,629.9583333,1945.970618,15892,0.893184006,0.895874202,0.948437393
sub-02,144,3,300,80,19476,25476,26976,70,-10,10,277.9698905,3385.844891,0.696930011,73,227.875,1957.969891,25549,0.618891299,0.667782605,0.80411613
sub-02,145,3,300,20,19988,21488,27488,50,30,30,289.9694441,3564.011111,0.378337264,30,394.0416667,1969.969444,21458,0.381335378,0.459869921,0.293806493
sub-02,146,3,12,20,1602,1662,1902,40,20,20,301.9688999,4402.0939,0.562841068,7,1220.125,1981.9689,1669,0.398957372,0.83936286,0.450202972
sub-02,147,3,12,60,12500,12680,12800,80,20,20,313.9690389,3955.010706,0.69880573,101,761.0416667,1993.969039,12781,0.630747199,0.732289791,0.733380198
sub-02,148,3,300,20,22736,24236,30236,70,50,50,325.9686298,3485.510296,0.460771928,36,279.5416667,2005.96863,24200,0.368221045,0.748072684,0.266022056
sub-02,149,3,60,20,17621,17921,19121,30,10,10,337.9676421,3760.634309,0.504270792,40,542.6666667,2017.967642,17961,0.321571469,0.687747836,0.503493071
sub-02,150,3,12,80,13450,13690,13750,90,10,10,349.9675822,3948.925916,0.875032147,59,718.9583333,2029.967582,13631,0.881083906,0.851312518,0.892700016
sub-02,151,3,60,80,22148,23348,23648,60,-20,20,361.9670263,3558.508693,0.722102066,34,316.5416667,2041.967026,23314,0.775133371,0.607972264,0.783200562
sub-02,152,3,60,40,3650,4250,5150,29,-11,11,373.9668187,4366.258485,0.465809743,48,1112.291667,2053.966819,4298,0.586262465,0.404017031,0.407149732
sub-02,153,3,12,20,3739,3799,4039,60,40,40,385.9664638,4397.049797,0.601261348,13,1131.083333,2065.966464,3812,0.471912891,0.75404346,0.577827692
sub-02,154,3,12,60,29300,29480,29600,80,20,20,397.9658191,3339.007486,0.738899032,27,61.04166667,2077.965819,29453,0.835012972,0.636288166,0.745395958
sub-02,155,3,60,80,26923,28123,28423,60,-20,20,409.9652478,3407.548581,0.54487892,43,117.5833333,2089.965248,28166,0.570710897,0.571867824,0.492058039
sub-02,156,3,60,60,17621,18521,19121,60,0,0,421.9649622,3819.631629,0.464502672,38,517.6666667,2101.964962,18483,0.321571469,0.702765763,0.369170785
sub-02,157,3,12,60,1602,1782,1902,80,20,20,433.9646604,4529.08966,0.502100398,6,1215.125,2113.96466,1788,0.398957372,0.396219879,0.711123943
sub-02,158,3,60,40,10035,10635,11535,50,10,10,445.980449,4172.230449,0.48510023,41,846.25,2125.980449,10676,0.404203236,0.632850528,0.418246925
sub-02,159,3,12,20,11565,11625,11865,20,0,0,457.9804303,4142.98043,0.458951463,17,805,2137.98043,11608,0.391443521,0.614788413,0.370622456
sub-02,160,3,12,40,17959,18079,18259,76,36,36,469.9799749,3886.063308,0.529117078,13,536.0833333,2149.979975,18066,0.444595844,0.393297553,0.749457836
sub-02,161,3,300,40,13557,16557,21057,41,1,1,481.9787432,3961.478743,0.421245933,19,599.5,2161.978743,16538,0.375888646,0.617102027,0.270747125
sub-02,162,3,12,60,11565,11745,11865,40,-20,20,493.9792776,4173.979278,0.469659835,31,800,2173.979278,11776,0.391443521,0.720917881,0.296618104
sub-02,163,3,12,60,2486,2666,2786,70,10,10,505.978707,4564.270374,0.783421795,58,1178.291667,2185.978707,2608,0.802486777,0.707484126,0.84029448
sub-02,164,3,60,60,21153,22053,22653,20,-40,40,517.9783281,3768.478328,0.501651009,49,370.5,2197.978328,22102,0.367980182,0.683279634,0.453693211
sub-02,165,3,60,40,13942,14542,15442,20,-20,20,529.9778305,4093.436164,0.675926189,21,683.4583333,2209.977831,14563,0.617607713,0.683953524,0.72621733
sub-02,166,3,12,40,15586,15706,15886,20,-20,20,541.9775595,4056.935893,0.918003182,140,634.9583333,2221.97756,15566,0.893184006,0.946782351,0.914043188
sub-02,167,3,300,40,19476,22476,26976,50,10,10,553.9769184,3786.851918,0.596290787,49,352.875,2233.976918,22525,0.618891299,0.515366018,0.654615045
sub-02,168,3,60,80,13942,15142,15442,80,0,0,565.9759894,4104.434323,0.745977561,65,658.4583333,2245.975989,15077,0.617607713,0.667556286,0.952768683
sub-02,169,3,12,40,25820,25940,26120,40,0,0,577.9755755,3666.517242,0.538838178,4,208.5416667,2257.975576,25944,0.514377058,0.630758941,0.471378535
sub-02,170,3,12,20,21800,21860,22100,70,50,50,589.9753592,3848.517026,0.779317856,4,378.5416667,2269.975359,21856,0.736993313,0.798989177,0.801971078
sub-02,171,3,12,80,1602,1842,1902,80,0,0,601.9752551,4694.600255,0.494504452,17,1212.625,2281.975255,1859,0.398957372,0.416479409,0.668076575
sub-02,172,3,12,40,21800,21920,22100,60,20,20,613.9743289,3870.015996,0.786751767,35,376.0416667,2293.974329,21955,0.736993313,0.82633388,0.796928108
sub-02,173,3,300,20,19476,20976,26976,30,10,10,625.973939,3921.348939,0.513232261,58,415.375,2305.973939,20918,0.618891299,0.418279558,0.502525926
sub-02,174,3,12,80,12500,12740,12800,40,-40,40,637.9737589,4276.515426,0.690956732,41,758.5416667,2317.973759,12781,0.630747199,0.693621397,0.748501599
sub-02,175,3,300,60,12645,17145,20145,50,-10,10,649.9736502,4104.97365,0.306706463,112,575,2329.97365,17257,0.332550645,0.347516209,0.240052536
sub-02,176,3,300,40,13458,16458,20958,60,20,20,661.9728621,4145.597862,0.587588569,80,603.625,2341.972862,16538,0.503550649,0.716322362,0.542892694
sub-02,177,3,300,40,20069,23069,27569,50,10,10,673.9726432,3882.13931,0.468692313,19,328.1666667,2353.972643,23050,0.377250761,0.444087029,0.584739149
sub-02,178,3,300,60,21224,25724,28724,50,-10,10,685.9722144,3783.513881,0.48686858,55,217.5416667,2365.972214,25779,0.495798409,0.43142432,0.533383012
sub-02,179,3,300,40,22736,25736,30236,70,30,30,697.9713173,3795.012984,0.45551905,43,217.0416667,2377.971317,25779,0.368221045,0.729290605,0.269045502
sub-02,180,3,60,40,11369,11969,12869,50,10,10,709.9715538,4380.63822,0.598558346,17,790.6666667,2389.971554,11952,0.533274829,0.519994318,0.742405891
sub-02,181,4,12,80,29300,29540,29600,70,-10,10,1.9777948,3780.519461,0.777512252,43,58.54166667,2521.977795,29583,0.835012972,0.689403892,0.808119893
sub-02,182,4,300,80,22736,28736,30236,60,-20,20,13.9773537,3826.01902,0.429048399,12,92.04166667,2533.977354,28748,0.368221045,0.566889405,0.352034748
sub-02,183,4,60,80,15628,16828,17128,70,-10,10,25.9768267,4334.18516,0.489119957,95,588.2083333,2545.976827,16733,0.333360583,0.658514261,0.475485027
sub-02,184,4,300,20,16072,17572,23572,61,41,41,37.9761241,4315.184457,0.445263386,54,557.2083333,2557.976124,17518,0.699183166,0.346642971,0.28996402
sub-02,185,4,12,80,25018,25258,25318,40,-40,40,49.9759249,4006.934258,0.451532612,24,236.9583333,2569.975925,25234,0.614161015,0.336739153,0.40369767
sub-02,186,4,300,80,9381,15381,16881,70,-10,10,61.9752875,4430.475287,0.462941974,27,648.5,2581.975288,15408,0.434503287,0.516384661,0.437937975
sub-02,187,4,12,80,16152,16392,16452,90,10,10,73.9752268,4400.350227,0.678572257,23,606.375,2593.975227,16369,0.528136969,0.527052999,0.980526805
sub-02,188,4,12,20,15162,15222,15462,70,50,50,85.9742836,4461.099284,0.781456709,12,655.125,2605.974284,15210,0.925493777,0.715577185,0.703299165
sub-02,189,4,12,40,21273,21393,21573,20,-20,20,97.9736183,4215.973618,0.748584628,60,398,2617.973618,21333,0.636497259,0.976724505,0.63253212
sub-02,190,4,12,60,25820,26000,26120,50,-10,10,109.9582764,4035.999943,0.513285508,13,206.0416667,2629.958276,25987,0.514377058,0.487244695,0.53823477
sub-02,191,4,60,40,4556,5156,6056,50,10,10,121.9733366,4916.515003,0.507196426,8,1074.541667,2641.973337,5148,0.386306763,0.617104769,0.518177748
sub-02,192,4,300,60,18922,23422,26422,60,0,0,133.9727694,4167.431103,0.562183181,108,313.4583333,2653.972769,23314,0.454499304,0.605599403,0.626450837
sub-02,193,4,12,40,27281,27401,27581,70,30,30,145.9726186,4013.639285,0.509411087,35,147.6666667,2665.972619,27436,0.663646698,0.441977859,0.422608703
sub-02,194,4,60,80,28296,29496,29796,60,-20,20,157.9720789,3938.347079,0.378579348,43,60.375,2677.972079,29453,0.386571616,0.422424734,0.326741695
sub-02,195,4,60,80,9187,10387,10687,60,-20,20,169.971395,4746.554728,0.46238931,75,856.5833333,2689.971395,10312,0.355018765,0.479985803,0.552163363
sub-02,196,4,300,20,18200,19700,25700,50,30,30,181.9709431,4370.51261,0.59972165,14,468.5416667,2701.970943,19714,0.791362107,0.581895411,0.425907433
sub-02,197,4,300,40,16072,19072,23572,60,20,20,193.9705164,4408.67885,0.601840854,51,494.7083333,2713.970516,19021,0.699183166,0.517898381,0.588441014
sub-02,198,4,12,20,13450,13510,13750,30,10,10,205.970117,4652.42845,0.75796785,121,726.4583333,2725.970117,13631,0.881083906,0.69478333,0.698036313
sub-02,199,4,300,40,10273,13273,17773,70,30,30,217.9699317,4674.303265,0.584628761,175,736.3333333,2737.969932,13098,0.664448321,0.636629224,0.452808738
sub-02,200,4,300,60,19988,24488,27488,70,10,10,229.9695048,4219.011171,0.365601301,14,269.0416667,2749.969505,24474,0.381335378,0.4435606,0.271907926
sub-02,201,4,60,20,16451,16751,17951,30,10,10,241.9690616,4553.385728,0.541294883,18,591.4166667,2761.969062,16733,0.407732636,0.724357009,0.491795003
sub-02,202,4,300,80,13557,19557,21057,70,-10,10,253.9681648,4448.468165,0.40807276,5,474.5,2773.968165,19562,0.375888646,0.455977142,0.392352492
sub-02,203,4,60,20,3650,3950,5150,80,60,60,265.9683334,5110.76,0.612051845,31,1124.791667,2785.968333,3919,0.586262465,0.7236588,0.526234269
sub-02,204,4,300,20,12645,14145,20145,60,40,40,277.9677778,4697.967778,0.466534972,22,700,2797.967778,14167,0.332550645,0.680825114,0.386229157
sub-02,205,4,300,60,18200,22700,25700,70,10,10,289.9672826,4353.508949,0.594278524,22,343.5416667,2809.967283,22722,0.791362107,0.5266366,0.464836866
sub-02,206,4,60,80,1414,2614,2914,80,0,0,301.9665278,5202.424861,0.893087606,6,1180.458333,2821.966528,2608,0.880903423,0.898732543,0.899626851
sub-02,207,4,300,80,10518,16518,18018,60,-20,20,313.9658264,4635.090826,0.583597581,20,601.125,2833.965826,16538,0.480903864,0.651504278,0.6183846
sub-02,208,4,60,60,16451,17351,17951,70,10,10,325.9653135,4612.38198,0.515537073,45,566.4166667,2845.965314,17396,0.407732636,0.52406621,0.614812374
sub-02,209,4,12,20,23924,23984,24224,70,50,50,337.9652822,4348.006949,0.527502427,1,290.0416667,2857.965282,23983,0.842187762,0.358798593,0.381520927
sub-02,210,4,60,80,17621,18821,19121,70,-10,10,349.9649339,4575.131601,0.398854067,51,505.1666667,2869.964934,18770,0.321571469,0.287838012,0.587152719
sub-02,211,4,60,60,1414,2314,2914,40,-20,20,361.9643917,5274.922725,0.553229103,101,1192.958333,2881.964392,2213,0.880903423,0.367280275,0.411503613
sub-02,212,4,12,60,14329,14509,14629,90,30,30,373.9640584,4778.797392,0.697990954,5,684.8333333,2893.964058,14514,0.840943217,0.674068928,0.578960717
sub-02,213,4,300,40,14066,17066,21566,30,-10,10,385.9639006,4684.255567,0.344607135,77,578.2916667,2905.963901,16989,0.427026987,0.365407616,0.241386801
sub-02,214,4,300,80,16327,22327,23827,80,0,0,397.9636507,4477.046984,0.80520918,126,359.0833333,2917.963651,22201,0.765540838,0.827244103,0.822842598
sub-02,215,4,60,60,13176,14076,14676,80,20,20,409.9795175,4832.854518,0.560014963,14,702.875,2929.979518,14090,0.457795978,0.721336246,0.500912666
sub-02,216,4,300,60,19476,23976,26976,30,-30,30,421.9792052,4432.354205,0.474200209,7,290.375,2941.979205,23983,0.618891299,0.414272666,0.389436662
sub-02,217,4,60,60,9187,10087,10687,70,10,10,433.961978,5023.045311,0.391915798,3,869.0833333,2953.961978,10084,0.355018765,0.264911145,0.555817485
sub-02,218,4,12,20,2486,2546,2786,10,-10,10,445.9784844,5349.270151,0.86674879,62,1183.291667,2965.978484,2608,0.802486777,0.984086692,0.8136729
sub-02,219,4,60,60,12596,13496,14096,60,0,0,457.9777501,4905.019417,0.679986358,135,727.0416667,2977.97775,13631,0.68969357,0.66709578,0.683169723
sub-02,220,4,12,80,27281,27521,27581,60,-20,20,469.977745,4332.644412,0.484808634,3,142.6666667,2989.977745,27524,0.663646698,0.356698692,0.434080511
sub-02,221,4,300,80,10273,16273,17773,40,-40,40,481.9766476,4813.309981,0.691866497,5,611.3333333,3001.976648,16268,0.664448321,0.815407932,0.595743239
sub-02,222,4,300,20,13557,15057,21057,70,50,50,493.9761099,4875.97611,0.468338192,20,662,3013.97611,15077,0.375888646,0.523104906,0.506021023
sub-02,223,4,60,40,28296,28896,29796,30,-10,10,505.9759392,4311.350939,0.448978245,24,85.375,3025.975939,28920,0.386571616,0.636950135,0.323412985
sub-02,224,4,60,80,25202,26402,26702,80,0,0,517.9754697,4427.267136,0.514002681,6,189.2916667,3037.97547,26408,0.380949736,0.542046428,0.619011879
sub-02,225,4,60,20,25895,26195,27395,70,50,50,529.9755522,4447.892219,0.423054596,9,197.9166667,3049.975552,26204,0.452340961,0.406089157,0.41073367
sub-02,226,4,12,60,27281,27461,27581,60,0,0,541.9750622,4407.141729,0.479619553,25,145.1666667,3061.975062,27436,0.663646698,0.34283331,0.43237865
sub-02,227,4,300,80,13458,19458,20958,60,-20,20,553.9745559,4752.599556,0.484519442,23,478.625,3073.974556,19435,0.503550649,0.523809075,0.426198602
sub-02,228,4,12,80,3739,3979,4039,90,10,10,565.974159,5409.557492,0.605181605,60,1123.583333,3085.974159,3919,0.471912891,0.445872188,0.897759736
sub-02,229,4,60,60,28296,29196,29796,70,10,10,577.9737201,4370.84872,0.40910688,46,72.875,3097.97372,29242,0.386571616,0.449854881,0.390894145
sub-02,230,4,12,60,26328,26508,26628,80,20,20,589.9732557,4494.848256,0.668048143,8,184.875,3109.973256,26500,0.570940733,0.527293324,0.905910373
sub-02,231,4,60,20,12596,12896,14096,20,0,0,601.9728779,5074.014545,0.754556278,29,752.0416667,3121.972878,12867,0.68969357,0.889180124,0.684795141
sub-02,232,4,12,20,26328,26388,26628,80,60,60,613.9723184,4523.847318,0.705589493,20,189.875,3133.972318,26408,0.570940733,0.925866604,0.619961143
sub-02,233,4,60,40,13176,13776,14676,30,-10,10,625.9717811,5061.346781,0.604968309,1,715.375,3145.971781,13775,0.457795978,0.853265524,0.503843427
sub-02,234,4,300,80,14066,20066,21566,70,-10,10,637.9712535,4811.26292,0.372727503,9,453.2916667,3157.971254,20075,0.427026987,0.356378973,0.334776551
sub-02,235,4,60,80,10035,11235,11535,90,10,10,649.9708554,5191.220855,0.52952219,59,821.25,3169.970855,11176,0.404203236,0.707623601,0.476739734
sub-02,236,4,60,40,25895,26495,27395,20,-20,20,661.9700741,4567.386741,0.440994372,5,185.4166667,3181.970074,26500,0.452340961,0.432447374,0.438194782
sub-02,237,4,60,60,13942,14842,15442,20,-40,40,673.9703695,5064.928703,0.68069917,1,670.9583333,3193.97037,14843,0.617607713,0.727707624,0.696782172
sub-02,238,4,60,40,15628,16228,17128,40,0,0,685.9698425,5019.178176,0.469133109,40,613.2083333,3205.969843,16268,0.333360583,0.796540856,0.277497888
sub-02,239,4,300,20,9381,10881,16881,60,40,40,697.9688433,5253.968843,0.510910342,25,836,3217.968843,10856,0.434503287,0.649891555,0.448336184
sub-02,240,4,300,40,10518,13518,18018,60,20,20,709.9690093,5156.094009,0.473818123,113,726.125,3229.969009,13631,0.480903864,0.551914155,0.388636351
sub-04,1,1,60,60,1414,2314,2914,60,0,0,1.9778753,2394.936209,0.553229103,101,1192.958333,1.9778753,2213,0.880903423,0.367280275,0.411503613
sub-04,2,1,12,80,25018,25258,25318,81,1,1,13.9774386,1450.935772,0.451532612,24,236.9583333,13.9774386,25234,0.614161015,0.336739153,0.40369767
sub-04,3,1,60,20,13942,14242,15442,8,-12,12,25.9764457,1921.934779,0.736333648,21,695.9583333,25.9764457,14221,0.617607713,0.858845234,0.732547998
sub-04,4,1,12,20,17959,18019,18259,18,-2,2,37.9604859,1776.543819,0.51661695,47,538.5833333,37.9604859,18066,0.444595844,0.554531097,0.55072391
sub-04,5,1,60,60,17621,18521,19121,80,20,20,49.9758683,1767.642535,0.464502672,38,517.6666667,49.9758683,18483,0.321571469,0.702765763,0.369170785
sub-04,6,1,12,40,26328,26448,26628,83,43,43,61.9754594,1449.350459,0.659053485,13,187.375,61.9754594,26461,0.570940733,0.511222482,0.894997239
sub-04,7,1,12,40,23924,24044,24224,28,-12,12,73.9750111,1561.516678,0.791443547,2,287.5416667,73.9750111,24046,0.842187762,0.738648653,0.793494225
sub-04,8,1,60,60,12596,13496,14096,40,-20,20,85.9747345,2013.016401,0.679986358,135,727.0416667,85.9747345,13631,0.68969357,0.66709578,0.683169723
sub-04,9,1,300,20,18200,19700,25700,80,60,60,97.9581348,1766.499801,0.59972165,14,468.5416667,97.9581348,19714,0.791362107,0.581895411,0.425907433
sub-04,10,1,12,80,4600,4840,4900,60,-20,20,109.9583475,2397.666681,0.840341111,78,1087.708333,109.9583475,4918,0.777784109,0.808963835,0.934275389
sub-04,11,1,60,20,16451,16751,17951,40,20,20,121.9736099,1913.390277,0.541294883,18,591.4166667,121.9736099,16733,0.407732636,0.724357009,0.491795003
sub-04,12,1,300,20,13458,14958,20958,9,-11,11,133.9726767,2000.097677,0.527636826,10,666.125,133.9726767,14948,0.503550649,0.735695601,0.343664229
sub-04,13,1,300,80,20069,26069,27569,71,-9,9,145.9721803,1549.138847,0.472688923,24,203.1666667,145.9721803,26045,0.377250761,0.476390898,0.564425111
sub-04,14,1,300,80,13557,19557,21057,81,1,1,157.9722045,1832.472205,0.40807276,5,474.5,157.9722045,19562,0.375888646,0.455977142,0.392352492
sub-04,15,1,300,60,13557,18057,21057,29,-31,31,169.9716696,1906.97167,0.403727372,9,537,169.9716696,18066,0.375888646,0.479011238,0.356282234
sub-04,16,1,60,20,3650,3950,5150,71,51,51,181.9713922,2506.763059,0.612051845,31,1124.791667,181.9713922,3919,0.586262465,0.7236588,0.526234269
sub-04,17,1,60,60,16451,17351,17951,40,-20,20,193.9704363,1960.387103,0.515537073,45,566.4166667,193.9704363,17396,0.407732636,0.52406621,0.614812374
sub-04,18,1,300,20,9381,10881,16881,29,9,9,205.9702832,2241.970283,0.510910342,25,836,205.9702832,10856,0.434503287,0.649891555,0.448336184
sub-04,19,1,300,80,19988,25988,27488,80,0,0,217.970069,1624.511736,0.414776425,1,206.5416667,217.970069,25987,0.381335378,0.377626181,0.485367715
sub-04,20,1,60,40,19722,20322,21222,75,35,35,229.9698079,1872.594808,0.371791154,90,442.625,229.9698079,20412,0.266462356,0.429634243,0.419276863
sub-04,21,1,12,20,27281,27341,27581,70,50,50,241.9691263,1592.135793,0.526739667,6,150.1666667,241.9691263,27335,0.663646698,0.481651872,0.43492043
sub-04,22,1,60,20,28296,28596,29796,40,20,20,253.9688657,1551.843866,0.49337545,50,97.875,253.9688657,28646,0.386571616,0.598008156,0.495546579
sub-04,23,1,300,20,20069,21569,27569,30,10,10,265.968117,1856.634784,0.45564116,55,390.6666667,265.968117,21624,0.377250761,0.34495461,0.644718111
sub-04,24,1,300,40,9381,12381,16881,70,30,30,277.9680105,2251.468011,0.459073414,9,773.5,277.9680105,12372,0.434503287,0.471244156,0.4714728
sub-04,25,1,60,60,4556,5456,6056,61,1,1,289.9675527,2552.009219,0.530113876,122,1062.041667,289.9675527,5334,0.386306763,0.687324226,0.516710639
sub-04,26,1,300,20,16072,17572,23572,20,0,0,301.9671293,2059.175463,0.445263386,54,557.2083333,301.9671293,17518,0.699183166,0.346642971,0.28996402
sub-04,27,1,300,60,14351,18851,21851,60,0,0,313.966853,2017.88352,0.678511739,71,503.9166667,313.966853,18922,0.724799395,0.67871201,0.632023811
sub-04,28,1,300,40,14351,17351,21851,0,-40,40,325.9664158,2092.383082,0.538737476,45,566.4166667,325.9664158,17396,0.724799395,0.48977527,0.401637763
sub-04,29,1,300,80,22736,28736,30236,20,-60,60,337.9651886,1630.006855,0.429048399,12,92.04166667,337.9651886,28748,0.368221045,0.566889405,0.352034748
sub-04,30,1,300,40,19476,22476,26976,80,40,40,349.96525,1902.84025,0.596290787,49,352.875,349.96525,22525,0.618891299,0.515366018,0.654615045
sub-04,31,1,12,40,11565,11685,11865,81,41,41,361.9645803,2364.46458,0.530226717,12,802.5,361.9645803,11697,0.391443521,0.415040255,0.784196377
sub-04,32,1,300,20,12645,14145,20145,30,10,10,373.9638273,2273.963827,0.466534972,22,700,373.9638273,14167,0.332550645,0.680825114,0.386229157
sub-04,33,1,12,40,14329,14449,14629,80,40,40,385.9638409,2273.297174,0.659595033,37,687.3333333,385.9638409,14486,0.840943217,0.633674383,0.504167497
sub-04,34,1,300,80,14351,20351,21851,70,-10,10,397.9636864,2039.380353,0.707600872,61,441.4166667,397.9636864,20412,0.724799395,0.658842862,0.739160359
sub-04,35,1,12,60,26328,26508,26628,81,21,21,409.9799779,1794.854978,0.668048143,8,184.875,409.9799779,26500,0.570940733,0.527293324,0.905910373
sub-04,36,1,300,60,20069,24569,27569,70,10,10,421.9795408,1887.646207,0.437215209,10,265.6666667,421.9795408,24579,0.377250761,0.376978368,0.557416499
sub-04,37,1,60,40,13176,13776,14676,60,20,20,433.9793002,2349.3543,0.604968309,1,715.375,433.9793002,13775,0.457795978,0.853265524,0.503843427
sub-04,38,1,12,80,12500,12740,12800,70,-10,10,445.9788462,2404.520513,0.690956732,41,758.5416667,445.9788462,12781,0.630747199,0.693621397,0.748501599
sub-04,39,1,300,40,1960,4960,9460,52,12,12,457.9782177,2740.686551,0.503999035,42,1082.708333,457.9782177,4918,0.433283031,0.530604362,0.54810971
sub-04,40,1,12,20,1602,1662,1902,42,22,22,469.9778701,2890.10287,0.562841068,7,1220.125,469.9778701,1669,0.398957372,0.83936286,0.450202972
sub-04,41,1,60,20,1414,1714,2914,30,10,10,481.9772937,2899.935627,0.828979512,45,1217.958333,481.9772937,1669,0.880903423,0.819167018,0.786868095
sub-04,42,1,12,40,15586,15706,15886,61,21,21,493.9771415,2328.935475,0.918003182,140,634.9583333,493.9771415,15566,0.893184006,0.946782351,0.914043188
sub-04,43,1,60,20,26923,27223,28423,29,9,9,505.9764777,1861.059811,0.611131052,24,155.0833333,505.9764777,27199,0.570710897,0.635133803,0.627548456
sub-04,44,1,12,60,4600,4780,4900,62,2,2,517.9761171,2808.18445,0.778728823,138,1090.208333,517.9761171,4918,0.777784109,0.792999804,0.765402555
sub-04,45,1,60,60,13176,14076,14676,62,2,2,529.9755743,2432.850574,0.560014963,14,702.875,529.9755743,14090,0.457795978,0.721336246,0.500912666
sub-04,46,1,12,20,25018,25078,25318,8,-12,12,541.975271,1986.433604,0.694239994,8,244.4583333,541.975271,25086,0.614161015,0.903934419,0.564624548
sub-04,47,1,12,60,27281,27461,27581,81,21,21,553.9749329,1899.1416,0.479619553,25,145.1666667,553.9749329,27436,0.663646698,0.34283331,0.43237865
sub-04,48,1,12,80,17959,18199,18259,80,0,0,565.9745792,2297.057913,0.52568237,13,531.0833333,565.9745792,18212,0.444595844,0.397394627,0.735056639
sub-04,49,1,60,40,12596,13196,14096,70,30,30,577.9741694,2517.515836,0.687155823,98,739.5416667,577.9741694,13098,0.68969357,0.741181314,0.630592585
sub-04,50,1,300,60,2522,7022,10022,58,-2,2,589.9734543,2786.765121,0.520361811,4,996.7916667,589.9734543,7018,0.40284428,0.508628964,0.649612188
sub-04,51,1,60,80,9187,10387,10687,73,-7,7,601.9731728,2658.556506,0.46238931,75,856.5833333,601.9731728,10312,0.355018765,0.479985803,0.552163363
sub-04,52,1,12,20,4600,4660,4900,10,-10,10,613.9723763,2909.18071,0.807660639,86,1095.208333,613.9723763,4574,0.777784109,0.890741885,0.754455924
sub-04,53,1,60,60,25895,26795,27395,30,-30,30,625.9723431,1998.88901,0.424598813,2,172.9166667,625.9723431,26797,0.452340961,0.406857729,0.41459775
sub-04,54,1,300,60,21224,25724,28724,80,20,20,637.9716956,2055.513362,0.48686858,55,217.5416667,637.9716956,25779,0.495798409,0.43142432,0.533383012
sub-04,55,1,60,40,3650,4250,5150,20,-20,20,649.9711439,2962.262811,0.465809743,48,1112.291667,649.9711439,4298,0.586262465,0.404017031,0.407149732
sub-04,56,1,60,20,13176,13476,14676,30,10,10,661.9708488,2589.845849,0.627957404,155,727.875,661.9708488,13631,0.457795978,0.929294884,0.496781349
sub-04,57,1,12,20,29300,29360,29600,71,51,51,673.9706569,1940.012324,0.882695615,3,66.04166667,673.9706569,29357,0.835012972,0.851993442,0.961080432
sub-04,58,1,12,80,13450,13690,13750,90,10,10,685.9696469,2604.92798,0.875032147,59,718.9583333,685.9696469,13631,0.881083906,0.851312518,0.892700016
sub-04,59,1,60,80,16451,17651,17951,90,10,10,697.9698443,2451.886511,0.503571322,10,553.9166667,697.9698443,17641,0.407732636,0.547998905,0.554982424
sub-04,60,1,60,40,28296,28896,29796,40,0,0,709.9689875,1995.343988,0.448978245,24,85.375,709.9689875,28920,0.386571616,0.636950135,0.323412985
sub-04,61,2,300,40,19988,22988,27488,40,0,0,1.9782821,2373.519949,0.398772667,3,331.5416667,841.9782821,22991,0.381335378,0.467199355,0.347783267
sub-04,62,2,300,20,10273,11773,17773,30,10,10,13.9778328,2852.811166,0.671569288,3,798.8333333,853.9778328,11776,0.664448321,0.659815192,0.69044435
sub-04,63,2,60,80,10035,11235,11535,28,-52,52,25.9773923,2887.227392,0.52952219,59,821.25,865.9773923,11176,0.404203236,0.707623601,0.476739734
sub-04,64,2,300,80,10518,16518,18018,29,-51,51,37.9766506,2679.101651,0.583597581,20,601.125,877.9766506,16538,0.480903864,0.651504278,0.6183846
sub-04,65,2,300,20,14066,15566,21566,71,51,51,49.9767948,2730.768461,0.560058008,0,640.7916667,889.9767948,15566,0.427026987,0.875541151,0.377605885
sub-04,66,2,60,60,15628,16528,17128,30,-30,30,61.9761503,2702.684484,0.378013372,10,600.7083333,901.9761503,16538,0.333360583,0.569687963,0.230991572
sub-04,67,2,12,40,4600,4720,4900,60,20,20,73.9754936,3206.683827,0.743728856,146,1092.708333,913.9754936,4574,0.777784109,0.756530881,0.696871579
sub-04,68,2,300,20,19476,20976,26976,71,51,51,85.9753862,2541.350386,0.513232261,58,415.375,925.9753862,20918,0.618891299,0.418279558,0.502525926
sub-04,69,2,300,60,14066,18566,21566,75,15,15,97.9749621,2653.766629,0.421460688,20,515.7916667,937.9749621,18586,0.427026987,0.550489068,0.286866009
sub-04,70,2,12,60,13450,13630,13750,60,0,0,109.97442,2871.432753,0.860371133,1,721.4583333,949.97442,13631,0.881083906,0.862820923,0.837208569
sub-04,71,2,12,80,3739,3979,4039,63,-17,17,121.9739718,3285.557305,0.605181605,60,1123.583333,961.9739718,3919,0.471912891,0.445872188,0.897759736
sub-04,72,2,12,40,21273,21393,21573,30,-10,10,133.9734493,2571.973449,0.748584628,60,398,973.9734493,21333,0.636497259,0.976724505,0.63253212
sub-04,73,2,60,20,22148,22448,23648,60,40,40,145.9731864,2540.014853,0.754350642,77,354.0416667,985.9731864,22525,0.775133371,0.652248144,0.835670412
sub-04,74,2,60,20,10035,10335,11535,27,7,7,157.9727339,3056.722734,0.528949112,23,858.75,997.9727339,10312,0.404203236,0.763092279,0.41955182
sub-04,75,2,300,80,13458,19458,20958,72,-8,8,169.9722619,2688.597262,0.484519442,23,478.625,1009.972262,19435,0.503550649,0.523809075,0.426198602
sub-04,76,2,300,20,16327,17827,23827,63,43,43,181.9715779,2768.554911,0.514019489,21,546.5833333,1021.971578,17806,0.765540838,0.39063096,0.385886669
sub-04,77,2,60,20,14390,14690,15890,28,8,8,193.9714239,2911.263091,0.652103245,10,677.2916667,1033.971424,14700,0.853619874,0.504358649,0.598331213
sub-04,78,2,300,60,18200,22700,25700,20,-40,40,205.9708554,2589.512522,0.594278524,22,343.5416667,1045.970855,22722,0.791362107,0.5266366,0.464836866
sub-04,79,2,60,40,17621,18221,19121,20,-20,20,217.9702223,2788.136889,0.401363482,9,530.1666667,1057.970222,18212,0.321571469,0.32369706,0.558821917
sub-04,80,2,12,60,2486,2666,2786,70,10,10,229.9701895,3448.261856,0.783421795,58,1178.291667,1069.97019,2608,0.802486777,0.707484126,0.84029448
sub-04,81,2,12,80,16152,16392,16452,100,20,20,241.9697783,2888.344778,0.678572257,23,606.375,1081.969778,16369,0.528136969,0.527052999,0.980526805
sub-04,82,2,60,80,17621,18821,19121,90,10,10,253.9694326,2799.136099,0.398854067,51,505.1666667,1093.969433,18770,0.321571469,0.287838012,0.587152719
sub-04,83,2,300,20,2522,4022,10022,19,-1,1,265.9684748,3427.760141,0.535507907,103,1121.791667,1105.968475,3919,0.40284428,0.566761553,0.636917889
sub-04,84,2,12,60,16152,16332,16452,30,-30,30,277.9686292,2926.843629,0.614817361,6,608.875,1117.968629,16338,0.528136969,0.636289001,0.680026114
sub-04,85,2,12,60,15162,15342,15462,80,20,20,289.9676348,2980.092635,0.792497814,1,650.125,1129.967635,15341,0.925493777,0.732884884,0.71911478
sub-04,86,2,300,80,16072,22072,23572,83,3,3,301.9676424,2711.675976,0.690731823,30,369.7083333,1141.967642,22102,0.699183166,0.625260174,0.74775213
sub-04,87,2,60,80,25202,26402,26702,80,0,0,313.9672426,2543.258909,0.514002681,6,189.2916667,1153.967243,26408,0.380949736,0.542046428,0.619011879
sub-04,88,2,12,80,15586,15826,15886,72,-8,8,325.9662342,2995.924568,0.912498534,66,629.9583333,1165.966234,15892,0.893184006,0.895874202,0.948437393
sub-04,89,2,300,40,18922,21922,26422,38,-2,2,337.9662985,2753.924632,0.563334286,33,375.9583333,1177.966299,21955,0.454499304,0.557501614,0.67800194
sub-04,90,2,12,20,11565,11625,11865,20,0,0,349.9653721,3194.965372,0.458951463,17,805,1189.965372,11608,0.391443521,0.614788413,0.370622456
sub-04,91,2,300,80,10273,16273,17773,70,-10,10,361.9651972,3013.298531,0.691866497,5,611.3333333,1201.965197,16268,0.664448321,0.815407932,0.595743239
sub-04,92,2,60,60,10035,10935,11535,30,-30,30,373.9647313,3247.714731,0.556123992,10,833.75,1213.964731,10925,0.404203236,0.668247223,0.595921516
sub-04,93,2,300,20,14351,15851,21851,20,0,0,385.9644837,3054.88115,0.711405754,41,628.9166667,1225.964484,15892,0.724799395,0.719285727,0.690132141
sub-04,94,2,60,80,14390,15590,15890,70,-10,10,397.9642975,3077.755964,0.87358437,24,639.7916667,1237.964298,15566,0.853619874,0.872111917,0.895021319
sub-04,95,2,12,40,2486,2606,2786,36,-4,4,409.9798967,3630.771563,0.8548099,2,1180.791667,1249.979897,2608,0.802486777,0.953855455,0.808087468
sub-04,96,2,12,80,21273,21513,21573,100,20,20,421.9798901,2854.97989,0.761513889,55,393,1261.97989,21458,0.636497259,0.659675717,0.98836869
sub-04,97,2,12,40,16152,16272,16452,70,30,30,433.9638147,3085.338815,0.584240357,4,611.375,1273.963815,16268,0.528136969,0.565639615,0.658944488
sub-04,98,2,12,40,25820,25940,26120,10,-30,30,445.9793599,2694.521027,0.538838178,4,208.5416667,1285.97936,25944,0.514377058,0.630758941,0.471378535
sub-04,99,2,12,80,23924,24164,24224,90,10,10,457.9784084,2780.520075,0.549024999,0,282.5416667,1297.978408,24164,0.842187762,0.403494179,0.401393056
sub-04,100,2,12,20,21800,21860,22100,80,60,60,469.9785238,2888.52019,0.779317856,4,378.5416667,1309.978524,21856,0.736993313,0.798989177,0.801971078
sub-04,101,2,12,60,25820,26000,26120,20,-40,40,481.9779436,2728.01961,0.513285508,13,206.0416667,1321.977944,25987,0.514377058,0.487244695,0.53823477
sub-04,102,2,60,40,26923,27523,28423,70,30,30,493.9773282,2676.560662,0.596408854,1,142.5833333,1333.977328,27524,0.570710897,0.456747562,0.761768103
sub-04,103,2,60,20,21153,21453,22653,10,-10,10,505.9771544,2941.477154,0.449790001,5,395.5,1345.977154,21458,0.367980182,0.50407207,0.47731775
sub-04,104,2,60,20,4556,4856,6056,20,0,0,517.9768277,3645.018494,0.5157758,62,1087.041667,1357.976828,4918,0.386306763,0.83152318,0.329497457
sub-04,105,2,12,40,25018,25138,25318,30,-10,10,529.9763108,2811.934644,0.429841896,52,241.9583333,1369.976311,25086,0.614161015,0.286262631,0.389102042
sub-04,106,2,60,20,17621,17921,19121,19,-1,1,541.9758178,3124.642484,0.504270792,40,542.6666667,1381.975818,17961,0.321571469,0.687747836,0.503493071
sub-04,107,2,12,60,11565,11745,11865,28,-32,32,553.9756025,3393.975603,0.469659835,31,800,1393.975603,11776,0.391443521,0.720917881,0.296618104
sub-04,108,2,12,80,1602,1842,1902,70,-10,10,565.974845,3818.599845,0.494504452,17,1212.625,1405.974845,1859,0.398957372,0.416479409,0.668076575
sub-04,109,2,60,40,1414,2014,2914,80,40,40,577.9746335,3823.432967,0.6707172,14,1205.458333,1417.974634,2028,0.880903423,0.538607776,0.5926404
sub-04,110,2,60,20,12596,12896,14096,26,6,6,589.9741618,3382.015828,0.754556278,29,752.0416667,1429.974162,12867,0.68969357,0.889180124,0.684795141
sub-04,111,2,12,80,15162,15402,15462,70,-10,10,601.9735427,3289.598543,0.809432745,6,647.625,1441.973543,15408,0.925493777,0.761621892,0.741182566
sub-04,112,2,300,40,10518,13518,18018,71,31,31,613.9732034,3380.098203,0.473818123,113,726.125,1453.973203,13631,0.480903864,0.551914155,0.388636351
sub-04,113,2,60,80,1414,2614,2914,75,-5,5,625.9728604,3846.431194,0.893087606,6,1180.458333,1465.97286,2608,0.880903423,0.898732543,0.899626851
sub-04,114,2,300,40,2522,5522,10022,60,20,20,637.9723409,3737.264008,0.524214218,111,1059.291667,1477.972341,5633,0.40284428,0.631453753,0.538344622
sub-04,115,2,12,40,21800,21920,22100,80,40,40,649.972015,3066.013682,0.786751767,35,376.0416667,1489.972015,21955,0.736993313,0.82633388,0.796928108
sub-04,116,2,60,20,9187,9487,10687,38,18,18,661.9716672,3596.055001,0.434174627,137,894.0833333,1501.971667,9350,0.355018765,0.394263268,0.553241849
sub-04,117,2,300,80,12645,18645,20145,80,0,0,673.9710314,3226.471031,0.354656776,1,512.5,1513.971031,18644,0.332550645,0.508051455,0.223368227
sub-04,118,2,12,60,14329,14509,14629,80,20,20,685.970566,3410.803899,0.697990954,5,684.8333333,1525.970566,14514,0.840943217,0.674068928,0.578960717
sub-04,119,2,300,40,13458,16458,20958,20,-20,20,697.9702097,3341.59521,0.587588569,80,603.625,1537.97021,16538,0.503550649,0.716322362,0.542892694
sub-04,120,2,60,80,26923,28123,28423,70,-10,10,709.9697781,2867.553111,0.54487892,43,117.5833333,1549.969778,28166,0.570710897,0.571867824,0.492058039
sub-04,121,3,12,60,3739,3919,4039,71,11,11,1.9794706,4008.062804,0.611491134,0,1126.083333,1681.979471,3919,0.471912891,0.509016752,0.853543758
sub-04,122,3,60,60,3650,4550,5150,40,-20,20,13.9790262,3993.770693,0.541496128,24,1099.791667,1693.979026,4574,0.586262465,0.423998445,0.614227474
sub-04,123,3,60,60,11369,12269,12869,70,10,10,25.9790288,3684.145695,0.516770363,103,778.1666667,1705.979029,12372,0.533274829,0.423333883,0.593702376
sub-04,124,3,300,20,10518,12018,18018,30,10,10,37.9787031,3706.603703,0.523449163,66,788.625,1717.978703,11952,0.480903864,0.692685187,0.396758437
sub-04,125,3,60,60,9187,10087,10687,70,10,10,49.9779244,3799.061258,0.391915798,3,869.0833333,1729.977924,10084,0.355018765,0.264911145,0.555817485
sub-04,126,3,300,40,10273,13273,17773,60,20,20,61.9778837,3678.311217,0.584628761,175,736.3333333,1741.977884,13098,0.664448321,0.636629224,0.452808738
sub-04,127,3,12,20,23924,23984,24224,20,0,0,73.9770896,3244.018756,0.527502427,1,290.0416667,1753.97709,23983,0.842187762,0.358798593,0.381520927
sub-04,128,3,60,80,13176,14376,14676,61,-19,19,85.9770056,3656.352006,0.621318579,13,690.375,1765.977006,14389,0.457795978,0.679272175,0.726887584
sub-04,129,3,12,40,15162,15282,15462,70,30,30,97.9763036,3630.601304,0.778266191,9,652.625,1777.976304,15291,0.925493777,0.706873059,0.702431738
sub-04,130,3,12,60,1602,1782,1902,61,1,1,109.9759059,4205.100906,0.502100398,6,1215.125,1789.975906,1788,0.398957372,0.396219879,0.711123943
sub-04,131,3,300,60,19988,24488,27488,61,1,1,121.9755885,3271.017255,0.365601301,14,269.0416667,1801.975589,24474,0.381335378,0.4435606,0.271907926
sub-04,132,3,12,20,15586,15646,15886,10,-10,10,133.9751823,3651.433516,0.922746738,80,637.4583333,1813.975182,15566,0.893184006,0.971495926,0.903560281
sub-04,133,3,60,60,22148,23048,23648,60,0,0,145.9748646,3355.016531,0.64348652,2,329.0416667,1825.974865,23050,0.775133371,0.57852304,0.576803148
sub-04,134,3,300,60,16072,20572,23572,91,31,31,157.973972,3470.182305,0.599707007,7,432.2083333,1837.973972,20579,0.699183166,0.522151589,0.577786267
sub-04,135,3,300,60,16327,20827,23827,90,30,30,169.9735731,3471.556906,0.762053986,91,421.5833333,1849.973573,20918,0.765540838,0.751691878,0.768929243
sub-04,136,3,300,20,19988,21488,27488,64,44,44,181.9726545,3456.014321,0.378337264,30,394.0416667,1861.972655,21458,0.381335378,0.459869921,0.293806493
sub-04,137,3,12,40,12500,12620,12800,70,30,30,193.9730192,3837.514686,0.699443301,90,763.5416667,1873.973019,12530,0.630747199,0.705582559,0.762000144
sub-04,138,3,60,60,28296,29196,29796,70,10,10,205.9725837,3158.847584,0.40910688,46,72.875,1885.972584,29242,0.386571616,0.449854881,0.390894145
sub-04,139,3,12,80,11565,11805,11865,90,10,10,217.9719744,3895.471974,0.425252527,29,797.5,1897.971974,11776,0.391443521,0.391761363,0.492552698
sub-04,140,3,300,60,10518,15018,18018,70,10,10,229.9715935,3773.596594,0.538457811,1,663.625,1909.971594,15019,0.480903864,0.668780506,0.465689063
sub-04,141,3,12,60,25018,25198,25318,30,-30,30,241.9712859,3361.429619,0.434581568,36,239.4583333,1921.971286,25234,0.614161015,0.293974459,0.39560923
sub-04,142,3,60,40,22148,22748,23648,72,32,32,253.9709042,3475.512571,0.754774034,26,341.5416667,1933.970904,22722,0.775133371,0.723107696,0.766081035
sub-04,143,3,60,80,21153,22353,22653,63,-17,17,265.9702591,3503.970259,0.478971044,152,358,1945.970259,22201,0.367980182,0.52699703,0.541935921
sub-04,144,3,300,60,13458,17958,20958,50,-10,10,277.9698716,3699.094872,0.393604338,3,541.125,1957.969872,17961,0.503550649,0.407887161,0.269375205
sub-04,145,3,60,40,9187,9787,10687,37,-3,3,289.9695001,4051.552833,0.426671376,92,881.5833333,1969.9695,9879,0.355018765,0.344421983,0.58057338
sub-04,146,3,300,20,18922,20422,26422,40,20,20,301.9692567,3620.42759,0.554572781,10,438.4583333,1981.969257,20412,0.454499304,0.502740145,0.706478894
sub-04,147,3,12,20,3739,3799,4039,60,40,40,313.968888,4325.052221,0.601261348,13,1131.083333,1993.968888,3812,0.471912891,0.75404346,0.577827692
sub-04,148,3,12,60,12500,12680,12800,70,10,10,325.9677641,3967.009431,0.69880573,101,761.0416667,2005.967764,12781,0.630747199,0.732289791,0.733380198
sub-04,149,3,60,20,25895,26195,27395,60,40,40,337.9676542,3415.884321,0.423054596,9,197.9166667,2017.967654,26204,0.452340961,0.406089157,0.41073367
sub-04,150,3,300,60,19476,23976,26976,80,20,20,349.9674992,3520.342499,0.474200209,7,290.375,2029.967499,23983,0.618891299,0.414272666,0.389436662
sub-04,151,3,12,80,25820,26060,26120,30,-50,50,361.9667454,3445.508412,0.612323423,15,203.5416667,2041.966745,26045,0.514377058,0.79671216,0.525881052
sub-04,152,3,60,60,14390,15290,15890,30,-30,30,373.9668461,3906.258513,0.646042486,1,652.2916667,2053.966846,15291,0.853619874,0.5200454,0.564462185
sub-04,153,3,300,40,22736,25736,30236,28,-12,12,385.9661898,3483.007856,0.45551905,43,217.0416667,2065.96619,25779,0.368221045,0.729290605,0.269045502
sub-04,154,3,60,20,11369,11669,12869,20,0,0,397.9658477,4081.132514,0.59856234,26,803.1666667,2077.965848,11643,0.533274829,0.825657547,0.436754644
sub-04,155,3,60,40,21153,21753,22653,30,-10,10,409.9653893,3672.965389,0.483911614,103,383,2089.965389,21856,0.367980182,0.516567588,0.567187071
sub-04,156,3,300,40,18200,21200,25700,70,30,30,421.9651349,3708.006802,0.613909702,5,406.0416667,2101.965135,21195,0.791362107,0.579749107,0.47061789
sub-04,157,3,12,80,29300,29540,29600,70,-10,10,433.9811098,3372.522776,0.777512252,43,58.54166667,2113.98111,29583,0.835012972,0.689403892,0.808119893
sub-04,158,3,12,80,2486,2726,2786,80,0,0,445.9643314,4501.755998,0.773491303,41,1175.791667,2125.964331,2767,0.802486777,0.691649318,0.826337814
sub-04,159,3,60,80,12596,13796,14096,80,0,0,457.9801923,4052.521859,0.710163554,21,714.5416667,2137.980192,13775,0.68969357,0.766344666,0.674452424
sub-04,160,3,12,20,21273,21333,21573,0,-20,20,469.9796251,3750.479625,0.75228552,0,400.5,2149.979625,21333,0.636497259,0.971750498,0.648608804
sub-04,161,3,60,60,13942,14842,15442,80,20,20,481.9793886,4032.937722,0.68069917,1,670.9583333,2161.979389,14843,0.617607713,0.727707624,0.696782172
sub-04,162,3,60,40,16451,17051,17951,60,20,20,493.9788692,3952.895536,0.457817475,62,578.9166667,2173.978869,16989,0.407732636,0.381435901,0.584283888
sub-04,163,3,12,40,17959,18079,18259,80,40,40,505.9787156,3922.062049,0.529117078,13,536.0833333,2185.978716,18066,0.444595844,0.393297553,0.749457836
sub-04,164,3,60,40,14390,14990,15890,60,20,20,517.977984,4062.769651,0.812392155,29,664.7916667,2197.977984,15019,0.853619874,0.803780138,0.779776454
sub-04,165,3,60,40,25202,25802,26702,71,31,31,529.9779772,3624.269644,0.486041149,23,214.2916667,2209.977977,25779,0.380949736,0.502093911,0.575079799
sub-04,166,3,300,80,2522,8522,10022,51,-29,29,541.9772562,4356.268923,0.572465211,1,934.2916667,2221.977256,8523,0.40284428,0.546290815,0.768260539
sub-04,167,3,60,20,19722,20022,21222,10,-10,10,553.9767491,3889.101749,0.411991974,33,455.125,2233.976749,19989,0.266462356,0.699494839,0.270018727
sub-04,168,3,12,20,2486,2546,2786,51,31,31,565.976439,4629.268106,0.86674879,62,1183.291667,2245.976439,2608,0.802486777,0.984086692,0.8136729
sub-04,169,3,60,60,19722,20622,21222,61,1,1,577.9763406,3888.101341,0.376208852,11,430.125,2257.976341,20633,0.266462356,0.304706454,0.557457745
sub-04,170,3,300,60,18922,23422,26422,70,10,10,589.9757953,3783.434129,0.562183181,108,313.4583333,2269.975795,23314,0.454499304,0.605599403,0.626450837
sub-04,171,3,12,80,27281,27521,27581,80,0,0,601.9754912,3624.642158,0.484808634,3,142.6666667,2281.975491,27524,0.663646698,0.356698692,0.434080511
sub-04,172,3,300,80,1960,7960,9460,70,-10,10,613.9750647,4451.683398,0.374507785,21,957.7083333,2293.975065,7981,0.433283031,0.393522233,0.296718091
sub-04,173,3,300,60,10273,14773,17773,70,10,10,625.974378,4179.807711,0.538562953,6,673.8333333,2305.974378,14779,0.664448321,0.543266654,0.407973886
sub-04,174,3,60,40,15628,16228,17128,60,20,20,637.9739505,4131.182284,0.469133109,40,613.2083333,2317.973951,16268,0.333360583,0.796540856,0.277497888
sub-04,175,3,12,20,13450,13510,13750,80,60,60,649.9738012,4256.432135,0.75796785,121,726.4583333,2329.973801,13631,0.881083906,0.69478333,0.698036313
sub-04,176,3,300,80,21224,27224,28724,75,-5,5,661.9732343,3697.014901,0.448277911,25,155.0416667,2341.973234,27199,0.495798409,0.28581816,0.563217163
sub-04,177,3,60,20,25202,25502,26702,76,56,56,673.9728448,3780.764511,0.481679867,47,226.7916667,2353.972845,25549,0.380949736,0.394988745,0.669101119
sub-04,178,3,300,80,18922,24922,26422,72,-8,8,685.9724328,3816.930766,0.55417345,88,250.9583333,2365.972433,24834,0.454499304,0.483178377,0.724842668
sub-04,179,3,12,20,14329,14389,14629,68,48,48,697.9717081,4267.805041,0.673224032,0,689.8333333,2377.971708,14389,0.840943217,0.659988642,0.518740237
sub-04,180,3,300,80,11085,17085,18585,20,-60,60,709.9715764,4167.471576,0.411512583,96,577.5,2389.971576,16989,0.403320372,0.387581944,0.443635434
sub-04,181,4,12,40,13450,13570,13750,70,30,30,1.9784385,4445.936772,0.849632084,61,723.9583333,2521.978439,13631,0.881083906,0.8463763,0.821436048
sub-04,182,4,12,40,27281,27401,27581,60,20,20,13.9780474,3881.644714,0.509411087,35,147.6666667,2533.978047,27436,0.663646698,0.441977859,0.422608703
sub-04,183,4,60,40,4556,5156,6056,51,11,11,25.9775975,4820.519264,0.507196426,8,1074.541667,2545.977598,5148,0.386306763,0.617104769,0.518177748
sub-04,184,4,12,80,21800,22040,22100,100,20,20,37.9763541,4129.018021,0.817930579,40,371.0416667,2557.976354,22000,0.736993313,0.733162522,0.983635902
sub-04,185,4,300,80,14066,20066,21566,90,10,10,49.976174,4223.267841,0.372727503,9,453.2916667,2569.976174,20075,0.427026987,0.356378973,0.334776551
sub-04,186,4,300,40,13557,16557,21057,30,-10,10,61.975915,4381.475915,0.421245933,19,599.5,2581.975915,16538,0.375888646,0.617102027,0.270747125
sub-04,187,4,300,40,14066,17066,21566,30,-10,10,73.9753873,4372.267054,0.344607135,77,578.2916667,2593.975387,16989,0.427026987,0.365407616,0.241386801
sub-04,188,4,300,80,9381,15381,16881,70,-10,10,85.9748029,4454.474803,0.462941974,27,648.5,2605.974803,15408,0.434503287,0.516384661,0.437937975
sub-04,189,4,300,40,21224,24224,28724,70,30,30,97.9745287,4098.016195,0.461755127,24,280.0416667,2617.974529,24200,0.495798409,0.400327176,0.489139795
sub-04,190,4,300,20,1960,3460,9460,30,10,10,109.974162,4975.182495,0.416565597,5,1145.208333,2629.974162,3465,0.433283031,0.312170625,0.504243135
sub-04,191,4,60,40,10035,10635,11535,30,-10,10,121.9736931,4688.223693,0.48510023,41,846.25,2641.973693,10676,0.404203236,0.632850528,0.418246925
sub-04,192,4,300,40,16327,19327,23827,61,21,21,133.9734856,4338.056819,0.608967781,3,484.0833333,2653.973486,19330,0.765540838,0.512890935,0.54847157
sub-04,193,4,12,60,21800,21980,22100,70,10,10,145.9729844,4239.514651,0.723965764,2,373.5416667,2665.972984,21978,0.736993313,0.71063894,0.724265039
sub-04,194,4,60,80,25895,27095,27395,75,-5,5,157.9727554,4038.389422,0.475009968,60,160.4166667,2677.972755,27155,0.452340961,0.490531057,0.482157886
sub-04,195,4,60,40,13942,14542,15442,60,20,20,169.9723436,4573.430677,0.675926189,21,683.4583333,2689.972344,14563,0.617607713,0.683953524,0.72621733
sub-04,196,4,60,80,15628,16828,17128,80,0,0,181.9719479,4490.180281,0.489119957,95,588.2083333,2701.971948,16733,0.333360583,0.658514261,0.475485027
sub-04,197,4,60,40,25895,26495,27395,60,20,20,193.970979,4099.387646,0.440994372,5,185.4166667,2713.970979,26500,0.452340961,0.432447374,0.438194782
sub-04,198,4,300,60,1960,6460,9460,79,19,19,205.9711649,4946.179498,0.451823841,48,1020.208333,2725.971165,6412,0.433283031,0.458800852,0.463387638
sub-04,199,4,12,80,14329,14569,14629,80,0,0,217.9707315,4620.304065,0.670945783,6,682.3333333,2737.970732,14563,0.840943217,0.651862442,0.520031691
sub-04,200,4,60,60,21153,22053,22653,39,-21,21,229.9703099,4320.47031,0.501651009,49,370.5,2749.97031,22102,0.367980182,0.683279634,0.453693211
sub-04,201,4,12,40,29300,29420,29600,20,-20,20,241.9699123,4025.511579,0.881912669,33,63.54166667,2761.969912,29453,0.835012972,0.842169046,0.968555987
sub-04,202,4,60,80,13942,15142,15442,80,0,0,253.9690338,4632.427367,0.745977561,65,658.4583333,2773.969034,15077,0.617607713,0.667556286,0.952768683
sub-04,203,4,12,40,1602,1722,1902,80,40,40,265.9681265,5203.593127,0.569713354,38,1217.625,2785.968127,1760,0.398957372,0.813810945,0.496371746
sub-04,204,4,60,20,15628,15928,17128,60,40,40,277.9681658,4623.676499,0.468310128,36,625.7083333,2797.968166,15892,0.333360583,0.670246482,0.401323318
sub-04,205,4,12,20,26328,26388,26628,39,19,19,289.967789,4199.842789,0.705589493,20,189.875,2809.967789,26408,0.570940733,0.925866604,0.619961143
sub-04,206,4,12,40,3739,3859,4039,70,30,30,301.9677204,5150.551054,0.567767153,1,1128.583333,2821.96772,3858,0.471912891,0.49350661,0.737881958
sub-04,207,4,12,60,21273,21453,21573,70,10,10,313.9672814,4429.467281,0.709812641,5,395.5,2833.967281,21458,0.636497259,0.935319662,0.557621002
sub-04,208,4,300,20,22736,24236,30236,30,10,10,325.9666601,4325.508327,0.460771928,36,279.5416667,2845.96666,24200,0.368221045,0.748072684,0.266022056
sub-04,209,4,60,40,11369,11969,12869,80,40,40,337.966576,4848.633243,0.598558346,17,790.6666667,2857.966576,11952,0.533274829,0.519994318,0.742405891
sub-04,210,4,60,80,11369,12569,12869,81,1,1,349.9660217,4835.632688,0.634420226,39,765.6666667,2869.966022,12530,0.533274829,0.499322087,0.870663762
sub-04,211,4,300,60,22736,27236,30236,62,2,2,361.9654779,4236.507145,0.371524195,35,154.5416667,2881.965478,27271,0.368221045,0.459550083,0.286801457
sub-04,212,4,300,20,11085,12585,18585,70,50,50,373.9650476,4858.965048,0.483780523,55,765,2893.965048,12530,0.403320372,0.589437604,0.458583593
sub-04,213,4,300,40,12645,15645,20145,39,-1,1,385.9648967,4743.464897,0.483331859,79,637.5,2905.964897,15566,0.332550645,0.809746027,0.307698905
sub-04,214,4,60,80,28296,29496,29796,80,0,0,397.9643976,4178.339398,0.378579348,43,60.375,2917.964398,29453,0.386571616,0.422424734,0.326741695
sub-04,215,4,60,80,19722,20922,21222,68,-12,12,409.9640305,4547.58903,0.439013958,4,417.625,2929.964031,20918,0.266462356,0.252884895,0.797694623
sub-04,216,4,300,80,18200,24200,25700,82,2,2,421.9800021,4423.021669,0.666384419,0,281.0416667,2941.980002,24200,0.791362107,0.576158345,0.631632805
sub-04,217,4,300,60,11085,15585,18585,41,-19,19,433.9795771,4793.979577,0.512025793,19,640,2953.979577,15566,0.403320372,0.5605762,0.572180808
sub-04,218,4,300,60,12645,17145,20145,30,-30,30,445.9789868,4740.978987,0.306706463,112,575,2965.978987,17257,0.332550645,0.347516209,0.240052536
sub-04,219,4,300,40,16072,19072,23572,63,23,23,457.9786896,4672.687023,0.601840854,51,494.7083333,2977.97869,19021,0.699183166,0.517898381,0.588441014
sub-04,220,4,60,80,3650,4850,5150,61,-19,19,469.9784944,5277.270161,0.569860439,68,1087.291667,2989.978494,4918,0.586262465,0.485696733,0.637622118
sub-04,221,4,60,80,22148,23348,23648,70,-10,10,481.9780578,4518.519724,0.722102066,34,316.5416667,3001.978058,23314,0.775133371,0.607972264,0.783200562
sub-04,222,4,300,20,21224,22724,28724,37,17,17,493.9777487,4556.519415,0.506919742,2,342.5416667,3013.977749,22722,0.495798409,0.480357289,0.544603527
sub-04,223,4,300,40,20069,23069,27569,60,20,20,505.9772473,4554.143914,0.468692313,19,328.1666667,3025.977247,23050,0.377250761,0.444087029,0.584739149
sub-04,224,4,12,60,29300,29480,29600,40,-20,20,517.9768346,4299.018501,0.738899032,27,61.04166667,3037.976835,29453,0.835012972,0.636288166,0.745395958
sub-04,225,4,300,80,16327,22327,23827,82,2,2,529.9763823,4609.059716,0.80520918,126,359.0833333,3049.976382,22201,0.765540838,0.827244103,0.822842598
sub-04,226,4,300,40,11085,14085,18585,38,-2,2,541.9590491,4964.459049,0.520194809,5,702.5,3061.959049,14090,0.403320372,0.590262294,0.56700176
sub-04,227,4,60,60,25202,26102,26702,60,0,0,553.9755461,4475.767213,0.469284336,2,201.7916667,3073.975546,26100,0.380949736,0.489343941,0.53755933
sub-04,228,4,300,60,9381,13881,16881,70,10,10,565.9750409,4996.975041,0.506161819,46,711,3085.975041,13927,0.434503287,0.60319519,0.480786979
sub-04,229,4,12,80,26328,26568,26628,90,10,10,577.9745223,4480.349522,0.682078063,68,182.375,3097.974522,26500,0.570940733,0.554679751,0.920613706
sub-04,230,4,12,60,15586,15766,15886,81,21,21,589.9742752,4942.432609,0.91404591,126,632.4583333,3109.974275,15892,0.893184006,0.910675526,0.938278198
sub-04,231,4,12,20,15162,15222,15462,39,19,19,601.9738197,4977.09882,0.781456709,12,655.125,3121.97382,15210,0.925493777,0.715577185,0.703299165
sub-04,232,4,12,20,25820,25880,26120,39,19,19,613.9731774,4545.014844,0.628588279,11,211.0416667,3133.973177,25891,0.514377058,0.79674089,0.57464689
sub-04,233,4,12,60,23924,24104,24224,30,-30,30,625.9724479,4631.014115,0.661446333,58,285.0416667,3145.972448,24046,0.842187762,0.562097549,0.580053687
sub-04,234,4,12,20,12500,12560,12800,70,50,50,637.9723154,5124.013982,0.644854168,30,766.0416667,3157.972315,12530,0.630747199,0.695603549,0.608211756
sub-04,235,4,300,20,13557,15057,21057,8,-12,12,649.9718875,5031.971888,0.468338192,20,662,3169.971888,15077,0.375888646,0.523104906,0.506021023
sub-04,236,4,12,60,17959,18139,18259,90,30,30,661.9712487,4915.554582,0.479493658,8,533.5833333,3181.971249,18131,0.444595844,0.32675156,0.66713357
sub-04,237,4,12,20,16152,16212,16452,70,50,50,673.9707468,5007.845747,0.670652241,56,613.875,3193.970747,16268,0.528136969,0.987549484,0.496270269
sub-04,238,4,300,80,19476,25476,26976,90,10,10,685.9703202,4633.84532,0.696930011,73,227.875,3205.97032,25549,0.618891299,0.667782605,0.80411613
sub-04,239,4,60,60,26923,27823,28423,47,-13,13,697.9702429,4548.053576,0.533475856,67,130.0833333,3217.970243,27756,0.570710897,0.54025805,0.489458621
sub-04,240,4,60,80,4556,5756,6056,62,-18,18,709.9701692,5479.511836,0.54880482,27,1049.541667,3229.970169,5729,0.386306763,0.481833637,0.778274059
sub-05,1,1,60,60,1414,2314,2914,18,-42,42,1.9822779,2394.940611,0.553229103,101,1192.958333,1.9822779,2213,0.880903423,0.367280275,0.411503613
sub-05,2,1,12,80,25018,25258,25318,58,-22,22,13.9820849,1450.940418,0.451532612,24,236.9583333,13.9820849,25234,0.614161015,0.336739153,0.40369767
sub-05,3,1,60,20,13942,14242,15442,70,50,50,25.9816689,1921.940002,0.736333648,21,695.9583333,25.9816689,14221,0.617607713,0.858845234,0.732547998
sub-05,4,1,12,20,17959,18019,18259,15,-5,5,37.9811175,1776.564451,0.51661695,47,538.5833333,37.9811175,18066,0.444595844,0.554531097,0.55072391
sub-05,5,1,60,60,17621,18521,19121,46,-14,14,49.9805108,1767.647177,0.464502672,38,517.6666667,49.9805108,18483,0.321571469,0.702765763,0.369170785
sub-05,6,1,12,40,26328,26448,26628,57,17,17,61.9797179,1449.354718,0.659053485,13,187.375,61.9797179,26461,0.570940733,0.511222482,0.894997239
sub-05,7,1,12,40,23924,24044,24224,40,0,0,73.9791582,1561.520825,0.791443547,2,287.5416667,73.9791582,24046,0.842187762,0.738648653,0.793494225
sub-05,8,1,60,60,12596,13496,14096,42,-18,18,85.9788443,2013.020511,0.679986358,135,727.0416667,85.9788443,13631,0.68969357,0.66709578,0.683169723
sub-05,9,1,300,20,18200,19700,25700,65,45,45,97.9791063,1766.520773,0.59972165,14,468.5416667,97.9791063,19714,0.791362107,0.581895411,0.425907433
sub-05,10,1,12,80,4600,4840,4900,82,2,2,109.9780875,2397.686421,0.840341111,78,1087.708333,109.9780875,4918,0.777784109,0.808963835,0.934275389
sub-05,11,1,60,20,16451,16751,17951,59,39,39,121.9775884,1913.394255,0.541294883,18,591.4166667,121.9775884,16733,0.407732636,0.724357009,0.491795003
sub-05,12,1,300,20,13458,14958,20958,36,16,16,133.9773214,2000.102321,0.527636826,10,666.125,133.9773214,14948,0.503550649,0.735695601,0.343664229
sub-05,13,1,300,80,20069,26069,27569,61,-19,19,145.9769745,1549.143641,0.472688923,24,203.1666667,145.9769745,26045,0.377250761,0.476390898,0.564425111
sub-05,14,1,300,80,13557,19557,21057,28,-52,52,157.976532,1832.476532,0.40807276,5,474.5,157.976532,19562,0.375888646,0.455977142,0.392352492
sub-05,15,1,300,60,13557,18057,21057,29,-31,31,169.9757715,1906.975772,0.403727372,9,537,169.9757715,18066,0.375888646,0.479011238,0.356282234
sub-05,16,1,60,20,3650,3950,5150,10,-10,10,181.9754506,2506.767117,0.612051845,31,1124.791667,181.9754506,3919,0.586262465,0.7236588,0.526234269
sub-05,17,1,60,60,16451,17351,17951,20,-40,40,193.9751575,1960.391824,0.515537073,45,566.4166667,193.9751575,17396,0.407732636,0.52406621,0.614812374
sub-05,18,1,300,20,9381,10881,16881,79,59,59,205.9751592,2241.975159,0.510910342,25,836,205.9751592,10856,0.434503287,0.649891555,0.448336184
sub-05,19,1,300,80,19988,25988,27488,38,-42,42,217.974778,1624.516445,0.414776425,1,206.5416667,217.974778,25987,0.381335378,0.377626181,0.485367715
sub-05,20,1,60,40,19722,20322,21222,82,42,42,229.9743069,1872.599307,0.371791154,90,442.625,229.9743069,20412,0.266462356,0.429634243,0.419276863
sub-05,21,1,12,20,27281,27341,27581,30,10,10,241.9738245,1592.140491,0.526739667,6,150.1666667,241.9738245,27335,0.663646698,0.481651872,0.43492043
sub-05,22,1,60,20,28296,28596,29796,60,40,40,253.973418,1551.848418,0.49337545,50,97.875,253.973418,28646,0.386571616,0.598008156,0.495546579
sub-05,23,1,300,20,20069,21569,27569,70,50,50,265.9730839,1856.639751,0.45564116,55,390.6666667,265.9730839,21624,0.377250761,0.34495461,0.644718111
sub-05,24,1,300,40,9381,12381,16881,70,30,30,277.9725382,2251.472538,0.459073414,9,773.5,277.9725382,12372,0.434503287,0.471244156,0.4714728
sub-05,25,1,60,60,4556,5456,6056,69,9,9,289.9722487,2552.013915,0.530113876,122,1062.041667,289.9722487,5334,0.386306763,0.687324226,0.516710639
sub-05,26,1,300,20,16072,17572,23572,69,49,49,301.9718125,2059.180146,0.445263386,54,557.2083333,301.9718125,17518,0.699183166,0.346642971,0.28996402
sub-05,27,1,300,60,14351,18851,21851,62,2,2,313.9712712,2017.887938,0.678511739,71,503.9166667,313.9712712,18922,0.724799395,0.67871201,0.632023811
sub-05,28,1,300,40,14351,17351,21851,19,-21,21,325.9709176,2092.387584,0.538737476,45,566.4166667,325.9709176,17396,0.724799395,0.48977527,0.401637763
sub-05,29,1,300,80,22736,28736,30236,70,-10,10,337.9701825,1630.011849,0.429048399,12,92.04166667,337.9701825,28748,0.368221045,0.566889405,0.352034748
sub-05,30,1,300,40,19476,22476,26976,86,46,46,349.9699234,1902.844923,0.596290787,49,352.875,349.9699234,22525,0.618891299,0.515366018,0.654615045
sub-05,31,1,12,40,11565,11685,11865,91,51,51,361.9692217,2364.469222,0.530226717,12,802.5,361.9692217,11697,0.391443521,0.415040255,0.784196377
sub-05,32,1,300,20,12645,14145,20145,40,20,20,373.9852068,2273.985207,0.466534972,22,700,373.9852068,14167,0.332550645,0.680825114,0.386229157
sub-05,33,1,12,40,14329,14449,14629,92,52,52,385.9850702,2273.318404,0.659595033,37,687.3333333,385.9850702,14486,0.840943217,0.633674383,0.504167497
sub-05,34,1,300,80,14351,20351,21851,91,11,11,397.9847452,2039.401412,0.707600872,61,441.4166667,397.9847452,20412,0.724799395,0.658842862,0.739160359
sub-05,35,1,12,60,26328,26508,26628,98,38,38,409.9845296,1794.85953,0.668048143,8,184.875,409.9845296,26500,0.570940733,0.527293324,0.905910373
sub-05,36,1,300,60,20069,24569,27569,85,25,25,421.9842096,1887.650876,0.437215209,10,265.6666667,421.9842096,24579,0.377250761,0.376978368,0.557416499
sub-05,37,1,60,40,13176,13776,14676,20,-20,20,433.9680998,2349.3431,0.604968309,1,715.375,433.9680998,13775,0.457795978,0.853265524,0.503843427
sub-05,38,1,12,80,12500,12740,12800,18,-62,62,445.9675477,2404.509214,0.690956732,41,758.5416667,445.9675477,12781,0.630747199,0.693621397,0.748501599
sub-05,39,1,300,40,1960,4960,9460,71,31,31,457.9827923,2740.691126,0.503999035,42,1082.708333,457.9827923,4918,0.433283031,0.530604362,0.54810971
sub-05,40,1,12,20,1602,1662,1902,49,29,29,469.9823946,2890.107395,0.562841068,7,1220.125,469.9823946,1669,0.398957372,0.83936286,0.450202972
sub-05,41,1,60,20,1414,1714,2914,32,12,12,481.9819592,2899.940293,0.828979512,45,1217.958333,481.9819592,1669,0.880903423,0.819167018,0.786868095
sub-05,42,1,12,40,15586,15706,15886,54,14,14,493.9813841,2328.939717,0.918003182,140,634.9583333,493.9813841,15566,0.893184006,0.946782351,0.914043188
sub-05,43,1,60,20,26923,27223,28423,32,12,12,505.9811777,1861.064511,0.611131052,24,155.0833333,505.9811777,27199,0.570710897,0.635133803,0.627548456
sub-05,44,1,12,60,4600,4780,4900,72,12,12,517.9807352,2808.189069,0.778728823,138,1090.208333,517.9807352,4918,0.777784109,0.792999804,0.765402555
sub-05,45,1,60,60,13176,14076,14676,23,-37,37,529.9799997,2432.855,0.560014963,14,702.875,529.9799997,14090,0.457795978,0.721336246,0.500912666
sub-05,46,1,12,20,25018,25078,25318,11,-9,9,541.9798346,1986.438168,0.694239994,8,244.4583333,541.9798346,25086,0.614161015,0.903934419,0.564624548
sub-05,47,1,12,60,27281,27461,27581,38,-22,22,553.9793589,1899.146026,0.479619553,25,145.1666667,553.9793589,27436,0.663646698,0.34283331,0.43237865
sub-05,48,1,12,80,17959,18199,18259,72,-8,8,565.9790384,2297.062372,0.52568237,13,531.0833333,565.9790384,18212,0.444595844,0.397394627,0.735056639
sub-05,49,1,60,40,12596,13196,14096,26,-14,14,577.9778983,2517.519565,0.687155823,98,739.5416667,577.9778983,13098,0.68969357,0.741181314,0.630592585
sub-05,50,1,300,60,2522,7022,10022,65,5,5,589.9772726,2786.768939,0.520361811,4,996.7916667,589.9772726,7018,0.40284428,0.508628964,0.649612188
sub-05,51,1,60,80,9187,10387,10687,55,-25,25,601.9776594,2658.560993,0.46238931,75,856.5833333,601.9776594,10312,0.355018765,0.479985803,0.552163363
sub-05,52,1,12,20,4600,4660,4900,19,-1,1,613.9768959,2909.185229,0.807660639,86,1095.208333,613.9768959,4574,0.777784109,0.890741885,0.754455924
sub-05,53,1,60,60,25895,26795,27395,30,-30,30,625.9765889,1998.893256,0.424598813,2,172.9166667,625.9765889,26797,0.452340961,0.406857729,0.41459775
sub-05,54,1,300,60,21224,25724,28724,69,9,9,637.9762622,2055.517929,0.48686858,55,217.5416667,637.9762622,25779,0.495798409,0.43142432,0.533383012
sub-05,55,1,60,40,3650,4250,5150,21,-19,19,649.975621,2962.267288,0.465809743,48,1112.291667,649.975621,4298,0.586262465,0.404017031,0.407149732
sub-05,56,1,60,20,13176,13476,14676,8,-12,12,661.9753205,2589.850321,0.627957404,155,727.875,661.9753205,13631,0.457795978,0.929294884,0.496781349
sub-05,57,1,12,20,29300,29360,29600,77,57,57,673.9748459,1940.016513,0.882695615,3,66.04166667,673.9748459,29357,0.835012972,0.851993442,0.961080432
sub-05,58,1,12,80,13450,13690,13750,80,0,0,685.9742594,2604.932593,0.875032147,59,718.9583333,685.9742594,13631,0.881083906,0.851312518,0.892700016
sub-05,59,1,60,80,16451,17651,17951,89,9,9,697.9740868,2451.890753,0.503571322,10,553.9166667,697.9740868,17641,0.407732636,0.547998905,0.554982424
sub-05,60,1,60,40,28296,28896,29796,32,-8,8,709.9739507,1995.348951,0.448978245,24,85.375,709.9739507,28920,0.386571616,0.636950135,0.323412985
sub-05,61,2,300,40,19988,22988,27488,72,32,32,1.9814703,2373.523137,0.398772667,3,331.5416667,841.9814703,22991,0.381335378,0.467199355,0.347783267
sub-05,62,2,300,20,10273,11773,17773,17,-3,3,13.9810944,2852.814428,0.671569288,3,798.8333333,853.9810944,11776,0.664448321,0.659815192,0.69044435
sub-05,63,2,60,80,10035,11235,11535,40,-40,40,25.9796692,2887.229669,0.52952219,59,821.25,865.9796692,11176,0.404203236,0.707623601,0.476739734
sub-05,64,2,300,80,10518,16518,18018,68,-12,12,37.9802511,2679.105251,0.583597581,20,601.125,877.9802511,16538,0.480903864,0.651504278,0.6183846
sub-05,65,2,300,20,14066,15566,21566,32,12,12,49.9635548,2730.755221,0.560058008,0,640.7916667,889.9635548,15566,0.427026987,0.875541151,0.377605885
sub-05,66,2,60,60,15628,16528,17128,58,-2,2,61.9791569,2702.68749,0.378013372,10,600.7083333,901.9791569,16538,0.333360583,0.569687963,0.230991572
sub-05,67,2,12,40,4600,4720,4900,14,-26,26,73.9789179,3206.687251,0.743728856,146,1092.708333,913.9789179,4574,0.777784109,0.756530881,0.696871579
sub-05,68,2,300,20,19476,20976,26976,35,15,15,85.9628566,2541.337857,0.513232261,58,415.375,925.9628566,20918,0.618891299,0.418279558,0.502525926
sub-05,69,2,300,60,14066,18566,21566,60,0,0,97.9780098,2653.769676,0.421460688,20,515.7916667,937.9780098,18586,0.427026987,0.550489068,0.286866009
sub-05,70,2,12,60,13450,13630,13750,46,-14,14,109.9777084,2871.436042,0.860371133,1,721.4583333,949.9777084,13631,0.881083906,0.862820923,0.837208569
sub-05,71,2,12,80,3739,3979,4039,93,13,13,121.9772974,3285.560631,0.605181605,60,1123.583333,961.9772974,3919,0.471912891,0.445872188,0.897759736
sub-05,72,2,12,40,21273,21393,21573,24,-16,16,133.9766888,2571.976689,0.748584628,60,398,973.9766888,21333,0.636497259,0.976724505,0.63253212
sub-05,73,2,60,20,22148,22448,23648,70,50,50,145.9763226,2540.017989,0.754350642,77,354.0416667,985.9763226,22525,0.775133371,0.652248144,0.835670412
sub-05,74,2,60,20,10035,10335,11535,81,61,61,157.975769,3056.725769,0.528949112,23,858.75,997.975769,10312,0.404203236,0.763092279,0.41955182
sub-05,75,2,300,80,13458,19458,20958,59,-21,21,169.9748718,2688.599872,0.484519442,23,478.625,1009.974872,19435,0.503550649,0.523809075,0.426198602
sub-05,76,2,300,20,16327,17827,23827,67,47,47,181.9744457,2768.557779,0.514019489,21,546.5833333,1021.974446,17806,0.765540838,0.39063096,0.385886669
sub-05,77,2,60,20,14390,14690,15890,21,1,1,193.9740922,2911.265759,0.652103245,10,677.2916667,1033.974092,14700,0.853619874,0.504358649,0.598331213
sub-05,78,2,300,60,18200,22700,25700,27,-33,33,205.9742155,2589.515882,0.594278524,22,343.5416667,1045.974216,22722,0.791362107,0.5266366,0.464836866
sub-05,79,2,60,40,17621,18221,19121,56,16,16,217.9731424,2788.139809,0.401363482,9,530.1666667,1057.973142,18212,0.321571469,0.32369706,0.558821917
sub-05,80,2,12,60,2486,2666,2786,91,31,31,229.9727571,3448.264424,0.783421795,58,1178.291667,1069.972757,2608,0.802486777,0.707484126,0.84029448
sub-05,81,2,12,80,16152,16392,16452,98,18,18,241.9723376,2888.347338,0.678572257,23,606.375,1081.972338,16369,0.528136969,0.527052999,0.980526805
sub-05,82,2,60,80,17621,18821,19121,76,-4,4,253.9725396,2799.139206,0.398854067,51,505.1666667,1093.97254,18770,0.321571469,0.287838012,0.587152719
sub-05,83,2,300,20,2522,4022,10022,67,47,47,265.9718288,3427.763495,0.535507907,103,1121.791667,1105.971829,3919,0.40284428,0.566761553,0.636917889
sub-05,84,2,12,60,16152,16332,16452,90,30,30,277.9714386,2926.846439,0.614817361,6,608.875,1117.971439,16338,0.528136969,0.636289001,0.680026114
sub-05,85,2,12,60,15162,15342,15462,91,31,31,289.971313,2980.096313,0.792497814,1,650.125,1129.971313,15341,0.925493777,0.732884884,0.71911478
sub-05,86,2,300,80,16072,22072,23572,67,-13,13,301.9703789,2711.678712,0.690731823,30,369.7083333,1141.970379,22102,0.699183166,0.625260174,0.74775213
sub-05,87,2,60,80,25202,26402,26702,90,10,10,313.9701285,2543.261795,0.514002681,6,189.2916667,1153.970129,26408,0.380949736,0.542046428,0.619011879
sub-05,88,2,12,80,15586,15826,15886,96,16,16,325.9697003,2995.928034,0.912498534,66,629.9583333,1165.9697,15892,0.893184006,0.895874202,0.948437393
sub-05,89,2,300,40,18922,21922,26422,65,25,25,337.9693489,2753.927682,0.563334286,33,375.9583333,1177.969349,21955,0.454499304,0.557501614,0.67800194
sub-05,90,2,12,20,11565,11625,11865,90,70,70,349.9686683,3194.968668,0.458951463,17,805,1189.968668,11608,0.391443521,0.614788413,0.370622456
sub-05,91,2,300,80,10273,16273,17773,74,-6,6,361.9684042,3013.301738,0.691866497,5,611.3333333,1201.968404,16268,0.664448321,0.815407932,0.595743239
sub-05,92,2,60,60,10035,10935,11535,87,27,27,373.9682634,3247.718263,0.556123992,10,833.75,1213.968263,10925,0.404203236,0.668247223,0.595921516
sub-05,93,2,300,20,14351,15851,21851,88,68,68,385.967784,3054.884451,0.711405754,41,628.9166667,1225.967784,15892,0.724799395,0.719285727,0.690132141
sub-05,94,2,60,80,14390,15590,15890,94,14,14,397.9674043,3077.759071,0.87358437,24,639.7916667,1237.967404,15566,0.853619874,0.872111917,0.895021319
sub-05,95,2,12,40,2486,2606,2786,9,-31,31,409.9670961,3630.758763,0.8548099,2,1180.791667,1249.967096,2608,0.802486777,0.953855455,0.808087468
sub-05,96,2,12,80,21273,21513,21573,94,14,14,421.966553,2854.966553,0.761513889,55,393,1261.966553,21458,0.636497259,0.659675717,0.98836869
sub-05,97,2,12,40,16152,16272,16452,11,-29,29,433.9658252,3085.340825,0.584240357,4,611.375,1273.965825,16268,0.528136969,0.565639615,0.658944488
sub-05,98,2,12,40,25820,25940,26120,36,-4,4,445.9819507,2694.523617,0.538838178,4,208.5416667,1285.981951,25944,0.514377058,0.630758941,0.471378535
sub-05,99,2,12,80,23924,24164,24224,79,-1,1,457.9816418,2780.523308,0.549024999,0,282.5416667,1297.981642,24164,0.842187762,0.403494179,0.401393056
sub-05,100,2,12,20,21800,21860,22100,71,51,51,469.9814637,2888.52313,0.779317856,4,378.5416667,1309.981464,21856,0.736993313,0.798989177,0.801971078
sub-05,101,2,12,60,25820,26000,26120,73,13,13,481.965249,2728.006916,0.513285508,13,206.0416667,1321.965249,25987,0.514377058,0.487244695,0.53823477
sub-05,102,2,60,40,26923,27523,28423,83,43,43,493.9806584,2676.563992,0.596408854,1,142.5833333,1333.980658,27524,0.570710897,0.456747562,0.761768103
sub-05,103,2,60,20,21153,21453,22653,21,1,1,505.9802229,2941.480223,0.449790001,5,395.5,1345.980223,21458,0.367980182,0.50407207,0.47731775
sub-05,104,2,60,20,4556,4856,6056,18,-2,2,517.979854,3645.021521,0.5157758,62,1087.041667,1357.979854,4918,0.386306763,0.83152318,0.329497457
sub-05,105,2,12,40,25018,25138,25318,76,36,36,529.9793571,2811.93769,0.429841896,52,241.9583333,1369.979357,25086,0.614161015,0.286262631,0.389102042
sub-05,106,2,60,20,17621,17921,19121,23,3,3,541.9790442,3124.645711,0.504270792,40,542.6666667,1381.979044,17961,0.321571469,0.687747836,0.503493071
sub-05,107,2,12,60,11565,11745,11865,8,-52,52,553.9786578,3393.978658,0.469659835,31,800,1393.978658,11776,0.391443521,0.720917881,0.296618104
sub-05,108,2,12,80,1602,1842,1902,86,6,6,565.9780983,3818.603098,0.494504452,17,1212.625,1405.978098,1859,0.398957372,0.416479409,0.668076575
sub-05,109,2,60,40,1414,2014,2914,14,-26,26,577.9768516,3823.435185,0.6707172,14,1205.458333,1417.976852,2028,0.880903423,0.538607776,0.5926404
sub-05,110,2,60,20,12596,12896,14096,24,4,4,589.9770832,3382.01875,0.754556278,29,752.0416667,1429.977083,12867,0.68969357,0.889180124,0.684795141
sub-05,111,2,12,80,15162,15402,15462,77,-3,3,601.9767914,3289.601791,0.809432745,6,647.625,1441.976791,15408,0.925493777,0.761621892,0.741182566
sub-05,112,2,300,40,10518,13518,18018,30,-10,10,613.976527,3380.101527,0.473818123,113,726.125,1453.976527,13631,0.480903864,0.551914155,0.388636351
sub-05,113,2,60,80,1414,2614,2914,70,-10,10,625.9758962,3846.43423,0.893087606,6,1180.458333,1465.975896,2608,0.880903423,0.898732543,0.899626851
sub-05,114,2,300,40,2522,5522,10022,74,34,34,637.9754578,3737.267124,0.524214218,111,1059.291667,1477.975458,5633,0.40284428,0.631453753,0.538344622
sub-05,115,2,12,40,21800,21920,22100,91,51,51,649.9750906,3066.016757,0.786751767,35,376.0416667,1489.975091,21955,0.736993313,0.82633388,0.796928108
sub-05,116,2,60,20,9187,9487,10687,66,46,46,661.9747835,3596.058117,0.434174627,137,894.0833333,1501.974784,9350,0.355018765,0.394263268,0.553241849
sub-05,117,2,300,80,12645,18645,20145,29,-51,51,673.9743563,3226.474356,0.354656776,1,512.5,1513.974356,18644,0.332550645,0.508051455,0.223368227
sub-05,118,2,12,60,14329,14509,14629,95,35,35,685.9736654,3410.806999,0.697990954,5,684.8333333,1525.973665,14514,0.840943217,0.674068928,0.578960717
sub-05,119,2,300,40,13458,16458,20958,85,45,45,697.9733369,3341.598337,0.587588569,80,603.625,1537.973337,16538,0.503550649,0.716322362,0.542892694
sub-05,120,2,60,80,26923,28123,28423,93,13,13,709.9727211,2867.556054,0.54487892,43,117.5833333,1549.972721,28166,0.570710897,0.571867824,0.492058039
sub-05,121,3,12,60,3739,3919,4039,97,37,37,1.9813143,4008.064648,0.611491134,0,1126.083333,1681.981314,3919,0.471912891,0.509016752,0.853543758
sub-05,122,3,60,60,3650,4550,5150,82,22,22,13.9802883,3993.771955,0.541496128,24,1099.791667,1693.980288,4574,0.586262465,0.423998445,0.614227474
sub-05,123,3,60,60,11369,12269,12869,64,4,4,25.9799441,3684.146611,0.516770363,103,778.1666667,1705.979944,12372,0.533274829,0.423333883,0.593702376
sub-05,124,3,300,20,10518,12018,18018,33,13,13,37.9795161,3706.604516,0.523449163,66,788.625,1717.979516,11952,0.480903864,0.692685187,0.396758437
sub-05,125,3,60,60,9187,10087,10687,74,14,14,49.9795015,3799.062835,0.391915798,3,869.0833333,1729.979502,10084,0.355018765,0.264911145,0.555817485
sub-05,126,3,300,40,10273,13273,17773,56,16,16,61.9793506,3678.312684,0.584628761,175,736.3333333,1741.979351,13098,0.664448321,0.636629224,0.452808738
sub-05,127,3,12,20,23924,23984,24224,31,11,11,73.9788066,3244.020473,0.527502427,1,290.0416667,1753.978807,23983,0.842187762,0.358798593,0.381520927
sub-05,128,3,60,80,13176,14376,14676,90,10,10,85.978665,3656.353665,0.621318579,13,690.375,1765.978665,14389,0.457795978,0.679272175,0.726887584
sub-05,129,3,12,40,15162,15282,15462,91,51,51,97.977877,3630.602877,0.778266191,9,652.625,1777.977877,15291,0.925493777,0.706873059,0.702431738
sub-05,130,3,12,60,1602,1782,1902,89,29,29,109.9775101,4205.10251,0.502100398,6,1215.125,1789.97751,1788,0.398957372,0.396219879,0.711123943
sub-05,131,3,300,60,19988,24488,27488,57,-3,3,121.976862,3271.018529,0.365601301,14,269.0416667,1801.976862,24474,0.381335378,0.4435606,0.271907926
sub-05,132,3,12,20,15586,15646,15886,22,2,2,133.9769777,3651.435311,0.922746738,80,637.4583333,1813.976978,15566,0.893184006,0.971495926,0.903560281
sub-05,133,3,60,60,22148,23048,23648,84,24,24,145.9762591,3355.017926,0.64348652,2,329.0416667,1825.976259,23050,0.775133371,0.57852304,0.576803148
sub-05,134,3,300,60,16072,20572,23572,63,3,3,157.9759335,3470.184267,0.599707007,7,432.2083333,1837.975934,20579,0.699183166,0.522151589,0.577786267
sub-05,135,3,300,60,16327,20827,23827,33,-27,27,169.975545,3471.558878,0.762053986,91,421.5833333,1849.975545,20918,0.765540838,0.751691878,0.768929243
sub-05,136,3,300,20,19988,21488,27488,40,20,20,181.9752729,3456.01694,0.378337264,30,394.0416667,1861.975273,21458,0.381335378,0.459869921,0.293806493
sub-05,137,3,12,40,12500,12620,12800,71,31,31,193.974354,3837.516021,0.699443301,90,763.5416667,1873.974354,12530,0.630747199,0.705582559,0.762000144
sub-05,138,3,60,60,28296,29196,29796,44,-16,16,205.9743271,3158.849327,0.40910688,46,72.875,1885.974327,29242,0.386571616,0.449854881,0.390894145
sub-05,139,3,12,80,11565,11805,11865,81,1,1,217.973889,3895.473889,0.425252527,29,797.5,1897.973889,11776,0.391443521,0.391761363,0.492552698
sub-05,140,3,300,60,10518,15018,18018,31,-29,29,229.973249,3773.598249,0.538457811,1,663.625,1909.973249,15019,0.480903864,0.668780506,0.465689063
sub-05,141,3,12,60,25018,25198,25318,74,14,14,241.9730433,3361.431377,0.434581568,36,239.4583333,1921.973043,25234,0.614161015,0.293974459,0.39560923
sub-05,142,3,60,40,22148,22748,23648,71,31,31,253.9725552,3475.514222,0.754774034,26,341.5416667,1933.972555,22722,0.775133371,0.723107696,0.766081035
sub-05,143,3,60,80,21153,22353,22653,68,-12,12,265.9722546,3503.972255,0.478971044,152,358,1945.972255,22201,0.367980182,0.52699703,0.541935921
sub-05,144,3,300,60,13458,17958,20958,36,-24,24,277.9717082,3699.096708,0.393604338,3,541.125,1957.971708,17961,0.503550649,0.407887161,0.269375205
sub-05,145,3,60,40,9187,9787,10687,27,-13,13,289.9714324,4051.554766,0.426671376,92,881.5833333,1969.971432,9879,0.355018765,0.344421983,0.58057338
sub-05,146,3,300,20,18922,20422,26422,62,42,42,301.9705143,3620.428848,0.554572781,10,438.4583333,1981.970514,20412,0.454499304,0.502740145,0.706478894
sub-05,147,3,12,20,3739,3799,4039,67,47,47,313.9702,4325.053533,0.601261348,13,1131.083333,1993.9702,3812,0.471912891,0.75404346,0.577827692
sub-05,148,3,12,60,12500,12680,12800,61,1,1,325.9699754,3967.011642,0.69880573,101,761.0416667,2005.969975,12781,0.630747199,0.732289791,0.733380198
sub-05,149,3,60,20,25895,26195,27395,61,41,41,337.9697349,3415.886402,0.423054596,9,197.9166667,2017.969735,26204,0.452340961,0.406089157,0.41073367
sub-05,150,3,300,60,19476,23976,26976,60,0,0,349.9688452,3520.343845,0.474200209,7,290.375,2029.968845,23983,0.618891299,0.414272666,0.389436662
sub-05,151,3,12,80,25820,26060,26120,27,-53,53,361.9687897,3445.510456,0.612323423,15,203.5416667,2041.96879,26045,0.514377058,0.79671216,0.525881052
sub-05,152,3,60,60,14390,15290,15890,41,-19,19,373.9685154,3906.260182,0.646042486,1,652.2916667,2053.968515,15291,0.853619874,0.5200454,0.564462185
sub-05,153,3,300,40,22736,25736,30236,62,22,22,385.9679637,3483.00963,0.45551905,43,217.0416667,2065.967964,25779,0.368221045,0.729290605,0.269045502
sub-05,154,3,60,20,11369,11669,12869,12,-8,8,397.9673448,4081.134011,0.59856234,26,803.1666667,2077.967345,11643,0.533274829,0.825657547,0.436754644
sub-05,155,3,60,40,21153,21753,22653,26,-14,14,409.9669853,3672.966985,0.483911614,103,383,2089.966985,21856,0.367980182,0.516567588,0.567187071
sub-05,156,3,300,40,18200,21200,25700,40,0,0,421.9665297,3708.008196,0.613909702,5,406.0416667,2101.96653,21195,0.791362107,0.579749107,0.47061789
sub-05,157,3,12,80,29300,29540,29600,82,2,2,433.9662308,3372.507897,0.777512252,43,58.54166667,2113.966231,29583,0.835012972,0.689403892,0.808119893
sub-05,158,3,12,80,2486,2726,2786,83,3,3,445.9657978,4501.757464,0.773491303,41,1175.791667,2125.965798,2767,0.802486777,0.691649318,0.826337814
sub-05,159,3,60,80,12596,13796,14096,40,-40,40,457.9819191,4052.523586,0.710163554,21,714.5416667,2137.981919,13775,0.68969357,0.766344666,0.674452424
sub-05,160,3,12,20,21273,21333,21573,8,-12,12,469.9815881,3750.481588,0.75228552,0,400.5,2149.981588,21333,0.636497259,0.971750498,0.648608804
sub-05,161,3,60,60,13942,14842,15442,6,-54,54,481.9805888,4032.938922,0.68069917,1,670.9583333,2161.980589,14843,0.617607713,0.727707624,0.696782172
sub-05,162,3,60,40,16451,17051,17951,46,6,6,493.9807371,3952.897404,0.457817475,62,578.9166667,2173.980737,16989,0.407732636,0.381435901,0.584283888
sub-05,163,3,12,40,17959,18079,18259,60,20,20,505.9804422,3922.063776,0.529117078,13,536.0833333,2185.980442,18066,0.444595844,0.393297553,0.749457836
sub-05,164,3,60,40,14390,14990,15890,72,32,32,517.9799047,4062.771571,0.812392155,29,664.7916667,2197.979905,15019,0.853619874,0.803780138,0.779776454
sub-05,165,3,60,40,25202,25802,26702,83,43,43,529.979314,3624.270981,0.486041149,23,214.2916667,2209.979314,25779,0.380949736,0.502093911,0.575079799
sub-05,166,3,300,80,2522,8522,10022,73,-7,7,541.9785962,4356.270263,0.572465211,1,934.2916667,2221.978596,8523,0.40284428,0.546290815,0.768260539
sub-05,167,3,60,20,19722,20022,21222,6,-14,14,553.9781749,3889.103175,0.411991974,33,455.125,2233.978175,19989,0.266462356,0.699494839,0.270018727
sub-05,168,3,12,20,2486,2546,2786,2,-18,18,565.9781872,4629.269854,0.86674879,62,1183.291667,2245.978187,2608,0.802486777,0.984086692,0.8136729
sub-05,169,3,60,60,19722,20622,21222,92,32,32,577.9775202,3888.10252,0.376208852,11,430.125,2257.97752,20633,0.266462356,0.304706454,0.557457745
sub-05,170,3,300,60,18922,23422,26422,69,9,9,589.9769709,3783.435304,0.562183181,108,313.4583333,2269.976971,23314,0.454499304,0.605599403,0.626450837
sub-05,171,3,12,80,27281,27521,27581,90,10,10,601.9766867,3624.643353,0.484808634,3,142.6666667,2281.976687,27524,0.663646698,0.356698692,0.434080511
sub-05,172,3,300,80,1960,7960,9460,81,1,1,613.9761885,4451.684522,0.374507785,21,957.7083333,2293.976189,7981,0.433283031,0.393522233,0.296718091
sub-05,173,3,300,60,10273,14773,17773,77,17,17,625.9757017,4179.809035,0.538562953,6,673.8333333,2305.975702,14779,0.664448321,0.543266654,0.407973886
sub-05,174,3,60,40,15628,16228,17128,30,-10,10,637.9751934,4131.183527,0.469133109,40,613.2083333,2317.975193,16268,0.333360583,0.796540856,0.277497888
sub-05,175,3,12,20,13450,13510,13750,33,13,13,649.9752589,4256.433592,0.75796785,121,726.4583333,2329.975259,13631,0.881083906,0.69478333,0.698036313
sub-05,176,3,300,80,21224,27224,28724,64,-16,16,661.9746356,3697.016302,0.448277911,25,155.0416667,2341.974636,27199,0.495798409,0.28581816,0.563217163
sub-05,177,3,60,20,25202,25502,26702,22,2,2,673.9745201,3780.766187,0.481679867,47,226.7916667,2353.97452,25549,0.380949736,0.394988745,0.669101119
sub-05,178,3,300,80,18922,24922,26422,77,-3,3,685.9738102,3816.932144,0.55417345,88,250.9583333,2365.97381,24834,0.454499304,0.483178377,0.724842668
sub-05,179,3,12,20,14329,14389,14629,78,58,58,697.9736587,4267.806992,0.673224032,0,689.8333333,2377.973659,14389,0.840943217,0.659988642,0.518740237
sub-05,180,3,300,80,11085,17085,18585,19,-61,61,709.9731602,4167.47316,0.411512583,96,577.5,2389.97316,16989,0.403320372,0.387581944,0.443635434
sub-05,181,4,12,40,13450,13570,13750,55,15,15,1.9774814,4445.935815,0.849632084,61,723.9583333,2521.977481,13631,0.881083906,0.8463763,0.821436048
sub-05,182,4,12,40,27281,27401,27581,57,17,17,13.9768077,3881.643474,0.509411087,35,147.6666667,2533.976808,27436,0.663646698,0.441977859,0.422608703
sub-05,183,4,60,40,4556,5156,6056,40,0,0,25.9761335,4820.5178,0.507196426,8,1074.541667,2545.976134,5148,0.386306763,0.617104769,0.518177748
sub-05,184,4,12,80,21800,22040,22100,91,11,11,37.9758392,4129.017506,0.817930579,40,371.0416667,2557.975839,22000,0.736993313,0.733162522,0.983635902
sub-05,185,4,300,80,14066,20066,21566,43,-37,37,49.9752396,4223.266906,0.372727503,9,453.2916667,2569.97524,20075,0.427026987,0.356378973,0.334776551
sub-05,186,4,300,40,13557,16557,21057,56,16,16,61.9754939,4381.475494,0.421245933,19,599.5,2581.975494,16538,0.375888646,0.617102027,0.270747125
sub-05,187,4,300,40,14066,17066,21566,29,-11,11,73.9748767,4372.266543,0.344607135,77,578.2916667,2593.974877,16989,0.427026987,0.365407616,0.241386801
sub-05,188,4,300,80,9381,15381,16881,58,-22,22,85.9746359,4454.474636,0.462941974,27,648.5,2605.974636,15408,0.434503287,0.516384661,0.437937975
sub-05,189,4,300,40,21224,24224,28724,18,-22,22,97.9741283,4098.015795,0.461755127,24,280.0416667,2617.974128,24200,0.495798409,0.400327176,0.489139795
sub-05,190,4,300,20,1960,3460,9460,30,10,10,109.9735911,4975.181924,0.416565597,5,1145.208333,2629.973591,3465,0.433283031,0.312170625,0.504243135
sub-05,191,4,60,40,10035,10635,11535,26,-14,14,121.9733467,4688.223347,0.48510023,41,846.25,2641.973347,10676,0.404203236,0.632850528,0.418246925
sub-05,192,4,300,40,16327,19327,23827,61,21,21,133.972592,4338.055925,0.608967781,3,484.0833333,2653.972592,19330,0.765540838,0.512890935,0.54847157
sub-05,193,4,12,60,21800,21980,22100,75,15,15,145.9721112,4239.513778,0.723965764,2,373.5416667,2665.972111,21978,0.736993313,0.71063894,0.724265039
sub-05,194,4,60,80,25895,27095,27395,69,-11,11,157.9717474,4038.388414,0.475009968,60,160.4166667,2677.971747,27155,0.452340961,0.490531057,0.482157886
sub-05,195,4,60,40,13942,14542,15442,13,-27,27,169.9713974,4573.429731,0.675926189,21,683.4583333,2689.971397,14563,0.617607713,0.683953524,0.72621733
sub-05,196,4,60,80,15628,16828,17128,87,7,7,181.9708762,4490.17921,0.489119957,95,588.2083333,2701.970876,16733,0.333360583,0.658514261,0.475485027
sub-05,197,4,60,40,25895,26495,27395,57,17,17,193.9706174,4099.387284,0.440994372,5,185.4166667,2713.970617,26500,0.452340961,0.432447374,0.438194782
sub-05,198,4,300,60,1960,6460,9460,62,2,2,205.9702645,4946.178598,0.451823841,48,1020.208333,2725.970265,6412,0.433283031,0.458800852,0.463387638
sub-05,199,4,12,80,14329,14569,14629,90,10,10,217.9699648,4620.303298,0.670945783,6,682.3333333,2737.969965,14563,0.840943217,0.651862442,0.520031691
sub-05,200,4,60,60,21153,22053,22653,16,-44,44,229.9695199,4320.46952,0.501651009,49,370.5,2749.96952,22102,0.367980182,0.683279634,0.453693211
sub-05,201,4,12,40,29300,29420,29600,85,45,45,241.9690992,4025.510766,0.881912669,33,63.54166667,2761.969099,29453,0.835012972,0.842169046,0.968555987
sub-05,202,4,60,80,13942,15142,15442,89,9,9,253.9685458,4632.426879,0.745977561,65,658.4583333,2773.968546,15077,0.617607713,0.667556286,0.952768683
sub-05,203,4,12,40,1602,1722,1902,83,43,43,265.9681258,5203.593126,0.569713354,38,1217.625,2785.968126,1760,0.398957372,0.813810945,0.496371746
sub-05,204,4,60,20,15628,15928,17128,31,11,11,277.9677207,4623.676054,0.468310128,36,625.7083333,2797.967721,15892,0.333360583,0.670246482,0.401323318
sub-05,205,4,12,20,26328,26388,26628,82,62,62,289.9673712,4199.842371,0.705589493,20,189.875,2809.967371,26408,0.570940733,0.925866604,0.619961143
sub-05,206,4,12,40,3739,3859,4039,64,24,24,301.966874,5150.550207,0.567767153,1,1128.583333,2821.966874,3858,0.471912891,0.49350661,0.737881958
sub-05,207,4,12,60,21273,21453,21573,8,-52,52,313.9664806,4429.466481,0.709812641,5,395.5,2833.966481,21458,0.636497259,0.935319662,0.557621002
sub-05,208,4,300,20,22736,24236,30236,44,24,24,325.9660058,4325.507672,0.460771928,36,279.5416667,2845.966006,24200,0.368221045,0.748072684,0.266022056
sub-05,209,4,60,40,11369,11969,12869,67,27,27,337.965318,4848.631985,0.598558346,17,790.6666667,2857.965318,11952,0.533274829,0.519994318,0.742405891
sub-05,210,4,60,80,11369,12569,12869,79,-1,1,349.9650412,4835.631708,0.634420226,39,765.6666667,2869.965041,12530,0.533274829,0.499322087,0.870663762
sub-05,211,4,300,60,22736,27236,30236,64,4,4,361.9647168,4236.506383,0.371524195,35,154.5416667,2881.964717,27271,0.368221045,0.459550083,0.286801457
sub-05,212,4,300,20,11085,12585,18585,59,39,39,373.9644085,4858.964409,0.483780523,55,765,2893.964409,12530,0.403320372,0.589437604,0.458583593
sub-05,213,4,300,40,12645,15645,20145,44,4,4,385.9639694,4743.463969,0.483331859,79,637.5,2905.963969,15566,0.332550645,0.809746027,0.307698905
sub-05,214,4,60,80,28296,29496,29796,79,-1,1,397.9802421,4178.355242,0.378579348,43,60.375,2917.980242,29453,0.386571616,0.422424734,0.326741695
sub-05,215,4,60,80,19722,20922,21222,85,5,5,409.9797035,4547.604704,0.439013958,4,417.625,2929.979704,20918,0.266462356,0.252884895,0.797694623
sub-05,216,4,300,80,18200,24200,25700,78,-2,2,421.9791124,4423.020779,0.666384419,0,281.0416667,2941.979112,24200,0.791362107,0.576158345,0.631632805
sub-05,217,4,300,60,11085,15585,18585,43,-17,17,433.9786764,4793.978676,0.512025793,19,640,2953.978676,15566,0.403320372,0.5605762,0.572180808
sub-05,218,4,300,60,12645,17145,20145,28,-32,32,445.9780602,4740.97806,0.306706463,112,575,2965.97806,17257,0.332550645,0.347516209,0.240052536
sub-05,219,4,300,40,16072,19072,23572,76,36,36,457.9780055,4672.686339,0.601840854,51,494.7083333,2977.978006,19021,0.699183166,0.517898381,0.588441014
sub-05,220,4,60,80,3650,4850,5150,70,-10,10,469.9770483,5277.268715,0.569860439,68,1087.291667,2989.977048,4918,0.586262465,0.485696733,0.637622118
sub-05,221,4,60,80,22148,23348,23648,69,-11,11,481.9767459,4518.518413,0.722102066,34,316.5416667,3001.976746,23314,0.775133371,0.607972264,0.783200562
sub-05,222,4,300,20,21224,22724,28724,28,8,8,493.9764787,4556.518145,0.506919742,2,342.5416667,3013.976479,22722,0.495798409,0.480357289,0.544603527
sub-05,223,4,300,40,20069,23069,27569,69,29,29,505.9762746,4554.142941,0.468692313,19,328.1666667,3025.976275,23050,0.377250761,0.444087029,0.584739149
sub-05,224,4,12,60,29300,29480,29600,89,29,29,517.9757537,4299.01742,0.738899032,27,61.04166667,3037.975754,29453,0.835012972,0.636288166,0.745395958
sub-05,225,4,300,80,16327,22327,23827,84,4,4,529.9754892,4609.058823,0.80520918,126,359.0833333,3049.975489,22201,0.765540838,0.827244103,0.822842598
sub-05,226,4,300,40,11085,14085,18585,59,19,19,541.9747713,4964.474771,0.520194809,5,702.5,3061.974771,14090,0.403320372,0.590262294,0.56700176
sub-05,227,4,60,60,25202,26102,26702,83,23,23,553.9745829,4475.76625,0.469284336,2,201.7916667,3073.974583,26100,0.380949736,0.489343941,0.53755933
sub-05,228,4,300,60,9381,13881,16881,44,-16,16,565.974063,4996.974063,0.506161819,46,711,3085.974063,13927,0.434503287,0.60319519,0.480786979
sub-05,229,4,12,80,26328,26568,26628,96,16,16,577.9737216,4480.348722,0.682078063,68,182.375,3097.973722,26500,0.570940733,0.554679751,0.920613706
sub-05,230,4,12,60,15586,15766,15886,87,27,27,589.9733777,4942.431711,0.91404591,126,632.4583333,3109.973378,15892,0.893184006,0.910675526,0.938278198
sub-05,231,4,12,20,15162,15222,15462,83,63,63,601.9727581,4977.097758,0.781456709,12,655.125,3121.972758,15210,0.925493777,0.715577185,0.703299165
sub-05,232,4,12,20,25820,25880,26120,34,14,14,613.9726094,4545.014276,0.628588279,11,211.0416667,3133.972609,25891,0.514377058,0.79674089,0.57464689
sub-05,233,4,12,60,23924,24104,24224,71,11,11,625.9720515,4631.013718,0.661446333,58,285.0416667,3145.972052,24046,0.842187762,0.562097549,0.580053687
sub-05,234,4,12,20,12500,12560,12800,20,0,0,637.9710129,5124.01268,0.644854168,30,766.0416667,3157.971013,12530,0.630747199,0.695603549,0.608211756
sub-05,235,4,300,20,13557,15057,21057,80,60,60,649.9713513,5031.971351,0.468338192,20,662,3169.971351,15077,0.375888646,0.523104906,0.506021023
sub-05,236,4,12,60,17959,18139,18259,62,2,2,661.9705444,4915.553878,0.479493658,8,533.5833333,3181.970544,18131,0.444595844,0.32675156,0.66713357
sub-05,237,4,12,20,16152,16212,16452,29,9,9,673.969805,5007.844805,0.670652241,56,613.875,3193.969805,16268,0.528136969,0.987549484,0.496270269
sub-05,238,4,300,80,19476,25476,26976,37,-43,43,685.9695693,4633.844569,0.696930011,73,227.875,3205.969569,25549,0.618891299,0.667782605,0.80411613
sub-05,239,4,60,60,26923,27823,28423,20,-40,40,697.969288,4548.052621,0.533475856,67,130.0833333,3217.969288,27756,0.570710897,0.54025805,0.489458621
sub-05,240,4,60,80,4556,5756,6056,77,-3,3,709.9687394,5479.510406,0.54880482,27,1049.541667,3229.968739,5729,0.386306763,0.481833637,0.778274059
sub-08,1,1,12,80,3739,3979,4039,74,-6,6,1.972285,2325.555618,0.605181605,60,1123.583333,1.972285,3919,0.471912891,0.445872188,0.897759736
sub-08,2,1,12,20,25018,25078,25318,19,-1,1,13.971669,1458.430002,0.694239994,8,244.4583333,13.971669,25086,0.614161015,0.903934419,0.564624548
sub-08,3,1,300,40,13458,16458,20958,29,-11,11,25.971104,1829.596104,0.587588569,80,603.625,25.971104,16538,0.503550649,0.716322362,0.542892694
sub-08,4,1,12,20,15162,15222,15462,33,13,13,37.970918,1893.095918,0.781456709,12,655.125,37.970918,15210,0.925493777,0.715577185,0.703299165
sub-08,5,1,300,80,16072,22072,23572,70,-10,10,49.970441,1619.678774,0.690731823,30,369.7083333,49.970441,22102,0.699183166,0.625260174,0.74775213
sub-08,6,1,12,60,21800,21980,22100,80,20,20,61.969659,1635.511326,0.723965764,2,373.5416667,61.969659,21978,0.736993313,0.71063894,0.724265039
sub-08,7,1,12,80,14329,14569,14629,76,-4,4,73.969316,1956.302649,0.670945783,6,682.3333333,73.969316,14563,0.840943217,0.651862442,0.520031691
sub-08,8,1,12,20,13450,13510,13750,65,45,45,85.968928,2012.427261,0.75796785,121,726.4583333,85.968928,13631,0.881083906,0.69478333,0.698036313
sub-08,9,1,300,40,20069,23069,27569,78,38,38,97.968588,1626.135255,0.468692313,19,328.1666667,97.968588,23050,0.377250761,0.444087029,0.584739149
sub-08,10,1,60,20,16451,16751,17951,60,40,40,109.967936,1901.384603,0.541294883,18,591.4166667,109.967936,16733,0.407732636,0.724357009,0.491795003
sub-08,11,1,60,40,15628,16228,17128,70,30,30,121.967559,1935.175892,0.469133109,40,613.2083333,121.967559,16268,0.333360583,0.796540856,0.277497888
sub-08,12,1,12,80,27281,27521,27581,80,0,0,133.967225,1476.633892,0.484808634,3,142.6666667,133.967225,27524,0.663646698,0.356698692,0.434080511
sub-08,13,1,60,20,28296,28596,29796,67,47,47,145.966508,1443.841508,0.49337545,50,97.875,145.966508,28646,0.386571616,0.598008156,0.495546579
sub-08,14,1,300,80,22736,28736,30236,67,-13,13,157.966456,1450.008123,0.429048399,12,92.04166667,157.966456,28748,0.368221045,0.566889405,0.352034748
sub-08,15,1,12,40,3739,3859,4039,21,-19,19,169.966025,2498.549358,0.567767153,1,1128.583333,169.966025,3858,0.471912891,0.49350661,0.737881958
sub-08,16,1,300,20,13458,14958,20958,38,18,18,181.965515,2048.090515,0.527636826,10,666.125,181.965515,14948,0.503550649,0.735695601,0.343664229
sub-08,17,1,300,60,1960,6460,9460,66,6,6,193.964919,2414.173252,0.451823841,48,1020.208333,193.964919,6412,0.433283031,0.458800852,0.463387638
sub-08,18,1,60,40,3650,4250,5150,55,15,15,205.964737,2518.256404,0.465809743,48,1112.291667,205.964737,4298,0.586262465,0.404017031,0.407149732
sub-08,19,1,60,80,14390,15590,15890,74,-6,6,217.963745,2057.755412,0.87358437,24,639.7916667,217.963745,15566,0.853619874,0.872111917,0.895021319
sub-08,20,1,300,80,1960,7960,9460,58,-22,22,229.963391,2387.671724,0.374507785,21,957.7083333,229.963391,7981,0.433283031,0.393522233,0.296718091
sub-08,21,1,60,20,15628,15928,17128,20,0,0,241.963222,2067.671555,0.468310128,36,625.7083333,241.963222,15892,0.333360583,0.670246482,0.401323318
sub-08,22,1,60,20,10035,10335,11535,49,29,29,253.962629,2312.712629,0.528949112,23,858.75,253.962629,10312,0.404203236,0.763092279,0.41955182
sub-08,23,1,300,20,2522,4022,10022,40,20,20,265.961782,2587.753449,0.535507907,103,1121.791667,265.961782,3919,0.40284428,0.566761553,0.636917889
sub-08,24,1,12,20,25820,25880,26120,59,39,39,277.961672,1689.003339,0.628588279,11,211.0416667,277.961672,25891,0.514377058,0.79674089,0.57464689
sub-08,25,1,60,40,21153,21753,22653,55,15,15,289.961541,1872.961541,0.483911614,103,383,289.961541,21856,0.367980182,0.516567588,0.567187071
sub-08,26,1,60,60,9187,10087,10687,69,9,9,301.961036,2371.044369,0.391915798,3,869.0833333,301.961036,10084,0.355018765,0.264911145,0.555817485
sub-08,27,1,300,60,11085,15585,18585,69,9,9,313.960715,2153.960715,0.512025793,19,640,313.960715,15566,0.403320372,0.5605762,0.572180808
sub-08,28,1,12,20,21800,21860,22100,69,49,49,325.960252,1904.501919,0.779317856,4,378.5416667,325.960252,21856,0.736993313,0.798989177,0.801971078
sub-08,29,1,300,80,10518,16518,18018,69,-11,11,337.959596,2139.084596,0.583597581,20,601.125,337.959596,16538,0.480903864,0.651504278,0.6183846
sub-08,30,1,300,60,18200,22700,25700,57,-3,3,349.959251,1893.500918,0.594278524,22,343.5416667,349.959251,22722,0.791362107,0.5266366,0.464836866
sub-08,31,1,12,40,17959,18079,18259,90,50,50,361.958926,2098.042259,0.529117078,13,536.0833333,361.958926,18066,0.444595844,0.393297553,0.749457836
sub-08,32,1,300,20,20069,21569,27569,28,8,8,373.958238,1964.624905,0.45564116,55,390.6666667,373.958238,21624,0.377250761,0.34495461,0.644718111
sub-08,33,1,300,80,16327,22327,23827,78,-2,2,385.9579,1945.041233,0.80520918,126,359.0833333,385.9579,22201,0.765540838,0.827244103,0.822842598
sub-08,34,1,60,80,4556,5756,6056,80,0,0,397.974306,2647.515973,0.54880482,27,1049.541667,397.974306,5729,0.386306763,0.481833637,0.778274059
sub-08,35,1,60,40,25895,26495,27395,68,28,28,409.973835,1795.390502,0.440994372,5,185.4166667,409.973835,26500,0.452340961,0.432447374,0.438194782
sub-08,36,1,60,20,9187,9487,10687,11,-9,9,421.957451,2516.040784,0.434174627,137,894.0833333,421.957451,9350,0.355018765,0.394263268,0.553241849
sub-08,37,1,60,40,16451,17051,17951,79,39,39,433.972976,2212.889643,0.457817475,62,578.9166667,433.972976,16989,0.407732636,0.381435901,0.584283888
sub-08,38,1,60,40,11369,11969,12869,78,38,38,445.972486,2436.639153,0.598558346,17,790.6666667,445.972486,11952,0.533274829,0.519994318,0.742405891
sub-08,39,1,12,40,11565,11685,11865,77,37,37,457.971926,2460.471926,0.530226717,12,802.5,457.971926,11697,0.391443521,0.415040255,0.784196377
sub-08,40,1,12,60,25018,25198,25318,36,-24,24,469.971555,1909.429888,0.434581568,36,239.4583333,469.971555,25234,0.614161015,0.293974459,0.39560923
sub-08,41,1,300,20,10518,12018,18018,18,-2,2,481.971256,2470.596256,0.523449163,66,788.625,481.971256,11952,0.480903864,0.692685187,0.396758437
sub-08,42,1,60,20,22148,22448,23648,80,60,60,493.970752,2048.012419,0.754350642,77,354.0416667,493.970752,22525,0.775133371,0.652248144,0.835670412
sub-08,43,1,300,40,9381,12381,16881,80,40,40,505.970208,2479.470208,0.459073414,9,773.5,505.970208,12372,0.434503287,0.471244156,0.4714728
sub-08,44,1,12,20,29300,29360,29600,28,8,8,517.969561,1784.011228,0.882695615,3,66.04166667,517.969561,29357,0.835012972,0.851993442,0.961080432
sub-08,45,1,300,60,20069,24569,27569,60,0,0,529.969468,1995.636135,0.437215209,10,265.6666667,529.969468,24579,0.377250761,0.376978368,0.557416499
sub-08,46,1,60,80,28296,29496,29796,29,-51,51,541.968806,1802.343806,0.378579348,43,60.375,541.968806,29453,0.386571616,0.422424734,0.326741695
sub-08,47,1,12,40,4600,4720,4900,18,-22,22,553.968371,2846.676704,0.743728856,146,1092.708333,553.968371,4574,0.777784109,0.756530881,0.696871579
sub-08,48,1,60,20,1414,1714,2914,29,9,9,565.967797,2983.92613,0.828979512,45,1217.958333,565.967797,1669,0.880903423,0.819167018,0.786868095
sub-08,49,1,12,60,23924,24104,24224,59,-1,1,577.967301,2063.008968,0.661446333,58,285.0416667,577.967301,24046,0.842187762,0.562097549,0.580053687
sub-08,50,1,12,40,25018,25138,25318,77,37,37,589.967299,2031.925632,0.429841896,52,241.9583333,589.967299,25086,0.614161015,0.286262631,0.389102042
sub-08,51,1,300,80,14351,20351,21851,79,-1,1,601.96681,2243.383477,0.707600872,61,441.4166667,601.96681,20412,0.724799395,0.658842862,0.739160359
sub-08,52,1,60,20,25202,25502,26702,64,44,44,613.966283,2040.75795,0.481679867,47,226.7916667,613.966283,25549,0.380949736,0.394988745,0.669101119
sub-08,53,1,60,40,14390,14990,15890,58,18,18,625.965907,2490.757574,0.812392155,29,664.7916667,625.965907,15019,0.853619874,0.803780138,0.779776454
sub-08,54,1,12,20,1602,1662,1902,57,37,37,637.965467,3058.090467,0.562841068,7,1220.125,637.965467,1669,0.398957372,0.83936286,0.450202972
sub-08,55,1,12,40,27281,27401,27581,67,27,27,649.964948,1997.631615,0.509411087,35,147.6666667,649.964948,27436,0.663646698,0.441977859,0.422608703
sub-08,56,1,12,60,2486,2666,2786,69,9,9,661.96439,3040.256057,0.783421795,58,1178.291667,661.96439,2608,0.802486777,0.707484126,0.84029448
sub-08,57,1,300,80,19988,25988,27488,57,-23,23,673.96358,2080.505247,0.414776425,1,206.5416667,673.96358,25987,0.381335378,0.377626181,0.485367715
sub-08,58,1,12,60,11565,11745,11865,68,8,8,685.963358,2685.963358,0.469659835,31,800,685.963358,11776,0.391443521,0.720917881,0.296618104
sub-08,59,1,12,60,3739,3919,4039,70,10,10,697.963051,3024.046384,0.611491134,0,1126.083333,697.963051,3919,0.471912891,0.509016752,0.853543758
sub-08,60,1,300,20,9381,10881,16881,61,41,41,709.962648,2745.962648,0.510910342,25,836,709.962648,10856,0.434503287,0.649891555,0.448336184
sub-08,61,2,60,80,13176,14376,14676,69,-11,11,1.97711,2732.35211,0.621318579,13,690.375,841.97711,14389,0.457795978,0.679272175,0.726887584
sub-08,62,2,300,60,16072,20572,23572,90,30,30,13.976258,2486.184591,0.599707007,7,432.2083333,853.976258,20579,0.699183166,0.522151589,0.577786267
sub-08,63,2,12,80,21273,21513,21573,70,-10,10,25.97637,2458.97637,0.761513889,55,393,865.97637,21458,0.636497259,0.659675717,0.98836869
sub-08,64,2,300,80,11085,17085,18585,68,-12,12,37.975338,2655.475338,0.411512583,96,577.5,877.975338,16989,0.403320372,0.387581944,0.443635434
sub-08,65,2,300,20,11085,12585,18585,69,49,49,49.974881,2854.974881,0.483780523,55,765,889.974881,12530,0.403320372,0.589437604,0.458583593
sub-08,66,2,60,20,13176,13476,14676,40,20,20,61.974381,2829.849381,0.627957404,155,727.875,901.974381,13631,0.457795978,0.929294884,0.496781349
sub-08,67,2,300,80,9381,15381,16881,70,-10,10,73.97473,2762.47473,0.462941974,27,648.5,913.97473,15408,0.434503287,0.516384661,0.437937975
sub-08,68,2,60,80,17621,18821,19121,70,-10,10,85.974275,2631.140942,0.398854067,51,505.1666667,925.974275,18770,0.321571469,0.287838012,0.587152719
sub-08,69,2,60,40,22148,22748,23648,66,26,26,97.973848,2479.515515,0.754774034,26,341.5416667,937.973848,22722,0.775133371,0.723107696,0.766081035
sub-08,70,2,12,80,12500,12740,12800,59,-21,21,109.973317,2908.514984,0.690956732,41,758.5416667,949.973317,12781,0.630747199,0.693621397,0.748501599
sub-08,71,2,60,80,9187,10387,10687,59,-21,21,121.972883,3018.556216,0.46238931,75,856.5833333,961.972883,10312,0.355018765,0.479985803,0.552163363
sub-08,72,2,60,80,25895,27095,27395,60,-20,20,133.972615,2334.389282,0.475009968,60,160.4166667,973.972615,27155,0.452340961,0.490531057,0.482157886
sub-08,73,2,300,20,16072,17572,23572,19,-1,1,145.971856,2743.180189,0.445263386,54,557.2083333,985.971856,17518,0.699183166,0.346642971,0.28996402
sub-08,74,2,60,40,13942,14542,15442,61,21,21,157.971273,2881.429606,0.675926189,21,683.4583333,997.971273,14563,0.617607713,0.683953524,0.72621733
sub-08,75,2,12,40,1602,1722,1902,68,28,28,169.971104,3427.596104,0.569713354,38,1217.625,1009.971104,1760,0.398957372,0.813810945,0.496371746
sub-08,76,2,12,20,2486,2546,2786,19,-1,1,181.970524,3405.262191,0.86674879,62,1183.291667,1021.970524,2608,0.802486777,0.984086692,0.8136729
sub-08,77,2,60,40,1414,2014,2914,30,-10,10,193.970241,3439.428574,0.6707172,14,1205.458333,1033.970241,2028,0.880903423,0.538607776,0.5926404
sub-08,78,2,300,20,14351,15851,21851,59,39,39,205.969719,2874.886386,0.711405754,41,628.9166667,1045.969719,15892,0.724799395,0.719285727,0.690132141
sub-08,79,2,12,40,16152,16272,16452,26,-14,14,217.969178,2869.344178,0.584240357,4,611.375,1057.969178,16268,0.528136969,0.565639615,0.658944488
sub-08,80,2,300,40,1960,4960,9460,60,20,20,229.968823,3352.677156,0.503999035,42,1082.708333,1069.968823,4918,0.433283031,0.530604362,0.54810971
sub-08,81,2,60,80,10035,11235,11535,59,-21,21,241.967918,3103.217918,0.52952219,59,821.25,1081.967918,11176,0.404203236,0.707623601,0.476739734
sub-08,82,2,300,20,14066,15566,21566,29,9,9,253.967635,2934.759302,0.560058008,0,640.7916667,1093.967635,15566,0.427026987,0.875541151,0.377605885
sub-08,83,2,12,40,15162,15282,15462,70,30,30,265.967395,2958.592395,0.778266191,9,652.625,1105.967395,15291,0.925493777,0.706873059,0.702431738
sub-08,84,2,60,80,15628,16828,17128,70,-10,10,277.966993,2906.175326,0.489119957,95,588.2083333,1117.966993,16733,0.333360583,0.658514261,0.475485027
sub-08,85,2,12,80,15586,15826,15886,69,-11,11,289.96645,2959.924783,0.912498534,66,629.9583333,1129.96645,15892,0.893184006,0.895874202,0.948437393
sub-08,86,2,60,40,4556,5156,6056,60,20,20,301.966345,3416.508012,0.507196426,8,1074.541667,1141.966345,5148,0.386306763,0.617104769,0.518177748
sub-08,87,2,12,60,21273,21453,21573,19,-41,41,313.965839,2749.465839,0.709812641,5,395.5,1153.965839,21458,0.636497259,0.935319662,0.557621002
sub-08,88,2,60,60,15628,16528,17128,70,10,10,325.965162,2966.673495,0.378013372,10,600.7083333,1165.965162,16538,0.333360583,0.569687963,0.230991572
sub-08,89,2,12,60,17959,18139,18259,72,12,12,337.964667,2911.548,0.479493658,8,533.5833333,1177.964667,18131,0.444595844,0.32675156,0.66713357
sub-08,90,2,60,20,12596,12896,14096,19,-1,1,349.964401,3142.006068,0.754556278,29,752.0416667,1189.964401,12867,0.68969357,0.889180124,0.684795141
sub-08,91,2,12,80,21800,22040,22100,100,20,20,361.964015,2773.005682,0.817930579,40,371.0416667,1201.964015,22000,0.736993313,0.733162522,0.983635902
sub-08,92,2,300,60,14351,18851,21851,61,1,1,373.963612,2917.880279,0.678511739,71,503.9166667,1213.963612,18922,0.724799395,0.67871201,0.632023811
sub-08,93,2,300,60,13557,18057,21057,60,0,0,385.963143,2962.963143,0.403727372,9,537,1225.963143,18066,0.375888646,0.479011238,0.356282234
sub-08,94,2,12,40,29300,29420,29600,60,20,20,397.962513,2501.50418,0.881912669,33,63.54166667,1237.962513,29453,0.835012972,0.842169046,0.968555987
sub-08,95,2,60,60,17621,18521,19121,60,0,0,409.962242,2967.628909,0.464502672,38,517.6666667,1249.962242,18483,0.321571469,0.702765763,0.369170785
sub-08,96,2,12,20,21273,21333,21573,9,-11,11,421.96142,2862.46142,0.75228552,0,400.5,1261.96142,21333,0.636497259,0.971750498,0.648608804
sub-08,97,2,60,60,4556,5456,6056,60,0,0,433.96121,3536.002877,0.530113876,122,1062.041667,1273.96121,5334,0.386306763,0.687324226,0.516710639
sub-08,98,2,60,40,25202,25802,26702,59,19,19,445.977369,2700.269036,0.486041149,23,214.2916667,1285.977369,25779,0.380949736,0.502093911,0.575079799
sub-08,99,2,12,40,14329,14449,14629,67,27,27,457.976716,3185.310049,0.659595033,37,687.3333333,1297.976716,14486,0.840943217,0.633674383,0.504167497
sub-08,100,2,60,20,21153,21453,22653,39,19,19,469.976261,2905.476261,0.449790001,5,395.5,1309.976261,21458,0.367980182,0.50407207,0.47731775
sub-08,101,2,12,20,4600,4660,4900,9,-11,11,481.97607,3617.184403,0.807660639,86,1095.208333,1321.97607,4574,0.777784109,0.890741885,0.754455924
sub-08,102,2,300,40,11085,14085,18585,35,-5,5,493.975939,3236.475939,0.520194809,5,702.5,1333.975939,14090,0.403320372,0.590262294,0.56700176
sub-08,103,2,300,60,13458,17958,20958,58,-2,2,505.975404,3087.100404,0.393604338,3,541.125,1345.975404,17961,0.503550649,0.407887161,0.269375205
sub-08,104,2,300,40,19476,22476,26976,79,39,39,517.97507,2910.85007,0.596290787,49,352.875,1357.97507,22525,0.618891299,0.515366018,0.654615045
sub-08,105,2,60,40,28296,28896,29796,28,-12,12,529.974673,2655.349673,0.448978245,24,85.375,1369.974673,28920,0.386571616,0.636950135,0.323412985
sub-08,106,2,12,80,11565,11805,11865,70,-10,10,541.974018,3379.474018,0.425252527,29,797.5,1381.974018,11776,0.391443521,0.391761363,0.492552698
sub-08,107,2,12,20,14329,14389,14629,60,40,40,553.973633,3283.806966,0.673224032,0,689.8333333,1393.973633,14389,0.840943217,0.659988642,0.518740237
sub-08,108,2,300,80,10273,16273,17773,61,-19,19,565.973153,3217.306486,0.691866497,5,611.3333333,1405.973153,16268,0.664448321,0.815407932,0.595743239
sub-08,109,2,300,40,16327,19327,23827,70,30,30,577.972603,3102.055936,0.608967781,3,484.0833333,1417.972603,19330,0.765540838,0.512890935,0.54847157
sub-08,110,2,60,60,19722,20622,21222,80,20,20,589.972462,3060.097462,0.376208852,11,430.125,1429.972462,20633,0.266462356,0.304706454,0.557457745
sub-08,111,2,300,40,22736,25736,30236,60,20,20,601.971835,2859.013502,0.45551905,43,217.0416667,1441.971835,25779,0.368221045,0.729290605,0.269045502
sub-08,112,2,60,20,13942,14242,15442,37,17,17,613.97142,3349.929753,0.736333648,21,695.9583333,1453.97142,14221,0.617607713,0.858845234,0.732547998
sub-08,113,2,60,80,11369,12569,12869,71,-9,9,625.970624,3431.637291,0.634420226,39,765.6666667,1465.970624,12530,0.533274829,0.499322087,0.870663762
sub-08,114,2,300,40,13557,16557,21057,59,19,19,637.970263,3277.470263,0.421245933,19,599.5,1477.970263,16538,0.375888646,0.617102027,0.270747125
sub-08,115,2,12,20,3739,3799,4039,30,10,10,649.969268,3821.052601,0.601261348,13,1131.083333,1489.969268,3812,0.471912891,0.75404346,0.577827692
sub-08,116,2,300,60,9381,13881,16881,69,9,9,661.969671,3412.969671,0.506161819,46,711,1501.969671,13927,0.434503287,0.60319519,0.480786979
sub-08,117,2,12,80,13450,13690,13750,69,-11,11,673.968688,3432.927021,0.875032147,59,718.9583333,1513.968688,13631,0.881083906,0.851312518,0.892700016
sub-08,118,2,60,40,12596,13196,14096,60,20,20,685.968628,3465.510295,0.687155823,98,739.5416667,1525.968628,13098,0.68969357,0.741181314,0.630592585
sub-08,119,2,12,20,26328,26388,26628,67,47,47,697.968082,2927.843082,0.705589493,20,189.875,1537.968082,26408,0.570940733,0.925866604,0.619961143
sub-08,120,2,60,80,19722,20922,21222,65,-15,15,709.96773,3167.59273,0.439013958,4,417.625,1549.96773,20918,0.266462356,0.252884895,0.797694623
sub-08,121,3,300,40,21224,24224,28724,77,37,37,1.9754496,3162.017116,0.461755127,24,280.0416667,1681.97545,24200,0.495798409,0.400327176,0.489139795
sub-08,122,3,12,60,4600,4780,4900,27,-33,33,13.9754782,3984.183812,0.778728823,138,1090.208333,1693.975478,4918,0.777784109,0.792999804,0.765402555
sub-08,123,3,12,40,21273,21393,21573,4,-36,36,25.9748254,3303.974825,0.748584628,60,398,1705.974825,21333,0.636497259,0.976724505,0.63253212
sub-08,124,3,12,80,25018,25258,25318,80,0,0,37.9745408,3154.932874,0.451532612,24,236.9583333,1717.974541,25234,0.614161015,0.336739153,0.40369767
sub-08,125,3,12,80,23924,24164,24224,60,-20,20,49.9741447,3212.515811,0.549024999,0,282.5416667,1729.974145,24164,0.842187762,0.403494179,0.401393056
sub-08,126,3,60,80,12596,13796,14096,60,-20,20,61.9735242,3656.515191,0.710163554,21,714.5416667,1741.973524,13775,0.68969357,0.766344666,0.674452424
sub-08,127,3,12,20,27281,27341,27581,30,10,10,73.973116,3104.139783,0.526739667,6,150.1666667,1753.973116,27335,0.663646698,0.481651872,0.43492043
sub-08,128,3,300,20,18200,19700,25700,60,40,40,85.9729453,3434.514612,0.59972165,14,468.5416667,1765.972945,19714,0.791362107,0.581895411,0.425907433
sub-08,129,3,60,20,26923,27223,28423,30,10,10,97.9723337,3133.055667,0.611131052,24,155.0833333,1777.972334,27199,0.570710897,0.635133803,0.627548456
sub-08,130,3,300,40,14066,17066,21566,60,20,20,109.971848,3568.263515,0.344607135,77,578.2916667,1789.971848,16989,0.427026987,0.365407616,0.241386801
sub-08,131,3,300,60,16327,20827,23827,69,9,9,121.9714996,3423.554833,0.762053986,91,421.5833333,1801.9715,20918,0.765540838,0.751691878,0.768929243
sub-08,132,3,12,80,15162,15402,15462,70,-10,10,133.9704923,3661.595492,0.809432745,6,647.625,1813.970492,15408,0.925493777,0.761621892,0.741182566
sub-08,133,3,300,40,10273,13273,17773,39,-1,1,145.9707107,3762.304044,0.584628761,175,736.3333333,1825.970711,13098,0.664448321,0.636629224,0.452808738
sub-08,134,3,12,60,29300,29480,29600,80,20,20,157.9701464,3099.011813,0.738899032,27,61.04166667,1837.970146,29453,0.835012972,0.636288166,0.745395958
sub-08,135,3,12,40,15586,15706,15886,60,20,20,169.9695704,3684.927904,0.918003182,140,634.9583333,1849.96957,15566,0.893184006,0.946782351,0.914043188
sub-08,136,3,12,80,16152,16392,16452,100,20,20,181.9691957,3668.344196,0.678572257,23,606.375,1861.969196,16369,0.528136969,0.527052999,0.980526805
sub-08,137,3,300,40,18922,21922,26422,59,19,19,193.9687501,3449.927083,0.563334286,33,375.9583333,1873.96875,21955,0.454499304,0.557501614,0.67800194
sub-08,138,3,60,60,13176,14076,14676,67,7,7,205.9684576,3788.843458,0.560014963,14,702.875,1885.968458,14090,0.457795978,0.721336246,0.500912666
sub-08,139,3,60,80,22148,23348,23648,70,-10,10,217.9680713,3414.509738,0.722102066,34,316.5416667,1897.968071,23314,0.775133371,0.607972264,0.783200562
sub-08,140,3,12,20,11565,11625,11865,60,40,40,229.9676224,3914.967622,0.458951463,17,805,1909.967622,11608,0.391443521,0.614788413,0.370622456
sub-08,141,3,12,80,29300,29540,29600,75,-5,5,241.9671724,3180.508839,0.777512252,43,58.54166667,1921.967172,29583,0.835012972,0.689403892,0.808119893
sub-08,142,3,300,60,10518,15018,18018,43,-17,17,253.9666064,3797.591606,0.538457811,1,663.625,1933.966606,15019,0.480903864,0.668780506,0.465689063
sub-08,143,3,12,60,15162,15342,15462,70,10,10,265.9661173,3796.091117,0.792497814,1,650.125,1945.966117,15341,0.925493777,0.732884884,0.71911478
sub-08,144,3,12,20,23924,23984,24224,70,50,50,277.9654375,3448.007104,0.527502427,1,290.0416667,1957.965438,23983,0.842187762,0.358798593,0.381520927
sub-08,145,3,300,60,19988,24488,27488,70,10,10,289.9649131,3439.00658,0.365601301,14,269.0416667,1969.964913,24474,0.381335378,0.4435606,0.271907926
sub-08,146,3,12,20,16152,16212,16452,19,-1,1,301.9645404,3795.83954,0.670652241,56,613.875,1981.96454,16268,0.528136969,0.987549484,0.496270269
sub-08,147,3,300,80,13557,19557,21057,70,-10,10,313.9645063,3668.464506,0.40807276,5,474.5,1993.964506,19562,0.375888646,0.455977142,0.392352492
sub-08,148,3,60,20,14390,14690,15890,31,11,11,325.9639001,3883.255567,0.652103245,10,677.2916667,2005.9639,14700,0.853619874,0.504358649,0.598331213
sub-08,149,3,60,60,14390,15290,15890,62,2,2,337.9633282,3870.254995,0.646042486,1,652.2916667,2017.963328,15291,0.853619874,0.5200454,0.564462185
sub-08,150,3,300,20,10273,11773,17773,30,10,10,349.9631951,4028.796528,0.671569288,3,798.8333333,2029.963195,11776,0.664448321,0.659815192,0.69044435
sub-08,151,3,300,40,19988,22988,27488,68,28,28,361.9622052,3573.503872,0.398772667,3,331.5416667,2041.962205,22991,0.381335378,0.467199355,0.347783267
sub-08,152,3,300,60,21224,25724,28724,68,8,8,373.9616005,3471.503267,0.48686858,55,217.5416667,2053.961601,25779,0.495798409,0.43142432,0.533383012
sub-08,153,3,12,60,13450,13630,13750,38,-22,22,385.9618756,3987.420209,0.860371133,1,721.4583333,2065.961876,13631,0.881083906,0.862820923,0.837208569
sub-08,154,3,60,60,25895,26795,27395,65,5,5,397.9614588,3450.878125,0.424598813,2,172.9166667,2077.961459,26797,0.452340961,0.406857729,0.41459775
sub-08,155,3,60,40,13176,13776,14676,52,12,12,409.9607532,4005.335753,0.604968309,1,715.375,2089.960753,13775,0.457795978,0.853265524,0.503843427
sub-08,156,3,60,40,26923,27523,28423,60,20,20,421.9604991,3444.543832,0.596408854,1,142.5833333,2101.960499,27524,0.570710897,0.456747562,0.761768103
sub-08,157,3,12,80,2486,2726,2786,69,-11,11,433.976297,4489.767964,0.773491303,41,1175.791667,2113.976297,2767,0.802486777,0.691649318,0.826337814
sub-08,158,3,300,60,19476,23976,26976,68,8,8,445.9761061,3616.351106,0.474200209,7,290.375,2125.976106,23983,0.618891299,0.414272666,0.389436662
sub-08,159,3,60,80,26923,28123,28423,64,-16,16,457.9599174,3455.543251,0.54487892,43,117.5833333,2137.959917,28166,0.570710897,0.571867824,0.492058039
sub-08,160,3,12,40,26328,26448,26628,70,30,30,469.9754754,3537.350475,0.659053485,13,187.375,2149.975475,26461,0.570940733,0.511222482,0.894997239
sub-08,161,3,12,40,2486,2606,2786,48,8,8,481.9747656,4542.766432,0.8548099,2,1180.791667,2161.974766,2608,0.802486777,0.953855455,0.808087468
sub-08,162,3,12,40,12500,12620,12800,56,16,16,493.9744808,4137.516147,0.699443301,90,763.5416667,2173.974481,12530,0.630747199,0.705582559,0.762000144
sub-08,163,3,60,20,4556,4856,6056,32,12,12,505.9738824,4473.015549,0.5157758,62,1087.041667,2185.973882,4918,0.386306763,0.83152318,0.329497457
sub-08,164,3,300,80,19476,25476,26976,60,-20,20,517.9733654,3625.848365,0.696930011,73,227.875,2197.973365,25549,0.618891299,0.667782605,0.80411613
sub-08,165,3,60,80,1414,2614,2914,70,-10,10,529.9727797,4590.431113,0.893087606,6,1180.458333,2209.97278,2608,0.880903423,0.898732543,0.899626851
sub-08,166,3,300,60,18922,23422,26422,60,0,0,541.9726631,3735.430996,0.562183181,108,313.4583333,2221.972663,23314,0.454499304,0.605599403,0.626450837
sub-08,167,3,300,80,18200,24200,25700,70,-10,10,553.9719092,3715.013576,0.666384419,0,281.0416667,2233.971909,24200,0.791362107,0.576158345,0.631632805
sub-08,168,3,12,60,15586,15766,15886,68,8,8,565.9715565,4078.42989,0.91404591,126,632.4583333,2245.971557,15892,0.893184006,0.910675526,0.938278198
sub-08,169,3,300,80,21224,27224,28724,70,-10,10,577.9714101,3613.013077,0.448277911,25,155.0416667,2257.97141,27199,0.495798409,0.28581816,0.563217163
sub-08,170,3,60,20,19722,20022,21222,0,-20,20,589.9710852,3925.096085,0.411991974,33,455.125,2269.971085,19989,0.266462356,0.699494839,0.270018727
sub-08,171,3,60,60,1414,2314,2914,20,-40,40,601.9704256,4674.928759,0.553229103,101,1192.958333,2281.970426,2213,0.880903423,0.367280275,0.411503613
sub-08,172,3,12,20,15586,15646,15886,19,-1,1,613.9696958,4131.428029,0.922746738,80,637.4583333,2293.969696,15566,0.893184006,0.971495926,0.903560281
sub-08,173,3,60,80,3650,4850,5150,80,0,0,625.9694347,4593.261101,0.569860439,68,1087.291667,2305.969435,4918,0.586262465,0.485696733,0.637622118
sub-08,174,3,12,80,1602,1842,1902,70,-10,10,637.9693305,4730.594331,0.494504452,17,1212.625,2317.969331,1859,0.398957372,0.416479409,0.668076575
sub-08,175,3,12,60,26328,26508,26628,70,10,10,649.9687296,3714.84373,0.668048143,8,184.875,2329.96873,26500,0.570940733,0.527293324,0.905910373
sub-08,176,3,300,40,12645,15645,20145,78,38,38,661.9684335,4179.468434,0.483331859,79,637.5,2341.968434,15566,0.332550645,0.809746027,0.307698905
sub-08,177,3,60,60,25202,26102,26702,69,9,9,673.9679926,3755.759659,0.469284336,2,201.7916667,2353.967993,26100,0.380949736,0.489343941,0.53755933
sub-08,178,3,60,60,21153,22053,22653,28,-32,32,685.9675643,3936.467564,0.501651009,49,370.5,2365.967564,22102,0.367980182,0.683279634,0.453693211
sub-08,179,3,300,80,20069,26069,27569,60,-20,20,697.9671421,3781.133809,0.472688923,24,203.1666667,2377.967142,26045,0.377250761,0.476390898,0.564425111
sub-08,180,3,12,40,25820,25940,26120,19,-21,21,709.9665558,3798.508222,0.538838178,4,208.5416667,2389.966556,25944,0.514377058,0.630758941,0.471378535
sub-08,181,4,12,80,4600,4840,4900,70,-10,10,1.9729965,4809.68133,0.840341111,78,1087.708333,2521.972997,4918,0.777784109,0.808963835,0.934275389
sub-08,182,4,60,80,16451,17651,17951,70,-10,10,13.9725784,4287.889245,0.503571322,10,553.9166667,2533.972578,17641,0.407732636,0.547998905,0.554982424
sub-08,183,4,300,20,19988,21488,27488,60,40,40,25.9720375,4140.013704,0.378337264,30,394.0416667,2545.972038,21458,0.381335378,0.459869921,0.293806493
sub-08,184,4,60,60,3650,4550,5150,80,20,20,37.971115,4857.762782,0.541496128,24,1099.791667,2557.971115,4574,0.586262465,0.423998445,0.614227474
sub-08,185,4,12,60,12500,12680,12800,70,10,10,49.9710434,4531.01271,0.69880573,101,761.0416667,2569.971043,12781,0.630747199,0.732289791,0.733380198
sub-08,186,4,12,60,25820,26000,26120,35,-25,25,61.970845,3988.012512,0.513285508,13,206.0416667,2581.970845,25987,0.514377058,0.487244695,0.53823477
sub-08,187,4,12,80,25820,26060,26120,59,-21,21,73.969661,3997.511328,0.612323423,15,203.5416667,2593.969661,26045,0.514377058,0.79671216,0.525881052
sub-08,188,4,60,80,21153,22353,22653,78,-2,2,85.969318,4163.969318,0.478971044,152,358,2605.969318,22201,0.367980182,0.52699703,0.541935921
sub-08,189,4,60,60,11369,12269,12869,44,-16,16,97.968821,4596.135488,0.516770363,103,778.1666667,2617.968821,12372,0.533274829,0.423333883,0.593702376
sub-08,190,4,12,60,1602,1782,1902,73,13,13,109.968796,5045.093796,0.502100398,6,1215.125,2629.968796,1788,0.398957372,0.396219879,0.711123943
sub-08,191,4,300,60,22736,27236,30236,69,9,9,121.968499,3996.510166,0.371524195,35,154.5416667,2641.968499,27271,0.368221045,0.459550083,0.286801457
sub-08,192,4,300,80,2522,8522,10022,60,-20,20,133.96788,4788.259547,0.572465211,1,934.2916667,2653.96788,8523,0.40284428,0.546290815,0.768260539
sub-08,193,4,300,40,18200,21200,25700,70,30,30,145.967315,4272.008982,0.613909702,5,406.0416667,2665.967315,21195,0.791362107,0.579749107,0.47061789
sub-08,194,4,300,40,14351,17351,21851,47,7,7,157.967085,4444.383752,0.538737476,45,566.4166667,2677.967085,17396,0.724799395,0.48977527,0.401637763
sub-08,195,4,12,20,17959,18019,18259,20,0,0,169.96674,4428.550073,0.51661695,47,538.5833333,2689.96674,18066,0.444595844,0.554531097,0.55072391
sub-08,196,4,12,80,26328,26568,26628,80,0,0,181.9663,4084.3413,0.682078063,68,182.375,2701.9663,26500,0.570940733,0.554679751,0.920613706
sub-08,197,4,12,60,27281,27461,27581,78,18,18,193.965846,4059.132513,0.479619553,25,145.1666667,2713.965846,27436,0.663646698,0.34283331,0.43237865
sub-08,198,4,60,20,11369,11669,12869,24,4,4,205.965443,4729.13211,0.59856234,26,803.1666667,2725.965443,11643,0.533274829,0.825657547,0.436754644
sub-08,199,4,60,40,9187,9787,10687,21,-19,19,217.965008,4819.548341,0.426671376,92,881.5833333,2737.965008,9879,0.355018765,0.344421983,0.58057338
sub-08,200,4,300,20,1960,3460,9460,20,0,0,229.964703,5095.173036,0.416565597,5,1145.208333,2749.964703,3465,0.433283031,0.312170625,0.504243135
sub-08,201,4,300,20,16327,17827,23827,20,0,0,241.964265,4508.547598,0.514019489,21,546.5833333,2761.964265,17806,0.765540838,0.39063096,0.385886669
sub-08,202,4,60,40,17621,18221,19121,60,20,20,253.963827,4504.130494,0.401363482,9,530.1666667,2773.963827,18212,0.321571469,0.32369706,0.558821917
sub-08,203,4,12,40,21800,21920,22100,70,30,30,265.962561,4362.004228,0.786751767,35,376.0416667,2785.962561,21955,0.736993313,0.82633388,0.796928108
sub-08,204,4,300,60,14066,18566,21566,69,9,9,277.962034,4513.753701,0.421460688,20,515.7916667,2797.962034,18586,0.427026987,0.550489068,0.286866009
sub-08,205,4,300,40,2522,5522,10022,60,20,20,289.9622,5069.253867,0.524214218,111,1059.291667,2809.9622,5633,0.40284428,0.631453753,0.538344622
sub-08,206,4,12,40,23924,24044,24224,21,-19,19,301.96187,4309.503537,0.791443547,2,287.5416667,2821.96187,24046,0.842187762,0.738648653,0.793494225
sub-08,207,4,300,60,12645,17145,20145,29,-31,31,313.961574,4608.961574,0.306706463,112,575,2833.961574,17257,0.332550645,0.347516209,0.240052536
sub-08,208,4,60,20,17621,17921,19121,60,40,40,325.960634,4588.627301,0.504270792,40,542.6666667,2845.960634,17961,0.321571469,0.687747836,0.503493071
sub-08,209,4,300,80,12645,18645,20145,68,-12,12,337.960608,4570.460608,0.354656776,1,512.5,2857.960608,18644,0.332550645,0.508051455,0.223368227
sub-08,210,4,300,40,10518,13518,18018,30,-10,10,349.959936,4796.084936,0.473818123,113,726.125,2869.959936,13631,0.480903864,0.551914155,0.388636351
sub-08,211,4,60,20,25895,26195,27395,41,21,21,361.959703,4279.87637,0.423054596,9,197.9166667,2881.959703,26204,0.452340961,0.406089157,0.41073367
sub-08,212,4,300,60,2522,7022,10022,68,8,8,373.958898,5090.750565,0.520361811,4,996.7916667,2893.958898,7018,0.40284428,0.508628964,0.649612188
sub-08,213,4,12,60,14329,14509,14629,60,0,0,385.975313,4790.808646,0.697990954,5,684.8333333,2905.975313,14514,0.840943217,0.674068928,0.578960717
sub-08,214,4,60,60,26923,27823,28423,68,8,8,397.975089,4248.058422,0.533475856,67,130.0833333,2917.975089,27756,0.570710897,0.54025805,0.489458621
sub-08,215,4,300,20,19476,20976,26976,66,46,46,409.974613,4545.349613,0.513232261,58,415.375,2929.974613,20918,0.618891299,0.418279558,0.502525926
sub-08,216,4,60,60,22148,23048,23648,38,-22,22,421.974161,4471.015828,0.64348652,2,329.0416667,2941.974161,23050,0.775133371,0.57852304,0.576803148
sub-08,217,4,12,60,16152,16332,16452,69,9,9,433.973861,4762.848861,0.614817361,6,608.875,2953.973861,16338,0.528136969,0.636289001,0.680026114
sub-08,218,4,300,20,12645,14145,20145,66,46,46,445.973312,4865.973312,0.466534972,22,700,2965.973312,14167,0.332550645,0.680825114,0.386229157
sub-08,219,4,60,80,25202,26402,26702,69,-11,11,457.973047,4367.264714,0.514002681,6,189.2916667,2977.973047,26408,0.380949736,0.542046428,0.619011879
sub-08,220,4,300,20,13557,15057,21057,61,41,41,469.972436,4851.972436,0.468338192,20,662,2989.972436,15077,0.375888646,0.523104906,0.506021023
sub-08,221,4,300,60,10273,14773,17773,47,-13,13,481.971964,4875.805297,0.538562953,6,673.8333333,3001.971964,14779,0.664448321,0.543266654,0.407973886
sub-08,222,4,300,20,18922,20422,26422,58,38,38,493.971355,4652.429688,0.554572781,10,438.4583333,3013.971355,20412,0.454499304,0.502740145,0.706478894
sub-08,223,4,60,60,10035,10935,11535,60,0,0,505.971085,5059.721085,0.556123992,10,833.75,3025.971085,10925,0.404203236,0.668247223,0.595921516
sub-08,224,4,12,20,12500,12560,12800,18,-2,2,517.970783,5004.01245,0.644854168,30,766.0416667,3037.970783,12530,0.630747199,0.695603549,0.608211756
sub-08,225,4,12,40,13450,13570,13750,69,29,29,529.970099,4973.928432,0.849632084,61,723.9583333,3049.970099,13631,0.881083906,0.8463763,0.821436048
sub-08,226,4,60,40,19722,20322,21222,70,30,30,541.969568,4704.594568,0.371791154,90,442.625,3061.969568,20412,0.266462356,0.429634243,0.419276863
sub-08,227,4,60,60,12596,13496,14096,59,-1,1,553.969476,5001.011143,0.679986358,135,727.0416667,3073.969476,13631,0.68969357,0.66709578,0.683169723
sub-08,228,4,60,80,13942,15142,15442,80,0,0,565.968935,4944.427268,0.745977561,65,658.4583333,3085.968935,15077,0.617607713,0.667556286,0.952768683
sub-08,229,4,300,80,13458,19458,20958,80,0,0,577.968502,4776.593502,0.484519442,23,478.625,3097.968502,19435,0.503550649,0.523809075,0.426198602
sub-08,230,4,60,20,3650,3950,5150,20,0,0,589.96804,5434.759707,0.612051845,31,1124.791667,3109.96804,3919,0.586262465,0.7236588,0.526234269
sub-08,231,4,300,40,16072,19072,23572,58,18,18,601.967564,4816.675897,0.601840854,51,494.7083333,3121.967564,19021,0.699183166,0.517898381,0.588441014
sub-08,232,4,12,80,17959,18199,18259,90,10,10,613.966945,4865.050278,0.52568237,13,531.0833333,3133.966945,18212,0.444595844,0.397394627,0.735056639
sub-08,233,4,300,20,22736,24236,30236,70,50,50,625.966863,4625.50853,0.460771928,36,279.5416667,3145.966863,24200,0.368221045,0.748072684,0.266022056
sub-08,234,4,300,80,18922,24922,26422,70,-10,10,637.965886,4608.924219,0.55417345,88,250.9583333,3157.965886,24834,0.454499304,0.483178377,0.724842668
sub-08,235,4,60,60,16451,17351,17951,70,10,10,649.96564,4936.382307,0.515537073,45,566.4166667,3169.96564,17396,0.407732636,0.52406621,0.614812374
sub-08,236,4,300,20,21224,22724,28724,60,40,40,661.96524,4724.506907,0.506919742,2,342.5416667,3181.96524,22722,0.495798409,0.480357289,0.544603527
sub-08,237,4,60,60,13942,14842,15442,59,-1,1,673.965062,5064.923395,0.68069917,1,670.9583333,3193.965062,14843,0.617607713,0.727707624,0.696782172
sub-08,238,4,60,40,10035,10635,11535,26,-14,14,685.964503,5252.214503,0.48510023,41,846.25,3205.964503,10676,0.404203236,0.632850528,0.418246925
sub-08,239,4,300,80,14066,20066,21566,79,-1,1,697.96395,4871.255617,0.372727503,9,453.2916667,3217.96395,20075,0.427026987,0.356378973,0.334776551
sub-08,240,4,60,60,28296,29196,29796,58,-2,2,709.963684,4502.838684,0.40910688,46,72.875,3229.963684,29242,0.386571616,0.449854881,0.390894145
sub-09,1,1,60,60,9187,10087,10687,21,-39,39,1.9749686,2071.058302,0.391915798,3,869.0833333,1.9749686,10084,0.355018765,0.264911145,0.555817485
sub-09,2,1,300,60,16327,20827,23827,33,-27,27,13.9739163,1635.55725,0.762053986,91,421.5833333,13.9739163,20918,0.765540838,0.751691878,0.768929243
sub-09,3,1,60,80,15628,16828,17128,67,-13,13,25.9739621,1814.182295,0.489119957,95,588.2083333,25.9739621,16733,0.333360583,0.658514261,0.475485027
sub-09,4,1,60,20,9187,9487,10687,66,46,46,37.973706,2132.057039,0.434174627,137,894.0833333,37.973706,9350,0.355018765,0.394263268,0.553241849
sub-09,5,1,300,60,14066,18566,21566,18,-42,42,49.9731705,1765.764837,0.421460688,20,515.7916667,49.9731705,18586,0.427026987,0.550489068,0.286866009
sub-09,6,1,12,20,15162,15222,15462,62,42,42,61.9728064,1917.097806,0.781456709,12,655.125,61.9728064,15210,0.925493777,0.715577185,0.703299165
sub-09,7,1,60,80,28296,29496,29796,77,-3,3,73.9719563,1334.346956,0.378579348,43,60.375,73.9719563,29453,0.386571616,0.422424734,0.326741695
sub-09,8,1,300,40,18200,21200,25700,78,38,38,85.9716254,1692.013292,0.613909702,5,406.0416667,85.9716254,21195,0.791362107,0.579749107,0.47061789
sub-09,9,1,12,80,21800,22040,22100,98,18,18,97.9713859,1669.013053,0.817930579,40,371.0416667,97.9713859,22000,0.736993313,0.733162522,0.983635902
sub-09,10,1,300,40,13557,16557,21057,30,-10,10,109.9708247,1909.470825,0.421245933,19,599.5,109.9708247,16538,0.375888646,0.617102027,0.270747125
sub-09,11,1,300,80,13557,19557,21057,5,-75,75,121.9706013,1796.470601,0.40807276,5,474.5,121.9706013,19562,0.375888646,0.455977142,0.392352492
sub-09,12,1,60,80,11369,12569,12869,12,-68,68,133.9701782,2099.636845,0.634420226,39,765.6666667,133.9701782,12530,0.533274829,0.499322087,0.870663762
sub-09,13,1,300,80,21224,27224,28724,91,11,11,145.9695554,1501.011222,0.448277911,25,155.0416667,145.9695554,27199,0.495798409,0.28581816,0.563217163
sub-09,14,1,300,20,18922,20422,26422,86,66,66,157.9691357,1796.427469,0.554572781,10,438.4583333,157.9691357,20412,0.454499304,0.502740145,0.706478894
sub-09,15,1,12,20,25820,25880,26120,10,-10,10,169.9686702,1581.010337,0.628588279,11,211.0416667,169.9686702,25891,0.514377058,0.79674089,0.57464689
sub-09,16,1,12,40,11565,11685,11865,19,-21,21,181.9682228,2184.468223,0.530226717,12,802.5,181.9682228,11697,0.391443521,0.415040255,0.784196377
sub-09,17,1,12,20,16152,16212,16452,8,-12,12,193.9673984,2007.842398,0.670652241,56,613.875,193.9673984,16268,0.528136969,0.987549484,0.496270269
sub-09,18,1,300,20,10273,11773,17773,89,69,69,205.9669918,2204.800325,0.671569288,3,798.8333333,205.9669918,11776,0.664448321,0.659815192,0.69044435
sub-09,19,1,12,20,4600,4660,4900,17,-3,3,217.9664682,2513.174802,0.807660639,86,1095.208333,217.9664682,4574,0.777784109,0.890741885,0.754455924
sub-09,20,1,12,80,16152,16392,16452,94,14,14,229.9659472,2036.340947,0.678572257,23,606.375,229.9659472,16369,0.528136969,0.527052999,0.980526805
sub-09,21,1,300,40,16327,19327,23827,14,-26,26,241.9655478,1926.048881,0.608967781,3,484.0833333,241.9655478,19330,0.765540838,0.512890935,0.54847157
sub-09,22,1,60,20,25202,25502,26702,87,67,67,253.9653441,1680.757011,0.481679867,47,226.7916667,253.9653441,25549,0.380949736,0.394988745,0.669101119
sub-09,23,1,12,40,15162,15282,15462,49,9,9,265.9648072,2118.589807,0.778266191,9,652.625,265.9648072,15291,0.925493777,0.706873059,0.702431738
sub-09,24,1,60,80,4556,5756,6056,82,2,2,277.9643082,2527.505975,0.54880482,27,1049.541667,277.9643082,5729,0.386306763,0.481833637,0.778274059
sub-09,25,1,12,80,14329,14569,14629,25,-55,55,289.9638443,2172.297178,0.670945783,6,682.3333333,289.9638443,14563,0.840943217,0.651862442,0.520031691
sub-09,26,1,300,40,20069,23069,27569,76,36,36,301.9639334,1830.1306,0.468692313,19,328.1666667,301.9639334,23050,0.377250761,0.444087029,0.584739149
sub-09,27,1,60,20,21153,21453,22653,8,-12,12,313.9633624,1909.463362,0.449790001,5,395.5,313.9633624,21458,0.367980182,0.50407207,0.47731775
sub-09,28,1,60,60,17621,18521,19121,16,-44,44,325.9629472,2043.629614,0.464502672,38,517.6666667,325.9629472,18483,0.321571469,0.702765763,0.369170785
sub-09,29,1,60,80,16451,17651,17951,73,-7,7,337.9624802,2091.879147,0.503571322,10,553.9166667,337.9624802,17641,0.407732636,0.547998905,0.554982424
sub-09,30,1,60,40,21153,21753,22653,86,46,46,349.9621814,1932.962181,0.483911614,103,383,349.9621814,21856,0.367980182,0.516567588,0.567187071
sub-09,31,1,60,40,28296,28896,29796,84,44,44,361.9614413,1647.336441,0.448978245,24,85.375,361.9614413,28920,0.386571616,0.636950135,0.323412985
sub-09,32,1,12,20,15586,15646,15886,11,-9,9,373.9612718,2211.419605,0.922746738,80,637.4583333,373.9612718,15566,0.893184006,0.971495926,0.903560281
sub-09,33,1,60,60,10035,10935,11535,86,26,26,385.9605516,2419.710552,0.556123992,10,833.75,385.9605516,10925,0.404203236,0.668247223,0.595921516
sub-09,34,1,300,40,10273,13273,17773,15,-25,25,397.9603801,2334.293713,0.584628761,175,736.3333333,397.9603801,13098,0.664448321,0.636629224,0.452808738
sub-09,35,1,300,20,14351,15851,21851,85,65,65,409.959667,2238.876334,0.711405754,41,628.9166667,409.959667,15892,0.724799395,0.719285727,0.690132141
sub-09,36,1,60,60,21153,22053,22653,17,-43,43,421.9593865,1992.459387,0.501651009,49,370.5,421.9593865,22102,0.367980182,0.683279634,0.453693211
sub-09,37,1,60,40,15628,16228,17128,14,-26,26,433.9746217,2247.182955,0.469133109,40,613.2083333,433.9746217,16268,0.333360583,0.796540856,0.277497888
sub-09,38,1,60,40,9187,9787,10687,33,-7,7,445.97465,2527.557983,0.426671376,92,881.5833333,445.97465,9879,0.355018765,0.344421983,0.58057338
sub-09,39,1,12,20,12500,12560,12800,75,55,55,457.9740671,2424.015734,0.644854168,30,766.0416667,457.9740671,12530,0.630747199,0.695603549,0.608211756
sub-09,40,1,300,20,10518,12018,18018,76,56,56,469.9737988,2458.598799,0.523449163,66,788.625,469.9737988,11952,0.480903864,0.692685187,0.396758437
sub-09,41,1,12,60,4600,4780,4900,23,-37,37,481.9731327,2772.181466,0.778728823,138,1090.208333,481.9731327,4918,0.777784109,0.792999804,0.765402555
sub-09,42,1,12,20,13450,13510,13750,81,61,61,493.9725912,2420.430925,0.75796785,121,726.4583333,493.9725912,13631,0.881083906,0.69478333,0.698036313
sub-09,43,1,12,80,25820,26060,26120,74,-6,6,505.9730295,1909.514696,0.612323423,15,203.5416667,505.9730295,26045,0.514377058,0.79671216,0.525881052
sub-09,44,1,60,20,28296,28596,29796,17,-3,3,517.9725983,1815.847598,0.49337545,50,97.875,517.9725983,28646,0.386571616,0.598008156,0.495546579
sub-09,45,1,12,60,2486,2666,2786,72,12,12,529.9721542,2908.263821,0.783421795,58,1178.291667,529.9721542,2608,0.802486777,0.707484126,0.84029448
sub-09,46,1,60,80,13176,14376,14676,71,-9,9,541.9713269,2432.346327,0.621318579,13,690.375,541.9713269,14389,0.457795978,0.679272175,0.726887584
sub-09,47,1,12,60,21800,21980,22100,9,-51,51,553.970831,2127.512498,0.723965764,2,373.5416667,553.970831,21978,0.736993313,0.71063894,0.724265039
sub-09,48,1,300,60,9381,13881,16881,81,21,21,565.9707024,2476.970702,0.506161819,46,711,565.9707024,13927,0.434503287,0.60319519,0.480786979
sub-09,49,1,300,80,10273,16273,17773,74,-6,6,577.9704168,2389.30375,0.691866497,5,611.3333333,577.9704168,16268,0.664448321,0.815407932,0.595743239
sub-09,50,1,300,20,13557,15057,21057,9,-11,11,589.9699493,2451.969949,0.468338192,20,662,589.9699493,15077,0.375888646,0.523104906,0.506021023
sub-09,51,1,12,60,13450,13630,13750,77,17,17,601.9694901,2523.427823,0.860371133,1,721.4583333,601.9694901,13631,0.881083906,0.862820923,0.837208569
sub-09,52,1,12,20,27281,27341,27581,81,61,61,613.9688773,1964.135544,0.526739667,6,150.1666667,613.9688773,27335,0.663646698,0.481651872,0.43492043
sub-09,53,1,300,20,1960,3460,9460,16,-4,4,625.9685264,2971.17686,0.416565597,5,1145.208333,625.9685264,3465,0.433283031,0.312170625,0.504243135
sub-09,54,1,300,80,18200,24200,25700,75,-5,5,637.9679758,2119.009642,0.666384419,0,281.0416667,637.9679758,24200,0.791362107,0.576158345,0.631632805
sub-09,55,1,60,80,9187,10387,10687,71,-9,9,649.9676754,2706.551009,0.46238931,75,856.5833333,649.9676754,10312,0.355018765,0.479985803,0.552163363
sub-09,56,1,300,80,1960,7960,9460,27,-53,53,661.9672749,2819.675608,0.374507785,21,957.7083333,661.9672749,7981,0.433283031,0.393522233,0.296718091
sub-09,57,1,300,80,10518,16518,18018,75,-5,5,673.9662153,2475.091215,0.583597581,20,601.125,673.9662153,16538,0.480903864,0.651504278,0.6183846
sub-09,58,1,60,20,1414,1714,2914,95,75,75,685.9661255,3103.924459,0.828979512,45,1217.958333,685.9661255,1669,0.880903423,0.819167018,0.786868095
sub-09,59,1,300,60,12645,17145,20145,26,-34,34,697.9657083,2472.965708,0.306706463,112,575,697.9657083,17257,0.332550645,0.347516209,0.240052536
sub-09,60,1,300,20,21224,22724,28724,73,53,53,709.9652806,2252.506947,0.506919742,2,342.5416667,709.9652806,22722,0.495798409,0.480357289,0.544603527
sub-09,61,2,300,20,11085,12585,18585,58,38,38,1.9714688,2806.971469,0.483780523,55,765,841.9714688,12530,0.403320372,0.589437604,0.458583593
sub-09,62,2,60,80,25895,27095,27395,26,-54,54,13.9709162,2214.387583,0.475009968,60,160.4166667,853.9709162,27155,0.452340961,0.490531057,0.482157886
sub-09,63,2,12,60,25820,26000,26120,73,13,13,25.9702927,2272.011959,0.513285508,13,206.0416667,865.9702927,25987,0.514377058,0.487244695,0.53823477
sub-09,64,2,12,60,1602,1782,1902,17,-43,43,37.9697144,3293.094714,0.502100398,6,1215.125,877.9697144,1788,0.398957372,0.396219879,0.711123943
sub-09,65,2,300,40,10518,13518,18018,77,37,37,49.9696805,2816.094681,0.473818123,113,726.125,889.9696805,13631,0.480903864,0.551914155,0.388636351
sub-09,66,2,300,60,18922,23422,26422,73,13,13,61.9691284,2415.427462,0.562183181,108,313.4583333,901.9691284,23314,0.454499304,0.605599403,0.626450837
sub-09,67,2,300,60,19988,24488,27488,45,-15,15,73.9688385,2383.010505,0.365601301,14,269.0416667,913.9688385,24474,0.381335378,0.4435606,0.271907926
sub-09,68,2,12,20,1602,1662,1902,8,-12,12,85.9681881,3346.093188,0.562841068,7,1220.125,925.9681881,1669,0.398957372,0.83936286,0.450202972
sub-09,69,2,300,60,1960,6460,9460,84,24,24,97.9678712,3158.176205,0.451823841,48,1020.208333,937.9678712,6412,0.433283031,0.458800852,0.463387638
sub-09,70,2,300,60,13458,17958,20958,36,-24,24,109.9672357,2691.092236,0.393604338,3,541.125,949.9672357,17961,0.503550649,0.407887161,0.269375205
sub-09,71,2,300,40,19476,22476,26976,82,42,42,121.9667988,2514.841799,0.596290787,49,352.875,961.9667988,22525,0.618891299,0.515366018,0.654615045
sub-09,72,2,60,20,15628,15928,17128,33,13,13,133.9663371,2799.67467,0.468310128,36,625.7083333,973.9663371,15892,0.333360583,0.670246482,0.401323318
sub-09,73,2,60,60,26923,27823,28423,69,9,9,145.9661492,2316.049483,0.533475856,67,130.0833333,985.9661492,27756,0.570710897,0.54025805,0.489458621
sub-09,74,2,300,80,18922,24922,26422,85,5,5,157.9647642,2448.923098,0.55417345,88,250.9583333,997.9647642,24834,0.454499304,0.483178377,0.724842668
sub-09,75,2,60,60,3650,4550,5150,19,-41,41,169.9652273,3309.756894,0.541496128,24,1099.791667,1009.965227,4574,0.586262465,0.423998445,0.614227474
sub-09,76,2,12,20,3739,3799,4039,84,64,64,181.9648019,3353.048135,0.601261348,13,1131.083333,1021.964802,3812,0.471912891,0.75404346,0.577827692
sub-09,77,2,300,40,22736,25736,30236,73,33,33,193.9488596,2450.990526,0.45551905,43,217.0416667,1033.94886,25779,0.368221045,0.729290605,0.269045502
sub-09,78,2,60,80,26923,28123,28423,57,-23,23,205.9638161,2363.547149,0.54487892,43,117.5833333,1045.963816,28166,0.570710897,0.571867824,0.492058039
sub-09,79,2,12,80,12500,12740,12800,7,-73,73,217.9633257,3016.504992,0.690956732,41,758.5416667,1057.963326,12781,0.630747199,0.693621397,0.748501599
sub-09,80,2,300,60,10273,14773,17773,82,22,22,229.9626761,2943.796009,0.538562953,6,673.8333333,1069.962676,14779,0.664448321,0.543266654,0.407973886
sub-09,81,2,12,40,29300,29420,29600,74,34,34,241.9622378,2345.503904,0.881912669,33,63.54166667,1081.962238,29453,0.835012972,0.842169046,0.968555987
sub-09,82,2,12,40,14329,14449,14629,11,-29,29,253.9621529,2981.295486,0.659595033,37,687.3333333,1093.962153,14486,0.840943217,0.633674383,0.504167497
sub-09,83,2,12,40,21800,21920,22100,66,26,26,265.9613239,2682.002991,0.786751767,35,376.0416667,1105.961324,21955,0.736993313,0.82633388,0.796928108
sub-09,84,2,60,60,1414,2314,2914,17,-43,43,277.961009,3510.919342,0.553229103,101,1192.958333,1117.961009,2213,0.880903423,0.367280275,0.411503613
sub-09,85,2,12,20,26328,26388,26628,83,63,63,289.9606792,2519.835679,0.705589493,20,189.875,1129.960679,26408,0.570940733,0.925866604,0.619961143
sub-09,86,2,60,80,10035,11235,11535,81,1,1,301.959572,3163.209572,0.52952219,59,821.25,1141.959572,11176,0.404203236,0.707623601,0.476739734
sub-09,87,2,300,80,22736,28736,30236,84,4,4,313.9596224,2446.001289,0.429048399,12,92.04166667,1153.959622,28748,0.368221045,0.566889405,0.352034748
sub-09,88,2,300,60,10518,15018,18018,55,-5,5,325.9592502,3029.58425,0.538457811,1,663.625,1165.95925,15019,0.480903864,0.668780506,0.465689063
sub-09,89,2,12,80,3739,3979,4039,32,-48,48,337.9589048,3501.542238,0.605181605,60,1123.583333,1177.958905,3919,0.471912891,0.445872188,0.897759736
sub-09,90,2,60,40,4556,5156,6056,80,40,40,349.9584313,3464.500098,0.507196426,8,1074.541667,1189.958431,5148,0.386306763,0.617104769,0.518177748
sub-09,91,2,60,60,13942,14842,15442,82,22,22,361.9575668,3072.9159,0.68069917,1,670.9583333,1201.957567,14843,0.617607713,0.727707624,0.696782172
sub-09,92,2,300,20,22736,24236,30236,42,22,22,373.9577029,2693.49937,0.460771928,36,279.5416667,1213.957703,24200,0.368221045,0.748072684,0.266022056
sub-09,93,2,12,60,3739,3919,4039,83,23,23,385.9737747,3552.057108,0.611491134,0,1126.083333,1225.973775,3919,0.471912891,0.509016752,0.853543758
sub-09,94,2,300,80,14351,20351,21851,40,-40,40,397.973097,2879.389764,0.707600872,61,441.4166667,1237.973097,20412,0.724799395,0.658842862,0.739160359
sub-09,95,2,12,20,25018,25078,25318,5,-15,15,409.9727201,2694.431053,0.694239994,8,244.4583333,1249.97272,25086,0.614161015,0.903934419,0.564624548
sub-09,96,2,60,80,19722,20922,21222,81,1,1,421.9723072,2879.597307,0.439013958,4,417.625,1261.972307,20918,0.266462356,0.252884895,0.797694623
sub-09,97,2,12,80,25018,25258,25318,39,-41,41,433.9720566,2710.93039,0.451532612,24,236.9583333,1273.972057,25234,0.614161015,0.336739153,0.40369767
sub-09,98,2,12,40,4600,4720,4900,70,30,30,445.9717211,3578.680054,0.743728856,146,1092.708333,1285.971721,4574,0.777784109,0.756530881,0.696871579
sub-09,99,2,60,40,12596,13196,14096,41,1,1,457.9711646,3237.512831,0.687155823,98,739.5416667,1297.971165,13098,0.68969357,0.741181314,0.630592585
sub-09,100,2,60,60,11369,12269,12869,31,-29,29,469.9707269,3288.137394,0.516770363,103,778.1666667,1309.970727,12372,0.533274829,0.423333883,0.593702376
sub-09,101,2,60,40,1414,2014,2914,82,42,42,481.970427,3727.42876,0.6707172,14,1205.458333,1321.970427,2028,0.880903423,0.538607776,0.5926404
sub-09,102,2,300,60,22736,27236,30236,34,-26,26,493.9699541,2688.511621,0.371524195,35,154.5416667,1333.969954,27271,0.368221045,0.459550083,0.286801457
sub-09,103,2,60,40,11369,11969,12869,59,19,19,505.9694007,3336.636067,0.598558346,17,790.6666667,1345.969401,11952,0.533274829,0.519994318,0.742405891
sub-09,104,2,12,40,12500,12620,12800,29,-11,11,517.9690661,3321.510733,0.699443301,90,763.5416667,1357.969066,12530,0.630747199,0.705582559,0.762000144
sub-09,105,2,12,40,26328,26448,26628,70,30,30,529.9708574,2757.345857,0.659053485,13,187.375,1369.970857,26461,0.570940733,0.511222482,0.894997239
sub-09,106,2,60,20,12596,12896,14096,26,6,6,541.9680058,3334.009672,0.754556278,29,752.0416667,1381.968006,12867,0.68969357,0.889180124,0.684795141
sub-09,107,2,300,60,16072,20572,23572,16,-44,44,553.967472,3026.175805,0.599707007,7,432.2083333,1393.967472,20579,0.699183166,0.522151589,0.577786267
sub-09,108,2,12,80,4600,4840,4900,59,-21,21,565.9672968,3693.67563,0.840341111,78,1087.708333,1405.967297,4918,0.777784109,0.808963835,0.934275389
sub-09,109,2,60,80,3650,4850,5150,36,-44,44,577.9668242,3705.258491,0.569860439,68,1087.291667,1417.966824,4918,0.586262465,0.485696733,0.637622118
sub-09,110,2,12,80,29300,29540,29600,83,3,3,589.9656187,2688.507285,0.777512252,43,58.54166667,1429.965619,29583,0.835012972,0.689403892,0.808119893
sub-09,111,2,60,60,28296,29196,29796,1,-59,59,601.9656231,2714.840623,0.40910688,46,72.875,1441.965623,29242,0.386571616,0.449854881,0.390894145
sub-09,112,2,12,20,21800,21860,22100,11,-9,9,613.9647198,3032.506386,0.779317856,4,378.5416667,1453.96472,21856,0.736993313,0.798989177,0.801971078
sub-09,113,2,300,80,16327,22327,23827,50,-30,30,625.9649275,3025.048261,0.80520918,126,359.0833333,1465.964928,22201,0.765540838,0.827244103,0.822842598
sub-09,114,2,300,80,9381,15381,16881,61,-19,19,637.9641295,3326.46413,0.462941974,27,648.5,1477.96413,15408,0.434503287,0.516384661,0.437937975
sub-09,115,2,300,80,2522,8522,10022,47,-33,33,649.9634521,3624.255119,0.572465211,1,934.2916667,1489.963452,8523,0.40284428,0.546290815,0.768260539
sub-09,116,2,300,80,11085,17085,18585,67,-13,13,661.9636322,3279.463632,0.411512583,96,577.5,1501.963632,16989,0.403320372,0.387581944,0.443635434
sub-09,117,2,12,60,15586,15766,15886,28,-32,32,673.9632049,3346.421538,0.91404591,126,632.4583333,1513.963205,15892,0.893184006,0.910675526,0.938278198
sub-09,118,2,300,40,14351,17351,21851,96,56,56,685.9624731,3292.37914,0.538737476,45,566.4166667,1525.962473,17396,0.724799395,0.48977527,0.401637763
sub-09,119,2,300,60,13557,18057,21057,64,4,4,697.962425,3274.962425,0.403727372,9,537,1537.962425,18066,0.375888646,0.479011238,0.356282234
sub-09,120,2,300,20,16327,17827,23827,6,-14,14,709.9619962,3296.54533,0.514019489,21,546.5833333,1549.961996,17806,0.765540838,0.39063096,0.385886669
sub-09,121,3,300,60,20069,24569,27569,78,18,18,1.9704989,3147.637166,0.437215209,10,265.6666667,1681.970499,24579,0.377250761,0.376978368,0.557416499
sub-09,122,3,300,20,13458,14958,20958,25,5,5,13.9702064,3560.095206,0.527636826,10,666.125,1693.970206,14948,0.503550649,0.735695601,0.343664229
sub-09,123,3,60,20,11369,11669,12869,80,60,60,25.9696198,3709.136286,0.59856234,26,803.1666667,1705.96962,11643,0.533274829,0.825657547,0.436754644
sub-09,124,3,12,20,21273,21333,21573,13,-7,7,37.9693101,3318.46931,0.75228552,0,400.5,1717.96931,21333,0.636497259,0.971750498,0.648608804
sub-09,125,3,12,80,23924,24164,24224,84,4,4,49.9687046,3212.510371,0.549024999,0,282.5416667,1729.968705,24164,0.842187762,0.403494179,0.401393056
sub-09,126,3,300,20,14066,15566,21566,12,-8,8,61.9682089,3582.759876,0.560058008,0,640.7916667,1741.968209,15566,0.427026987,0.875541151,0.377605885
sub-09,127,3,60,20,13942,14242,15442,84,64,64,73.9676671,3649.926,0.736333648,21,695.9583333,1753.967667,14221,0.617607713,0.858845234,0.732547998
sub-09,128,3,12,80,26328,26568,26628,15,-65,65,85.967456,3148.342456,0.682078063,68,182.375,1765.967456,26500,0.570940733,0.554679751,0.920613706
sub-09,129,3,60,60,16451,17351,17951,85,25,25,97.9668268,3544.383493,0.515537073,45,566.4166667,1777.966827,17396,0.407732636,0.52406621,0.614812374
sub-09,130,3,12,40,21273,21393,21573,6,-34,34,109.9665395,3387.96654,0.748584628,60,398,1789.96654,21333,0.636497259,0.976724505,0.63253212
sub-09,131,3,60,60,13176,14076,14676,72,12,12,121.9662394,3704.841239,0.560014963,14,702.875,1801.966239,14090,0.457795978,0.721336246,0.500912666
sub-09,132,3,12,20,14329,14389,14629,6,-14,14,133.9658181,3703.799151,0.673224032,0,689.8333333,1813.965818,14389,0.840943217,0.659988642,0.518740237
sub-09,133,3,12,80,11565,11805,11865,92,12,12,145.9651406,3823.465141,0.425252527,29,797.5,1825.965141,11776,0.391443521,0.391761363,0.492552698
sub-09,134,3,60,20,14390,14690,15890,18,-2,2,157.9648668,3715.256533,0.652103245,10,677.2916667,1837.964867,14700,0.853619874,0.504358649,0.598331213
sub-09,135,3,12,80,15162,15402,15462,77,-3,3,169.9642755,3697.589276,0.809432745,6,647.625,1849.964276,15408,0.925493777,0.761621892,0.741182566
sub-09,136,3,12,40,17959,18079,18259,22,-18,18,181.9642739,3598.047607,0.529117078,13,536.0833333,1861.964274,18066,0.444595844,0.393297553,0.749457836
sub-09,137,3,60,40,17621,18221,19121,100,60,60,193.9628911,3604.129558,0.401363482,9,530.1666667,1873.962891,18212,0.321571469,0.32369706,0.558821917
sub-09,138,3,12,80,27281,27521,27581,36,-44,44,205.9623165,3228.628983,0.484808634,3,142.6666667,1885.962317,27524,0.663646698,0.356698692,0.434080511
sub-09,139,3,12,20,17959,18019,18259,65,45,45,217.9627949,3636.546128,0.51661695,47,538.5833333,1897.962795,18066,0.444595844,0.554531097,0.55072391
sub-09,140,3,300,40,12645,15645,20145,58,18,18,229.962334,3747.462334,0.483331859,79,637.5,1909.962334,15566,0.332550645,0.809746027,0.307698905
sub-09,141,3,60,20,16451,16751,17951,10,-10,10,241.9620062,3713.378673,0.541294883,18,591.4166667,1921.962006,16733,0.407732636,0.724357009,0.491795003
sub-09,142,3,300,80,13458,19458,20958,73,-7,7,253.9617052,3612.586705,0.484519442,23,478.625,1933.961705,19435,0.503550649,0.523809075,0.426198602
sub-09,143,3,300,40,9381,12381,16881,21,-19,19,265.9611477,3919.461148,0.459073414,9,773.5,1945.961148,12372,0.434503287,0.471244156,0.4714728
sub-09,144,3,300,20,16072,17572,23572,83,63,63,277.9608262,3715.16916,0.445263386,54,557.2083333,1957.960826,17518,0.699183166,0.346642971,0.28996402
sub-09,145,3,12,60,17959,18139,18259,75,15,15,289.9598949,3703.543228,0.479493658,8,533.5833333,1969.959895,18131,0.444595844,0.32675156,0.66713357
sub-09,146,3,12,40,1602,1722,1902,33,-7,7,301.9597911,4399.584791,0.569713354,38,1217.625,1981.959791,1760,0.398957372,0.813810945,0.496371746
sub-09,147,3,60,40,19722,20322,21222,81,41,41,313.9590964,3636.584096,0.371791154,90,442.625,1993.959096,20412,0.266462356,0.429634243,0.419276863
sub-09,148,3,300,40,1960,4960,9460,31,-9,9,325.9583035,4288.666637,0.503999035,42,1082.708333,2005.958304,4918,0.433283031,0.530604362,0.54810971
sub-09,149,3,60,40,26923,27523,28423,54,14,14,337.9581084,3360.541442,0.596408854,1,142.5833333,2017.958108,27524,0.570710897,0.456747562,0.761768103
sub-09,150,3,12,60,14329,14509,14629,73,13,13,349.9576321,3914.790965,0.697990954,5,684.8333333,2029.957632,14514,0.840943217,0.674068928,0.578960717
sub-09,151,3,300,40,16072,19072,23572,42,2,2,361.9575985,3736.665932,0.601840854,51,494.7083333,2041.957599,19021,0.699183166,0.517898381,0.588441014
sub-09,152,3,60,20,4556,4856,6056,71,51,51,373.9570081,4340.998675,0.5157758,62,1087.041667,2053.957008,4918,0.386306763,0.83152318,0.329497457
sub-09,153,3,300,40,21224,24224,28724,84,44,44,385.9733338,3546.015,0.461755127,24,280.0416667,2065.973334,24200,0.495798409,0.400327176,0.489139795
sub-09,154,3,12,60,12500,12680,12800,87,27,27,397.9730052,4039.014672,0.69880573,101,761.0416667,2077.973005,12781,0.630747199,0.732289791,0.733380198
sub-09,155,3,12,60,16152,16332,16452,9,-51,51,409.9724725,3898.847473,0.614817361,6,608.875,2089.972473,16338,0.528136969,0.636289001,0.680026114
sub-09,156,3,12,60,25018,25198,25318,91,31,31,421.9721064,3541.43044,0.434581568,36,239.4583333,2101.972106,25234,0.614161015,0.293974459,0.39560923
sub-09,157,3,12,20,2486,2546,2786,8,-12,12,433.971561,4497.263228,0.86674879,62,1183.291667,2113.971561,2608,0.802486777,0.984086692,0.8136729
sub-09,158,3,60,60,12596,13496,14096,21,-39,39,445.9710867,4053.012753,0.679986358,135,727.0416667,2125.971087,13631,0.68969357,0.66709578,0.683169723
sub-09,159,3,300,60,11085,15585,18585,64,4,4,457.9706619,3977.970662,0.512025793,19,640,2137.970662,15566,0.403320372,0.5605762,0.572180808
sub-09,160,3,60,40,22148,22748,23648,6,-34,34,469.9538903,3691.495557,0.754774034,26,341.5416667,2149.95389,22722,0.775133371,0.723107696,0.766081035
sub-09,161,3,300,80,19988,25988,27488,84,4,4,481.9692396,3568.510906,0.414776425,1,206.5416667,2161.96924,25987,0.381335378,0.377626181,0.485367715
sub-09,162,3,60,40,13176,13776,14676,26,-14,14,493.9691887,4089.344189,0.604968309,1,715.375,2173.969189,13775,0.457795978,0.853265524,0.503843427
sub-09,163,3,300,20,12645,14145,20145,80,60,60,505.968289,4085.968289,0.466534972,22,700,2185.968289,14167,0.332550645,0.680825114,0.386229157
sub-09,164,3,60,80,1414,2614,2914,34,-46,46,517.9682,4578.426533,0.893087606,6,1180.458333,2197.9682,2608,0.880903423,0.898732543,0.899626851
sub-09,165,3,300,80,16072,22072,23572,84,4,4,529.9681638,3779.676497,0.690731823,30,369.7083333,2209.968164,22102,0.699183166,0.625260174,0.74775213
sub-09,166,3,300,80,12645,18645,20145,89,9,9,541.9674836,3934.467484,0.354656776,1,512.5,2221.967484,18644,0.332550645,0.508051455,0.223368227
sub-09,167,3,12,20,11565,11625,11865,30,10,10,553.967138,4238.967138,0.458951463,17,805,2233.967138,11608,0.391443521,0.614788413,0.370622456
sub-09,168,3,60,20,17621,17921,19121,77,57,57,565.9666905,3988.633357,0.504270792,40,542.6666667,2245.966691,17961,0.321571469,0.687747836,0.503493071
sub-09,169,3,60,80,25202,26402,26702,18,-62,62,577.9662381,3647.257905,0.514002681,6,189.2916667,2257.966238,26408,0.380949736,0.542046428,0.619011879
sub-09,170,3,60,80,21153,22353,22653,88,8,8,589.965041,3827.965041,0.478971044,152,358,2269.965041,22201,0.367980182,0.52699703,0.541935921
sub-09,171,3,60,60,25895,26795,27395,16,-44,44,601.9649177,3654.881584,0.424598813,2,172.9166667,2281.964918,26797,0.452340961,0.406857729,0.41459775
sub-09,172,3,12,40,2486,2606,2786,57,17,17,613.9646349,4674.756302,0.8548099,2,1180.791667,2293.964635,2608,0.802486777,0.953855455,0.808087468
sub-09,173,3,60,80,13942,15142,15442,100,20,20,625.9646083,4164.422942,0.745977561,65,658.4583333,2305.964608,15077,0.617607713,0.667556286,0.952768683
sub-09,174,3,300,20,9381,10881,16881,10,-10,10,637.963756,4353.963756,0.510910342,25,836,2317.963756,10856,0.434503287,0.649891555,0.448336184
sub-09,175,3,12,80,13450,13690,13750,9,-71,71,649.9634149,4248.921748,0.875032147,59,718.9583333,2329.963415,13631,0.881083906,0.851312518,0.892700016
sub-09,176,3,12,40,16152,16272,16452,77,37,37,661.9625198,4153.33752,0.584240357,4,611.375,2341.96252,16268,0.528136969,0.565639615,0.658944488
sub-09,177,3,12,40,3739,3859,4039,20,-20,20,673.9628482,4682.546182,0.567767153,1,1128.583333,2353.962848,3858,0.471912891,0.49350661,0.737881958
sub-09,178,3,60,60,4556,5456,6056,81,21,21,685.9623887,4628.004055,0.530113876,122,1062.041667,2365.962389,5334,0.386306763,0.687324226,0.516710639
sub-09,179,3,60,40,14390,14990,15890,15,-25,25,697.9617872,4242.753454,0.812392155,29,664.7916667,2377.961787,15019,0.853619874,0.803780138,0.779776454
sub-09,180,3,12,80,2486,2726,2786,87,7,7,709.9615849,4765.753252,0.773491303,41,1175.791667,2389.961585,2767,0.802486777,0.691649318,0.826337814
sub-09,181,4,60,60,25202,26102,26702,21,-39,39,1.9759353,3923.767602,0.469284336,2,201.7916667,2521.975935,26100,0.380949736,0.489343941,0.53755933
sub-09,182,4,12,60,23924,24104,24224,83,23,23,13.9758041,4019.017471,0.661446333,58,285.0416667,2533.975804,24046,0.842187762,0.562097549,0.580053687
sub-09,183,4,60,80,17621,18821,19121,20,-60,60,25.9752998,4251.141966,0.398854067,51,505.1666667,2545.9753,18770,0.321571469,0.287838012,0.587152719
sub-09,184,4,60,40,10035,10635,11535,81,41,41,37.9746269,4604.224627,0.48510023,41,846.25,2557.974627,10676,0.404203236,0.632850528,0.418246925
sub-09,185,4,60,40,3650,4250,5150,19,-21,21,49.9742694,4882.265936,0.465809743,48,1112.291667,2569.974269,4298,0.586262465,0.404017031,0.407149732
sub-09,186,4,300,40,11085,14085,18585,91,51,51,61.9742001,4484.4742,0.520194809,5,702.5,2581.9742,14090,0.403320372,0.590262294,0.56700176
sub-09,187,4,300,20,2522,4022,10022,19,-1,1,73.9738653,4915.765532,0.535507907,103,1121.791667,2593.973865,3919,0.40284428,0.566761553,0.636917889
sub-09,188,4,60,60,14390,15290,15890,10,-50,50,85.9732829,4458.26495,0.646042486,1,652.2916667,2605.973283,15291,0.853619874,0.5200454,0.564462185
sub-09,189,4,300,60,21224,25724,28724,71,11,11,97.9728671,4035.514534,0.48686858,55,217.5416667,2617.972867,25779,0.495798409,0.43142432,0.533383012
sub-09,190,4,60,20,13176,13476,14676,90,70,70,109.9725895,4557.84759,0.627957404,155,727.875,2629.97259,13631,0.457795978,0.929294884,0.496781349
sub-09,191,4,12,40,27281,27401,27581,19,-21,21,121.9718928,3989.638559,0.509411087,35,147.6666667,2641.971893,27436,0.663646698,0.441977859,0.422608703
sub-09,192,4,300,20,19988,21488,27488,81,61,61,133.971684,4248.013351,0.378337264,30,394.0416667,2653.971684,21458,0.381335378,0.459869921,0.293806493
sub-09,193,4,12,20,23924,23984,24224,41,21,21,145.9711441,4156.012811,0.527502427,1,290.0416667,2665.971144,23983,0.842187762,0.358798593,0.381520927
sub-09,194,4,300,20,18200,19700,25700,43,23,23,157.970757,4346.512424,0.59972165,14,468.5416667,2677.970757,19714,0.791362107,0.581895411,0.425907433
sub-09,195,4,60,80,22148,23348,23648,44,-36,36,169.9704057,4206.512072,0.722102066,34,316.5416667,2689.970406,23314,0.775133371,0.607972264,0.783200562
sub-09,196,4,12,80,15586,15826,15886,81,1,1,181.9697383,4531.928072,0.912498534,66,629.9583333,2701.969738,15892,0.893184006,0.895874202,0.948437393
sub-09,197,4,300,40,18922,21922,26422,81,41,41,193.9693303,4289.927664,0.563334286,33,375.9583333,2713.96933,21955,0.454499304,0.557501614,0.67800194
sub-09,198,4,60,60,22148,23048,23648,36,-24,24,205.9688644,4255.010531,0.64348652,2,329.0416667,2725.968864,23050,0.775133371,0.57852304,0.576803148
sub-09,199,4,12,80,17959,18199,18259,67,-13,13,217.9685678,4469.051901,0.52568237,13,531.0833333,2737.968568,18212,0.444595844,0.397394627,0.735056639
sub-09,200,4,60,40,13942,14542,15442,81,41,41,229.9679388,4633.426272,0.675926189,21,683.4583333,2749.967939,14563,0.617607713,0.683953524,0.72621733
sub-09,201,4,300,20,20069,21569,27569,35,15,15,241.9675204,4352.634187,0.45564116,55,390.6666667,2761.96752,21624,0.377250761,0.34495461,0.644718111
sub-09,202,4,60,20,3650,3950,5150,82,62,62,253.9668556,5098.758522,0.612051845,31,1124.791667,2773.966856,3919,0.586262465,0.7236588,0.526234269
sub-09,203,4,300,40,14066,17066,21566,81,41,41,265.9664841,4564.258151,0.344607135,77,578.2916667,2785.966484,16989,0.427026987,0.365407616,0.241386801
sub-09,204,4,12,60,29300,29480,29600,37,-23,23,277.9661498,4059.007816,0.738899032,27,61.04166667,2797.96615,29453,0.835012972,0.636288166,0.745395958
sub-09,205,4,12,60,27281,27461,27581,20,-40,40,289.9658424,4155.132509,0.479619553,25,145.1666667,2809.965842,27436,0.663646698,0.34283331,0.43237865
sub-09,206,4,12,60,21273,21453,21573,62,2,2,301.9649287,4417.464929,0.709812641,5,395.5,2821.964929,21458,0.636497259,0.935319662,0.557621002
sub-09,207,4,12,40,13450,13570,13750,69,29,29,313.9646301,4757.922963,0.849632084,61,723.9583333,2833.96463,13631,0.881083906,0.8463763,0.821436048
sub-09,208,4,300,60,14351,18851,21851,90,30,30,325.9640594,4549.880726,0.678511739,71,503.9166667,2845.964059,18922,0.724799395,0.67871201,0.632023811
sub-09,209,4,300,80,19476,25476,26976,82,2,2,337.9641146,4285.839115,0.696930011,73,227.875,2857.964115,25549,0.618891299,0.667782605,0.80411613
sub-09,210,4,300,40,13458,16458,20958,34,-6,6,349.9634812,4673.588481,0.587588569,80,603.625,2869.963481,16538,0.503550649,0.716322362,0.542892694
sub-09,211,4,12,40,25820,25940,26120,76,36,36,361.9627655,4290.504432,0.538838178,4,208.5416667,2881.962766,25944,0.514377058,0.630758941,0.471378535
sub-09,212,4,300,60,18200,22700,25700,100,40,40,373.9624677,4437.504134,0.594278524,22,343.5416667,2893.962468,22722,0.791362107,0.5266366,0.464836866
sub-09,213,4,12,60,15162,15342,15462,34,-26,26,385.9619688,4756.086969,0.792497814,1,650.125,2905.961969,15341,0.925493777,0.732884884,0.71911478
sub-09,214,4,60,40,16451,17051,17951,80,40,40,397.9615021,4696.878169,0.457817475,62,578.9166667,2917.961502,16989,0.407732636,0.381435901,0.584283888
sub-09,215,4,300,80,14066,20066,21566,74,-6,6,409.961245,4583.252912,0.372727503,9,453.2916667,2929.961245,20075,0.427026987,0.356378973,0.334776551
sub-09,216,4,300,60,19476,23976,26976,10,-50,50,421.9609923,4432.335992,0.474200209,7,290.375,2941.960992,23983,0.618891299,0.414272666,0.389436662
sub-09,217,4,60,20,19722,20022,21222,16,-4,4,433.9770464,4609.102046,0.411991974,33,455.125,2953.977046,19989,0.266462356,0.699494839,0.270018727
sub-09,218,4,60,40,25202,25802,26702,80,40,40,445.9765015,4380.268168,0.486041149,23,214.2916667,2965.976502,25779,0.380949736,0.502093911,0.575079799
sub-09,219,4,60,20,25895,26195,27395,41,21,21,457.976255,4375.892922,0.423054596,9,197.9166667,2977.976255,26204,0.452340961,0.406089157,0.41073367
sub-09,220,4,12,80,21273,21513,21573,81,1,1,469.9759103,4582.97591,0.761513889,55,393,2989.97591,21458,0.636497259,0.659675717,0.98836869
sub-09,221,4,300,20,19476,20976,26976,33,13,13,481.975368,4617.350368,0.513232261,58,415.375,3001.975368,20918,0.618891299,0.418279558,0.502525926
sub-09,222,4,60,40,25895,26495,27395,81,41,41,493.9748706,4399.391537,0.440994372,5,185.4166667,3013.974871,26500,0.452340961,0.432447374,0.438194782
sub-09,223,4,12,40,25018,25138,25318,24,-16,16,505.9743324,4467.932666,0.429841896,52,241.9583333,3025.974332,25086,0.614161015,0.286262631,0.389102042
sub-09,224,4,300,80,20069,26069,27569,72,-8,8,517.9739847,4441.140651,0.472688923,24,203.1666667,3037.973985,26045,0.377250761,0.476390898,0.564425111
sub-09,225,4,12,60,11565,11745,11865,10,-50,50,529.9736734,5049.973673,0.469659835,31,800,3049.973673,11776,0.391443521,0.720917881,0.296618104
sub-09,226,4,60,20,22148,22448,23648,65,45,45,541.9732468,4616.014913,0.754350642,77,354.0416667,3061.973247,22525,0.775133371,0.652248144,0.835670412
sub-09,227,4,60,20,10035,10335,11535,31,11,11,553.9723999,5132.7224,0.528949112,23,858.75,3073.9724,10312,0.404203236,0.763092279,0.41955182
sub-09,228,4,300,60,2522,7022,10022,73,13,13,565.972187,5282.763854,0.520361811,4,996.7916667,3085.972187,7018,0.40284428,0.508628964,0.649612188
sub-09,229,4,12,40,15586,15706,15886,30,-10,10,577.9715706,4932.929904,0.918003182,140,634.9583333,3097.971571,15566,0.893184006,0.946782351,0.914043188
sub-09,230,4,12,80,1602,1842,1902,91,11,11,589.9711173,5522.596117,0.494504452,17,1212.625,3109.971117,1859,0.398957372,0.416479409,0.668076575
sub-09,231,4,12,40,23924,24044,24224,81,41,41,601.9708649,4609.512532,0.791443547,2,287.5416667,3121.970865,24046,0.842187762,0.738648653,0.793494225
sub-09,232,4,300,40,2522,5522,10022,16,-24,24,613.9704822,5393.262149,0.524214218,111,1059.291667,3133.970482,5633,0.40284428,0.631453753,0.538344622
sub-09,233,4,60,60,15628,16528,17128,84,24,24,625.9700471,4946.67838,0.378013372,10,600.7083333,3145.970047,16538,0.333360583,0.569687963,0.230991572
sub-09,234,4,60,80,12596,13796,14096,37,-43,43,637.9696365,5072.511303,0.710163554,21,714.5416667,3157.969637,13775,0.68969357,0.766344666,0.674452424
sub-09,235,4,60,20,26923,27223,28423,83,63,63,649.9691752,4525.052509,0.611131052,24,155.0833333,3169.969175,27199,0.570710897,0.635133803,0.627548456
sub-09,236,4,12,60,26328,26508,26628,15,-45,45,661.9688393,4566.843839,0.668048143,8,184.875,3181.968839,26500,0.570940733,0.527293324,0.905910373
sub-09,237,4,300,40,19988,22988,27488,17,-23,23,673.968451,4725.510118,0.398772667,3,331.5416667,3193.968451,22991,0.381335378,0.467199355,0.347783267
sub-09,238,4,12,20,29300,29360,29600,80,60,60,685.9676313,4472.009298,0.882695615,3,66.04166667,3205.967631,29357,0.835012972,0.851993442,0.961080432
sub-09,239,4,60,80,14390,15590,15890,90,10,10,697.9671982,5057.758865,0.87358437,24,639.7916667,3217.967198,15566,0.853619874,0.872111917,0.895021319
sub-09,240,4,60,60,19722,20622,21222,9,-51,51,709.9669379,4860.091938,0.376208852,11,430.125,3229.966938,20633,0.266462356,0.304706454,0.557457745
sub-10,1,1,60,80,21153,22353,22653,26,-54,54,1.9710677,1559.971068,0.478971044,152,358,1.9710677,22201,0.367980182,0.52699703,0.541935921
sub-10,2,1,300,60,19476,23976,26976,41,-19,19,13.9704511,1504.345451,0.474200209,7,290.375,13.9704511,23983,0.618891299,0.414272666,0.389436662
sub-10,3,1,300,20,10273,11773,17773,58,38,38,25.9700279,2024.803361,0.671569288,3,798.8333333,25.9700279,11776,0.664448321,0.659815192,0.69044435
sub-10,4,1,60,40,13176,13776,14676,45,5,5,37.9701167,1953.345117,0.604968309,1,715.375,37.9701167,13775,0.457795978,0.853265524,0.503843427
sub-10,5,1,300,40,10273,13273,17773,35,-5,5,49.9695834,1986.302917,0.584628761,175,736.3333333,49.9695834,13098,0.664448321,0.636629224,0.452808738
sub-10,6,1,60,80,3650,4850,5150,71,-9,9,61.969109,2349.260776,0.569860439,68,1087.291667,61.969109,4918,0.586262465,0.485696733,0.637622118
sub-10,7,1,12,40,17959,18079,18259,72,32,32,73.96877,1810.052103,0.529117078,13,536.0833333,73.96877,18066,0.444595844,0.393297553,0.749457836
sub-10,8,1,300,60,12645,17145,20145,37,-23,23,85.968186,1860.968186,0.306706463,112,575,85.968186,17257,0.332550645,0.347516209,0.240052536
sub-10,9,1,60,80,26923,28123,28423,90,10,10,97.9676849,1415.551018,0.54487892,43,117.5833333,97.9676849,28166,0.570710897,0.571867824,0.492058039
sub-10,10,1,12,20,21800,21860,22100,82,62,62,109.9674186,1688.509085,0.779317856,4,378.5416667,109.9674186,21856,0.736993313,0.798989177,0.801971078
sub-10,11,1,12,40,23924,24044,24224,18,-22,22,121.9668682,1609.508535,0.791443547,2,287.5416667,121.9668682,24046,0.842187762,0.738648653,0.793494225
sub-10,12,1,60,40,19722,20322,21222,80,40,40,133.9661846,1776.591185,0.371791154,90,442.625,133.9661846,20412,0.266462356,0.429634243,0.419276863
sub-10,13,1,12,20,1602,1662,1902,38,18,18,145.9659638,2566.090964,0.562841068,7,1220.125,145.9659638,1669,0.398957372,0.83936286,0.450202972
sub-10,14,1,300,40,13458,16458,20958,39,-1,1,157.9653885,1961.590388,0.587588569,80,603.625,157.9653885,16538,0.503550649,0.716322362,0.542892694
sub-10,15,1,300,80,11085,17085,18585,10,-70,70,169.9647804,1947.46478,0.411512583,96,577.5,169.9647804,16989,0.403320372,0.387581944,0.443635434
sub-10,16,1,12,80,17959,18199,18259,39,-41,41,181.9645185,1913.047852,0.52568237,13,531.0833333,181.9645185,18212,0.444595844,0.397394627,0.735056639
sub-10,17,1,12,80,27281,27521,27581,80,0,0,193.9640238,1536.63069,0.484808634,3,142.6666667,193.9640238,27524,0.663646698,0.356698692,0.434080511
sub-10,18,1,12,20,16152,16212,16452,19,-1,1,205.9634736,2019.838474,0.670652241,56,613.875,205.9634736,16268,0.528136969,0.987549484,0.496270269
sub-10,19,1,300,20,10518,12018,18018,42,22,22,217.9631069,2206.588107,0.523449163,66,788.625,217.9631069,11952,0.480903864,0.692685187,0.396758437
sub-10,20,1,300,40,19988,22988,27488,70,30,30,229.9625692,1761.504236,0.398772667,3,331.5416667,229.9625692,22991,0.381335378,0.467199355,0.347783267
sub-10,21,1,60,80,25895,27095,27395,69,-11,11,241.9623935,1602.37906,0.475009968,60,160.4166667,241.9623935,27155,0.452340961,0.490531057,0.482157886
sub-10,22,1,12,40,27281,27401,27581,61,21,21,253.9614604,1601.628127,0.509411087,35,147.6666667,253.9614604,27436,0.663646698,0.441977859,0.422608703
sub-10,23,1,60,80,28296,29496,29796,60,-20,20,265.9612897,1526.33629,0.378579348,43,60.375,265.9612897,29453,0.386571616,0.422424734,0.326741695
sub-10,24,1,300,60,10273,14773,17773,19,-41,41,277.9606018,2151.793935,0.538562953,6,673.8333333,277.9606018,14779,0.664448321,0.543266654,0.407973886
sub-10,25,1,60,60,17621,18521,19121,38,-22,22,289.9605403,2007.627207,0.464502672,38,517.6666667,289.9605403,18483,0.321571469,0.702765763,0.369170785
sub-10,26,1,300,60,21224,25724,28724,20,-40,40,301.9599279,1719.501595,0.48686858,55,217.5416667,301.9599279,25779,0.495798409,0.43142432,0.533383012
sub-10,27,1,12,40,16152,16272,16452,20,-20,20,313.959671,2125.334671,0.584240357,4,611.375,313.959671,16268,0.528136969,0.565639615,0.658944488
sub-10,28,1,300,60,16072,20572,23572,80,20,20,325.9590121,1958.167345,0.599707007,7,432.2083333,325.9590121,20579,0.699183166,0.522151589,0.577786267
sub-10,29,1,12,20,23924,23984,24224,29,9,9,337.9588818,1828.000548,0.527502427,1,290.0416667,337.9588818,23983,0.842187762,0.358798593,0.381520927
sub-10,30,1,300,20,1960,3460,9460,20,0,0,349.9583497,2695.166683,0.416565597,5,1145.208333,349.9583497,3465,0.433283031,0.312170625,0.504243135
sub-10,31,1,300,20,2522,4022,10022,30,10,10,361.9579933,2683.74966,0.535507907,103,1121.791667,361.9579933,3919,0.40284428,0.566761553,0.636917889
sub-10,32,1,12,60,12500,12680,12800,60,0,0,373.9732821,2335.014949,0.69880573,101,761.0416667,373.9732821,12781,0.630747199,0.732289791,0.733380198
sub-10,33,1,300,20,13557,15057,21057,3,-17,17,385.973658,2247.973658,0.468338192,20,662,385.973658,15077,0.375888646,0.523104906,0.506021023
sub-10,34,1,300,80,18200,24200,25700,46,-34,34,397.9732262,1879.014893,0.666384419,0,281.0416667,397.9732262,24200,0.791362107,0.576158345,0.631632805
sub-10,35,1,12,20,15586,15646,15886,50,30,30,409.9728771,2247.43121,0.922746738,80,637.4583333,409.9728771,15566,0.893184006,0.971495926,0.903560281
sub-10,36,1,60,60,15628,16528,17128,29,-31,31,421.9723602,2222.680694,0.378013372,10,600.7083333,421.9723602,16538,0.333360583,0.569687963,0.230991572
sub-10,37,1,60,60,1414,2314,2914,28,-32,32,433.9720176,2826.930351,0.553229103,101,1192.958333,433.9720176,2213,0.880903423,0.367280275,0.411503613
sub-10,38,1,300,60,11085,15585,18585,38,-22,22,445.9712473,2285.971247,0.512025793,19,640,445.9712473,15566,0.403320372,0.5605762,0.572180808
sub-10,39,1,12,40,13450,13570,13750,70,30,30,457.9709288,2381.929262,0.849632084,61,723.9583333,457.9709288,13631,0.881083906,0.8463763,0.821436048
sub-10,40,1,300,40,16072,19072,23572,70,30,30,469.9704262,2164.67876,0.601840854,51,494.7083333,469.9704262,19021,0.699183166,0.517898381,0.588441014
sub-10,41,1,60,40,10035,10635,11535,62,22,22,481.9698135,2528.219813,0.48510023,41,846.25,481.9698135,10676,0.404203236,0.632850528,0.418246925
sub-10,42,1,12,80,14329,14569,14629,81,1,1,493.9691457,2376.302479,0.670945783,6,682.3333333,493.9691457,14563,0.840943217,0.651862442,0.520031691
sub-10,43,1,300,40,18200,21200,25700,80,40,40,505.9694192,2112.011086,0.613909702,5,406.0416667,505.9694192,21195,0.791362107,0.579749107,0.47061789
sub-10,44,1,60,40,3650,4250,5150,18,-22,22,517.9684048,2830.260071,0.465809743,48,1112.291667,517.9684048,4298,0.586262465,0.404017031,0.407149732
sub-10,45,1,12,20,25820,25880,26120,37,17,17,529.9679709,1941.009638,0.628588279,11,211.0416667,529.9679709,25891,0.514377058,0.79674089,0.57464689
sub-10,46,1,300,80,9381,15381,16881,30,-50,50,541.9673463,2390.467346,0.462941974,27,648.5,541.9673463,15408,0.434503287,0.516384661,0.437937975
sub-10,47,1,12,80,3739,3979,4039,96,16,16,553.9674739,2877.550807,0.605181605,60,1123.583333,553.9674739,3919,0.471912891,0.445872188,0.897759736
sub-10,48,1,12,20,12500,12560,12800,8,-12,12,565.9670505,2532.008717,0.644854168,30,766.0416667,565.9670505,12530,0.630747199,0.695603549,0.608211756
sub-10,49,1,12,60,13450,13630,13750,68,8,8,577.965875,2499.424208,0.860371133,1,721.4583333,577.965875,13631,0.881083906,0.862820923,0.837208569
sub-10,50,1,300,80,16072,22072,23572,80,0,0,589.9660196,2159.674353,0.690731823,30,369.7083333,589.9660196,22102,0.699183166,0.625260174,0.74775213
sub-10,51,1,12,60,3739,3919,4039,90,30,30,601.9656948,2928.049028,0.611491134,0,1126.083333,601.9656948,3919,0.471912891,0.509016752,0.853543758
sub-10,52,1,300,40,18922,21922,26422,92,52,52,613.96517,2189.923503,0.563334286,33,375.9583333,613.96517,21955,0.454499304,0.557501614,0.67800194
sub-10,53,1,60,20,14390,14690,15890,82,62,62,625.9647019,2503.256369,0.652103245,10,677.2916667,625.9647019,14700,0.853619874,0.504358649,0.598331213
sub-10,54,1,60,80,17621,18821,19121,59,-21,21,637.9642954,2343.130962,0.398854067,51,505.1666667,637.9642954,18770,0.321571469,0.287838012,0.587152719
sub-10,55,1,12,60,2486,2666,2786,69,9,9,649.9637242,3028.255391,0.783421795,58,1178.291667,649.9637242,2608,0.802486777,0.707484126,0.84029448
sub-10,56,1,12,40,2486,2606,2786,38,-2,2,661.9634212,3042.755088,0.8548099,2,1180.791667,661.9634212,2608,0.802486777,0.953855455,0.808087468
sub-10,57,1,12,60,21273,21453,21573,62,2,2,673.9623561,2269.462356,0.709812641,5,395.5,673.9623561,21458,0.636497259,0.935319662,0.557621002
sub-10,58,1,60,60,3650,4550,5150,80,20,20,685.9620479,2985.753715,0.541496128,24,1099.791667,685.9620479,4574,0.586262465,0.423998445,0.614227474
sub-10,59,1,300,60,14066,18566,21566,33,-27,27,697.9617177,2413.753384,0.421460688,20,515.7916667,697.9617177,18586,0.427026987,0.550489068,0.286866009
sub-10,60,1,60,20,13942,14242,15442,60,40,40,709.9615983,2605.919932,0.736333648,21,695.9583333,709.9615983,14221,0.617607713,0.858845234,0.732547998
sub-10,61,2,300,40,10518,13518,18018,41,1,1,1.9717106,2768.096711,0.473818123,113,726.125,841.9717106,13631,0.480903864,0.551914155,0.388636351
sub-10,62,2,12,20,29300,29360,29600,55,35,35,13.9553037,2119.99697,0.882695615,3,66.04166667,853.9553037,29357,0.835012972,0.851993442,0.961080432
sub-10,63,2,60,20,16451,16751,17951,38,18,18,25.9705069,2657.387174,0.541294883,18,591.4166667,865.9705069,16733,0.407732636,0.724357009,0.491795003
sub-10,64,2,300,20,19476,20976,26976,61,41,41,37.9692103,2493.34421,0.513232261,58,415.375,877.9692103,20918,0.618891299,0.418279558,0.502525926
sub-10,65,2,300,80,1960,7960,9460,72,-8,8,49.9695725,3047.677906,0.374507785,21,957.7083333,889.9695725,7981,0.433283031,0.393522233,0.296718091
sub-10,66,2,300,20,16072,17572,23572,57,37,37,61.9687725,2659.177106,0.445263386,54,557.2083333,901.9687725,17518,0.699183166,0.346642971,0.28996402
sub-10,67,2,12,40,15162,15282,15462,82,42,42,73.9529518,2766.577952,0.778266191,9,652.625,913.9529518,15291,0.925493777,0.706873059,0.702431738
sub-10,68,2,300,20,16327,17827,23827,39,19,19,85.9677889,2672.551122,0.514019489,21,546.5833333,925.9677889,17806,0.765540838,0.39063096,0.385886669
sub-10,69,2,60,20,12596,12896,14096,81,61,61,97.9676912,2890.009358,0.754556278,29,752.0416667,937.9676912,12867,0.68969357,0.889180124,0.684795141
sub-10,70,2,60,40,13942,14542,15442,62,22,22,109.967303,2833.425636,0.675926189,21,683.4583333,949.967303,14563,0.617607713,0.683953524,0.72621733
sub-10,71,2,60,60,28296,29196,29796,70,10,10,121.9667173,2234.841717,0.40910688,46,72.875,961.9667173,29242,0.386571616,0.449854881,0.390894145
sub-10,72,2,300,80,14351,20351,21851,90,10,10,133.9664994,2615.383166,0.707600872,61,441.4166667,973.9664994,20412,0.724799395,0.658842862,0.739160359
sub-10,73,2,60,80,9187,10387,10687,40,-40,40,145.9660117,3042.549345,0.46238931,75,856.5833333,985.9660117,10312,0.355018765,0.479985803,0.552163363
sub-10,74,2,12,60,26328,26508,26628,97,37,37,157.9655738,2382.840574,0.668048143,8,184.875,997.9655738,26500,0.570940733,0.527293324,0.905910373
sub-10,75,2,60,20,1414,1714,2914,24,4,4,169.9651051,3427.923438,0.828979512,45,1217.958333,1009.965105,1669,0.880903423,0.819167018,0.786868095
sub-10,76,2,300,40,16327,19327,23827,30,-10,10,181.9645159,2706.047849,0.608967781,3,484.0833333,1021.964516,19330,0.765540838,0.512890935,0.54847157
sub-10,77,2,12,80,29300,29540,29600,64,-16,16,193.9641407,2292.505807,0.777512252,43,58.54166667,1033.964141,29583,0.835012972,0.689403892,0.808119893
sub-10,78,2,12,20,3739,3799,4039,27,7,7,205.9635496,3377.046883,0.601261348,13,1131.083333,1045.96355,3812,0.471912891,0.75404346,0.577827692
sub-10,79,2,60,40,1414,2014,2914,29,-11,11,217.9632033,3463.421537,0.6707172,14,1205.458333,1057.963203,2028,0.880903423,0.538607776,0.5926404
sub-10,80,2,60,40,22148,22748,23648,70,30,30,229.9628046,2611.504471,0.754774034,26,341.5416667,1069.962805,22722,0.775133371,0.723107696,0.766081035
sub-10,81,2,60,60,25895,26795,27395,60,0,0,241.9621813,2454.878848,0.424598813,2,172.9166667,1081.962181,26797,0.452340961,0.406857729,0.41459775
sub-10,82,2,300,80,10273,16273,17773,29,-51,51,253.9617896,2905.295123,0.691866497,5,611.3333333,1093.96179,16268,0.664448321,0.815407932,0.595743239
sub-10,83,2,300,80,20069,26069,27569,29,-51,51,265.9615361,2509.128203,0.472688923,24,203.1666667,1105.961536,26045,0.377250761,0.476390898,0.564425111
sub-10,84,2,60,20,26923,27223,28423,61,41,41,277.9609542,2473.044288,0.611131052,24,155.0833333,1117.960954,27199,0.570710897,0.635133803,0.627548456
sub-10,85,2,300,60,20069,24569,27569,39,-21,21,289.9606315,2595.627298,0.437215209,10,265.6666667,1129.960632,24579,0.377250761,0.376978368,0.557416499
sub-10,86,2,300,20,13458,14958,20958,20,0,0,301.9600993,3008.085099,0.527636826,10,666.125,1141.960099,14948,0.503550649,0.735695601,0.343664229
sub-10,87,2,300,40,12645,15645,20145,10,-30,30,313.959779,2991.459779,0.483331859,79,637.5,1153.959779,15566,0.332550645,0.809746027,0.307698905
sub-10,88,2,12,80,13450,13690,13750,88,8,8,325.9593556,3084.917689,0.875032147,59,718.9583333,1165.959356,13631,0.881083906,0.851312518,0.892700016
sub-10,89,2,12,80,11565,11805,11865,30,-50,50,337.958389,3175.458389,0.425252527,29,797.5,1177.958389,11776,0.391443521,0.391761363,0.492552698
sub-10,90,2,12,80,16152,16392,16452,94,14,14,349.9584505,2996.33345,0.678572257,23,606.375,1189.95845,16369,0.528136969,0.527052999,0.980526805
sub-10,91,2,300,40,19476,22476,26976,80,40,40,361.9578378,2754.832838,0.596290787,49,352.875,1201.957838,22525,0.618891299,0.515366018,0.654615045
sub-10,92,2,300,80,2522,8522,10022,67,-13,13,373.9574199,3348.249087,0.572465211,1,934.2916667,1213.95742,8523,0.40284428,0.546290815,0.768260539
sub-10,93,2,60,40,28296,28896,29796,29,-11,11,385.9734312,2511.348431,0.448978245,24,85.375,1225.973431,28920,0.386571616,0.636950135,0.323412985
sub-10,94,2,60,80,25202,26402,26702,80,0,0,397.9727552,2627.264422,0.514002681,6,189.2916667,1237.972755,26408,0.380949736,0.542046428,0.619011879
sub-10,95,2,12,40,3739,3859,4039,30,-10,10,409.9722879,3578.555621,0.567767153,1,1128.583333,1249.972288,3858,0.471912891,0.49350661,0.737881958
sub-10,96,2,300,20,14066,15566,21566,10,-10,10,421.9721358,3102.763802,0.560058008,0,640.7916667,1261.972136,15566,0.427026987,0.875541151,0.377605885
sub-10,97,2,300,80,19988,25988,27488,70,-10,10,433.9717547,2680.513421,0.414776425,1,206.5416667,1273.971755,25987,0.381335378,0.377626181,0.485367715
sub-10,98,2,60,20,22148,22448,23648,70,50,50,445.9554059,2839.997073,0.754350642,77,354.0416667,1285.955406,22525,0.775133371,0.652248144,0.835670412
sub-10,99,2,12,40,15586,15706,15886,60,20,20,457.9706381,3132.928971,0.918003182,140,634.9583333,1297.970638,15566,0.893184006,0.946782351,0.914043188
sub-10,100,2,12,20,26328,26388,26628,80,60,60,469.9704784,2699.845478,0.705589493,20,189.875,1309.970478,26408,0.570940733,0.925866604,0.619961143
sub-10,101,2,300,40,22736,25736,30236,70,30,30,481.970042,2739.011709,0.45551905,43,217.0416667,1321.970042,25779,0.368221045,0.729290605,0.269045502
sub-10,102,2,12,80,21273,21513,21573,91,11,11,493.9697146,2926.969715,0.761513889,55,393,1333.969715,21458,0.636497259,0.659675717,0.98836869
sub-10,103,2,12,20,25018,25078,25318,6,-14,14,505.9691872,2790.427521,0.694239994,8,244.4583333,1345.969187,25086,0.614161015,0.903934419,0.564624548
sub-10,104,2,12,20,14329,14389,14629,70,50,50,517.96872,3247.802053,0.673224032,0,689.8333333,1357.96872,14389,0.840943217,0.659988642,0.518740237
sub-10,105,2,60,60,22148,23048,23648,39,-21,21,529.9682784,2899.009945,0.64348652,2,329.0416667,1369.968278,23050,0.775133371,0.57852304,0.576803148
sub-10,106,2,12,40,12500,12620,12800,39,-1,1,541.9678267,3345.509493,0.699443301,90,763.5416667,1381.967827,12530,0.630747199,0.705582559,0.762000144
sub-10,107,2,60,20,4556,4856,6056,36,16,16,553.9673945,3681.009061,0.5157758,62,1087.041667,1393.967394,4918,0.386306763,0.83152318,0.329497457
sub-10,108,2,60,60,9187,10087,10687,61,1,1,565.966923,3475.050256,0.391915798,3,869.0833333,1405.966923,10084,0.355018765,0.264911145,0.555817485
sub-10,109,2,60,60,12596,13496,14096,70,10,10,577.9656697,3345.007336,0.679986358,135,727.0416667,1417.96567,13631,0.68969357,0.66709578,0.683169723
sub-10,110,2,60,20,15628,15928,17128,45,25,25,589.9660441,3255.674377,0.468310128,36,625.7083333,1429.966044,15892,0.333360583,0.670246482,0.401323318
sub-10,111,2,60,80,14390,15590,15890,83,3,3,601.9655876,3281.757254,0.87358437,24,639.7916667,1441.965588,15566,0.853619874,0.872111917,0.895021319
sub-10,112,2,60,40,21153,21753,22653,72,32,32,613.9651342,3036.965134,0.483911614,103,383,1453.965134,21856,0.367980182,0.516567588,0.567187071
sub-10,113,2,12,60,23924,24104,24224,70,10,10,625.9642339,2951.005901,0.661446333,58,285.0416667,1465.964234,24046,0.842187762,0.562097549,0.580053687
sub-10,114,2,60,40,25202,25802,26702,27,-13,13,637.9639811,2892.255648,0.486041149,23,214.2916667,1477.963981,25779,0.380949736,0.502093911,0.575079799
sub-10,115,2,300,20,9381,10881,16881,60,40,40,649.9633816,3525.963382,0.510910342,25,836,1489.963382,10856,0.434503287,0.649891555,0.448336184
sub-10,116,2,60,40,9187,9787,10687,28,-12,12,661.9632988,3583.546632,0.426671376,92,881.5833333,1501.963299,9879,0.355018765,0.344421983,0.58057338
sub-10,117,2,12,60,16152,16332,16452,42,-18,18,673.9625492,3322.837549,0.614817361,6,608.875,1513.962549,16338,0.528136969,0.636289001,0.680026114
sub-10,118,2,300,40,14351,17351,21851,60,20,20,685.9623852,3292.379052,0.538737476,45,566.4166667,1525.962385,17396,0.724799395,0.48977527,0.401637763
sub-10,119,2,60,60,14390,15290,15890,60,0,0,697.9619959,3390.253663,0.646042486,1,652.2916667,1537.961996,15291,0.853619874,0.5200454,0.564462185
sub-10,120,2,60,20,21153,21453,22653,30,10,10,709.9616444,3145.461644,0.449790001,5,395.5,1549.961644,21458,0.367980182,0.50407207,0.47731775
sub-10,121,3,300,40,14066,17066,21566,28,-12,12,1.9755555,3460.267222,0.344607135,77,578.2916667,1681.975556,16989,0.427026987,0.365407616,0.241386801
sub-10,122,3,60,80,10035,11235,11535,61,-19,19,13.9750822,3715.225082,0.52952219,59,821.25,1693.975082,11176,0.404203236,0.707623601,0.476739734
sub-10,123,3,300,60,22736,27236,30236,59,-1,1,25.9746699,3060.516337,0.371524195,35,154.5416667,1705.97467,27271,0.368221045,0.459550083,0.286801457
sub-10,124,3,12,40,26328,26448,26628,60,20,20,37.9742219,3105.349222,0.659053485,13,187.375,1717.974222,26461,0.570940733,0.511222482,0.894997239
sub-10,125,3,12,80,25820,26060,26120,36,-44,44,49.9736018,3133.515268,0.612323423,15,203.5416667,1729.973602,26045,0.514377058,0.79671216,0.525881052
sub-10,126,3,60,60,25202,26102,26702,60,0,0,61.9727165,3143.764383,0.469284336,2,201.7916667,1741.972716,26100,0.380949736,0.489343941,0.53755933
sub-10,127,3,60,60,26923,27823,28423,70,10,10,73.9723038,3084.055637,0.533475856,67,130.0833333,1753.972304,27756,0.570710897,0.54025805,0.489458621
sub-10,128,3,60,60,11369,12269,12869,76,16,16,85.9717267,3744.138393,0.516770363,103,778.1666667,1765.971727,12372,0.533274829,0.423333883,0.593702376
sub-10,129,3,12,60,27281,27461,27581,71,11,11,97.9716278,3123.138294,0.479619553,25,145.1666667,1777.971628,27436,0.663646698,0.34283331,0.43237865
sub-10,130,3,60,60,10035,10935,11535,69,9,9,109.9709472,3823.720947,0.556123992,10,833.75,1789.970947,10925,0.404203236,0.668247223,0.595921516
sub-10,131,3,60,80,15628,16828,17128,50,-30,30,121.9705362,3590.17887,0.489119957,95,588.2083333,1801.970536,16733,0.333360583,0.658514261,0.475485027
sub-10,132,3,300,20,14351,15851,21851,30,10,10,133.9702629,3642.88693,0.711405754,41,628.9166667,1813.970263,15892,0.724799395,0.719285727,0.690132141
sub-10,133,3,300,20,18200,19700,25700,62,42,42,145.9699865,3494.511653,0.59972165,14,468.5416667,1825.969987,19714,0.791362107,0.581895411,0.425907433
sub-10,134,3,12,20,15162,15222,15462,84,64,64,157.96957,3693.09457,0.781456709,12,655.125,1837.96957,15210,0.925493777,0.715577185,0.703299165
sub-10,135,3,60,80,13176,14376,14676,68,-12,12,169.9690753,3740.344075,0.621318579,13,690.375,1849.969075,14389,0.457795978,0.679272175,0.726887584
sub-10,136,3,60,40,4556,5156,6056,71,31,31,181.9686647,4136.510331,0.507196426,8,1074.541667,1861.968665,5148,0.386306763,0.617104769,0.518177748
sub-10,137,3,12,60,4600,4780,4900,39,-21,21,193.9682645,4164.176598,0.778728823,138,1090.208333,1873.968265,4918,0.777784109,0.792999804,0.765402555
sub-10,138,3,300,80,21224,27224,28724,70,-10,10,205.967663,3241.00933,0.448277911,25,155.0416667,1885.967663,27199,0.495798409,0.28581816,0.563217163
sub-10,139,3,300,20,20069,21569,27569,30,10,10,217.9672838,3488.63395,0.45564116,55,390.6666667,1897.967284,21624,0.377250761,0.34495461,0.644718111
sub-10,140,3,12,60,21800,21980,22100,70,10,10,229.9668751,3483.508542,0.723965764,2,373.5416667,1909.966875,21978,0.736993313,0.71063894,0.724265039
sub-10,141,3,12,40,4600,4720,4900,40,0,0,241.9667292,4214.675063,0.743728856,146,1092.708333,1921.966729,4574,0.777784109,0.756530881,0.696871579
sub-10,142,3,60,80,22148,23348,23648,40,-40,40,253.9661727,3450.507839,0.722102066,34,316.5416667,1933.966173,23314,0.775133371,0.607972264,0.783200562
sub-10,143,3,12,20,2486,2546,2786,16,-4,4,265.9654222,4329.257089,0.86674879,62,1183.291667,1945.965422,2608,0.802486777,0.984086692,0.8136729
sub-10,144,3,300,80,10518,16518,18018,40,-40,40,277.965377,3759.090377,0.583597581,20,601.125,1957.965377,16538,0.480903864,0.651504278,0.6183846
sub-10,145,3,12,20,27281,27341,27581,70,50,50,289.9648371,3320.131504,0.526739667,6,150.1666667,1969.964837,27335,0.663646698,0.481651872,0.43492043
sub-10,146,3,300,60,18200,22700,25700,70,10,10,301.964507,3525.506174,0.594278524,22,343.5416667,1981.964507,22722,0.791362107,0.5266366,0.464836866
sub-10,147,3,60,20,3650,3950,5150,19,-1,1,313.9634329,4318.7551,0.612051845,31,1124.791667,1993.963433,3919,0.586262465,0.7236588,0.526234269
sub-10,148,3,60,20,17621,17921,19121,10,-10,10,325.9636026,3748.630269,0.504270792,40,542.6666667,2005.963603,17961,0.321571469,0.687747836,0.503493071
sub-10,149,3,12,60,29300,29480,29600,70,10,10,337.962887,3279.004554,0.738899032,27,61.04166667,2017.962887,29453,0.835012972,0.636288166,0.745395958
sub-10,150,3,12,80,15586,15826,15886,80,0,0,349.9627152,3859.921049,0.912498534,66,629.9583333,2029.962715,15892,0.893184006,0.895874202,0.948437393
sub-10,151,3,12,60,25018,25198,25318,74,14,14,361.9621527,3481.420486,0.434581568,36,239.4583333,2041.962153,25234,0.614161015,0.293974459,0.39560923
sub-10,152,3,300,40,11085,14085,18585,36,-4,4,373.9617888,3956.461789,0.520194809,5,702.5,2053.961789,14090,0.403320372,0.590262294,0.56700176
sub-10,153,3,12,80,21800,22040,22100,93,13,13,385.9780025,3637.019669,0.817930579,40,371.0416667,2065.978002,22000,0.736993313,0.733162522,0.983635902
sub-10,154,3,300,60,13557,18057,21057,49,-11,11,397.9775899,3814.97759,0.403727372,9,537,2077.97759,18066,0.375888646,0.479011238,0.356282234
sub-10,155,3,60,80,16451,17651,17951,90,10,10,409.9770567,3843.893723,0.503571322,10,553.9166667,2089.977057,17641,0.407732636,0.547998905,0.554982424
sub-10,156,3,60,60,19722,20622,21222,90,30,30,421.9763495,3732.10135,0.376208852,11,430.125,2101.97635,20633,0.266462356,0.304706454,0.557457745
sub-10,157,3,60,80,4556,5756,6056,90,10,10,433.9761242,4363.517791,0.54880482,27,1049.541667,2113.976124,5729,0.386306763,0.481833637,0.778274059
sub-10,158,3,60,40,26923,27523,28423,89,49,49,445.9757079,3468.559041,0.596408854,1,142.5833333,2125.975708,27524,0.570710897,0.456747562,0.761768103
sub-10,159,3,60,20,11369,11669,12869,9,-11,11,457.9751639,4141.141831,0.59856234,26,803.1666667,2137.975164,11643,0.533274829,0.825657547,0.436754644
sub-10,160,3,300,80,12645,18645,20145,70,-10,10,469.9592423,3862.459242,0.354656776,1,512.5,2149.959242,18644,0.332550645,0.508051455,0.223368227
sub-10,161,3,12,20,21273,21333,21573,20,0,0,481.9741037,3762.474104,0.75228552,0,400.5,2161.974104,21333,0.636497259,0.971750498,0.648608804
sub-10,162,3,12,80,15162,15402,15462,40,-40,40,493.9737452,4021.598745,0.809432745,6,647.625,2173.973745,15408,0.925493777,0.761621892,0.741182566
sub-10,163,3,12,40,21800,21920,22100,78,38,38,505.9732124,3762.014879,0.786751767,35,376.0416667,2185.973212,21955,0.736993313,0.82633388,0.796928108
sub-10,164,3,12,80,1602,1842,1902,70,-10,10,517.9728239,4610.597824,0.494504452,17,1212.625,2197.972824,1859,0.398957372,0.416479409,0.668076575
sub-10,165,3,12,60,14329,14509,14629,69,9,9,529.9725576,4094.805891,0.697990954,5,684.8333333,2209.972558,14514,0.840943217,0.674068928,0.578960717
sub-10,166,3,300,20,11085,12585,18585,39,19,19,541.9722082,4186.972208,0.483780523,55,765,2221.972208,12530,0.403320372,0.589437604,0.458583593
sub-10,167,3,300,80,22736,28736,30236,50,-30,30,553.9716432,3526.01331,0.429048399,12,92.04166667,2233.971643,28748,0.368221045,0.566889405,0.352034748
sub-10,168,3,300,20,22736,24236,30236,70,50,50,565.9701308,3725.511797,0.460771928,36,279.5416667,2245.970131,24200,0.368221045,0.748072684,0.266022056
sub-10,169,3,12,40,29300,29420,29600,70,30,30,577.9707876,3521.512454,0.881912669,33,63.54166667,2257.970788,29453,0.835012972,0.842169046,0.968555987
sub-10,170,3,300,40,1960,4960,9460,63,23,23,589.9704163,4552.67875,0.503999035,42,1082.708333,2269.970416,4918,0.433283031,0.530604362,0.54810971
sub-10,171,3,12,80,26328,26568,26628,76,-4,4,601.9698455,3664.344845,0.682078063,68,182.375,2281.969845,26500,0.570940733,0.554679751,0.920613706
sub-10,172,3,12,40,25820,25940,26120,50,10,10,613.9693938,3702.51106,0.538838178,4,208.5416667,2293.969394,25944,0.514377058,0.630758941,0.471378535
sub-10,173,3,12,80,2486,2726,2786,81,1,1,625.9687142,4681.760381,0.773491303,41,1175.791667,2305.968714,2767,0.802486777,0.691649318,0.826337814
sub-10,174,3,60,60,4556,5456,6056,70,10,10,637.9681107,4580.009777,0.530113876,122,1062.041667,2317.968111,5334,0.386306763,0.687324226,0.516710639
sub-10,175,3,60,40,15628,16228,17128,38,-2,2,649.9678038,4143.176137,0.469133109,40,613.2083333,2329.967804,16268,0.333360583,0.796540856,0.277497888
sub-10,176,3,12,80,23924,24164,24224,60,-20,20,661.967439,3824.509106,0.549024999,0,282.5416667,2341.967439,24164,0.842187762,0.403494179,0.401393056
sub-10,177,3,300,20,12645,14145,20145,10,-10,10,673.9668777,4253.966878,0.466534972,22,700,2353.966878,14167,0.332550645,0.680825114,0.386229157
sub-10,178,3,60,40,17621,18221,19121,30,-10,10,685.9665899,4096.133257,0.401363482,9,530.1666667,2365.96659,18212,0.321571469,0.32369706,0.558821917
sub-10,179,3,300,80,14066,20066,21566,70,-10,10,697.9658986,4031.257565,0.372727503,9,453.2916667,2377.965899,20075,0.427026987,0.356378973,0.334776551
sub-10,180,3,60,40,16451,17051,17951,30,-10,10,709.9653813,4168.882048,0.457817475,62,578.9166667,2389.965381,16989,0.407732636,0.381435901,0.584283888
sub-11,1,1,60,80,21153,22353,22653,38,-42,42,1.9712653,1559.971265,0.478971044,152,358,1.9712653,22201,0.367980182,0.52699703,0.541935921
sub-11,2,1,300,60,19476,23976,26976,37,-23,23,13.9717726,1504.346773,0.474200209,7,290.375,13.9717726,23983,0.618891299,0.414272666,0.389436662
sub-11,3,1,300,20,10273,11773,17773,41,21,21,25.9711632,2024.804497,0.671569288,3,798.8333333,25.9711632,11776,0.664448321,0.659815192,0.69044435
sub-11,4,1,60,40,13176,13776,14676,27,-13,13,37.9698858,1953.344886,0.604968309,1,715.375,37.9698858,13775,0.457795978,0.853265524,0.503843427
sub-11,5,1,300,40,10273,13273,17773,68,28,28,49.9700675,1986.303401,0.584628761,175,736.3333333,49.9700675,13098,0.664448321,0.636629224,0.452808738
sub-11,6,1,60,80,3650,4850,5150,74,-6,6,61.9699427,2349.261609,0.569860439,68,1087.291667,61.9699427,4918,0.586262465,0.485696733,0.637622118
sub-11,7,1,12,40,17959,18079,18259,67,27,27,73.9690684,1810.052402,0.529117078,13,536.0833333,73.9690684,18066,0.444595844,0.393297553,0.749457836
sub-11,8,1,300,60,12645,17145,20145,30,-30,30,85.9684073,1860.968407,0.306706463,112,575,85.9684073,17257,0.332550645,0.347516209,0.240052536
sub-11,9,1,60,80,26923,28123,28423,75,-5,5,97.9684301,1415.551763,0.54487892,43,117.5833333,97.9684301,28166,0.570710897,0.571867824,0.492058039
sub-11,10,1,12,20,21800,21860,22100,65,45,45,109.9673806,1688.509047,0.779317856,4,378.5416667,109.9673806,21856,0.736993313,0.798989177,0.801971078
sub-11,11,1,12,40,23924,24044,24224,24,-16,16,121.9674885,1609.509155,0.791443547,2,287.5416667,121.9674885,24046,0.842187762,0.738648653,0.793494225
sub-11,12,1,60,40,19722,20322,21222,57,17,17,133.9670978,1776.592098,0.371791154,90,442.625,133.9670978,20412,0.266462356,0.429634243,0.419276863
sub-11,13,1,12,20,1602,1662,1902,40,20,20,145.9667215,2566.091722,0.562841068,7,1220.125,145.9667215,1669,0.398957372,0.83936286,0.450202972
sub-11,14,1,300,40,13458,16458,20958,48,8,8,157.9662982,1961.591298,0.587588569,80,603.625,157.9662982,16538,0.503550649,0.716322362,0.542892694
sub-11,15,1,300,80,11085,17085,18585,32,-48,48,169.9658318,1947.465832,0.411512583,96,577.5,169.9658318,16989,0.403320372,0.387581944,0.443635434
sub-11,16,1,12,80,17959,18199,18259,68,-12,12,181.9650953,1913.048429,0.52568237,13,531.0833333,181.9650953,18212,0.444595844,0.397394627,0.735056639
sub-11,17,1,12,80,27281,27521,27581,63,-17,17,193.9647942,1536.631461,0.484808634,3,142.6666667,193.9647942,27524,0.663646698,0.356698692,0.434080511
sub-11,18,1,12,20,16152,16212,16452,33,13,13,205.9645122,2019.839512,0.670652241,56,613.875,205.9645122,16268,0.528136969,0.987549484,0.496270269
sub-11,19,1,300,20,10518,12018,18018,54,34,34,217.963491,2206.588491,0.523449163,66,788.625,217.963491,11952,0.480903864,0.692685187,0.396758437
sub-11,20,1,300,40,19988,22988,27488,40,0,0,229.9630986,1761.504765,0.398772667,3,331.5416667,229.9630986,22991,0.381335378,0.467199355,0.347783267
sub-11,21,1,60,80,25895,27095,27395,65,-15,15,241.9629565,1602.379623,0.475009968,60,160.4166667,241.9629565,27155,0.452340961,0.490531057,0.482157886
sub-11,22,1,12,40,27281,27401,27581,52,12,12,253.9621542,1601.628821,0.509411087,35,147.6666667,253.9621542,27436,0.663646698,0.441977859,0.422608703
sub-11,23,1,60,80,28296,29496,29796,62,-18,18,265.9617662,1526.336766,0.378579348,43,60.375,265.9617662,29453,0.386571616,0.422424734,0.326741695
sub-11,24,1,300,60,10273,14773,17773,42,-18,18,277.9615434,2151.794877,0.538562953,6,673.8333333,277.9615434,14779,0.664448321,0.543266654,0.407973886
sub-11,25,1,60,60,17621,18521,19121,67,7,7,289.9611515,2007.627818,0.464502672,38,517.6666667,289.9611515,18483,0.321571469,0.702765763,0.369170785
sub-11,26,1,300,60,21224,25724,28724,64,4,4,301.9606415,1719.502308,0.48686858,55,217.5416667,301.9606415,25779,0.495798409,0.43142432,0.533383012
sub-11,27,1,12,40,16152,16272,16452,42,2,2,313.9604035,2125.335404,0.584240357,4,611.375,313.9604035,16268,0.528136969,0.565639615,0.658944488
sub-11,28,1,300,60,16072,20572,23572,43,-17,17,325.959778,1958.168111,0.599707007,7,432.2083333,325.959778,20579,0.699183166,0.522151589,0.577786267
sub-11,29,1,12,20,23924,23984,24224,28,8,8,337.9592096,1828.000876,0.527502427,1,290.0416667,337.9592096,23983,0.842187762,0.358798593,0.381520927
sub-11,30,1,300,20,1960,3460,9460,42,22,22,349.9590543,2695.167388,0.416565597,5,1145.208333,349.9590543,3465,0.433283031,0.312170625,0.504243135
sub-11,31,1,300,20,2522,4022,10022,29,9,9,361.9584601,2683.750127,0.535507907,103,1121.791667,361.9584601,3919,0.40284428,0.566761553,0.636917889
sub-11,32,1,12,60,12500,12680,12800,60,0,0,373.9580402,2334.999707,0.69880573,101,761.0416667,373.9580402,12781,0.630747199,0.732289791,0.733380198
sub-11,33,1,300,20,13557,15057,21057,25,5,5,385.974151,2247.974151,0.468338192,20,662,385.974151,15077,0.375888646,0.523104906,0.506021023
sub-11,34,1,300,80,18200,24200,25700,61,-19,19,397.9736524,1879.015319,0.666384419,0,281.0416667,397.9736524,24200,0.791362107,0.576158345,0.631632805
sub-11,35,1,12,20,15586,15646,15886,34,14,14,409.9733743,2247.431708,0.922746738,80,637.4583333,409.9733743,15566,0.893184006,0.971495926,0.903560281
sub-11,36,1,60,60,15628,16528,17128,31,-29,29,421.9729149,2222.681248,0.378013372,10,600.7083333,421.9729149,16538,0.333360583,0.569687963,0.230991572
sub-11,37,1,60,60,1414,2314,2914,37,-23,23,433.9724681,2826.930801,0.553229103,101,1192.958333,433.9724681,2213,0.880903423,0.367280275,0.411503613
sub-11,38,1,300,60,11085,15585,18585,61,1,1,445.9720192,2285.972019,0.512025793,19,640,445.9720192,15566,0.403320372,0.5605762,0.572180808
sub-11,39,1,12,40,13450,13570,13750,49,9,9,457.9715408,2381.929874,0.849632084,61,723.9583333,457.9715408,13631,0.881083906,0.8463763,0.821436048
sub-11,40,1,300,40,16072,19072,23572,43,3,3,469.9708524,2164.679186,0.601840854,51,494.7083333,469.9708524,19021,0.699183166,0.517898381,0.588441014
sub-11,41,1,60,40,10035,10635,11535,40,0,0,481.9706833,2528.220683,0.48510023,41,846.25,481.9706833,10676,0.404203236,0.632850528,0.418246925
sub-11,42,1,12,80,14329,14569,14629,64,-16,16,493.9702025,2376.303536,0.670945783,6,682.3333333,493.9702025,14563,0.840943217,0.651862442,0.520031691
sub-11,43,1,300,40,18200,21200,25700,31,-9,9,505.9692942,2112.010961,0.613909702,5,406.0416667,505.9692942,21195,0.791362107,0.579749107,0.47061789
sub-11,44,1,60,40,3650,4250,5150,36,-4,4,517.9693031,2830.26097,0.465809743,48,1112.291667,517.9693031,4298,0.586262465,0.404017031,0.407149732
sub-11,45,1,12,20,25820,25880,26120,34,14,14,529.9686808,1941.010347,0.628588279,11,211.0416667,529.9686808,25891,0.514377058,0.79674089,0.57464689
sub-11,46,1,300,80,9381,15381,16881,54,-26,26,541.9678666,2390.467867,0.462941974,27,648.5,541.9678666,15408,0.434503287,0.516384661,0.437937975
sub-11,47,1,12,80,3739,3979,4039,57,-23,23,553.9671591,2877.550492,0.605181605,60,1123.583333,553.9671591,3919,0.471912891,0.445872188,0.897759736
sub-11,48,1,12,20,12500,12560,12800,52,32,32,565.9673018,2532.008968,0.644854168,30,766.0416667,565.9673018,12530,0.630747199,0.695603549,0.608211756
sub-11,49,1,12,60,13450,13630,13750,62,2,2,577.9666067,2499.42494,0.860371133,1,721.4583333,577.9666067,13631,0.881083906,0.862820923,0.837208569
sub-11,50,1,300,80,16072,22072,23572,39,-41,41,589.9663252,2159.674659,0.690731823,30,369.7083333,589.9663252,22102,0.699183166,0.625260174,0.74775213
sub-11,51,1,12,60,3739,3919,4039,43,-17,17,601.9658294,2928.049163,0.611491134,0,1126.083333,601.9658294,3919,0.471912891,0.509016752,0.853543758
sub-11,52,1,300,40,18922,21922,26422,38,-2,2,613.9656523,2189.923986,0.563334286,33,375.9583333,613.9656523,21955,0.454499304,0.557501614,0.67800194
sub-11,53,1,60,20,14390,14690,15890,37,17,17,625.9650718,2503.256738,0.652103245,10,677.2916667,625.9650718,14700,0.853619874,0.504358649,0.598331213
sub-11,54,1,60,80,17621,18821,19121,61,-19,19,637.9645954,2343.131262,0.398854067,51,505.1666667,637.9645954,18770,0.321571469,0.287838012,0.587152719
sub-11,55,1,12,60,2486,2666,2786,54,-6,6,649.9642732,3028.25594,0.783421795,58,1178.291667,649.9642732,2608,0.802486777,0.707484126,0.84029448
sub-11,56,1,12,40,2486,2606,2786,49,9,9,661.9638171,3042.755484,0.8548099,2,1180.791667,661.9638171,2608,0.802486777,0.953855455,0.808087468
sub-11,57,1,12,60,21273,21453,21573,50,-10,10,673.9632422,2269.463242,0.709812641,5,395.5,673.9632422,21458,0.636497259,0.935319662,0.557621002
sub-11,58,1,60,60,3650,4550,5150,55,-5,5,685.9627464,2985.754413,0.541496128,24,1099.791667,685.9627464,4574,0.586262465,0.423998445,0.614227474
sub-11,59,1,300,60,14066,18566,21566,60,0,0,697.9622172,2413.753884,0.421460688,20,515.7916667,697.9622172,18586,0.427026987,0.550489068,0.286866009
sub-11,60,1,60,20,13942,14242,15442,53,33,33,709.961713,2605.920046,0.736333648,21,695.9583333,709.961713,14221,0.617607713,0.858845234,0.732547998
sub-11,61,2,300,40,10518,13518,18018,44,4,4,1.9778108,2768.102811,0.473818123,113,726.125,841.9778108,13631,0.480903864,0.551914155,0.388636351
sub-11,62,2,12,20,29300,29360,29600,51,31,31,13.9610908,2120.002757,0.882695615,3,66.04166667,853.9610908,29357,0.835012972,0.851993442,0.961080432
sub-11,63,2,60,20,16451,16751,17951,34,14,14,25.9764221,2657.393089,0.541294883,18,591.4166667,865.9764221,16733,0.407732636,0.724357009,0.491795003
sub-11,64,2,300,20,19476,20976,26976,44,24,24,37.9763866,2493.351387,0.513232261,58,415.375,877.9763866,20918,0.618891299,0.418279558,0.502525926
sub-11,65,2,300,80,1960,7960,9460,47,-33,33,49.9755786,3047.683912,0.374507785,21,957.7083333,889.9755786,7981,0.433283031,0.393522233,0.296718091
sub-11,66,2,300,20,16072,17572,23572,41,21,21,61.9599161,2659.168249,0.445263386,54,557.2083333,901.9599161,17518,0.699183166,0.346642971,0.28996402
sub-11,67,2,12,40,15162,15282,15462,55,15,15,73.9752877,2766.600288,0.778266191,9,652.625,913.9752877,15291,0.925493777,0.706873059,0.702431738
sub-11,68,2,300,20,16327,17827,23827,44,24,24,85.9745025,2672.557836,0.514019489,21,546.5833333,925.9745025,17806,0.765540838,0.39063096,0.385886669
sub-11,69,2,60,20,12596,12896,14096,40,20,20,97.9743835,2890.01605,0.754556278,29,752.0416667,937.9743835,12867,0.68969357,0.889180124,0.684795141
sub-11,70,2,60,40,13942,14542,15442,43,3,3,109.9738193,2833.432153,0.675926189,21,683.4583333,949.9738193,14563,0.617607713,0.683953524,0.72621733
sub-11,71,2,60,60,28296,29196,29796,39,-21,21,121.9733704,2234.84837,0.40910688,46,72.875,961.9733704,29242,0.386571616,0.449854881,0.390894145
sub-11,72,2,300,80,14351,20351,21851,44,-36,36,133.9726418,2615.389308,0.707600872,61,441.4166667,973.9726418,20412,0.724799395,0.658842862,0.739160359
sub-11,73,2,60,80,9187,10387,10687,38,-42,42,145.9718181,3042.555151,0.46238931,75,856.5833333,985.9718181,10312,0.355018765,0.479985803,0.552163363
sub-11,74,2,12,60,26328,26508,26628,60,0,0,157.9719944,2382.846994,0.668048143,8,184.875,997.9719944,26500,0.570940733,0.527293324,0.905910373
sub-11,75,2,60,20,1414,1714,2914,36,16,16,169.9710034,3427.929337,0.828979512,45,1217.958333,1009.971003,1669,0.880903423,0.819167018,0.786868095
sub-11,76,2,300,40,16327,19327,23827,42,2,2,181.9709027,2706.054236,0.608967781,3,484.0833333,1021.970903,19330,0.765540838,0.512890935,0.54847157
sub-11,77,2,12,80,29300,29540,29600,58,-22,22,193.970642,2292.512309,0.777512252,43,58.54166667,1033.970642,29583,0.835012972,0.689403892,0.808119893
sub-11,78,2,12,20,3739,3799,4039,39,19,19,205.9700013,3377.053335,0.601261348,13,1131.083333,1045.970001,3812,0.471912891,0.75404346,0.577827692
sub-11,79,2,60,40,1414,2014,2914,34,-6,6,217.9697002,3463.428034,0.6707172,14,1205.458333,1057.9697,2028,0.880903423,0.538607776,0.5926404
sub-11,80,2,60,40,22148,22748,23648,49,9,9,229.9686763,2611.510343,0.754774034,26,341.5416667,1069.968676,22722,0.775133371,0.723107696,0.766081035
sub-11,81,2,60,60,25895,26795,27395,43,-17,17,241.9684831,2454.88515,0.424598813,2,172.9166667,1081.968483,26797,0.452340961,0.406857729,0.41459775
sub-11,82,2,300,80,10273,16273,17773,36,-44,44,253.9683691,2905.301702,0.691866497,5,611.3333333,1093.968369,16268,0.664448321,0.815407932,0.595743239
sub-11,83,2,300,80,20069,26069,27569,52,-28,28,265.9674829,2509.13415,0.472688923,24,203.1666667,1105.967483,26045,0.377250761,0.476390898,0.564425111
sub-11,84,2,60,20,26923,27223,28423,39,19,19,277.9673172,2473.050651,0.611131052,24,155.0833333,1117.967317,27199,0.570710897,0.635133803,0.627548456
sub-11,85,2,300,60,20069,24569,27569,36,-24,24,289.9663542,2595.633021,0.437215209,10,265.6666667,1129.966354,24579,0.377250761,0.376978368,0.557416499
sub-11,86,2,300,20,13458,14958,20958,35,15,15,301.9664382,3008.091438,0.527636826,10,666.125,1141.966438,14948,0.503550649,0.735695601,0.343664229
sub-11,87,2,300,40,12645,15645,20145,42,2,2,313.9658301,2991.46583,0.483331859,79,637.5,1153.96583,15566,0.332550645,0.809746027,0.307698905
sub-11,88,2,12,80,13450,13690,13750,66,-14,14,325.9655823,3084.923916,0.875032147,59,718.9583333,1165.965582,13631,0.881083906,0.851312518,0.892700016
sub-11,89,2,12,80,11565,11805,11865,38,-42,42,337.9652919,3175.465292,0.425252527,29,797.5,1177.965292,11776,0.391443521,0.391761363,0.492552698
sub-11,90,2,12,80,16152,16392,16452,71,-9,9,349.9643006,2996.339301,0.678572257,23,606.375,1189.964301,16369,0.528136969,0.527052999,0.980526805
sub-11,91,2,300,40,19476,22476,26976,45,5,5,361.9642152,2754.839215,0.596290787,49,352.875,1201.964215,22525,0.618891299,0.515366018,0.654615045
sub-11,92,2,300,80,2522,8522,10022,41,-39,39,373.9637448,3348.255411,0.572465211,1,934.2916667,1213.963745,8523,0.40284428,0.546290815,0.768260539
sub-11,93,2,60,40,28296,28896,29796,31,-9,9,385.9633257,2511.338326,0.448978245,24,85.375,1225.963326,28920,0.386571616,0.636950135,0.323412985
sub-11,94,2,60,80,25202,26402,26702,66,-14,14,397.9627304,2627.254397,0.514002681,6,189.2916667,1237.96273,26408,0.380949736,0.542046428,0.619011879
sub-11,95,2,12,40,3739,3859,4039,40,0,0,409.9622706,3578.545604,0.567767153,1,1128.583333,1249.962271,3858,0.471912891,0.49350661,0.737881958
sub-11,96,2,300,20,14066,15566,21566,46,26,26,421.9783198,3102.769986,0.560058008,0,640.7916667,1261.97832,15566,0.427026987,0.875541151,0.377605885
sub-11,97,2,300,80,19988,25988,27488,60,-20,20,433.9777118,2680.519378,0.414776425,1,206.5416667,1273.977712,25987,0.381335378,0.377626181,0.485367715
sub-11,98,2,60,20,22148,22448,23648,33,13,13,445.9771478,2840.018814,0.754350642,77,354.0416667,1285.977148,22525,0.775133371,0.652248144,0.835670412
sub-11,99,2,12,40,15586,15706,15886,48,8,8,457.9768009,3132.935134,0.918003182,140,634.9583333,1297.976801,15566,0.893184006,0.946782351,0.914043188
sub-11,100,2,12,20,26328,26388,26628,65,45,45,469.976939,2699.851939,0.705589493,20,189.875,1309.976939,26408,0.570940733,0.925866604,0.619961143
sub-11,101,2,300,40,22736,25736,30236,54,14,14,481.9762248,2739.017891,0.45551905,43,217.0416667,1321.976225,25779,0.368221045,0.729290605,0.269045502
sub-11,102,2,12,80,21273,21513,21573,56,-24,24,493.9759532,2926.975953,0.761513889,55,393,1333.975953,21458,0.636497259,0.659675717,0.98836869
sub-11,103,2,12,20,25018,25078,25318,36,16,16,505.9756321,2790.433965,0.694239994,8,244.4583333,1345.975632,25086,0.614161015,0.903934419,0.564624548
sub-11,104,2,12,20,14329,14389,14629,59,39,39,517.9751149,3247.808448,0.673224032,0,689.8333333,1357.975115,14389,0.840943217,0.659988642,0.518740237
sub-11,105,2,60,60,22148,23048,23648,39,-21,21,529.9746359,2899.016303,0.64348652,2,329.0416667,1369.974636,23050,0.775133371,0.57852304,0.576803148
sub-11,106,2,12,40,12500,12620,12800,62,22,22,541.973936,3345.515603,0.699443301,90,763.5416667,1381.973936,12530,0.630747199,0.705582559,0.762000144
sub-11,107,2,60,20,4556,4856,6056,35,15,15,553.9583624,3681.000029,0.5157758,62,1087.041667,1393.958362,4918,0.386306763,0.83152318,0.329497457
sub-11,108,2,60,60,9187,10087,10687,53,-7,7,565.9729195,3475.056253,0.391915798,3,869.0833333,1405.97292,10084,0.355018765,0.264911145,0.555817485
sub-11,109,2,60,60,12596,13496,14096,62,2,2,577.9727514,3345.014418,0.679986358,135,727.0416667,1417.972751,13631,0.68969357,0.66709578,0.683169723
sub-11,110,2,60,20,15628,15928,17128,40,20,20,589.971992,3255.680325,0.468310128,36,625.7083333,1429.971992,15892,0.333360583,0.670246482,0.401323318
sub-11,111,2,60,80,14390,15590,15890,64,-16,16,601.9712385,3281.762905,0.87358437,24,639.7916667,1441.971239,15566,0.853619874,0.872111917,0.895021319
sub-11,112,2,60,40,21153,21753,22653,33,-7,7,613.9709582,3036.970958,0.483911614,103,383,1453.970958,21856,0.367980182,0.516567588,0.567187071
sub-11,113,2,12,60,23924,24104,24224,64,4,4,625.9709415,2951.012608,0.661446333,58,285.0416667,1465.970942,24046,0.842187762,0.562097549,0.580053687
sub-11,114,2,60,40,25202,25802,26702,39,-1,1,637.9703733,2892.26204,0.486041149,23,214.2916667,1477.970373,25779,0.380949736,0.502093911,0.575079799
sub-11,115,2,300,20,9381,10881,16881,46,26,26,649.9698179,3525.969818,0.510910342,25,836,1489.969818,10856,0.434503287,0.649891555,0.448336184
sub-11,116,2,60,40,9187,9787,10687,27,-13,13,661.9697355,3583.553069,0.426671376,92,881.5833333,1501.969736,9879,0.355018765,0.344421983,0.58057338
sub-11,117,2,12,60,16152,16332,16452,30,-30,30,673.969129,3322.844129,0.614817361,6,608.875,1513.969129,16338,0.528136969,0.636289001,0.680026114
sub-11,118,2,300,40,14351,17351,21851,37,-3,3,685.9686253,3292.385292,0.538737476,45,566.4166667,1525.968625,17396,0.724799395,0.48977527,0.401637763
sub-11,119,2,60,60,14390,15290,15890,54,-6,6,697.9679362,3390.259603,0.646042486,1,652.2916667,1537.967936,15291,0.853619874,0.5200454,0.564462185
sub-11,120,2,60,20,21153,21453,22653,40,20,20,709.9677807,3145.467781,0.449790001,5,395.5,1549.967781,21458,0.367980182,0.50407207,0.47731775
sub-11,121,3,300,40,14066,17066,21566,55,15,15,1.9712085,3460.262875,0.344607135,77,578.2916667,1681.971209,16989,0.427026987,0.365407616,0.241386801
sub-11,122,3,60,80,10035,11235,11535,24,-56,56,13.9704015,3715.220402,0.52952219,59,821.25,1693.970402,11176,0.404203236,0.707623601,0.476739734
sub-11,123,3,300,60,22736,27236,30236,32,-28,28,25.9704407,3060.512107,0.371524195,35,154.5416667,1705.970441,27271,0.368221045,0.459550083,0.286801457
sub-11,124,3,12,40,26328,26448,26628,72,32,32,37.9694184,3105.344418,0.659053485,13,187.375,1717.969418,26461,0.570940733,0.511222482,0.894997239
sub-11,125,3,12,80,25820,26060,26120,30,-50,50,49.9690952,3133.510762,0.612323423,15,203.5416667,1729.969095,26045,0.514377058,0.79671216,0.525881052
sub-11,126,3,60,60,25202,26102,26702,30,-30,30,61.9684983,3143.760165,0.469284336,2,201.7916667,1741.968498,26100,0.380949736,0.489343941,0.53755933
sub-11,127,3,60,60,26923,27823,28423,60,0,0,73.9681671,3084.0515,0.533475856,67,130.0833333,1753.968167,27756,0.570710897,0.54025805,0.489458621
sub-11,128,3,60,60,11369,12269,12869,40,-20,20,85.9675815,3744.134248,0.516770363,103,778.1666667,1765.967582,12372,0.533274829,0.423333883,0.593702376
sub-11,129,3,12,60,27281,27461,27581,70,10,10,97.9672442,3123.133911,0.479619553,25,145.1666667,1777.967244,27436,0.663646698,0.34283331,0.43237865
sub-11,130,3,60,60,10035,10935,11535,20,-40,40,109.9666644,3823.716664,0.556123992,10,833.75,1789.966664,10925,0.404203236,0.668247223,0.595921516
sub-11,131,3,60,80,15628,16828,17128,60,-20,20,121.9667288,3590.175062,0.489119957,95,588.2083333,1801.966729,16733,0.333360583,0.658514261,0.475485027
sub-11,132,3,300,20,14351,15851,21851,30,10,10,133.9663099,3642.882977,0.711405754,41,628.9166667,1813.96631,15892,0.724799395,0.719285727,0.690132141
sub-11,133,3,300,20,18200,19700,25700,60,40,40,145.9654152,3494.507082,0.59972165,14,468.5416667,1825.965415,19714,0.791362107,0.581895411,0.425907433
sub-11,134,3,12,20,15162,15222,15462,50,30,30,157.9647066,3693.089707,0.781456709,12,655.125,1837.964707,15210,0.925493777,0.715577185,0.703299165
sub-11,135,3,60,80,13176,14376,14676,70,-10,10,169.9644127,3740.339413,0.621318579,13,690.375,1849.964413,14389,0.457795978,0.679272175,0.726887584
sub-11,136,3,60,40,4556,5156,6056,40,0,0,181.9645452,4136.506212,0.507196426,8,1074.541667,1861.964545,5148,0.386306763,0.617104769,0.518177748
sub-11,137,3,12,60,4600,4780,4900,66,6,6,193.9638035,4164.172137,0.778728823,138,1090.208333,1873.963804,4918,0.777784109,0.792999804,0.765402555
sub-11,138,3,300,80,21224,27224,28724,61,-19,19,205.9637144,3241.005381,0.448277911,25,155.0416667,1885.963714,27199,0.495798409,0.28581816,0.563217163
sub-11,139,3,300,20,20069,21569,27569,36,16,16,217.9629875,3488.629654,0.45564116,55,390.6666667,1897.962988,21624,0.377250761,0.34495461,0.644718111
sub-11,140,3,12,60,21800,21980,22100,60,0,0,229.9623805,3483.504047,0.723965764,2,373.5416667,1909.962381,21978,0.736993313,0.71063894,0.724265039
sub-11,141,3,12,40,4600,4720,4900,59,19,19,241.9619688,4214.670302,0.743728856,146,1092.708333,1921.961969,4574,0.777784109,0.756530881,0.696871579
sub-11,142,3,60,80,22148,23348,23648,59,-21,21,253.961783,3450.50345,0.722102066,34,316.5416667,1933.961783,23314,0.775133371,0.607972264,0.783200562
sub-11,143,3,12,20,2486,2546,2786,35,15,15,265.9610589,4329.252726,0.86674879,62,1183.291667,1945.961059,2608,0.802486777,0.984086692,0.8136729
sub-11,144,3,300,80,10518,16518,18018,31,-49,49,277.9609614,3759.085961,0.583597581,20,601.125,1957.960961,16538,0.480903864,0.651504278,0.6183846
sub-11,145,3,12,20,27281,27341,27581,31,11,11,289.960519,3320.127186,0.526739667,6,150.1666667,1969.960519,27335,0.663646698,0.481651872,0.43492043
sub-11,146,3,300,60,18200,22700,25700,69,9,9,301.9600689,3525.501736,0.594278524,22,343.5416667,1981.960069,22722,0.791362107,0.5266366,0.464836866
sub-11,147,3,60,20,3650,3950,5150,25,5,5,313.9595008,4318.751167,0.612051845,31,1124.791667,1993.959501,3919,0.586262465,0.7236588,0.526234269
sub-11,148,3,60,20,17621,17921,19121,21,1,1,325.9590004,3748.625667,0.504270792,40,542.6666667,2005.959,17961,0.321571469,0.687747836,0.503493071
sub-11,149,3,12,60,29300,29480,29600,59,-1,1,337.9583419,3279.000009,0.738899032,27,61.04166667,2017.958342,29453,0.835012972,0.636288166,0.745395958
sub-11,150,3,12,80,15586,15826,15886,55,-25,25,349.9578659,3859.916199,0.912498534,66,629.9583333,2029.957866,15892,0.893184006,0.895874202,0.948437393
sub-11,151,3,12,60,25018,25198,25318,70,10,10,361.9575293,3481.415863,0.434581568,36,239.4583333,2041.957529,25234,0.614161015,0.293974459,0.39560923
sub-11,152,3,300,40,11085,14085,18585,70,30,30,373.9733166,3956.473317,0.520194809,5,702.5,2053.973317,14090,0.403320372,0.590262294,0.56700176
sub-11,153,3,12,80,21800,22040,22100,86,6,6,385.9731652,3637.014832,0.817930579,40,371.0416667,2065.973165,22000,0.736993313,0.733162522,0.983635902
sub-11,154,3,300,60,13557,18057,21057,61,1,1,397.973135,3814.973135,0.403727372,9,537,2077.973135,18066,0.375888646,0.479011238,0.356282234
sub-11,155,3,60,80,16451,17651,17951,69,-11,11,409.9723262,3843.888993,0.503571322,10,553.9166667,2089.972326,17641,0.407732636,0.547998905,0.554982424
sub-11,156,3,60,60,19722,20622,21222,68,8,8,421.9719175,3732.096918,0.376208852,11,430.125,2101.971918,20633,0.266462356,0.304706454,0.557457745
sub-11,157,3,60,80,4556,5756,6056,69,-11,11,433.9713576,4363.513024,0.54880482,27,1049.541667,2113.971358,5729,0.386306763,0.481833637,0.778274059
sub-11,158,3,60,40,26923,27523,28423,68,28,28,445.9711434,3468.554477,0.596408854,1,142.5833333,2125.971143,27524,0.570710897,0.456747562,0.761768103
sub-11,159,3,60,20,11369,11669,12869,21,1,1,457.9705718,4141.137238,0.59856234,26,803.1666667,2137.970572,11643,0.533274829,0.825657547,0.436754644
sub-11,160,3,300,80,12645,18645,20145,41,-39,39,469.9702312,3862.470231,0.354656776,1,512.5,2149.970231,18644,0.332550645,0.508051455,0.223368227
sub-11,161,3,12,20,21273,21333,21573,41,21,21,481.9696144,3762.469614,0.75228552,0,400.5,2161.969614,21333,0.636497259,0.971750498,0.648608804
sub-11,162,3,12,80,15162,15402,15462,61,-19,19,493.9694837,4021.594484,0.809432745,6,647.625,2173.969484,15408,0.925493777,0.761621892,0.741182566
sub-11,163,3,12,40,21800,21920,22100,71,31,31,505.9685159,3762.010183,0.786751767,35,376.0416667,2185.968516,21955,0.736993313,0.82633388,0.796928108
sub-11,164,3,12,80,1602,1842,1902,88,8,8,517.9684404,4610.59344,0.494504452,17,1212.625,2197.96844,1859,0.398957372,0.416479409,0.668076575
sub-11,165,3,12,60,14329,14509,14629,77,17,17,529.9679848,4094.801318,0.697990954,5,684.8333333,2209.967985,14514,0.840943217,0.674068928,0.578960717
sub-11,166,3,300,20,11085,12585,18585,68,48,48,541.9675017,4186.967502,0.483780523,55,765,2221.967502,12530,0.403320372,0.589437604,0.458583593
sub-11,167,3,300,80,22736,28736,30236,30,-50,50,553.9672108,3526.008877,0.429048399,12,92.04166667,2233.967211,28748,0.368221045,0.566889405,0.352034748
sub-11,168,3,300,20,22736,24236,30236,30,10,10,565.96662,3725.508287,0.460771928,36,279.5416667,2245.96662,24200,0.368221045,0.748072684,0.266022056
sub-11,169,3,12,40,29300,29420,29600,52,12,12,577.9660882,3521.507755,0.881912669,33,63.54166667,2257.966088,29453,0.835012972,0.842169046,0.968555987
sub-11,170,3,300,40,1960,4960,9460,60,20,20,589.9653228,4552.673656,0.503999035,42,1082.708333,2269.965323,4918,0.433283031,0.530604362,0.54810971
sub-11,171,3,12,80,26328,26568,26628,58,-22,22,601.9648057,3664.339806,0.682078063,68,182.375,2281.964806,26500,0.570940733,0.554679751,0.920613706
sub-11,172,3,12,40,25820,25940,26120,30,-10,10,613.964523,3702.50619,0.538838178,4,208.5416667,2293.964523,25944,0.514377058,0.630758941,0.471378535
sub-11,173,3,12,80,2486,2726,2786,70,-10,10,625.9638465,4681.755513,0.773491303,41,1175.791667,2305.963847,2767,0.802486777,0.691649318,0.826337814
sub-11,174,3,60,60,4556,5456,6056,60,0,0,637.9637318,4580.005398,0.530113876,122,1062.041667,2317.963732,5334,0.386306763,0.687324226,0.516710639
sub-11,175,3,60,40,15628,16228,17128,30,-10,10,649.9635541,4143.171887,0.469133109,40,613.2083333,2329.963554,16268,0.333360583,0.796540856,0.277497888
sub-11,176,3,12,80,23924,24164,24224,70,-10,10,661.9627574,3824.504424,0.549024999,0,282.5416667,2341.962757,24164,0.842187762,0.403494179,0.401393056
sub-11,177,3,300,20,12645,14145,20145,60,40,40,673.9621449,4253.962145,0.466534972,22,700,2353.962145,14167,0.332550645,0.680825114,0.386229157
sub-11,178,3,60,40,17621,18221,19121,40,0,0,685.9618733,4096.12854,0.401363482,9,530.1666667,2365.961873,18212,0.321571469,0.32369706,0.558821917
sub-11,179,3,300,80,14066,20066,21566,60,-20,20,697.9616654,4031.253332,0.372727503,9,453.2916667,2377.961665,20075,0.427026987,0.356378973,0.334776551
sub-11,180,3,60,40,16451,17051,17951,30,-10,10,709.9610174,4168.877684,0.457817475,62,578.9166667,2389.961017,16989,0.407732636,0.381435901,0.584283888
sub-11,181,4,60,60,13176,14076,14676,62,2,2,1.9743778,4424.849378,0.560014963,14,702.875,2521.974378,14090,0.457795978,0.721336246,0.500912666
sub-11,182,4,60,20,10035,10335,11535,29,9,9,13.9739408,4592.723941,0.528949112,23,858.75,2533.973941,10312,0.404203236,0.763092279,0.41955182
sub-11,183,4,12,60,15162,15342,15462,59,-1,1,25.9580095,4396.08301,0.792497814,1,650.125,2545.95801,15341,0.925493777,0.732884884,0.71911478
sub-11,184,4,60,20,25202,25502,26702,22,2,2,37.9730441,3984.764711,0.481679867,47,226.7916667,2557.973044,25549,0.380949736,0.394988745,0.669101119
sub-11,185,4,300,80,13557,19557,21057,60,-20,20,49.9726109,4244.472611,0.40807276,5,474.5,2569.972611,19562,0.375888646,0.455977142,0.392352492
sub-11,186,4,300,60,14351,18851,21851,40,-20,20,61.9720078,4285.888674,0.678511739,71,503.9166667,2581.972008,18922,0.724799395,0.67871201,0.632023811
sub-11,187,4,300,80,16327,22327,23827,90,10,10,73.9717153,4153.055049,0.80520918,126,359.0833333,2593.971715,22201,0.765540838,0.827244103,0.822842598
sub-11,188,4,300,60,19988,24488,27488,70,10,10,85.9712004,4075.012867,0.365601301,14,269.0416667,2605.9712,24474,0.381335378,0.4435606,0.271907926
sub-11,189,4,60,40,14390,14990,15890,36,-4,4,97.9707615,4482.762428,0.812392155,29,664.7916667,2617.970762,15019,0.853619874,0.803780138,0.779776454
sub-11,190,4,60,20,25895,26195,27395,39,19,19,109.9703548,4027.887021,0.423054596,9,197.9166667,2629.970355,26204,0.452340961,0.406089157,0.41073367
sub-11,191,4,12,20,11565,11625,11865,64,44,44,121.9699232,4646.969923,0.458951463,17,805,2641.969923,11608,0.391443521,0.614788413,0.370622456
sub-11,192,4,60,20,19722,20022,21222,14,-6,6,133.969527,4309.094527,0.411991974,33,455.125,2653.969527,19989,0.266462356,0.699494839,0.270018727
sub-11,193,4,300,60,18922,23422,26422,79,19,19,145.9690922,4179.427426,0.562183181,108,313.4583333,2665.969092,23314,0.454499304,0.605599403,0.626450837
sub-11,194,4,300,80,13458,19458,20958,68,-12,12,157.9685302,4356.59353,0.484519442,23,478.625,2677.96853,19435,0.503550649,0.523809075,0.426198602
sub-11,195,4,12,40,21273,21393,21573,41,1,1,169.9681963,4287.968196,0.748584628,60,398,2689.968196,21333,0.636497259,0.976724505,0.63253212
sub-11,196,4,300,40,9381,12381,16881,58,18,18,181.9677351,4675.467735,0.459073414,9,773.5,2701.967735,12372,0.434503287,0.471244156,0.4714728
sub-11,197,4,300,60,16327,20827,23827,69,9,9,193.9671089,4335.550442,0.762053986,91,421.5833333,2713.967109,20918,0.765540838,0.751691878,0.768929243
sub-11,198,4,12,40,1602,1722,1902,61,21,21,205.9663561,5143.591356,0.569713354,38,1217.625,2725.966356,1760,0.398957372,0.813810945,0.496371746
sub-11,199,4,12,40,11565,11685,11865,57,17,17,217.9661444,4740.466144,0.530226717,12,802.5,2737.966144,11697,0.391443521,0.415040255,0.784196377
sub-11,200,4,60,80,12596,13796,14096,60,-20,20,229.9654772,4664.507144,0.710163554,21,714.5416667,2749.965477,13775,0.68969357,0.766344666,0.674452424
sub-11,201,4,60,40,12596,13196,14096,69,29,29,241.9651491,4701.506816,0.687155823,98,739.5416667,2761.965149,13098,0.68969357,0.741181314,0.630592585
sub-11,202,4,300,40,20069,23069,27569,45,5,5,253.964481,4302.131148,0.468692313,19,328.1666667,2773.964481,23050,0.377250761,0.444087029,0.584739149
sub-11,203,4,12,80,4600,4840,4900,54,-26,26,265.9640608,5073.672394,0.840341111,78,1087.708333,2785.964061,4918,0.777784109,0.808963835,0.934275389
sub-11,204,4,300,60,10518,15018,18018,42,-18,18,277.9632556,4661.588256,0.538457811,1,663.625,2797.963256,15019,0.480903864,0.668780506,0.465689063
sub-11,205,4,12,20,4600,4660,4900,38,18,18,289.9633152,5105.171649,0.807660639,86,1095.208333,2809.963315,4574,0.777784109,0.890741885,0.754455924
sub-11,206,4,300,20,21224,22724,28724,68,48,48,301.9623752,4364.504042,0.506919742,2,342.5416667,2821.962375,22722,0.495798409,0.480357289,0.544603527
sub-11,207,4,60,20,9187,9487,10687,30,10,10,313.9623541,4928.045687,0.434174627,137,894.0833333,2833.962354,9350,0.355018765,0.394263268,0.553241849
sub-11,208,4,300,60,2522,7022,10022,77,17,17,325.961882,5042.753549,0.520361811,4,996.7916667,2845.961882,7018,0.40284428,0.508628964,0.649612188
sub-11,209,4,300,60,1960,6460,9460,69,9,9,337.9618361,5078.170169,0.451823841,48,1020.208333,2857.961836,6412,0.433283031,0.458800852,0.463387638
sub-11,210,4,12,20,17959,18019,18259,32,12,12,349.9613657,4608.544699,0.51661695,47,538.5833333,2869.961366,18066,0.444595844,0.554531097,0.55072391
sub-11,211,4,60,20,13176,13476,14676,18,-2,2,361.9606975,4809.835698,0.627957404,155,727.875,2881.960698,13631,0.457795978,0.929294884,0.496781349
sub-11,212,4,60,80,13942,15142,15442,80,0,0,373.9602819,4752.418615,0.745977561,65,658.4583333,2893.960282,15077,0.617607713,0.667556286,0.952768683
sub-11,213,4,300,40,21224,24224,28724,40,0,0,385.9599029,4386.00157,0.461755127,24,280.0416667,2905.959903,24200,0.495798409,0.400327176,0.489139795
sub-11,214,4,60,60,21153,22053,22653,37,-23,23,397.9595715,4488.459572,0.501651009,49,370.5,2917.959572,22102,0.367980182,0.683279634,0.453693211
sub-11,215,4,12,20,13450,13510,13750,40,20,20,409.959059,4856.417392,0.75796785,121,726.4583333,2929.959059,13631,0.881083906,0.69478333,0.698036313
sub-11,216,4,60,80,11369,12569,12869,81,1,1,421.9752241,4907.641891,0.634420226,39,765.6666667,2941.975224,12530,0.533274829,0.499322087,0.870663762
sub-11,217,4,12,60,11565,11745,11865,61,1,1,433.9747863,4953.974786,0.469659835,31,800,2953.974786,11776,0.391443521,0.720917881,0.296618104
sub-11,218,4,12,80,25018,25258,25318,60,-20,20,445.9744243,4402.932758,0.451532612,24,236.9583333,2965.974424,25234,0.614161015,0.336739153,0.40369767
sub-11,219,4,300,80,19476,25476,26976,70,-10,10,457.9739213,4405.848921,0.696930011,73,227.875,2977.973921,25549,0.618891299,0.667782605,0.80411613
sub-11,220,4,60,60,13942,14842,15442,60,0,0,469.9732193,4860.931553,0.68069917,1,670.9583333,2989.973219,14843,0.617607713,0.727707624,0.696782172
sub-11,221,4,300,60,13458,17958,20958,41,-19,19,481.9730128,4743.098013,0.393604338,3,541.125,3001.973013,17961,0.503550649,0.407887161,0.269375205
sub-11,222,4,60,20,28296,28596,29796,21,1,1,493.9720407,4311.847041,0.49337545,50,97.875,3013.972041,28646,0.386571616,0.598008156,0.495546579
sub-11,223,4,300,80,18922,24922,26422,60,-20,20,505.9717489,4476.930082,0.55417345,88,250.9583333,3025.971749,24834,0.454499304,0.483178377,0.724842668
sub-11,224,4,12,40,25018,25138,25318,70,30,30,517.9711998,4479.929533,0.429841896,52,241.9583333,3037.9712,25086,0.614161015,0.286262631,0.389102042
sub-11,225,4,12,60,25820,26000,26120,31,-29,29,529.9710672,4456.012734,0.513285508,13,206.0416667,3049.971067,25987,0.514377058,0.487244695,0.53823477
sub-11,226,4,12,60,17959,18139,18259,70,10,10,541.9703545,4795.553688,0.479493658,8,533.5833333,3061.970355,18131,0.444595844,0.32675156,0.66713357
sub-11,227,4,300,20,19988,21488,27488,40,20,20,553.9699495,4668.011616,0.378337264,30,394.0416667,3073.96995,21458,0.381335378,0.459869921,0.293806493
sub-11,228,4,12,40,14329,14449,14629,76,36,36,565.9698704,4973.303204,0.659595033,37,687.3333333,3085.96987,14486,0.840943217,0.633674383,0.504167497
sub-11,229,4,300,40,2522,5522,10022,70,30,30,577.969258,5357.260925,0.524214218,111,1059.291667,3097.969258,5633,0.40284428,0.631453753,0.538344622
sub-11,230,4,60,80,19722,20922,21222,80,0,0,589.9688082,4727.593808,0.439013958,4,417.625,3109.968808,20918,0.266462356,0.252884895,0.797694623
sub-11,231,4,12,60,1602,1782,1902,68,8,8,601.9685034,5537.093503,0.502100398,6,1215.125,3121.968503,1788,0.398957372,0.396219879,0.711123943
sub-11,232,4,300,60,9381,13881,16881,70,10,10,613.9673036,5044.967304,0.506161819,46,711,3133.967304,13927,0.434503287,0.60319519,0.480786979
sub-11,233,4,60,40,11369,11969,12869,59,19,19,625.9676195,5136.634286,0.598558346,17,790.6666667,3145.96762,11952,0.533274829,0.519994318,0.742405891
sub-11,234,4,60,40,25895,26495,27395,38,-2,2,637.9672092,4543.383876,0.440994372,5,185.4166667,3157.967209,26500,0.452340961,0.432447374,0.438194782
sub-11,235,4,60,60,16451,17351,17951,70,10,10,649.9661412,4936.382808,0.515537073,45,566.4166667,3169.966141,17396,0.407732636,0.52406621,0.614812374
sub-11,236,4,300,20,18922,20422,26422,33,13,13,661.9657682,4820.424102,0.554572781,10,438.4583333,3181.965768,20412,0.454499304,0.502740145,0.706478894
sub-11,237,4,12,60,15586,15766,15886,58,-2,2,673.9651361,5026.423469,0.91404591,126,632.4583333,3193.965136,15892,0.893184006,0.910675526,0.938278198
sub-11,238,4,300,40,13557,16557,21057,20,-20,20,685.9649386,5005.464939,0.421245933,19,599.5,3205.964939,16538,0.375888646,0.617102027,0.270747125
sub-11,239,4,12,80,12500,12740,12800,70,-10,10,697.9643948,5176.506061,0.690956732,41,758.5416667,3217.964395,12781,0.630747199,0.693621397,0.748501599
sub-11,240,4,60,80,1414,2614,2914,69,-11,11,709.9639185,5610.422252,0.893087606,6,1180.458333,3229.963919,2608,0.880903423,0.898732543,0.899626851
sub-12,1,1,60,60,9187,10087,10687,40,-20,20,1.9788537,2071.062187,0.391915798,3,869.0833333,1.9788537,10084,0.355018765,0.264911145,0.555817485
sub-12,2,1,300,60,16327,20827,23827,50,-10,10,13.9785468,1635.56188,0.762053986,91,421.5833333,13.9785468,20918,0.765540838,0.751691878,0.768929243
sub-12,3,1,60,80,15628,16828,17128,90,10,10,25.9779391,1814.186272,0.489119957,95,588.2083333,25.9779391,16733,0.333360583,0.658514261,0.475485027
sub-12,4,1,60,20,9187,9487,10687,30,10,10,37.9773615,2132.060695,0.434174627,137,894.0833333,37.9773615,9350,0.355018765,0.394263268,0.553241849
sub-12,5,1,300,60,14066,18566,21566,70,10,10,49.9770674,1765.768734,0.421460688,20,515.7916667,49.9770674,18586,0.427026987,0.550489068,0.286866009
sub-12,6,1,12,20,15162,15222,15462,70,50,50,61.9763386,1917.101339,0.781456709,12,655.125,61.9763386,15210,0.925493777,0.715577185,0.703299165
sub-12,7,1,60,80,28296,29496,29796,50,-30,30,73.976227,1334.351227,0.378579348,43,60.375,73.976227,29453,0.386571616,0.422424734,0.326741695
sub-12,8,1,300,40,18200,21200,25700,40,0,0,85.975654,1692.017321,0.613909702,5,406.0416667,85.975654,21195,0.791362107,0.579749107,0.47061789
sub-12,9,1,12,80,21800,22040,22100,80,0,0,97.9752191,1669.016886,0.817930579,40,371.0416667,97.9752191,22000,0.736993313,0.733162522,0.983635902
sub-12,10,1,300,40,13557,16557,21057,50,10,10,109.974767,1909.474767,0.421245933,19,599.5,109.974767,16538,0.375888646,0.617102027,0.270747125
sub-12,11,1,300,80,13557,19557,21057,68,-12,12,121.976164,1796.476164,0.40807276,5,474.5,121.976164,19562,0.375888646,0.455977142,0.392352492
sub-12,12,1,60,80,11369,12569,12869,69,-11,11,133.9756793,2099.642346,0.634420226,39,765.6666667,133.9756793,12530,0.533274829,0.499322087,0.870663762
sub-12,13,1,300,80,21224,27224,28724,59,-21,21,145.9735258,1501.015192,0.448277911,25,155.0416667,145.9735258,27199,0.495798409,0.28581816,0.563217163
sub-12,14,1,300,20,18922,20422,26422,60,40,40,157.9730206,1796.431354,0.554572781,10,438.4583333,157.9730206,20412,0.454499304,0.502740145,0.706478894
sub-12,15,1,12,20,25820,25880,26120,60,40,40,169.9725588,1581.014225,0.628588279,11,211.0416667,169.9725588,25891,0.514377058,0.79674089,0.57464689
sub-12,16,1,12,40,11565,11685,11865,70,30,30,181.9720925,2184.472093,0.530226717,12,802.5,181.9720925,11697,0.391443521,0.415040255,0.784196377
sub-12,17,1,12,20,16152,16212,16452,40,20,20,193.9714156,2007.846416,0.670652241,56,613.875,193.9714156,16268,0.528136969,0.987549484,0.496270269
sub-12,18,1,300,20,10273,11773,17773,20,0,0,205.9710429,2204.804376,0.671569288,3,798.8333333,205.9710429,11776,0.664448321,0.659815192,0.69044435
sub-12,19,1,12,20,4600,4660,4900,30,10,10,217.9707355,2513.179069,0.807660639,86,1095.208333,217.9707355,4574,0.777784109,0.890741885,0.754455924
sub-12,20,1,12,80,16152,16392,16452,70,-10,10,229.9716721,2036.346672,0.678572257,23,606.375,229.9716721,16369,0.528136969,0.527052999,0.980526805
sub-12,21,1,300,40,16327,19327,23827,68,28,28,241.9697668,1926.0531,0.608967781,3,484.0833333,241.9697668,19330,0.765540838,0.512890935,0.54847157
sub-12,22,1,60,20,25202,25502,26702,40,20,20,253.9693851,1680.761052,0.481679867,47,226.7916667,253.9693851,25549,0.380949736,0.394988745,0.669101119
sub-12,23,1,12,40,15162,15282,15462,60,20,20,265.9686543,2118.593654,0.778266191,9,652.625,265.9686543,15291,0.925493777,0.706873059,0.702431738
sub-12,24,1,60,80,4556,5756,6056,64,-16,16,277.9679368,2527.509603,0.54880482,27,1049.541667,277.9679368,5729,0.386306763,0.481833637,0.778274059
sub-12,25,1,12,80,14329,14569,14629,60,-20,20,289.9679035,2172.301237,0.670945783,6,682.3333333,289.9679035,14563,0.840943217,0.651862442,0.520031691
sub-12,26,1,300,40,20069,23069,27569,70,30,30,301.9674803,1830.134147,0.468692313,19,328.1666667,301.9674803,23050,0.377250761,0.444087029,0.584739149
sub-12,27,1,60,20,21153,21453,22653,27,7,7,313.9668125,1909.466813,0.449790001,5,395.5,313.9668125,21458,0.367980182,0.50407207,0.47731775
sub-12,28,1,60,60,17621,18521,19121,60,0,0,325.9663741,2043.633041,0.464502672,38,517.6666667,325.9663741,18483,0.321571469,0.702765763,0.369170785
sub-12,29,1,60,80,16451,17651,17951,50,-30,30,337.9659798,2091.882646,0.503571322,10,553.9166667,337.9659798,17641,0.407732636,0.547998905,0.554982424
sub-12,30,1,60,40,21153,21753,22653,40,0,0,349.9656381,1932.965638,0.483911614,103,383,349.9656381,21856,0.367980182,0.516567588,0.567187071
sub-12,31,1,60,40,28296,28896,29796,32,-8,8,361.9647669,1647.339767,0.448978245,24,85.375,361.9647669,28920,0.386571616,0.636950135,0.323412985
sub-12,32,1,12,20,15586,15646,15886,50,30,30,373.964142,2211.422475,0.922746738,80,637.4583333,373.964142,15566,0.893184006,0.971495926,0.903560281
sub-12,33,1,60,60,10035,10935,11535,40,-20,20,385.9640492,2419.714049,0.556123992,10,833.75,385.9640492,10925,0.404203236,0.668247223,0.595921516
sub-12,34,1,300,40,10273,13273,17773,30,-10,10,397.9637805,2334.297114,0.584628761,175,736.3333333,397.9637805,13098,0.664448321,0.636629224,0.452808738
sub-12,35,1,300,20,14351,15851,21851,40,20,20,409.9629432,2238.87961,0.711405754,41,628.9166667,409.9629432,15892,0.724799395,0.719285727,0.690132141
sub-12,36,1,60,60,21153,22053,22653,40,-20,20,421.9793228,1992.479323,0.501651009,49,370.5,421.9793228,22102,0.367980182,0.683279634,0.453693211
sub-12,37,1,60,40,15628,16228,17128,60,20,20,433.9791323,2247.187466,0.469133109,40,613.2083333,433.9791323,16268,0.333360583,0.796540856,0.277497888
sub-12,38,1,60,40,9187,9787,10687,68,28,28,445.9787558,2527.562089,0.426671376,92,881.5833333,445.9787558,9879,0.355018765,0.344421983,0.58057338
sub-12,39,1,12,20,12500,12560,12800,37,17,17,457.9782872,2424.019954,0.644854168,30,766.0416667,457.9782872,12530,0.630747199,0.695603549,0.608211756
sub-12,40,1,300,20,10518,12018,18018,30,10,10,469.97772,2458.60272,0.523449163,66,788.625,469.97772,11952,0.480903864,0.692685187,0.396758437
sub-12,41,1,12,60,4600,4780,4900,61,1,1,481.9772949,2772.185628,0.778728823,138,1090.208333,481.9772949,4918,0.777784109,0.792999804,0.765402555
sub-12,42,1,12,20,13450,13510,13750,50,30,30,493.9768206,2420.435154,0.75796785,121,726.4583333,493.9768206,13631,0.881083906,0.69478333,0.698036313
sub-12,43,1,12,80,25820,26060,26120,39,-41,41,505.9778879,1909.519555,0.612323423,15,203.5416667,505.9778879,26045,0.514377058,0.79671216,0.525881052
sub-12,44,1,60,20,28296,28596,29796,37,17,17,517.9759086,1815.850909,0.49337545,50,97.875,517.9759086,28646,0.386571616,0.598008156,0.495546579
sub-12,45,1,12,60,2486,2666,2786,59,-1,1,529.9754479,2908.267115,0.783421795,58,1178.291667,529.9754479,2608,0.802486777,0.707484126,0.84029448
sub-12,46,1,60,80,13176,14376,14676,68,-12,12,541.9750331,2432.350033,0.621318579,13,690.375,541.9750331,14389,0.457795978,0.679272175,0.726887584
sub-12,47,1,12,60,21800,21980,22100,60,0,0,553.974026,2127.515693,0.723965764,2,373.5416667,553.974026,21978,0.736993313,0.71063894,0.724265039
sub-12,48,1,300,60,9381,13881,16881,68,8,8,565.9738546,2476.973855,0.506161819,46,711,565.9738546,13927,0.434503287,0.60319519,0.480786979
sub-12,49,1,300,80,10273,16273,17773,38,-42,42,577.9730887,2389.306422,0.691866497,5,611.3333333,577.9730887,16268,0.664448321,0.815407932,0.595743239
sub-12,50,1,300,20,13557,15057,21057,34,14,14,589.9725207,2451.972521,0.468338192,20,662,589.9725207,15077,0.375888646,0.523104906,0.506021023
sub-12,51,1,12,60,13450,13630,13750,45,-15,15,601.9721408,2523.430474,0.860371133,1,721.4583333,601.9721408,13631,0.881083906,0.862820923,0.837208569
sub-12,52,1,12,20,27281,27341,27581,41,21,21,613.9718586,1964.138525,0.526739667,6,150.1666667,613.9718586,27335,0.663646698,0.481651872,0.43492043
sub-12,53,1,300,20,1960,3460,9460,39,19,19,625.9716282,2971.179962,0.416565597,5,1145.208333,625.9716282,3465,0.433283031,0.312170625,0.504243135
sub-12,54,1,300,80,18200,24200,25700,40,-40,40,637.971464,2119.013131,0.666384419,0,281.0416667,637.971464,24200,0.791362107,0.576158345,0.631632805
sub-12,55,1,60,80,9187,10387,10687,69,-11,11,649.9708955,2706.554229,0.46238931,75,856.5833333,649.9708955,10312,0.355018765,0.479985803,0.552163363
sub-12,56,1,300,80,1960,7960,9460,70,-10,10,661.9706779,2819.679011,0.374507785,21,957.7083333,661.9706779,7981,0.433283031,0.393522233,0.296718091
sub-12,57,1,300,80,10518,16518,18018,60,-20,20,673.970063,2475.095063,0.583597581,20,601.125,673.970063,16538,0.480903864,0.651504278,0.6183846
sub-12,58,1,60,20,1414,1714,2914,42,22,22,685.9694857,3103.927819,0.828979512,45,1217.958333,685.9694857,1669,0.880903423,0.819167018,0.786868095
sub-12,59,1,300,60,12645,17145,20145,34,-26,26,697.9689283,2472.968928,0.306706463,112,575,697.9689283,17257,0.332550645,0.347516209,0.240052536
sub-12,60,1,300,20,21224,22724,28724,53,33,33,709.9686174,2252.510284,0.506919742,2,342.5416667,709.9686174,22722,0.495798409,0.480357289,0.544603527
sub-12,61,2,300,20,11085,12585,18585,67,47,47,1.9735128,2806.973513,0.483780523,55,765,841.9735128,12530,0.403320372,0.589437604,0.458583593
sub-12,62,2,60,80,25895,27095,27395,81,1,1,13.9566237,2214.37329,0.475009968,60,160.4166667,853.9566237,27155,0.452340961,0.490531057,0.482157886
sub-12,63,2,12,60,25820,26000,26120,68,8,8,25.9721677,2272.013834,0.513285508,13,206.0416667,865.9721677,25987,0.514377058,0.487244695,0.53823477
sub-12,64,2,12,60,1602,1782,1902,69,9,9,37.9720488,3293.097049,0.502100398,6,1215.125,877.9720488,1788,0.398957372,0.396219879,0.711123943
sub-12,65,2,300,40,10518,13518,18018,29,-11,11,49.9715883,2816.096588,0.473818123,113,726.125,889.9715883,13631,0.480903864,0.551914155,0.388636351
sub-12,66,2,300,60,18922,23422,26422,69,9,9,61.971403,2415.429736,0.562183181,108,313.4583333,901.971403,23314,0.454499304,0.605599403,0.626450837
sub-12,67,2,300,60,19988,24488,27488,60,0,0,73.9708589,2383.012526,0.365601301,14,269.0416667,913.9708589,24474,0.381335378,0.4435606,0.271907926
sub-12,68,2,12,20,1602,1662,1902,40,20,20,85.9705237,3346.095524,0.562841068,7,1220.125,925.9705237,1669,0.398957372,0.83936286,0.450202972
sub-12,69,2,300,60,1960,6460,9460,69,9,9,97.9695135,3158.177847,0.451823841,48,1020.208333,937.9695135,6412,0.433283031,0.458800852,0.463387638
sub-12,70,2,300,60,13458,17958,20958,49,-11,11,109.9690895,2691.09409,0.393604338,3,541.125,949.9690895,17961,0.503550649,0.407887161,0.269375205
sub-12,71,2,300,40,19476,22476,26976,62,22,22,121.9691509,2514.844151,0.596290787,49,352.875,961.9691509,22525,0.618891299,0.515366018,0.654615045
sub-12,72,2,60,20,15628,15928,17128,71,51,51,133.9686639,2799.676997,0.468310128,36,625.7083333,973.9686639,15892,0.333360583,0.670246482,0.401323318
sub-12,73,2,60,60,26923,27823,28423,61,1,1,145.9677232,2316.051057,0.533475856,67,130.0833333,985.9677232,27756,0.570710897,0.54025805,0.489458621
sub-12,74,2,300,80,18922,24922,26422,70,-10,10,157.9677704,2448.926104,0.55417345,88,250.9583333,997.9677704,24834,0.454499304,0.483178377,0.724842668
sub-12,75,2,60,60,3650,4550,5150,67,7,7,169.9672329,3309.7589,0.541496128,24,1099.791667,1009.967233,4574,0.586262465,0.423998445,0.614227474
sub-12,76,2,12,20,3739,3799,4039,40,20,20,181.9668554,3353.050189,0.601261348,13,1131.083333,1021.966855,3812,0.471912891,0.75404346,0.577827692
sub-12,77,2,300,40,22736,25736,30236,70,30,30,193.9664093,2451.008076,0.45551905,43,217.0416667,1033.966409,25779,0.368221045,0.729290605,0.269045502
sub-12,78,2,60,80,26923,28123,28423,62,-18,18,205.9659512,2363.549285,0.54487892,43,117.5833333,1045.965951,28166,0.570710897,0.571867824,0.492058039
sub-12,79,2,12,80,12500,12740,12800,60,-20,20,217.9655349,3016.507202,0.690956732,41,758.5416667,1057.965535,12781,0.630747199,0.693621397,0.748501599
sub-12,80,2,300,60,10273,14773,17773,40,-20,20,229.965129,2943.798462,0.538562953,6,673.8333333,1069.965129,14779,0.664448321,0.543266654,0.407973886
sub-12,81,2,12,40,29300,29420,29600,68,28,28,241.9645232,2345.50619,0.881912669,33,63.54166667,1081.964523,29453,0.835012972,0.842169046,0.968555987
sub-12,82,2,12,40,14329,14449,14629,60,20,20,253.9637963,2981.29713,0.659595033,37,687.3333333,1093.963796,14486,0.840943217,0.633674383,0.504167497
sub-12,83,2,12,40,21800,21920,22100,57,17,17,265.9633793,2682.005046,0.786751767,35,376.0416667,1105.963379,21955,0.736993313,0.82633388,0.796928108
sub-12,84,2,60,60,1414,2314,2914,36,-24,24,277.9629697,3510.921303,0.553229103,101,1192.958333,1117.96297,2213,0.880903423,0.367280275,0.411503613
sub-12,85,2,12,20,26328,26388,26628,42,22,22,289.9625284,2519.837528,0.705589493,20,189.875,1129.962528,26408,0.570940733,0.925866604,0.619961143
sub-12,86,2,60,80,10035,11235,11535,39,-41,41,301.962066,3163.212066,0.52952219,59,821.25,1141.962066,11176,0.404203236,0.707623601,0.476739734
sub-12,87,2,300,80,22736,28736,30236,41,-39,39,313.9618779,2446.003545,0.429048399,12,92.04166667,1153.961878,28748,0.368221045,0.566889405,0.352034748
sub-12,88,2,300,60,10518,15018,18018,41,-19,19,325.9613726,3029.586373,0.538457811,1,663.625,1165.961373,15019,0.480903864,0.668780506,0.465689063
sub-12,89,2,12,80,3739,3979,4039,80,0,0,337.960858,3501.544191,0.605181605,60,1123.583333,1177.960858,3919,0.471912891,0.445872188,0.897759736
sub-12,90,2,60,40,4556,5156,6056,62,22,22,349.960533,3464.5022,0.507196426,8,1074.541667,1189.960533,5148,0.386306763,0.617104769,0.518177748
sub-12,91,2,60,60,13942,14842,15442,51,-9,9,361.9598548,3072.918188,0.68069917,1,670.9583333,1201.959855,14843,0.617607713,0.727707624,0.696782172
sub-12,92,2,300,20,22736,24236,30236,39,19,19,373.9595237,2693.50119,0.460771928,36,279.5416667,1213.959524,24200,0.368221045,0.748072684,0.266022056
sub-12,93,2,12,60,3739,3919,4039,69,9,9,385.9588329,3552.042166,0.611491134,0,1126.083333,1225.958833,3919,0.471912891,0.509016752,0.853543758
sub-12,94,2,300,80,14351,20351,21851,40,-40,40,397.9750403,2879.391707,0.707600872,61,441.4166667,1237.97504,20412,0.724799395,0.658842862,0.739160359
sub-12,95,2,12,20,25018,25078,25318,31,11,11,409.9747074,2694.433041,0.694239994,8,244.4583333,1249.974707,25086,0.614161015,0.903934419,0.564624548
sub-12,96,2,60,80,19722,20922,21222,70,-10,10,421.9743557,2879.599356,0.439013958,4,417.625,1261.974356,20918,0.266462356,0.252884895,0.797694623
sub-12,97,2,12,80,25018,25258,25318,70,-10,10,433.9739412,2710.932275,0.451532612,24,236.9583333,1273.973941,25234,0.614161015,0.336739153,0.40369767
sub-12,98,2,12,40,4600,4720,4900,38,-2,2,445.9574779,3578.665811,0.743728856,146,1092.708333,1285.957478,4574,0.777784109,0.756530881,0.696871579
sub-12,99,2,60,40,12596,13196,14096,60,20,20,457.9750587,3237.516725,0.687155823,98,739.5416667,1297.975059,13098,0.68969357,0.741181314,0.630592585
sub-12,100,2,60,60,11369,12269,12869,63,3,3,469.9726782,3288.139345,0.516770363,103,778.1666667,1309.972678,12372,0.533274829,0.423333883,0.593702376
sub-12,101,2,60,40,1414,2014,2914,35,-5,5,481.9720313,3727.430365,0.6707172,14,1205.458333,1321.972031,2028,0.880903423,0.538607776,0.5926404
sub-12,102,2,300,60,22736,27236,30236,61,1,1,493.9713586,2688.513025,0.371524195,35,154.5416667,1333.971359,27271,0.368221045,0.459550083,0.286801457
sub-12,103,2,60,40,11369,11969,12869,60,20,20,505.9708168,3336.637483,0.598558346,17,790.6666667,1345.970817,11952,0.533274829,0.519994318,0.742405891
sub-12,104,2,12,40,12500,12620,12800,60,20,20,517.9702425,3321.511909,0.699443301,90,763.5416667,1357.970243,12530,0.630747199,0.705582559,0.762000144
sub-12,105,2,12,40,26328,26448,26628,70,30,30,529.9699753,2757.344975,0.659053485,13,187.375,1369.969975,26461,0.570940733,0.511222482,0.894997239
sub-12,106,2,60,20,12596,12896,14096,41,21,21,541.9694682,3334.011135,0.754556278,29,752.0416667,1381.969468,12867,0.68969357,0.889180124,0.684795141
sub-12,107,2,300,60,16072,20572,23572,70,10,10,553.9688982,3026.177232,0.599707007,7,432.2083333,1393.968898,20579,0.699183166,0.522151589,0.577786267
sub-12,108,2,12,80,4600,4840,4900,34,-46,46,565.9686066,3693.67694,0.840341111,78,1087.708333,1405.968607,4918,0.777784109,0.808963835,0.934275389
sub-12,109,2,60,80,3650,4850,5150,60,-20,20,577.9684993,3705.260166,0.569860439,68,1087.291667,1417.968499,4918,0.586262465,0.485696733,0.637622118
sub-12,110,2,12,80,29300,29540,29600,61,-19,19,589.9681,2688.509767,0.777512252,43,58.54166667,1429.9681,29583,0.835012972,0.689403892,0.808119893
sub-12,111,2,60,60,28296,29196,29796,40,-20,20,601.9669595,2714.84196,0.40910688,46,72.875,1441.96696,29242,0.386571616,0.449854881,0.390894145
sub-12,112,2,12,20,21800,21860,22100,61,41,41,613.9671083,3032.508775,0.779317856,4,378.5416667,1453.967108,21856,0.736993313,0.798989177,0.801971078
sub-12,113,2,300,80,16327,22327,23827,70,-10,10,625.9662593,3025.049593,0.80520918,126,359.0833333,1465.966259,22201,0.765540838,0.827244103,0.822842598
sub-12,114,2,300,80,9381,15381,16881,71,-9,9,637.9656248,3326.465625,0.462941974,27,648.5,1477.965625,15408,0.434503287,0.516384661,0.437937975
sub-12,115,2,300,80,2522,8522,10022,39,-41,41,649.965647,3624.257314,0.572465211,1,934.2916667,1489.965647,8523,0.40284428,0.546290815,0.768260539
sub-12,116,2,300,80,11085,17085,18585,39,-41,41,661.9654433,3279.465443,0.411512583,96,577.5,1501.965443,16989,0.403320372,0.387581944,0.443635434
sub-12,117,2,12,60,15586,15766,15886,70,10,10,673.9646001,3346.422933,0.91404591,126,632.4583333,1513.9646,15892,0.893184006,0.910675526,0.938278198
sub-12,118,2,300,40,14351,17351,21851,57,17,17,685.9639835,3292.38065,0.538737476,45,566.4166667,1525.963984,17396,0.724799395,0.48977527,0.401637763
sub-12,119,2,300,60,13557,18057,21057,58,-2,2,697.9640351,3274.964035,0.403727372,9,537,1537.964035,18066,0.375888646,0.479011238,0.356282234
sub-12,120,2,300,20,16327,17827,23827,61,41,41,709.9635924,3296.546926,0.514019489,21,546.5833333,1549.963592,17806,0.765540838,0.39063096,0.385886669
sub-12,121,3,300,60,20069,24569,27569,70,10,10,1.9745291,3147.641196,0.437215209,10,265.6666667,1681.974529,24579,0.377250761,0.376978368,0.557416499
sub-12,122,3,300,20,13458,14958,20958,32,12,12,13.9742917,3560.099292,0.527636826,10,666.125,1693.974292,14948,0.503550649,0.735695601,0.343664229
sub-12,123,3,60,20,11369,11669,12869,33,13,13,25.9740005,3709.140667,0.59856234,26,803.1666667,1705.974001,11643,0.533274829,0.825657547,0.436754644
sub-12,124,3,12,20,21273,21333,21573,40,20,20,37.9735227,3318.473523,0.75228552,0,400.5,1717.973523,21333,0.636497259,0.971750498,0.648608804
sub-12,125,3,12,80,23924,24164,24224,60,-20,20,49.9721838,3212.51385,0.549024999,0,282.5416667,1729.972184,24164,0.842187762,0.403494179,0.401393056
sub-12,126,3,300,20,14066,15566,21566,32,12,12,61.9726243,3582.764291,0.560058008,0,640.7916667,1741.972624,15566,0.427026987,0.875541151,0.377605885
sub-12,127,3,60,20,13942,14242,15442,30,10,10,73.9718865,3649.93022,0.736333648,21,695.9583333,1753.971887,14221,0.617607713,0.858845234,0.732547998
sub-12,128,3,12,80,26328,26568,26628,60,-20,20,85.9715979,3148.346598,0.682078063,68,182.375,1765.971598,26500,0.570940733,0.554679751,0.920613706
sub-12,129,3,60,60,16451,17351,17951,60,0,0,97.970555,3544.387222,0.515537073,45,566.4166667,1777.970555,17396,0.407732636,0.52406621,0.614812374
sub-12,130,3,12,40,21273,21393,21573,40,0,0,109.9702179,3387.970218,0.748584628,60,398,1789.970218,21333,0.636497259,0.976724505,0.63253212
sub-12,131,3,60,60,13176,14076,14676,70,10,10,121.9697262,3704.844726,0.560014963,14,702.875,1801.969726,14090,0.457795978,0.721336246,0.500912666
sub-12,132,3,12,20,14329,14389,14629,67,47,47,133.9699785,3703.803312,0.673224032,0,689.8333333,1813.969979,14389,0.840943217,0.659988642,0.518740237
sub-12,133,3,12,80,11565,11805,11865,50,-30,30,145.969069,3823.469069,0.425252527,29,797.5,1825.969069,11776,0.391443521,0.391761363,0.492552698
sub-12,134,3,60,20,14390,14690,15890,44,24,24,157.968639,3715.260306,0.652103245,10,677.2916667,1837.968639,14700,0.853619874,0.504358649,0.598331213
sub-12,135,3,12,80,15162,15402,15462,58,-22,22,169.9682424,3697.593242,0.809432745,6,647.625,1849.968242,15408,0.925493777,0.761621892,0.741182566
sub-12,136,3,12,40,17959,18079,18259,43,3,3,181.9678072,3598.051141,0.529117078,13,536.0833333,1861.967807,18066,0.444595844,0.393297553,0.749457836
sub-12,137,3,60,40,17621,18221,19121,60,20,20,193.9672197,3604.133886,0.401363482,9,530.1666667,1873.96722,18212,0.321571469,0.32369706,0.558821917
sub-12,138,3,12,80,27281,27521,27581,50,-30,30,205.9667913,3228.633458,0.484808634,3,142.6666667,1885.966791,27524,0.663646698,0.356698692,0.434080511
sub-12,139,3,12,20,17959,18019,18259,48,28,28,217.9662762,3636.54961,0.51661695,47,538.5833333,1897.966276,18066,0.444595844,0.554531097,0.55072391
sub-12,140,3,300,40,12645,15645,20145,51,11,11,229.9659525,3747.465953,0.483331859,79,637.5,1909.965953,15566,0.332550645,0.809746027,0.307698905
sub-12,141,3,60,20,16451,16751,17951,48,28,28,241.9657229,3713.38239,0.541294883,18,591.4166667,1921.965723,16733,0.407732636,0.724357009,0.491795003
sub-12,142,3,300,80,13458,19458,20958,54,-26,26,253.9652776,3612.590278,0.484519442,23,478.625,1933.965278,19435,0.503550649,0.523809075,0.426198602
sub-12,143,3,300,40,9381,12381,16881,61,21,21,265.964453,3919.464453,0.459073414,9,773.5,1945.964453,12372,0.434503287,0.471244156,0.4714728
sub-12,144,3,300,20,16072,17572,23572,60,40,40,277.9644376,3715.172771,0.445263386,54,557.2083333,1957.964438,17518,0.699183166,0.346642971,0.28996402
sub-12,145,3,12,60,17959,18139,18259,60,0,0,289.9639435,3703.547277,0.479493658,8,533.5833333,1969.963944,18131,0.444595844,0.32675156,0.66713357
sub-12,146,3,12,40,1602,1722,1902,70,30,30,301.9633541,4399.588354,0.569713354,38,1217.625,1981.963354,1760,0.398957372,0.813810945,0.496371746
sub-12,147,3,60,40,19722,20322,21222,39,-1,1,313.9629035,3636.587904,0.371791154,90,442.625,1993.962904,20412,0.266462356,0.429634243,0.419276863
sub-12,148,3,300,40,1960,4960,9460,70,30,30,325.9622294,4288.670563,0.503999035,42,1082.708333,2005.962229,4918,0.433283031,0.530604362,0.54810971
sub-12,149,3,60,40,26923,27523,28423,60,20,20,337.9621454,3360.545479,0.596408854,1,142.5833333,2017.962145,27524,0.570710897,0.456747562,0.761768103
sub-12,150,3,12,60,14329,14509,14629,69,9,9,349.9616298,3914.794963,0.697990954,5,684.8333333,2029.96163,14514,0.840943217,0.674068928,0.578960717
sub-12,151,3,300,40,16072,19072,23572,70,30,30,361.9610598,3736.669393,0.601840854,51,494.7083333,2041.96106,19021,0.699183166,0.517898381,0.588441014
sub-12,152,3,60,20,4556,4856,6056,30,10,10,373.9605996,4341.002266,0.5157758,62,1087.041667,2053.9606,4918,0.386306763,0.83152318,0.329497457
sub-12,153,3,300,40,21224,24224,28724,69,29,29,385.9603159,3546.001983,0.461755127,24,280.0416667,2065.960316,24200,0.495798409,0.400327176,0.489139795
sub-12,154,3,12,60,12500,12680,12800,42,-18,18,397.9598871,4039.001554,0.69880573,101,761.0416667,2077.959887,12781,0.630747199,0.732289791,0.733380198
sub-12,155,3,12,60,16152,16332,16452,42,-18,18,409.9595446,3898.834545,0.614817361,6,608.875,2089.959545,16338,0.528136969,0.636289001,0.680026114
sub-12,156,3,12,60,25018,25198,25318,70,10,10,421.9754742,3541.433808,0.434581568,36,239.4583333,2101.975474,25234,0.614161015,0.293974459,0.39560923
sub-12,157,3,12,20,2486,2546,2786,40,20,20,433.9752256,4497.266892,0.86674879,62,1183.291667,2113.975226,2608,0.802486777,0.984086692,0.8136729
sub-12,158,3,60,60,12596,13496,14096,30,-30,30,445.9746305,4053.016297,0.679986358,135,727.0416667,2125.974631,13631,0.68969357,0.66709578,0.683169723
sub-12,159,3,300,60,11085,15585,18585,70,10,10,457.974274,3977.974274,0.512025793,19,640,2137.974274,15566,0.403320372,0.5605762,0.572180808
sub-12,160,3,60,40,22148,22748,23648,70,30,30,469.973978,3691.515645,0.754774034,26,341.5416667,2149.973978,22722,0.775133371,0.723107696,0.766081035
sub-12,161,3,300,80,19988,25988,27488,41,-39,39,481.9732405,3568.514907,0.414776425,1,206.5416667,2161.973241,25987,0.381335378,0.377626181,0.485367715
sub-12,162,3,60,40,13176,13776,14676,40,0,0,493.9726338,4089.347634,0.604968309,1,715.375,2173.972634,13775,0.457795978,0.853265524,0.503843427
sub-12,163,3,300,20,12645,14145,20145,67,47,47,505.9724397,4085.97244,0.466534972,22,700,2185.97244,14167,0.332550645,0.680825114,0.386229157
sub-12,164,3,60,80,1414,2614,2914,60,-20,20,517.9717361,4578.430069,0.893087606,6,1180.458333,2197.971736,2608,0.880903423,0.898732543,0.899626851
sub-12,165,3,300,80,16072,22072,23572,71,-9,9,529.9713883,3779.679722,0.690731823,30,369.7083333,2209.971388,22102,0.699183166,0.625260174,0.74775213
sub-12,166,3,300,80,12645,18645,20145,56,-24,24,541.9710933,3934.471093,0.354656776,1,512.5,2221.971093,18644,0.332550645,0.508051455,0.223368227
sub-12,167,3,12,20,11565,11625,11865,40,20,20,553.9701969,4238.970197,0.458951463,17,805,2233.970197,11608,0.391443521,0.614788413,0.370622456
sub-12,168,3,60,20,17621,17921,19121,41,21,21,565.969753,3988.63642,0.504270792,40,542.6666667,2245.969753,17961,0.321571469,0.687747836,0.503493071
sub-12,169,3,60,80,25202,26402,26702,55,-25,25,577.969747,3647.261414,0.514002681,6,189.2916667,2257.969747,26408,0.380949736,0.542046428,0.619011879
sub-12,170,3,60,80,21153,22353,22653,70,-10,10,589.9694045,3827.969405,0.478971044,152,358,2269.969405,22201,0.367980182,0.52699703,0.541935921
sub-12,171,3,60,60,25895,26795,27395,68,8,8,601.968854,3654.885521,0.424598813,2,172.9166667,2281.968854,26797,0.452340961,0.406857729,0.41459775
sub-12,172,3,12,40,2486,2606,2786,41,1,1,613.9684471,4674.760114,0.8548099,2,1180.791667,2293.968447,2608,0.802486777,0.953855455,0.808087468
sub-12,173,3,60,80,13942,15142,15442,68,-12,12,625.9680303,4164.426364,0.745977561,65,658.4583333,2305.96803,15077,0.617607713,0.667556286,0.952768683
sub-12,174,3,300,20,9381,10881,16881,50,30,30,637.9676561,4353.967656,0.510910342,25,836,2317.967656,10856,0.434503287,0.649891555,0.448336184
sub-12,175,3,12,80,13450,13690,13750,66,-14,14,649.9667667,4248.9251,0.875032147,59,718.9583333,2329.966767,13631,0.881083906,0.851312518,0.892700016
sub-12,176,3,12,40,16152,16272,16452,46,6,6,661.9663906,4153.341391,0.584240357,4,611.375,2341.966391,16268,0.528136969,0.565639615,0.658944488
sub-12,177,3,12,40,3739,3859,4039,61,21,21,673.9659987,4682.549332,0.567767153,1,1128.583333,2353.965999,3858,0.471912891,0.49350661,0.737881958
sub-12,178,3,60,60,4556,5456,6056,60,0,0,685.9654415,4628.007108,0.530113876,122,1062.041667,2365.965442,5334,0.386306763,0.687324226,0.516710639
sub-12,179,3,60,40,14390,14990,15890,41,1,1,697.9654036,4242.75707,0.812392155,29,664.7916667,2377.965404,15019,0.853619874,0.803780138,0.779776454
sub-12,180,3,12,80,2486,2726,2786,50,-30,30,709.9648233,4765.75649,0.773491303,41,1175.791667,2389.964823,2767,0.802486777,0.691649318,0.826337814
sub-12,181,4,60,60,25202,26102,26702,70,10,10,1.9716061,3923.763273,0.469284336,2,201.7916667,2521.971606,26100,0.380949736,0.489343941,0.53755933
sub-12,182,4,12,60,23924,24104,24224,64,4,4,13.9712615,4019.012928,0.661446333,58,285.0416667,2533.971262,24046,0.842187762,0.562097549,0.580053687
sub-12,183,4,60,80,17621,18821,19121,45,-35,35,25.9702982,4251.136965,0.398854067,51,505.1666667,2545.970298,18770,0.321571469,0.287838012,0.587152719
sub-12,184,4,60,40,10035,10635,11535,59,19,19,37.9702325,4604.220233,0.48510023,41,846.25,2557.970233,10676,0.404203236,0.632850528,0.418246925
sub-12,185,4,60,40,3650,4250,5150,39,-1,1,49.9692915,4882.260958,0.465809743,48,1112.291667,2569.969292,4298,0.586262465,0.404017031,0.407149732
sub-12,186,4,300,40,11085,14085,18585,38,-2,2,61.9690043,4484.469004,0.520194809,5,702.5,2581.969004,14090,0.403320372,0.590262294,0.56700176
sub-12,187,4,300,20,2522,4022,10022,36,16,16,73.9684332,4915.7601,0.535507907,103,1121.791667,2593.968433,3919,0.40284428,0.566761553,0.636917889
sub-12,188,4,60,60,14390,15290,15890,40,-20,20,85.9685795,4458.260246,0.646042486,1,652.2916667,2605.96858,15291,0.853619874,0.5200454,0.564462185
sub-12,189,4,300,60,21224,25724,28724,37,-23,23,97.9681294,4035.509796,0.48686858,55,217.5416667,2617.968129,25779,0.495798409,0.43142432,0.533383012
sub-12,190,4,60,20,13176,13476,14676,31,11,11,109.9676204,4557.84262,0.627957404,155,727.875,2629.96762,13631,0.457795978,0.929294884,0.496781349
sub-12,191,4,12,40,27281,27401,27581,41,1,1,121.9669822,3989.633649,0.509411087,35,147.6666667,2641.966982,27436,0.663646698,0.441977859,0.422608703
sub-12,192,4,300,20,19988,21488,27488,68,48,48,133.966015,4248.007682,0.378337264,30,394.0416667,2653.966015,21458,0.381335378,0.459869921,0.293806493
sub-12,193,4,12,20,23924,23984,24224,42,22,22,145.96612,4156.007787,0.527502427,1,290.0416667,2665.96612,23983,0.842187762,0.358798593,0.381520927
sub-12,194,4,300,20,18200,19700,25700,41,21,21,157.9658511,4346.507518,0.59972165,14,468.5416667,2677.965851,19714,0.791362107,0.581895411,0.425907433
sub-12,195,4,60,80,22148,23348,23648,42,-38,38,169.9652713,4206.506938,0.722102066,34,316.5416667,2689.965271,23314,0.775133371,0.607972264,0.783200562
sub-12,196,4,12,80,15586,15826,15886,50,-30,30,181.9648362,4531.92317,0.912498534,66,629.9583333,2701.964836,15892,0.893184006,0.895874202,0.948437393
sub-12,197,4,300,40,18922,21922,26422,35,-5,5,193.9644817,4289.922815,0.563334286,33,375.9583333,2713.964482,21955,0.454499304,0.557501614,0.67800194
sub-12,198,4,60,60,22148,23048,23648,43,-17,17,205.9640361,4255.005703,0.64348652,2,329.0416667,2725.964036,23050,0.775133371,0.57852304,0.576803148
sub-12,199,4,12,80,17959,18199,18259,42,-38,38,217.9633278,4469.046661,0.52568237,13,531.0833333,2737.963328,18212,0.444595844,0.397394627,0.735056639
sub-12,200,4,60,40,13942,14542,15442,41,1,1,229.9630851,4633.421418,0.675926189,21,683.4583333,2749.963085,14563,0.617607713,0.683953524,0.72621733
sub-12,201,4,300,20,20069,21569,27569,45,25,25,241.9620625,4352.628729,0.45564116,55,390.6666667,2761.962063,21624,0.377250761,0.34495461,0.644718111
sub-12,202,4,60,20,3650,3950,5150,39,19,19,253.9621707,5098.753837,0.612051845,31,1124.791667,2773.962171,3919,0.586262465,0.7236588,0.526234269
sub-12,203,4,300,40,14066,17066,21566,34,-6,6,265.9617499,4564.253417,0.344607135,77,578.2916667,2785.96175,16989,0.427026987,0.365407616,0.241386801
sub-12,204,4,12,60,29300,29480,29600,59,-1,1,277.961384,4059.003051,0.738899032,27,61.04166667,2797.961384,29453,0.835012972,0.636288166,0.745395958
sub-12,205,4,12,60,27281,27461,27581,60,0,0,289.9607513,4155.127418,0.479619553,25,145.1666667,2809.960751,27436,0.663646698,0.34283331,0.43237865
sub-12,206,4,12,60,21273,21453,21573,40,-20,20,301.9604595,4417.46046,0.709812641,5,395.5,2821.96046,21458,0.636497259,0.935319662,0.557621002
sub-12,207,4,12,40,13450,13570,13750,40,0,0,313.9600043,4757.918338,0.849632084,61,723.9583333,2833.960004,13631,0.881083906,0.8463763,0.821436048
sub-12,208,4,300,60,14351,18851,21851,61,1,1,325.9594812,4549.876148,0.678511739,71,503.9166667,2845.959481,18922,0.724799395,0.67871201,0.632023811
sub-12,209,4,300,80,19476,25476,26976,72,-8,8,337.9588561,4285.833856,0.696930011,73,227.875,2857.958856,25549,0.618891299,0.667782605,0.80411613
sub-12,210,4,300,40,13458,16458,20958,65,25,25,349.9583268,4673.583327,0.587588569,80,603.625,2869.958327,16538,0.503550649,0.716322362,0.542892694
sub-12,211,4,12,40,25820,25940,26120,35,-5,5,361.9579867,4290.499653,0.538838178,4,208.5416667,2881.957987,25944,0.514377058,0.630758941,0.471378535
sub-12,212,4,300,60,18200,22700,25700,69,9,9,373.9741014,4437.515768,0.594278524,22,343.5416667,2893.974101,22722,0.791362107,0.5266366,0.464836866
sub-12,213,4,12,60,15162,15342,15462,70,10,10,385.9739739,4756.098974,0.792497814,1,650.125,2905.973974,15341,0.925493777,0.732884884,0.71911478
sub-12,214,4,60,40,16451,17051,17951,61,21,21,397.9730734,4696.88974,0.457817475,62,578.9166667,2917.973073,16989,0.407732636,0.381435901,0.584283888
sub-12,215,4,300,80,14066,20066,21566,49,-31,31,409.9730859,4583.264753,0.372727503,9,453.2916667,2929.973086,20075,0.427026987,0.356378973,0.334776551
sub-12,216,4,300,60,19476,23976,26976,56,-4,4,421.9722788,4432.347279,0.474200209,7,290.375,2941.972279,23983,0.618891299,0.414272666,0.389436662
sub-12,217,4,60,20,19722,20022,21222,43,23,23,433.971692,4609.096692,0.411991974,33,455.125,2953.971692,19989,0.266462356,0.699494839,0.270018727
sub-12,218,4,60,40,25202,25802,26702,41,1,1,445.97121,4380.262877,0.486041149,23,214.2916667,2965.97121,25779,0.380949736,0.502093911,0.575079799
sub-12,219,4,60,20,25895,26195,27395,49,29,29,457.970724,4375.887391,0.423054596,9,197.9166667,2977.970724,26204,0.452340961,0.406089157,0.41073367
sub-12,220,4,12,80,21273,21513,21573,62,-18,18,469.9702404,4582.97024,0.761513889,55,393,2989.97024,21458,0.636497259,0.659675717,0.98836869
sub-12,221,4,300,20,19476,20976,26976,40,20,20,481.9701278,4617.345128,0.513232261,58,415.375,3001.970128,20918,0.618891299,0.418279558,0.502525926
sub-12,222,4,60,40,25895,26495,27395,70,30,30,493.9699544,4399.386621,0.440994372,5,185.4166667,3013.969954,26500,0.452340961,0.432447374,0.438194782
sub-12,223,4,12,40,25018,25138,25318,30,-10,10,505.9695054,4467.927839,0.429841896,52,241.9583333,3025.969505,25086,0.614161015,0.286262631,0.389102042
sub-12,224,4,300,80,20069,26069,27569,61,-19,19,517.9688453,4441.135512,0.472688923,24,203.1666667,3037.968845,26045,0.377250761,0.476390898,0.564425111
sub-12,225,4,12,60,11565,11745,11865,44,-16,16,529.9681194,5049.968119,0.469659835,31,800,3049.968119,11776,0.391443521,0.720917881,0.296618104
sub-12,226,4,60,20,22148,22448,23648,45,25,25,541.9678227,4616.009489,0.754350642,77,354.0416667,3061.967823,22525,0.775133371,0.652248144,0.835670412
sub-12,227,4,60,20,10035,10335,11535,32,12,12,553.9675851,5132.717585,0.528949112,23,858.75,3073.967585,10312,0.404203236,0.763092279,0.41955182
sub-12,228,4,300,60,2522,7022,10022,41,-19,19,565.967002,5282.758669,0.520361811,4,996.7916667,3085.967002,7018,0.40284428,0.508628964,0.649612188
sub-12,229,4,12,40,15586,15706,15886,51,11,11,577.9667786,4932.925112,0.918003182,140,634.9583333,3097.966779,15566,0.893184006,0.946782351,0.914043188
sub-12,230,4,12,80,1602,1842,1902,57,-23,23,589.9663702,5522.59137,0.494504452,17,1212.625,3109.96637,1859,0.398957372,0.416479409,0.668076575
sub-12,231,4,12,40,23924,24044,24224,53,13,13,601.9657784,4609.507445,0.791443547,2,287.5416667,3121.965778,24046,0.842187762,0.738648653,0.793494225
sub-12,232,4,300,40,2522,5522,10022,58,18,18,613.9650415,5393.256708,0.524214218,111,1059.291667,3133.965042,5633,0.40284428,0.631453753,0.538344622
sub-12,233,4,60,60,15628,16528,17128,37,-23,23,625.9648892,4946.673223,0.378013372,10,600.7083333,3145.964889,16538,0.333360583,0.569687963,0.230991572
sub-12,234,4,60,80,12596,13796,14096,59,-21,21,637.9644806,5072.506147,0.710163554,21,714.5416667,3157.964481,13775,0.68969357,0.766344666,0.674452424
sub-12,235,4,60,20,26923,27223,28423,40,20,20,649.9640398,4525.047373,0.611131052,24,155.0833333,3169.96404,27199,0.570710897,0.635133803,0.627548456
sub-12,236,4,12,60,26328,26508,26628,59,-1,1,661.9633428,4566.838343,0.668048143,8,184.875,3181.963343,26500,0.570940733,0.527293324,0.905910373
sub-12,237,4,300,40,19988,22988,27488,60,20,20,673.9632284,4725.504895,0.398772667,3,331.5416667,3193.963228,22991,0.381335378,0.467199355,0.347783267
sub-12,238,4,12,20,29300,29360,29600,59,39,39,685.9624297,4472.004096,0.882695615,3,66.04166667,3205.96243,29357,0.835012972,0.851993442,0.961080432
sub-12,239,4,60,80,14390,15590,15890,40,-40,40,697.9620688,5057.753735,0.87358437,24,639.7916667,3217.962069,15566,0.853619874,0.872111917,0.895021319
sub-12,240,4,60,60,19722,20622,21222,58,-2,2,709.9616528,4860.086653,0.376208852,11,430.125,3229.961653,20633,0.266462356,0.304706454,0.557457745
sub-13,1,1,60,20,13942,14242,15442,30,10,10,1.9729853,1897.931319,0.736333648,21,695.9583333,1.9729853,14221,0.617607713,0.858845234,0.732547998
sub-13,2,1,12,80,15162,15402,15462,76,-4,4,13.9723848,1861.597385,0.809432745,6,647.625,13.9723848,15408,0.925493777,0.761621892,0.741182566
sub-13,3,1,60,40,13176,13776,14676,73,33,33,25.9719244,1941.346924,0.604968309,1,715.375,25.9719244,13775,0.457795978,0.853265524,0.503843427
sub-13,4,1,60,80,4556,5756,6056,71,-9,9,37.9706333,2287.5123,0.54880482,27,1049.541667,37.9706333,5729,0.386306763,0.481833637,0.778274059
sub-13,5,1,12,80,14329,14569,14629,86,6,6,49.9707925,1932.304126,0.670945783,6,682.3333333,49.9707925,14563,0.840943217,0.651862442,0.520031691
sub-13,6,1,60,20,9187,9487,10687,20,0,0,61.9550759,2156.038409,0.434174627,137,894.0833333,61.9550759,9350,0.355018765,0.394263268,0.553241849
sub-13,7,1,12,20,2486,2546,2786,80,60,60,73.9701948,2457.261861,0.86674879,62,1183.291667,73.9701948,2608,0.802486777,0.984086692,0.8136729
sub-13,8,1,60,60,12596,13496,14096,70,10,10,85.9696932,2013.01136,0.679986358,135,727.0416667,85.9696932,13631,0.68969357,0.66709578,0.683169723
sub-13,9,1,300,20,13557,15057,21057,80,60,60,97.9692638,1959.969264,0.468338192,20,662,97.9692638,15077,0.375888646,0.523104906,0.506021023
sub-13,10,1,300,20,20069,21569,27569,10,-10,10,109.9687922,1700.635459,0.45564116,55,390.6666667,109.9687922,21624,0.377250761,0.34495461,0.644718111
sub-13,11,1,60,80,17621,18821,19121,60,-20,20,121.9683308,1827.134997,0.398854067,51,505.1666667,121.9683308,18770,0.321571469,0.287838012,0.587152719
sub-13,12,1,300,40,19988,22988,27488,80,40,40,133.9678306,1665.509497,0.398772667,3,331.5416667,133.9678306,22991,0.381335378,0.467199355,0.347783267
sub-13,13,1,60,80,1414,2614,2914,70,-10,10,145.9674875,2526.425821,0.893087606,6,1180.458333,145.9674875,2608,0.880903423,0.898732543,0.899626851
sub-13,14,1,60,80,11369,12569,12869,80,0,0,157.9668693,2123.633536,0.634420226,39,765.6666667,157.9668693,12530,0.533274829,0.499322087,0.870663762
sub-13,15,1,60,20,10035,10335,11535,20,0,0,169.966315,2228.716315,0.528949112,23,858.75,169.966315,10312,0.404203236,0.763092279,0.41955182
sub-13,16,1,12,20,25018,25078,25318,20,0,0,181.9658443,1626.424178,0.694239994,8,244.4583333,181.9658443,25086,0.614161015,0.903934419,0.564624548
sub-13,17,1,300,80,13458,19458,20958,80,0,0,193.9656843,1872.590684,0.484519442,23,478.625,193.9656843,19435,0.503550649,0.523809075,0.426198602
sub-13,18,1,300,60,14066,18566,21566,30,-30,30,205.964956,1921.756623,0.421460688,20,515.7916667,205.964956,18586,0.427026987,0.550489068,0.286866009
sub-13,19,1,12,60,21800,21980,22100,73,13,13,217.964622,1791.506289,0.723965764,2,373.5416667,217.964622,21978,0.736993313,0.71063894,0.724265039
sub-13,20,1,300,60,21224,25724,28724,50,-10,10,229.9642674,1647.505934,0.48686858,55,217.5416667,229.9642674,25779,0.495798409,0.43142432,0.533383012
sub-13,21,1,12,60,16152,16332,16452,70,10,10,241.9636054,2050.838605,0.614817361,6,608.875,241.9636054,16338,0.528136969,0.636289001,0.680026114
sub-13,22,1,60,60,15628,16528,17128,27,-33,33,253.9632872,2054.671621,0.378013372,10,600.7083333,253.9632872,16538,0.333360583,0.569687963,0.230991572
sub-13,23,1,60,80,25202,26402,26702,93,13,13,265.9626763,1655.254343,0.514002681,6,189.2916667,265.9626763,26408,0.380949736,0.542046428,0.619011879
sub-13,24,1,60,40,10035,10635,11535,84,44,44,277.9623545,2324.212355,0.48510023,41,846.25,277.9623545,10676,0.404203236,0.632850528,0.418246925
sub-13,25,1,12,40,14329,14449,14629,6,-34,34,289.9621063,2177.29544,0.659595033,37,687.3333333,289.9621063,14486,0.840943217,0.633674383,0.504167497
sub-13,26,1,300,40,16327,19327,23827,81,41,41,301.9615582,1986.044892,0.608967781,3,484.0833333,301.9615582,19330,0.765540838,0.512890935,0.54847157
sub-13,27,1,300,80,20069,26069,27569,72,-8,8,313.9610646,1717.127731,0.472688923,24,203.1666667,313.9610646,26045,0.377250761,0.476390898,0.564425111
sub-13,28,1,300,40,11085,14085,18585,18,-22,22,325.9598069,2228.459807,0.520194809,5,702.5,325.9598069,14090,0.403320372,0.590262294,0.56700176
sub-13,29,1,60,60,4556,5456,6056,28,-32,32,337.9601307,2600.001797,0.530113876,122,1062.041667,337.9601307,5334,0.386306763,0.687324226,0.516710639
sub-13,30,1,300,60,18922,23422,26422,64,4,4,349.9593876,1863.417721,0.562183181,108,313.4583333,349.9593876,23314,0.454499304,0.605599403,0.626450837
sub-13,31,1,12,40,17959,18079,18259,72,32,32,361.9593608,2098.042694,0.529117078,13,536.0833333,361.9593608,18066,0.444595844,0.393297553,0.749457836
sub-13,32,1,300,60,22736,27236,30236,74,14,14,373.9584205,1728.500087,0.371524195,35,154.5416667,373.9584205,27271,0.368221045,0.459550083,0.286801457
sub-13,33,1,12,80,27281,27521,27581,21,-59,59,385.9744934,1728.64116,0.484808634,3,142.6666667,385.9744934,27524,0.663646698,0.356698692,0.434080511
sub-13,34,1,60,60,13176,14076,14676,53,-7,7,397.9740355,2300.849036,0.560014963,14,702.875,397.9740355,14090,0.457795978,0.721336246,0.500912666
sub-13,35,1,300,80,2522,8522,10022,49,-31,31,409.9742807,2544.265947,0.572465211,1,934.2916667,409.9742807,8523,0.40284428,0.546290815,0.768260539
sub-13,36,1,60,20,12596,12896,14096,70,50,50,421.9735114,2374.015178,0.754556278,29,752.0416667,421.9735114,12867,0.68969357,0.889180124,0.684795141
sub-13,37,1,12,80,13450,13690,13750,86,6,6,433.9573675,2352.915701,0.875032147,59,718.9583333,433.9573675,13631,0.881083906,0.851312518,0.892700016
sub-13,38,1,60,40,13942,14542,15442,71,31,31,445.9727596,2329.431093,0.675926189,21,683.4583333,445.9727596,14563,0.617607713,0.683953524,0.72621733
sub-13,39,1,12,80,21800,22040,22100,98,18,18,457.9723335,2029.014,0.817930579,40,371.0416667,457.9723335,22000,0.736993313,0.733162522,0.983635902
sub-13,40,1,60,20,21153,21453,22653,22,2,2,469.9720075,2065.472008,0.449790001,5,395.5,469.9720075,21458,0.367980182,0.50407207,0.47731775
sub-13,41,1,12,40,2486,2606,2786,11,-29,29,481.9714371,2862.763104,0.8548099,2,1180.791667,481.9714371,2608,0.802486777,0.953855455,0.808087468
sub-13,42,1,60,60,3650,4550,5150,65,5,5,493.9708188,2793.762485,0.541496128,24,1099.791667,493.9708188,4574,0.586262465,0.423998445,0.614227474
sub-13,43,1,300,80,10273,16273,17773,72,-8,8,505.955223,2317.288556,0.691866497,5,611.3333333,505.955223,16268,0.664448321,0.815407932,0.595743239
sub-13,44,1,12,60,15162,15342,15462,70,10,10,517.9695629,2368.094563,0.792497814,1,650.125,517.9695629,15341,0.925493777,0.732884884,0.71911478
sub-13,45,1,300,40,20069,23069,27569,26,-14,14,529.9692515,2058.135918,0.468692313,19,328.1666667,529.9692515,23050,0.377250761,0.444087029,0.584739149
sub-13,46,1,300,20,21224,22724,28724,40,20,20,541.9688845,2084.510551,0.506919742,2,342.5416667,541.9688845,22722,0.495798409,0.480357289,0.544603527
sub-13,47,1,300,80,14351,20351,21851,26,-54,54,553.9686955,2195.385362,0.707600872,61,441.4166667,553.9686955,20412,0.724799395,0.658842862,0.739160359
sub-13,48,1,300,60,19476,23976,26976,71,11,11,565.9683647,2056.343365,0.474200209,7,290.375,565.9683647,23983,0.618891299,0.414272666,0.389436662
sub-13,49,1,12,60,3739,3919,4039,85,25,25,577.9674261,2904.050759,0.611491134,0,1126.083333,577.9674261,3919,0.471912891,0.509016752,0.853543758
sub-13,50,1,300,40,14351,17351,21851,81,41,41,589.9675257,2356.384192,0.538737476,45,566.4166667,589.9675257,17396,0.724799395,0.48977527,0.401637763
sub-13,51,1,60,80,16451,17651,17951,79,-1,1,601.9664993,2355.883166,0.503571322,10,553.9166667,601.9664993,17641,0.407732636,0.547998905,0.554982424
sub-13,52,1,300,40,21224,24224,28724,72,32,32,613.9664477,2094.008114,0.461755127,24,280.0416667,613.9664477,24200,0.495798409,0.400327176,0.489139795
sub-13,53,1,12,80,11565,11805,11865,73,-7,7,625.9660076,2623.466008,0.425252527,29,797.5,625.9660076,11776,0.391443521,0.391761363,0.492552698
sub-13,54,1,300,80,12645,18645,20145,82,2,2,637.9653091,2350.465309,0.354656776,1,512.5,637.9653091,18644,0.332550645,0.508051455,0.223368227
sub-13,55,1,300,40,19476,22476,26976,75,35,35,649.9651918,2202.840192,0.596290787,49,352.875,649.9651918,22525,0.618891299,0.515366018,0.654615045
sub-13,56,1,300,40,12645,15645,20145,21,-19,19,661.9646771,2499.464677,0.483331859,79,637.5,661.9646771,15566,0.332550645,0.809746027,0.307698905
sub-13,57,1,12,60,15586,15766,15886,11,-49,49,673.9643366,2506.42267,0.91404591,126,632.4583333,673.9643366,15892,0.893184006,0.910675526,0.938278198
sub-13,58,1,60,80,21153,22353,22653,80,0,0,685.9638469,2243.963847,0.478971044,152,358,685.9638469,22201,0.367980182,0.52699703,0.541935921
sub-13,59,1,300,40,10273,13273,17773,11,-29,29,697.9634386,2634.296772,0.584628761,175,736.3333333,697.9634386,13098,0.664448321,0.636629224,0.452808738
sub-13,60,1,12,80,29300,29540,29600,91,11,11,709.9630079,1968.504675,0.777512252,43,58.54166667,709.9630079,29583,0.835012972,0.689403892,0.808119893
sub-13,61,2,60,20,16451,16751,17951,71,51,51,1.9718577,2633.388524,0.541294883,18,591.4166667,841.9718577,16733,0.407732636,0.724357009,0.491795003
sub-13,62,2,300,20,18200,19700,25700,72,52,52,13.9706638,2522.51233,0.59972165,14,468.5416667,853.9706638,19714,0.791362107,0.581895411,0.425907433
sub-13,63,2,300,80,14066,20066,21566,39,-41,41,25.9703938,2519.26206,0.372727503,9,453.2916667,865.9703938,20075,0.427026987,0.356378973,0.334776551
sub-13,64,2,12,80,4600,4840,4900,83,3,3,37.9703073,3165.678641,0.840341111,78,1087.708333,877.9703073,4918,0.777784109,0.808963835,0.934275389
sub-13,65,2,12,20,4600,4660,4900,10,-10,10,49.9695928,3185.177926,0.807660639,86,1095.208333,889.9695928,4574,0.777784109,0.890741885,0.754455924
sub-13,66,2,12,80,23924,24164,24224,40,-40,40,61.9692872,2384.510954,0.549024999,0,282.5416667,901.9692872,24164,0.842187762,0.403494179,0.401393056
sub-13,67,2,12,80,16152,16392,16452,94,14,14,73.9683502,2720.34335,0.678572257,23,606.375,913.9683502,16369,0.528136969,0.527052999,0.980526805
sub-13,68,2,12,60,13450,13630,13750,50,-10,10,85.9683556,2847.426689,0.860371133,1,721.4583333,925.9683556,13631,0.881083906,0.862820923,0.837208569
sub-13,69,2,300,40,13458,16458,20958,85,45,45,97.9682066,2741.593207,0.587588569,80,603.625,937.9682066,16538,0.503550649,0.716322362,0.542892694
sub-13,70,2,60,40,12596,13196,14096,80,40,40,109.9675026,2889.509169,0.687155823,98,739.5416667,949.9675026,13098,0.68969357,0.741181314,0.630592585
sub-13,71,2,300,80,1960,7960,9460,80,0,0,121.9674357,3119.675769,0.374507785,21,957.7083333,961.9674357,7981,0.433283031,0.393522233,0.296718091
sub-13,72,2,12,40,29300,29420,29600,99,59,59,133.9666661,2237.508333,0.881912669,33,63.54166667,973.9666661,29453,0.835012972,0.842169046,0.968555987
sub-13,73,2,12,60,1602,1782,1902,80,20,20,145.9665091,3401.091509,0.502100398,6,1215.125,985.9665091,1788,0.398957372,0.396219879,0.711123943
sub-13,74,2,300,20,2522,4022,10022,10,-10,10,157.9659295,3319.757596,0.535507907,103,1121.791667,997.9659295,3919,0.40284428,0.566761553,0.636917889
sub-13,75,2,12,80,17959,18199,18259,30,-50,50,169.9654784,2741.048812,0.52568237,13,531.0833333,1009.965478,18212,0.444595844,0.397394627,0.735056639
sub-13,76,2,300,40,10518,13518,18018,19,-21,21,181.9651653,2948.090165,0.473818123,113,726.125,1021.965165,13631,0.480903864,0.551914155,0.388636351
sub-13,77,2,300,60,19988,24488,27488,30,-30,30,193.964699,2503.006366,0.365601301,14,269.0416667,1033.964699,24474,0.381335378,0.4435606,0.271907926
sub-13,78,2,300,40,9381,12381,16881,29,-11,11,205.963995,3019.463995,0.459073414,9,773.5,1045.963995,12372,0.434503287,0.471244156,0.4714728
sub-13,79,2,60,60,16451,17351,17951,73,13,13,217.9636743,2824.380341,0.515537073,45,566.4166667,1057.963674,17396,0.407732636,0.52406621,0.614812374
sub-13,80,2,300,20,11085,12585,18585,19,-1,1,229.9629836,3034.962984,0.483780523,55,765,1069.962984,12530,0.403320372,0.589437604,0.458583593
sub-13,81,2,300,20,12645,14145,20145,29,9,9,241.9627126,2981.962713,0.466534972,22,700,1081.962713,14167,0.332550645,0.680825114,0.386229157
sub-13,82,2,12,60,4600,4780,4900,19,-41,41,253.96221,3384.170543,0.778728823,138,1090.208333,1093.96221,4918,0.777784109,0.792999804,0.765402555
sub-13,83,2,300,80,16072,22072,23572,72,-8,8,265.9616288,2675.669962,0.690731823,30,369.7083333,1105.961629,22102,0.699183166,0.625260174,0.74775213
sub-13,84,2,60,80,19722,20922,21222,74,-6,6,277.9614406,2735.586441,0.439013958,4,417.625,1117.961441,20918,0.266462356,0.252884895,0.797694623
sub-13,85,2,60,60,26923,27823,28423,74,14,14,289.9610496,2460.044383,0.533475856,67,130.0833333,1129.96105,27756,0.570710897,0.54025805,0.489458621
sub-13,86,2,300,60,10273,14773,17773,70,10,10,301.960533,3015.793866,0.538562953,6,673.8333333,1141.960533,14779,0.664448321,0.543266654,0.407973886
sub-13,87,2,60,20,3650,3950,5150,28,8,8,313.960202,3478.751869,0.612051845,31,1124.791667,1153.960202,3919,0.586262465,0.7236588,0.526234269
sub-13,88,2,60,60,14390,15290,15890,19,-41,41,325.9593599,3018.251027,0.646042486,1,652.2916667,1165.95936,15291,0.853619874,0.5200454,0.564462185
sub-13,89,2,60,80,13176,14376,14676,75,-5,5,337.9591987,3068.334199,0.621318579,13,690.375,1177.959199,14389,0.457795978,0.679272175,0.726887584
sub-13,90,2,300,60,12645,17145,20145,17,-43,43,349.958871,2964.958871,0.306706463,112,575,1189.958871,17257,0.332550645,0.347516209,0.240052536
sub-13,91,2,300,80,18922,24922,26422,79,-1,1,361.9583311,2652.916664,0.55417345,88,250.9583333,1201.958331,24834,0.454499304,0.483178377,0.724842668
sub-13,92,2,300,80,18200,24200,25700,28,-52,52,373.9579748,2694.999641,0.666384419,0,281.0416667,1213.957975,24200,0.791362107,0.576158345,0.631632805
sub-13,93,2,12,20,25820,25880,26120,28,8,8,385.9736735,2637.01534,0.628588279,11,211.0416667,1225.973674,25891,0.514377058,0.79674089,0.57464689
sub-13,94,2,12,20,27281,27341,27581,71,51,51,397.9736367,2588.140303,0.526739667,6,150.1666667,1237.973637,27335,0.663646698,0.481651872,0.43492043
sub-13,95,2,60,80,22148,23348,23648,73,-7,7,409.9731808,2766.514847,0.722102066,34,316.5416667,1249.973181,23314,0.775133371,0.607972264,0.783200562
sub-13,96,2,12,20,26328,26388,26628,72,52,52,421.972608,2651.847608,0.705589493,20,189.875,1261.972608,26408,0.570940733,0.925866604,0.619961143
sub-13,97,2,300,60,16072,20572,23572,80,20,20,433.9721293,2906.180463,0.599707007,7,432.2083333,1273.972129,20579,0.699183166,0.522151589,0.577786267
sub-13,98,2,300,80,22736,28736,30236,31,-49,49,445.9719594,2578.013626,0.429048399,12,92.04166667,1285.971959,28748,0.368221045,0.566889405,0.352034748
sub-13,99,2,60,60,19722,20622,21222,73,13,13,457.9714277,2928.096428,0.376208852,11,430.125,1297.971428,20633,0.266462356,0.304706454,0.557457745
sub-13,100,2,12,40,12500,12620,12800,68,28,28,469.9703547,3273.512021,0.699443301,90,763.5416667,1309.970355,12530,0.630747199,0.705582559,0.762000144
sub-13,101,2,60,60,25895,26795,27395,30,-30,30,481.9705034,2694.88717,0.424598813,2,172.9166667,1321.970503,26797,0.452340961,0.406857729,0.41459775
sub-13,102,2,300,20,13458,14958,20958,29,9,9,493.9700036,3200.095004,0.527636826,10,666.125,1333.970004,14948,0.503550649,0.735695601,0.343664229
sub-13,103,2,60,60,22148,23048,23648,74,14,14,505.9696206,2875.011287,0.64348652,2,329.0416667,1345.969621,23050,0.775133371,0.57852304,0.576803148
sub-13,104,2,300,20,19988,21488,27488,28,8,8,517.9692384,2952.010905,0.378337264,30,394.0416667,1357.969238,21458,0.381335378,0.459869921,0.293806493
sub-13,105,2,12,20,23924,23984,24224,73,53,53,529.9687047,2860.010371,0.527502427,1,290.0416667,1369.968705,23983,0.842187762,0.358798593,0.381520927
sub-13,106,2,60,20,25202,25502,26702,28,8,8,541.9682204,2808.759887,0.481679867,47,226.7916667,1381.96822,25549,0.380949736,0.394988745,0.669101119
sub-13,107,2,12,60,14329,14509,14629,29,-31,31,553.9678637,3278.801197,0.697990954,5,684.8333333,1393.967864,14514,0.840943217,0.674068928,0.578960717
sub-13,108,2,12,40,27281,27401,27581,80,40,40,565.9672108,2753.633877,0.509411087,35,147.6666667,1405.967211,27436,0.663646698,0.441977859,0.422608703
sub-13,109,2,12,80,15586,15826,15886,71,-9,9,577.9666042,3247.924938,0.912498534,66,629.9583333,1417.966604,15892,0.893184006,0.895874202,0.948437393
sub-13,110,2,300,40,2522,5522,10022,70,30,30,589.9662786,3689.257945,0.524214218,111,1059.291667,1429.966279,5633,0.40284428,0.631453753,0.538344622
sub-13,111,2,60,40,28296,28896,29796,80,40,40,601.9659341,2727.340934,0.448978245,24,85.375,1441.965934,28920,0.386571616,0.636950135,0.323412985
sub-13,112,2,12,40,23924,24044,24224,71,31,31,613.9654992,2941.507166,0.791443547,2,287.5416667,1453.965499,24046,0.842187762,0.738648653,0.793494225
sub-13,113,2,300,60,2522,7022,10022,71,11,11,625.9649487,3662.756615,0.520361811,4,996.7916667,1465.964949,7018,0.40284428,0.508628964,0.649612188
sub-13,114,2,60,20,11369,11669,12869,70,50,50,637.9644564,3481.131123,0.59856234,26,803.1666667,1477.964456,11643,0.533274829,0.825657547,0.436754644
sub-13,115,2,300,80,10518,16518,18018,30,-50,50,649.9643251,3291.089325,0.583597581,20,601.125,1489.964325,16538,0.480903864,0.651504278,0.6183846
sub-13,116,2,12,40,15586,15706,15886,71,31,31,661.9637647,3336.922098,0.918003182,140,634.9583333,1501.963765,15566,0.893184006,0.946782351,0.914043188
sub-13,117,2,12,20,13450,13510,13750,71,51,51,673.9634081,3440.421741,0.75796785,121,726.4583333,1513.963408,13631,0.881083906,0.69478333,0.698036313
sub-13,118,2,60,60,28296,29196,29796,70,10,10,685.962858,2798.837858,0.40910688,46,72.875,1525.962858,29242,0.386571616,0.449854881,0.390894145
sub-13,119,2,300,80,19988,25988,27488,70,-10,10,697.9617369,2944.503404,0.414776425,1,206.5416667,1537.961737,25987,0.381335378,0.377626181,0.485367715
sub-13,120,2,300,80,13557,19557,21057,70,-10,10,709.9616987,3224.461699,0.40807276,5,474.5,1549.961699,19562,0.375888646,0.455977142,0.392352492
sub-13,121,3,60,20,14390,14690,15890,73,53,53,1.9706501,3559.262317,0.652103245,10,677.2916667,1681.97065,14700,0.853619874,0.504358649,0.598331213
sub-13,122,3,300,40,18922,21922,26422,29,-11,11,13.9698206,3269.928154,0.563334286,33,375.9583333,1693.969821,21955,0.454499304,0.557501614,0.67800194
sub-13,123,3,300,40,14066,17066,21566,30,-10,10,25.9695212,3484.261188,0.344607135,77,578.2916667,1705.969521,16989,0.427026987,0.365407616,0.241386801
sub-13,124,3,300,60,20069,24569,27569,71,11,11,37.9692344,3183.635901,0.437215209,10,265.6666667,1717.969234,24579,0.377250761,0.376978368,0.557416499
sub-13,125,3,12,40,25820,25940,26120,20,-20,20,49.9688602,3138.510527,0.538838178,4,208.5416667,1729.96886,25944,0.514377058,0.630758941,0.471378535
sub-13,126,3,300,60,13557,18057,21057,40,-20,20,61.9685126,3478.968513,0.403727372,9,537,1741.968513,18066,0.375888646,0.479011238,0.356282234
sub-13,127,3,60,40,9187,9787,10687,30,-10,10,73.9679196,3835.551253,0.426671376,92,881.5833333,1753.96792,9879,0.355018765,0.344421983,0.58057338
sub-13,128,3,60,20,28296,28596,29796,20,0,0,85.9666682,3063.841668,0.49337545,50,97.875,1765.966668,28646,0.386571616,0.598008156,0.495546579
sub-13,129,3,12,60,21273,21453,21573,29,-31,31,97.9667648,3373.466765,0.709812641,5,395.5,1777.966765,21458,0.636497259,0.935319662,0.557621002
sub-13,130,3,300,20,1960,3460,9460,61,41,41,109.9666113,4135.174945,0.416565597,5,1145.208333,1789.966611,3465,0.433283031,0.312170625,0.504243135
sub-13,131,3,60,60,13942,14842,15442,30,-30,30,121.9661046,3672.924438,0.68069917,1,670.9583333,1801.966105,14843,0.617607713,0.727707624,0.696782172
sub-13,132,3,12,40,15162,15282,15462,74,34,34,133.9654781,3666.590478,0.778266191,9,652.625,1813.965478,15291,0.925493777,0.706873059,0.702431738
sub-13,133,3,300,80,9381,15381,16881,30,-50,50,145.9652698,3674.46527,0.462941974,27,648.5,1825.96527,15408,0.434503287,0.516384661,0.437937975
sub-13,134,3,60,40,25202,25802,26702,29,-11,11,157.9649481,3252.256615,0.486041149,23,214.2916667,1837.964948,25779,0.380949736,0.502093911,0.575079799
sub-13,135,3,12,80,21273,21513,21573,87,7,7,169.964292,3442.964292,0.761513889,55,393,1849.964292,21458,0.636497259,0.659675717,0.98836869
sub-13,136,3,60,40,25895,26495,27395,20,-20,20,181.9640078,3247.380674,0.440994372,5,185.4166667,1861.964008,26500,0.452340961,0.432447374,0.438194782
sub-13,137,3,60,40,22148,22748,23648,60,20,20,193.9635306,3415.505197,0.754774034,26,341.5416667,1873.963531,22722,0.775133371,0.723107696,0.766081035
sub-13,138,3,300,60,11085,15585,18585,30,-30,30,205.9630082,3725.963008,0.512025793,19,640,1885.963008,15566,0.403320372,0.5605762,0.572180808
sub-13,139,3,60,40,21153,21753,22653,70,30,30,217.9619142,3480.961914,0.483911614,103,383,1897.961914,21856,0.367980182,0.516567588,0.567187071
sub-13,140,3,300,80,11085,17085,18585,20,-60,60,229.9620924,3687.462092,0.411512583,96,577.5,1909.962092,16989,0.403320372,0.387581944,0.443635434
sub-13,141,3,300,60,10518,15018,18018,29,-31,31,241.9616774,3785.586677,0.538457811,1,663.625,1921.961677,15019,0.480903864,0.668780506,0.465689063
sub-13,142,3,60,20,26923,27223,28423,29,9,9,253.9606054,3289.043939,0.611131052,24,155.0833333,1933.960605,27199,0.570710897,0.635133803,0.627548456
sub-13,143,3,300,60,18200,22700,25700,73,13,13,265.9602821,3489.501949,0.594278524,22,343.5416667,1945.960282,22722,0.791362107,0.5266366,0.464836866
sub-13,144,3,300,20,19476,20976,26976,19,-1,1,277.9599033,3573.334903,0.513232261,58,415.375,1957.959903,20918,0.618891299,0.418279558,0.502525926
sub-13,145,3,300,60,16327,20827,23827,19,-41,41,289.9596238,3591.542957,0.762053986,91,421.5833333,1969.959624,20918,0.765540838,0.751691878,0.768929243
sub-13,146,3,60,60,10035,10935,11535,30,-30,30,301.9593967,4015.709397,0.556123992,10,833.75,1981.959397,10925,0.404203236,0.668247223,0.595921516
sub-13,147,3,60,40,11369,11969,12869,70,30,30,313.9589642,3984.625631,0.598558346,17,790.6666667,1993.958964,11952,0.533274829,0.519994318,0.742405891
sub-13,148,3,300,20,14351,15851,21851,30,10,10,325.9583348,3834.875001,0.711405754,41,628.9166667,2005.958335,15892,0.724799395,0.719285727,0.690132141
sub-13,149,3,12,60,25820,26000,26120,70,10,10,337.958086,3423.999753,0.513285508,13,206.0416667,2017.958086,25987,0.514377058,0.487244695,0.53823477
sub-13,150,3,60,80,10035,11235,11535,29,-51,51,349.9570975,4051.207098,0.52952219,59,821.25,2029.957098,11176,0.404203236,0.707623601,0.476739734
sub-13,151,3,60,60,25202,26102,26702,30,-30,30,361.9573176,3443.748984,0.469284336,2,201.7916667,2041.957318,26100,0.380949736,0.489343941,0.53755933
sub-13,152,3,12,80,2486,2726,2786,70,-10,10,373.9730437,4429.76471,0.773491303,41,1175.791667,2053.973044,2767,0.802486777,0.691649318,0.826337814
sub-13,153,3,12,40,25018,25138,25318,70,30,30,385.9726987,3507.931032,0.429841896,52,241.9583333,2065.972699,25086,0.614161015,0.286262631,0.389102042
sub-13,154,3,300,40,16072,19072,23572,80,40,40,397.9726485,3772.680982,0.601840854,51,494.7083333,2077.972649,19021,0.699183166,0.517898381,0.588441014
sub-13,155,3,60,80,12596,13796,14096,80,0,0,409.9719223,4004.513589,0.710163554,21,714.5416667,2089.971922,13775,0.68969357,0.766344666,0.674452424
sub-13,156,3,60,40,17621,18221,19121,72,32,32,421.9717153,3832.138382,0.401363482,9,530.1666667,2101.971715,18212,0.321571469,0.32369706,0.558821917
sub-13,157,3,60,40,19722,20322,21222,84,44,44,433.9707703,3756.59577,0.371791154,90,442.625,2113.97077,20412,0.266462356,0.429634243,0.419276863
sub-13,158,3,12,80,25820,26060,26120,20,-60,60,445.9708591,3529.512526,0.612323423,15,203.5416667,2125.970859,26045,0.514377058,0.79671216,0.525881052
sub-13,159,3,60,40,3650,4250,5150,17,-23,23,457.9702754,4450.261942,0.465809743,48,1112.291667,2137.970275,4298,0.586262465,0.404017031,0.407149732
sub-13,160,3,60,60,17621,18521,19121,61,1,1,469.9697018,3867.636368,0.464502672,38,517.6666667,2149.969702,18483,0.321571469,0.702765763,0.369170785
sub-13,161,3,60,80,15628,16828,17128,18,-62,62,481.9689727,3950.177306,0.489119957,95,588.2083333,2161.968973,16733,0.333360583,0.658514261,0.475485027
sub-13,162,3,12,40,26328,26448,26628,95,55,55,493.9689404,3561.34394,0.659053485,13,187.375,2173.96894,26461,0.570940733,0.511222482,0.894997239
sub-13,163,3,60,80,28296,29496,29796,13,-67,67,505.9529419,3446.327942,0.378579348,43,60.375,2185.952942,29453,0.386571616,0.422424734,0.326741695
sub-13,164,3,60,80,14390,15590,15890,20,-60,60,517.9680235,4037.75969,0.87358437,24,639.7916667,2197.968024,15566,0.853619874,0.872111917,0.895021319
sub-13,165,3,300,80,21224,27224,28724,81,1,1,529.9674348,3565.009101,0.448277911,25,155.0416667,2209.967435,27199,0.495798409,0.28581816,0.563217163
sub-13,166,3,60,20,15628,15928,17128,81,61,61,541.9669887,4047.675322,0.468310128,36,625.7083333,2221.966989,15892,0.333360583,0.670246482,0.401323318
sub-13,167,3,12,80,25018,25258,25318,81,1,1,553.9666983,3670.925032,0.451532612,24,236.9583333,2233.966698,25234,0.614161015,0.336739153,0.40369767
sub-13,168,3,12,60,12500,12680,12800,27,-33,33,565.9663486,4207.008015,0.69880573,101,761.0416667,2245.966349,12781,0.630747199,0.732289791,0.733380198
sub-13,169,3,60,60,11369,12269,12869,28,-32,32,577.9658796,4236.132546,0.516770363,103,778.1666667,2257.96588,12372,0.533274829,0.423333883,0.593702376
sub-13,170,3,12,20,3739,3799,4039,29,9,9,589.9653382,4601.048672,0.601261348,13,1131.083333,2269.965338,3812,0.471912891,0.75404346,0.577827692
sub-13,171,3,60,60,1414,2314,2914,70,10,10,601.9647344,4674.923068,0.553229103,101,1192.958333,2281.964734,2213,0.880903423,0.367280275,0.411503613
sub-13,172,3,12,20,12500,12560,12800,70,50,50,613.9643112,4260.005978,0.644854168,30,766.0416667,2293.964311,12530,0.630747199,0.695603549,0.608211756
sub-13,173,3,300,20,10518,12018,18018,20,0,0,625.9635039,4294.588504,0.523449163,66,788.625,2305.963504,11952,0.480903864,0.692685187,0.396758437
sub-13,174,3,12,80,3739,3979,4039,80,0,0,637.9630021,4641.546335,0.605181605,60,1123.583333,2317.963002,3919,0.471912891,0.445872188,0.897759736
sub-13,175,3,60,80,26923,28123,28423,80,0,0,649.9630693,3647.546403,0.54487892,43,117.5833333,2329.963069,28166,0.570710897,0.571867824,0.492058039
sub-13,176,3,300,40,22736,25736,30236,30,-10,10,661.9624715,3759.004138,0.45551905,43,217.0416667,2341.962472,25779,0.368221045,0.729290605,0.269045502
sub-13,177,3,12,60,23924,24104,24224,80,20,20,673.9622989,3839.003966,0.661446333,58,285.0416667,2353.962299,24046,0.842187762,0.562097549,0.580053687
sub-13,178,3,12,20,14329,14389,14629,80,60,60,685.961737,4255.79507,0.673224032,0,689.8333333,2365.961737,14389,0.840943217,0.659988642,0.518740237
sub-13,179,3,300,20,9381,10881,16881,80,60,60,697.9613449,4413.961345,0.510910342,25,836,2377.961345,10856,0.434503287,0.649891555,0.448336184
sub-13,180,3,300,20,22736,24236,30236,70,50,50,709.9609602,3869.502627,0.460771928,36,279.5416667,2389.96096,24200,0.368221045,0.748072684,0.266022056
sub-13,181,4,12,20,1602,1662,1902,74,54,54,1.9716976,4942.096698,0.562841068,7,1220.125,2521.971698,1669,0.398957372,0.83936286,0.450202972
sub-13,182,4,300,40,18200,21200,25700,30,-10,10,13.9557683,4139.997435,0.613909702,5,406.0416667,2533.955768,21195,0.791362107,0.579749107,0.47061789
sub-13,183,4,60,40,4556,5156,6056,20,-20,20,25.9709652,4820.512632,0.507196426,8,1074.541667,2545.970965,5148,0.386306763,0.617104769,0.518177748
sub-13,184,4,12,40,4600,4720,4900,72,32,32,37.9697266,4850.67806,0.743728856,146,1092.708333,2557.969727,4574,0.777784109,0.756530881,0.696871579
sub-13,185,4,300,80,16327,22327,23827,30,-50,50,49.9700708,4129.053404,0.80520918,126,359.0833333,2569.970071,22201,0.765540838,0.827244103,0.822842598
sub-13,186,4,12,20,15162,15222,15462,80,60,60,61.9695119,4437.094512,0.781456709,12,655.125,2581.969512,15210,0.925493777,0.715577185,0.703299165
sub-13,187,4,60,80,3650,4850,5150,80,0,0,73.9691954,4881.260862,0.569860439,68,1087.291667,2593.969195,4918,0.586262465,0.485696733,0.637622118
sub-13,188,4,60,60,9187,10087,10687,28,-32,32,85.9685709,4675.051904,0.391915798,3,869.0833333,2605.968571,10084,0.355018765,0.264911145,0.555817485
sub-13,189,4,300,20,10273,11773,17773,21,1,1,97.9682805,4616.801614,0.671569288,3,798.8333333,2617.968281,11776,0.664448321,0.659815192,0.69044435
sub-13,190,4,12,60,11565,11745,11865,28,-32,32,109.9677946,4629.967795,0.469659835,31,800,2629.967795,11776,0.391443521,0.720917881,0.296618104
sub-13,191,4,12,20,17959,18019,18259,19,-1,1,121.9670185,4380.550352,0.51661695,47,538.5833333,2641.967019,18066,0.444595844,0.554531097,0.55072391
sub-13,192,4,300,60,14351,18851,21851,30,-30,30,133.9665285,4357.883195,0.678511739,71,503.9166667,2653.966529,18922,0.724799395,0.67871201,0.632023811
sub-13,193,4,60,40,1414,2014,2914,30,-10,10,145.9661857,5071.424519,0.6707172,14,1205.458333,2665.966186,2028,0.880903423,0.538607776,0.5926404
sub-13,194,4,60,20,25895,26195,27395,70,50,50,157.9654612,4075.882128,0.423054596,9,197.9166667,2677.965461,26204,0.452340961,0.406089157,0.41073367
sub-13,195,4,12,20,15586,15646,15886,10,-10,10,169.9652399,4527.423573,0.922746738,80,637.4583333,2689.96524,15566,0.893184006,0.971495926,0.903560281
sub-13,196,4,12,60,2486,2666,2786,90,30,30,181.9646492,5080.256316,0.783421795,58,1178.291667,2701.964649,2608,0.802486777,0.707484126,0.84029448
sub-13,197,4,12,60,27281,27461,27581,20,-40,40,193.9646829,4059.13135,0.479619553,25,145.1666667,2713.964683,27436,0.663646698,0.34283331,0.43237865
sub-13,198,4,60,40,16451,17051,17951,20,-20,20,205.9638977,4504.880564,0.457817475,62,578.9166667,2725.963898,16989,0.407732636,0.381435901,0.584283888
sub-13,199,4,60,20,4556,4856,6056,9,-11,11,217.9637069,5025.005374,0.5157758,62,1087.041667,2737.963707,4918,0.386306763,0.83152318,0.329497457
sub-13,200,4,12,80,1602,1842,1902,81,1,1,229.9633498,5162.58835,0.494504452,17,1212.625,2749.96335,1859,0.398957372,0.416479409,0.668076575
sub-13,201,4,300,60,9381,13881,16881,19,-41,41,241.9629311,4672.962931,0.506161819,46,711,2761.962931,13927,0.434503287,0.60319519,0.480786979
sub-13,202,4,12,40,13450,13570,13750,28,-12,12,253.962483,4697.920816,0.849632084,61,723.9583333,2773.962483,13631,0.881083906,0.8463763,0.821436048
sub-13,203,4,12,40,21273,21393,21573,22,-18,18,265.9619335,4383.961934,0.748584628,60,398,2785.961934,21333,0.636497259,0.976724505,0.63253212
sub-13,204,4,60,80,25895,27095,27395,80,0,0,277.9611816,4158.377848,0.475009968,60,160.4166667,2797.961182,27155,0.452340961,0.490531057,0.482157886
sub-13,205,4,300,60,1960,6460,9460,20,-40,40,289.9611002,5030.169434,0.451823841,48,1020.208333,2809.9611,6412,0.433283031,0.458800852,0.463387638
sub-13,206,4,12,20,21800,21860,22100,80,60,60,301.9605163,4400.502183,0.779317856,4,378.5416667,2821.960516,21856,0.736993313,0.798989177,0.801971078
sub-13,207,4,60,20,13176,13476,14676,30,10,10,313.9597188,4761.834719,0.627957404,155,727.875,2833.959719,13631,0.457795978,0.929294884,0.496781349
sub-13,208,4,60,20,1414,1714,2914,30,10,10,325.9593208,5263.917654,0.828979512,45,1217.958333,2845.959321,1669,0.880903423,0.819167018,0.786868095
sub-13,209,4,300,80,19476,25476,26976,80,0,0,337.9587153,4285.833715,0.696930011,73,227.875,2857.958715,25549,0.618891299,0.667782605,0.80411613
sub-13,210,4,300,20,16327,17827,23827,80,60,60,349.9587402,4616.542074,0.514019489,21,546.5833333,2869.95874,17806,0.765540838,0.39063096,0.385886669
sub-13,211,4,300,60,13458,17958,20958,70,10,10,361.9584438,4623.083444,0.393604338,3,541.125,2881.958444,17961,0.503550649,0.407887161,0.269375205
sub-13,212,4,12,20,21273,21333,21573,10,-10,10,373.9576655,4494.457666,0.75228552,0,400.5,2893.957666,21333,0.636497259,0.971750498,0.648608804
sub-13,213,4,12,40,1602,1722,1902,80,40,40,385.9738861,5323.598886,0.569713354,38,1217.625,2905.973886,1760,0.398957372,0.813810945,0.496371746
sub-13,214,4,300,20,14066,15566,21566,20,0,0,397.9732261,4758.764893,0.560058008,0,640.7916667,2917.973226,15566,0.427026987,0.875541151,0.377605885
sub-13,215,4,12,20,16152,16212,16452,20,0,0,409.95731,4743.83231,0.670652241,56,613.875,2929.95731,16268,0.528136969,0.987549484,0.496270269
sub-13,216,4,300,20,18922,20422,26422,70,50,50,421.9724563,4580.43079,0.554572781,10,438.4583333,2941.972456,20412,0.454499304,0.502740145,0.706478894
sub-13,217,4,12,80,12500,12740,12800,70,-10,10,433.9718513,4912.513518,0.690956732,41,758.5416667,2953.971851,12781,0.630747199,0.693621397,0.748501599
sub-13,218,4,60,40,15628,16228,17128,80,40,40,445.9714867,4779.17982,0.469133109,40,613.2083333,2965.971487,16268,0.333360583,0.796540856,0.277497888
sub-13,219,4,12,20,29300,29360,29600,80,60,60,457.9710506,4244.012717,0.882695615,3,66.04166667,2977.971051,29357,0.835012972,0.851993442,0.961080432
sub-13,220,4,12,40,16152,16272,16452,20,-20,20,469.9705528,4801.345553,0.584240357,4,611.375,2989.970553,16268,0.528136969,0.565639615,0.658944488
sub-13,221,4,60,80,13942,15142,15442,80,0,0,481.9702258,4860.428559,0.745977561,65,658.4583333,3001.970226,15077,0.617607713,0.667556286,0.952768683
sub-13,222,4,12,40,21800,21920,22100,80,40,40,493.9697936,4590.01146,0.786751767,35,376.0416667,3013.969794,21955,0.736993313,0.82633388,0.796928108
sub-13,223,4,300,40,13557,16557,21057,70,30,30,505.9692294,4825.469229,0.421245933,19,599.5,3025.969229,16538,0.375888646,0.617102027,0.270747125
sub-13,224,4,12,60,25018,25198,25318,70,10,10,517.9690788,4477.427412,0.434581568,36,239.4583333,3037.969079,25234,0.614161015,0.293974459,0.39560923
sub-13,225,4,12,40,3739,3859,4039,9,-31,31,529.968532,5378.551865,0.567767153,1,1128.583333,3049.968532,3858,0.471912891,0.49350661,0.737881958
sub-13,226,4,12,60,26328,26508,26628,69,9,9,541.9681263,4446.843126,0.668048143,8,184.875,3061.968126,26500,0.570940733,0.527293324,0.905910373
sub-13,227,4,12,60,17959,18139,18259,67,7,7,553.9677675,4807.551101,0.479493658,8,533.5833333,3073.967768,18131,0.444595844,0.32675156,0.66713357
sub-13,228,4,12,80,26328,26568,26628,80,0,0,565.9674152,4468.342415,0.682078063,68,182.375,3085.967415,26500,0.570940733,0.554679751,0.920613706
sub-13,229,4,60,40,26923,27523,28423,70,30,30,577.9667935,4440.550127,0.596408854,1,142.5833333,3097.966794,27524,0.570710897,0.456747562,0.761768103
sub-13,230,4,60,60,21153,22053,22653,40,-20,20,589.966387,4680.466387,0.501651009,49,370.5,3109.966387,22102,0.367980182,0.683279634,0.453693211
sub-13,231,4,60,40,14390,14990,15890,30,-10,10,601.9660588,4986.757725,0.812392155,29,664.7916667,3121.966059,15019,0.853619874,0.803780138,0.779776454
sub-13,232,4,60,20,19722,20022,21222,20,0,0,613.965478,4789.090478,0.411991974,33,455.125,3133.965478,19989,0.266462356,0.699494839,0.270018727
sub-13,233,4,12,40,11565,11685,11865,20,-20,20,625.9651007,5148.465101,0.530226717,12,802.5,3145.965101,11697,0.391443521,0.415040255,0.784196377
sub-13,234,4,60,20,17621,17921,19121,10,-10,10,637.9647575,4900.631424,0.504270792,40,542.6666667,3157.964758,17961,0.321571469,0.687747836,0.503493071
sub-13,235,4,300,40,1960,4960,9460,70,30,30,649.9641121,5452.672445,0.503999035,42,1082.708333,3169.964112,4918,0.433283031,0.530604362,0.54810971
sub-13,236,4,12,60,29300,29480,29600,90,30,30,661.9636961,4443.005363,0.738899032,27,61.04166667,3181.963696,29453,0.835012972,0.636288166,0.745395958
sub-13,237,4,60,80,9187,10387,10687,70,-10,10,673.9628264,5250.54616,0.46238931,75,856.5833333,3193.962826,10312,0.355018765,0.479985803,0.552163363
sub-13,238,4,60,20,22148,22448,23648,70,50,50,685.9627145,4760.004381,0.754350642,77,354.0416667,3205.962715,22525,0.775133371,0.652248144,0.835670412
sub-13,239,4,12,20,11565,11625,11865,20,0,0,697.9622643,5222.962264,0.458951463,17,805,3217.962264,11608,0.391443521,0.614788413,0.370622456
sub-13,240,4,300,20,16072,17572,23572,20,0,0,709.9619892,4987.170323,0.445263386,54,557.2083333,3229.961989,17518,0.699183166,0.346642971,0.28996402
sub-14,1,1,60,20,13942,14242,15442,29,9,9,1.9770265,1897.93536,0.736333648,21,695.9583333,1.9770265,14221,0.617607713,0.858845234,0.732547998
sub-14,2,1,12,80,15162,15402,15462,72,-8,8,13.976693,1861.601693,0.809432745,6,647.625,13.976693,15408,0.925493777,0.761621892,0.741182566
sub-14,3,1,60,40,13176,13776,14676,68,28,28,25.9761488,1941.351149,0.604968309,1,715.375,25.9761488,13775,0.457795978,0.853265524,0.503843427
sub-14,4,1,60,80,4556,5756,6056,29,-51,51,37.9756966,2287.517363,0.54880482,27,1049.541667,37.9756966,5729,0.386306763,0.481833637,0.778274059
sub-14,5,1,12,80,14329,14569,14629,77,-3,3,49.9754546,1932.308788,0.670945783,6,682.3333333,49.9754546,14563,0.840943217,0.651862442,0.520031691
sub-14,6,1,60,20,9187,9487,10687,10,-10,10,61.9750233,2156.058357,0.434174627,137,894.0833333,61.9750233,9350,0.355018765,0.394263268,0.553241849
sub-14,7,1,12,20,2486,2546,2786,82,62,62,73.9745661,2457.266233,0.86674879,62,1183.291667,73.9745661,2608,0.802486777,0.984086692,0.8136729
sub-14,8,1,60,60,12596,13496,14096,20,-40,40,85.9737476,2013.015414,0.679986358,135,727.0416667,85.9737476,13631,0.68969357,0.66709578,0.683169723
sub-14,9,1,300,20,13557,15057,21057,73,53,53,97.9734336,1959.973434,0.468338192,20,662,97.9734336,15077,0.375888646,0.523104906,0.506021023
sub-14,10,1,300,20,20069,21569,27569,23,3,3,109.97311,1700.639777,0.45564116,55,390.6666667,109.97311,21624,0.377250761,0.34495461,0.644718111
sub-14,11,1,60,80,17621,18821,19121,82,2,2,121.9728079,1827.139475,0.398854067,51,505.1666667,121.9728079,18770,0.321571469,0.287838012,0.587152719
sub-14,12,1,300,40,19988,22988,27488,25,-15,15,133.9721781,1665.513845,0.398772667,3,331.5416667,133.9721781,22991,0.381335378,0.467199355,0.347783267
sub-14,13,1,60,80,1414,2614,2914,75,-5,5,145.9715321,2526.429865,0.893087606,6,1180.458333,145.9715321,2608,0.880903423,0.898732543,0.899626851
sub-14,14,1,60,80,11369,12569,12869,71,-9,9,157.9712263,2123.637893,0.634420226,39,765.6666667,157.9712263,12530,0.533274829,0.499322087,0.870663762
sub-14,15,1,60,20,10035,10335,11535,30,10,10,169.9704222,2228.720422,0.528949112,23,858.75,169.9704222,10312,0.404203236,0.763092279,0.41955182
sub-14,16,1,12,20,25018,25078,25318,11,-9,9,181.9704369,1626.42877,0.694239994,8,244.4583333,181.9704369,25086,0.614161015,0.903934419,0.564624548
sub-14,17,1,300,80,13458,19458,20958,27,-53,53,193.9698845,1872.594885,0.484519442,23,478.625,193.9698845,19435,0.503550649,0.523809075,0.426198602
sub-14,18,1,300,60,14066,18566,21566,40,-20,20,205.9694393,1921.761106,0.421460688,20,515.7916667,205.9694393,18586,0.427026987,0.550489068,0.286866009
sub-14,19,1,12,60,21800,21980,22100,50,-10,10,217.9685675,1791.510234,0.723965764,2,373.5416667,217.9685675,21978,0.736993313,0.71063894,0.724265039
sub-14,20,1,300,60,21224,25724,28724,80,20,20,229.9685413,1647.510208,0.48686858,55,217.5416667,229.9685413,25779,0.495798409,0.43142432,0.533383012
sub-14,21,1,12,60,16152,16332,16452,25,-35,35,241.9679027,2050.842903,0.614817361,6,608.875,241.9679027,16338,0.528136969,0.636289001,0.680026114
sub-14,22,1,60,60,15628,16528,17128,20,-40,40,253.9669227,2054.675256,0.378013372,10,600.7083333,253.9669227,16538,0.333360583,0.569687963,0.230991572
sub-14,23,1,60,80,25202,26402,26702,75,-5,5,265.9661916,1655.257858,0.514002681,6,189.2916667,265.9661916,26408,0.380949736,0.542046428,0.619011879
sub-14,24,1,60,40,10035,10635,11535,30,-10,10,277.9666803,2324.21668,0.48510023,41,846.25,277.9666803,10676,0.404203236,0.632850528,0.418246925
sub-14,25,1,12,40,14329,14449,14629,72,32,32,289.9662332,2177.299567,0.659595033,37,687.3333333,289.9662332,14486,0.840943217,0.633674383,0.504167497
sub-14,26,1,300,40,16327,19327,23827,73,33,33,301.965753,1986.049086,0.608967781,3,484.0833333,301.965753,19330,0.765540838,0.512890935,0.54847157
sub-14,27,1,300,80,20069,26069,27569,70,-10,10,313.9654557,1717.132122,0.472688923,24,203.1666667,313.9654557,26045,0.377250761,0.476390898,0.564425111
sub-14,28,1,300,40,11085,14085,18585,70,30,30,325.9649956,2228.464996,0.520194809,5,702.5,325.9649956,14090,0.403320372,0.590262294,0.56700176
sub-14,29,1,60,60,4556,5456,6056,73,13,13,337.9642126,2600.005879,0.530113876,122,1062.041667,337.9642126,5334,0.386306763,0.687324226,0.516710639
sub-14,30,1,300,60,18922,23422,26422,30,-30,30,349.9637021,1863.422035,0.562183181,108,313.4583333,349.9637021,23314,0.454499304,0.605599403,0.626450837
sub-14,31,1,12,40,17959,18079,18259,30,-10,10,361.9634895,2098.046823,0.529117078,13,536.0833333,361.9634895,18066,0.444595844,0.393297553,0.749457836
sub-14,32,1,300,60,22736,27236,30236,71,11,11,373.9631727,1728.504839,0.371524195,35,154.5416667,373.9631727,27271,0.368221045,0.459550083,0.286801457
sub-14,33,1,12,80,27281,27521,27581,76,-4,4,385.9624752,1728.629142,0.484808634,3,142.6666667,385.9624752,27524,0.663646698,0.356698692,0.434080511
sub-14,34,1,60,60,13176,14076,14676,95,35,35,397.9621404,2300.83714,0.560014963,14,702.875,397.9621404,14090,0.457795978,0.721336246,0.500912666
sub-14,35,1,300,80,2522,8522,10022,63,-17,17,409.9783633,2544.27003,0.572465211,1,934.2916667,409.9783633,8523,0.40284428,0.546290815,0.768260539
sub-14,36,1,60,20,12596,12896,14096,60,40,40,421.9779127,2374.019579,0.754556278,29,752.0416667,421.9779127,12867,0.68969357,0.889180124,0.684795141
sub-14,37,1,12,80,13450,13690,13750,72,-8,8,433.977579,2352.935912,0.875032147,59,718.9583333,433.977579,13631,0.881083906,0.851312518,0.892700016
sub-14,38,1,60,40,13942,14542,15442,30,-10,10,445.9759675,2329.434301,0.675926189,21,683.4583333,445.9759675,14563,0.617607713,0.683953524,0.72621733
sub-14,39,1,12,80,21800,22040,22100,82,2,2,457.9765048,2029.018171,0.817930579,40,371.0416667,457.9765048,22000,0.736993313,0.733162522,0.983635902
sub-14,40,1,60,20,21153,21453,22653,14,-6,6,469.9759082,2065.475908,0.449790001,5,395.5,469.9759082,21458,0.367980182,0.50407207,0.47731775
sub-14,41,1,12,40,2486,2606,2786,39,-1,1,481.9753663,2862.767033,0.8548099,2,1180.791667,481.9753663,2608,0.802486777,0.953855455,0.808087468
sub-14,42,1,60,60,3650,4550,5150,61,1,1,493.9750881,2793.766755,0.541496128,24,1099.791667,493.9750881,4574,0.586262465,0.423998445,0.614227474
sub-14,43,1,300,80,10273,16273,17773,22,-58,58,505.9744773,2317.307811,0.691866497,5,611.3333333,505.9744773,16268,0.664448321,0.815407932,0.595743239
sub-14,44,1,12,60,15162,15342,15462,70,10,10,517.9741003,2368.0991,0.792497814,1,650.125,517.9741003,15341,0.925493777,0.732884884,0.71911478
sub-14,45,1,300,40,20069,23069,27569,61,21,21,529.958284,2058.124951,0.468692313,19,328.1666667,529.958284,23050,0.377250761,0.444087029,0.584739149
sub-14,46,1,300,20,21224,22724,28724,40,20,20,541.973455,2084.515122,0.506919742,2,342.5416667,541.973455,22722,0.495798409,0.480357289,0.544603527
sub-14,47,1,300,80,14351,20351,21851,60,-20,20,553.9729521,2195.389619,0.707600872,61,441.4166667,553.9729521,20412,0.724799395,0.658842862,0.739160359
sub-14,48,1,300,60,19476,23976,26976,71,11,11,565.9724312,2056.347431,0.474200209,7,290.375,565.9724312,23983,0.618891299,0.414272666,0.389436662
sub-14,49,1,12,60,3739,3919,4039,73,13,13,577.9719774,2904.055311,0.611491134,0,1126.083333,577.9719774,3919,0.471912891,0.509016752,0.853543758
sub-14,50,1,300,40,14351,17351,21851,24,-16,16,589.9715693,2356.388236,0.538737476,45,566.4166667,589.9715693,17396,0.724799395,0.48977527,0.401637763
sub-14,51,1,60,80,16451,17651,17951,82,2,2,601.9712011,2355.887868,0.503571322,10,553.9166667,601.9712011,17641,0.407732636,0.547998905,0.554982424
sub-14,52,1,300,40,21224,24224,28724,40,0,0,613.970589,2094.012256,0.461755127,24,280.0416667,613.970589,24200,0.495798409,0.400327176,0.489139795
sub-14,53,1,12,80,11565,11805,11865,30,-50,50,625.9698549,2623.469855,0.425252527,29,797.5,625.9698549,11776,0.391443521,0.391761363,0.492552698
sub-14,54,1,300,80,12645,18645,20145,60,-20,20,637.9694847,2350.469485,0.354656776,1,512.5,637.9694847,18644,0.332550645,0.508051455,0.223368227
sub-14,55,1,300,40,19476,22476,26976,70,30,30,649.9689915,2202.843992,0.596290787,49,352.875,649.9689915,22525,0.618891299,0.515366018,0.654615045
sub-14,56,1,300,40,12645,15645,20145,60,20,20,661.9689937,2499.468994,0.483331859,79,637.5,661.9689937,15566,0.332550645,0.809746027,0.307698905
sub-14,57,1,12,60,15586,15766,15886,70,10,10,673.9683674,2506.426701,0.91404591,126,632.4583333,673.9683674,15892,0.893184006,0.910675526,0.938278198
sub-14,58,1,60,80,21153,22353,22653,20,-60,60,685.9679556,2243.967956,0.478971044,152,358,685.9679556,22201,0.367980182,0.52699703,0.541935921
sub-14,59,1,300,40,10273,13273,17773,40,0,0,697.9675796,2634.300913,0.584628761,175,736.3333333,697.9675796,13098,0.664448321,0.636629224,0.452808738
sub-14,60,1,12,80,29300,29540,29600,74,-6,6,709.967154,1968.508821,0.777512252,43,58.54166667,709.967154,29583,0.835012972,0.689403892,0.808119893
sub-14,61,2,60,20,16451,16751,17951,40,20,20,1.9784431,2633.39511,0.541294883,18,591.4166667,841.9784431,16733,0.407732636,0.724357009,0.491795003
sub-14,62,2,300,20,18200,19700,25700,60,40,40,13.9775677,2522.519234,0.59972165,14,468.5416667,853.9775677,19714,0.791362107,0.581895411,0.425907433
sub-14,63,2,300,80,14066,20066,21566,71,-9,9,25.9774083,2519.269075,0.372727503,9,453.2916667,865.9774083,20075,0.427026987,0.356378973,0.334776551
sub-14,64,2,12,80,4600,4840,4900,72,-8,8,37.9771066,3165.68544,0.840341111,78,1087.708333,877.9771066,4918,0.777784109,0.808963835,0.934275389
sub-14,65,2,12,20,4600,4660,4900,23,3,3,49.9766315,3185.184965,0.807660639,86,1095.208333,889.9766315,4574,0.777784109,0.890741885,0.754455924
sub-14,66,2,12,80,23924,24164,24224,70,-10,10,61.9762578,2384.517924,0.549024999,0,282.5416667,901.9762578,24164,0.842187762,0.403494179,0.401393056
sub-14,67,2,12,80,16152,16392,16452,80,0,0,73.9757992,2720.350799,0.678572257,23,606.375,913.9757992,16369,0.528136969,0.527052999,0.980526805
sub-14,68,2,12,60,13450,13630,13750,70,10,10,85.9752585,2847.433592,0.860371133,1,721.4583333,925.9752585,13631,0.881083906,0.862820923,0.837208569
sub-14,69,2,300,40,13458,16458,20958,44,4,4,97.9748861,2741.599886,0.587588569,80,603.625,937.9748861,16538,0.503550649,0.716322362,0.542892694
sub-14,70,2,60,40,12596,13196,14096,60,20,20,109.9738823,2889.515549,0.687155823,98,739.5416667,949.9738823,13098,0.68969357,0.741181314,0.630592585
sub-14,71,2,300,80,1960,7960,9460,71,-9,9,121.9736877,3119.682021,0.374507785,21,957.7083333,961.9736877,7981,0.433283031,0.393522233,0.296718091
sub-14,72,2,12,40,29300,29420,29600,30,-10,10,133.9732149,2237.514882,0.881912669,33,63.54166667,973.9732149,29453,0.835012972,0.842169046,0.968555987
sub-14,73,2,12,60,1602,1782,1902,60,0,0,145.972809,3401.097809,0.502100398,6,1215.125,985.972809,1788,0.398957372,0.396219879,0.711123943
sub-14,74,2,300,20,2522,4022,10022,60,40,40,157.9722208,3319.763887,0.535507907,103,1121.791667,997.9722208,3919,0.40284428,0.566761553,0.636917889
sub-14,75,2,12,80,17959,18199,18259,70,-10,10,169.9716705,2741.055004,0.52568237,13,531.0833333,1009.971671,18212,0.444595844,0.397394627,0.735056639
sub-14,76,2,300,40,10518,13518,18018,70,30,30,181.9714965,2948.096497,0.473818123,113,726.125,1021.971497,13631,0.480903864,0.551914155,0.388636351
sub-14,77,2,300,60,19988,24488,27488,40,-20,20,193.9712649,2503.012932,0.365601301,14,269.0416667,1033.971265,24474,0.381335378,0.4435606,0.271907926
sub-14,78,2,300,40,9381,12381,16881,70,30,30,205.9706007,3019.470601,0.459073414,9,773.5,1045.970601,12372,0.434503287,0.471244156,0.4714728
sub-14,79,2,60,60,16451,17351,17951,30,-30,30,217.9702485,2824.386915,0.515537073,45,566.4166667,1057.970249,17396,0.407732636,0.52406621,0.614812374
sub-14,80,2,300,20,11085,12585,18585,70,50,50,229.969572,3034.969572,0.483780523,55,765,1069.969572,12530,0.403320372,0.589437604,0.458583593
sub-14,81,2,300,20,12645,14145,20145,40,20,20,241.96929,2981.96929,0.466534972,22,700,1081.96929,14167,0.332550645,0.680825114,0.386229157
sub-14,82,2,12,60,4600,4780,4900,39,-21,21,253.9690082,3384.177342,0.778728823,138,1090.208333,1093.969008,4918,0.777784109,0.792999804,0.765402555
sub-14,83,2,300,80,16072,22072,23572,75,-5,5,265.9682361,2675.676569,0.690731823,30,369.7083333,1105.968236,22102,0.699183166,0.625260174,0.74775213
sub-14,84,2,60,80,19722,20922,21222,78,-2,2,277.9677961,2735.592796,0.439013958,4,417.625,1117.967796,20918,0.266462356,0.252884895,0.797694623
sub-14,85,2,60,60,26923,27823,28423,64,4,4,289.9675232,2460.050857,0.533475856,67,130.0833333,1129.967523,27756,0.570710897,0.54025805,0.489458621
sub-14,86,2,300,60,10273,14773,17773,37,-23,23,301.9671279,3015.800461,0.538562953,6,673.8333333,1141.967128,14779,0.664448321,0.543266654,0.407973886
sub-14,87,2,60,20,3650,3950,5150,31,11,11,313.9665991,3478.758266,0.612051845,31,1124.791667,1153.966599,3919,0.586262465,0.7236588,0.526234269
sub-14,88,2,60,60,14390,15290,15890,45,-15,15,325.9653226,3018.256989,0.646042486,1,652.2916667,1165.965323,15291,0.853619874,0.5200454,0.564462185
sub-14,89,2,60,80,13176,14376,14676,59,-21,21,337.9655669,3068.340567,0.621318579,13,690.375,1177.965567,14389,0.457795978,0.679272175,0.726887584
sub-14,90,2,300,60,12645,17145,20145,13,-47,47,349.9650029,2964.965003,0.306706463,112,575,1189.965003,17257,0.332550645,0.347516209,0.240052536
sub-14,91,2,300,80,18922,24922,26422,84,4,4,361.9647934,2652.923127,0.55417345,88,250.9583333,1201.964793,24834,0.454499304,0.483178377,0.724842668
sub-14,92,2,300,80,18200,24200,25700,83,3,3,373.9641887,2695.005855,0.666384419,0,281.0416667,1213.964189,24200,0.791362107,0.576158345,0.631632805
sub-14,93,2,12,20,25820,25880,26120,31,11,11,385.9638589,2637.005526,0.628588279,11,211.0416667,1225.963859,25891,0.514377058,0.79674089,0.57464689
sub-14,94,2,12,20,27281,27341,27581,25,5,5,397.9635239,2588.130191,0.526739667,6,150.1666667,1237.963524,27335,0.663646698,0.481651872,0.43492043
sub-14,95,2,60,80,22148,23348,23648,60,-20,20,409.9625693,2766.504236,0.722102066,34,316.5416667,1249.962569,23314,0.775133371,0.607972264,0.783200562
sub-14,96,2,12,20,26328,26388,26628,66,46,46,421.9620984,2651.837098,0.705589493,20,189.875,1261.962098,26408,0.570940733,0.925866604,0.619961143
sub-14,97,2,300,60,16072,20572,23572,69,9,9,433.978139,2906.186472,0.599707007,7,432.2083333,1273.978139,20579,0.699183166,0.522151589,0.577786267
sub-14,98,2,300,80,22736,28736,30236,30,-50,50,445.9783112,2578.019978,0.429048399,12,92.04166667,1285.978311,28748,0.368221045,0.566889405,0.352034748
sub-14,99,2,60,60,19722,20622,21222,70,10,10,457.9779351,2928.102935,0.376208852,11,430.125,1297.977935,20633,0.266462356,0.304706454,0.557457745
sub-14,100,2,12,40,12500,12620,12800,29,-11,11,469.97699,3273.518657,0.699443301,90,763.5416667,1309.97699,12530,0.630747199,0.705582559,0.762000144
sub-14,101,2,60,60,25895,26795,27395,40,-20,20,481.9765751,2694.893242,0.424598813,2,172.9166667,1321.976575,26797,0.452340961,0.406857729,0.41459775
sub-14,102,2,300,20,13458,14958,20958,77,57,57,493.9761136,3200.101114,0.527636826,10,666.125,1333.976114,14948,0.503550649,0.735695601,0.343664229
sub-14,103,2,60,60,22148,23048,23648,60,0,0,505.9761203,2875.017787,0.64348652,2,329.0416667,1345.97612,23050,0.775133371,0.57852304,0.576803148
sub-14,104,2,300,20,19988,21488,27488,28,8,8,517.9600232,2952.00169,0.378337264,30,394.0416667,1357.960023,21458,0.381335378,0.459869921,0.293806493
sub-14,105,2,12,20,23924,23984,24224,14,-6,6,529.9752517,2860.016918,0.527502427,1,290.0416667,1369.975252,23983,0.842187762,0.358798593,0.381520927
sub-14,106,2,60,20,25202,25502,26702,30,10,10,541.974632,2808.766299,0.481679867,47,226.7916667,1381.974632,25549,0.380949736,0.394988745,0.669101119
sub-14,107,2,12,60,14329,14509,14629,89,29,29,553.9741816,3278.807515,0.697990954,5,684.8333333,1393.974182,14514,0.840943217,0.674068928,0.578960717
sub-14,108,2,12,40,27281,27401,27581,17,-23,23,565.9736675,2753.640334,0.509411087,35,147.6666667,1405.973668,27436,0.663646698,0.441977859,0.422608703
sub-14,109,2,12,80,15586,15826,15886,69,-11,11,577.9726582,3247.930992,0.912498534,66,629.9583333,1417.972658,15892,0.893184006,0.895874202,0.948437393
sub-14,110,2,300,40,2522,5522,10022,64,24,24,589.9726538,3689.26432,0.524214218,111,1059.291667,1429.972654,5633,0.40284428,0.631453753,0.538344622
sub-14,111,2,60,40,28296,28896,29796,26,-14,14,601.972367,2727.347367,0.448978245,24,85.375,1441.972367,28920,0.386571616,0.636950135,0.323412985
sub-14,112,2,12,40,23924,24044,24224,50,10,10,613.9719521,2941.513619,0.791443547,2,287.5416667,1453.971952,24046,0.842187762,0.738648653,0.793494225
sub-14,113,2,300,60,2522,7022,10022,40,-20,20,625.9714932,3662.76316,0.520361811,4,996.7916667,1465.971493,7018,0.40284428,0.508628964,0.649612188
sub-14,114,2,60,20,11369,11669,12869,40,20,20,637.9709325,3481.137599,0.59856234,26,803.1666667,1477.970933,11643,0.533274829,0.825657547,0.436754644
sub-14,115,2,300,80,10518,16518,18018,60,-20,20,649.9703586,3291.095359,0.583597581,20,601.125,1489.970359,16538,0.480903864,0.651504278,0.6183846
sub-14,116,2,12,40,15586,15706,15886,30,-10,10,661.9699755,3336.928309,0.918003182,140,634.9583333,1501.969976,15566,0.893184006,0.946782351,0.914043188
sub-14,117,2,12,20,13450,13510,13750,72,52,52,673.9694216,3440.427755,0.75796785,121,726.4583333,1513.969422,13631,0.881083906,0.69478333,0.698036313
sub-14,118,2,60,60,28296,29196,29796,30,-30,30,685.9690348,2798.844035,0.40910688,46,72.875,1525.969035,29242,0.386571616,0.449854881,0.390894145
sub-14,119,2,300,80,19988,25988,27488,51,-29,29,697.968739,2944.510406,0.414776425,1,206.5416667,1537.968739,25987,0.381335378,0.377626181,0.485367715
sub-14,120,2,300,80,13557,19557,21057,70,-10,10,709.9684288,3224.468429,0.40807276,5,474.5,1549.968429,19562,0.375888646,0.455977142,0.392352492
sub-14,121,3,60,20,14390,14690,15890,29,9,9,1.9720086,3559.263675,0.652103245,10,677.2916667,1681.972009,14700,0.853619874,0.504358649,0.598331213
sub-14,122,3,300,40,18922,21922,26422,29,-11,11,13.9710655,3269.929399,0.563334286,33,375.9583333,1693.971066,21955,0.454499304,0.557501614,0.67800194
sub-14,123,3,300,40,14066,17066,21566,22,-18,18,25.9706331,3484.2623,0.344607135,77,578.2916667,1705.970633,16989,0.427026987,0.365407616,0.241386801
sub-14,124,3,300,60,20069,24569,27569,52,-8,8,37.9701444,3183.636811,0.437215209,10,265.6666667,1717.970144,24579,0.377250761,0.376978368,0.557416499
sub-14,125,3,12,40,25820,25940,26120,28,-12,12,49.9697862,3138.511453,0.538838178,4,208.5416667,1729.969786,25944,0.514377058,0.630758941,0.471378535
sub-14,126,3,300,60,13557,18057,21057,31,-29,29,61.9696911,3478.969691,0.403727372,9,537,1741.969691,18066,0.375888646,0.479011238,0.356282234
sub-14,127,3,60,40,9187,9787,10687,60,20,20,73.9686607,3835.551994,0.426671376,92,881.5833333,1753.968661,9879,0.355018765,0.344421983,0.58057338
sub-14,128,3,60,20,28296,28596,29796,49,29,29,85.968328,3063.843328,0.49337545,50,97.875,1765.968328,28646,0.386571616,0.598008156,0.495546579
sub-14,129,3,12,60,21273,21453,21573,50,-10,10,97.9678564,3373.467856,0.709812641,5,395.5,1777.967856,21458,0.636497259,0.935319662,0.557621002
sub-14,130,3,300,20,1960,3460,9460,40,20,20,109.9679417,4135.176275,0.416565597,5,1145.208333,1789.967942,3465,0.433283031,0.312170625,0.504243135
sub-14,131,3,60,60,13942,14842,15442,70,10,10,121.9675521,3672.925885,0.68069917,1,670.9583333,1801.967552,14843,0.617607713,0.727707624,0.696782172
sub-14,132,3,12,40,15162,15282,15462,30,-10,10,133.9671247,3666.592125,0.778266191,9,652.625,1813.967125,15291,0.925493777,0.706873059,0.702431738
sub-14,133,3,300,80,9381,15381,16881,50,-30,30,145.9664961,3674.466496,0.462941974,27,648.5,1825.966496,15408,0.434503287,0.516384661,0.437937975
sub-14,134,3,60,40,25202,25802,26702,31,-9,9,157.9661974,3252.257864,0.486041149,23,214.2916667,1837.966197,25779,0.380949736,0.502093911,0.575079799
sub-14,135,3,12,80,21273,21513,21573,70,-10,10,169.9656737,3442.965674,0.761513889,55,393,1849.965674,21458,0.636497259,0.659675717,0.98836869
sub-14,136,3,60,40,25895,26495,27395,30,-10,10,181.9653071,3247.381974,0.440994372,5,185.4166667,1861.965307,26500,0.452340961,0.432447374,0.438194782
sub-14,137,3,60,40,22148,22748,23648,70,30,30,193.9644806,3415.506147,0.754774034,26,341.5416667,1873.964481,22722,0.775133371,0.723107696,0.766081035
sub-14,138,3,300,60,11085,15585,18585,70,10,10,205.9644109,3725.964411,0.512025793,19,640,1885.964411,15566,0.403320372,0.5605762,0.572180808
sub-14,139,3,60,40,21153,21753,22653,40,0,0,217.9639685,3480.963969,0.483911614,103,383,1897.963969,21856,0.367980182,0.516567588,0.567187071
sub-14,140,3,300,80,11085,17085,18585,70,-10,10,229.963361,3687.463361,0.411512583,96,577.5,1909.963361,16989,0.403320372,0.387581944,0.443635434
sub-14,141,3,300,60,10518,15018,18018,60,0,0,241.9629392,3785.587939,0.538457811,1,663.625,1921.962939,15019,0.480903864,0.668780506,0.465689063
sub-14,142,3,60,20,26923,27223,28423,60,40,40,253.9626094,3289.045943,0.611131052,24,155.0833333,1933.962609,27199,0.570710897,0.635133803,0.627548456
sub-14,143,3,300,60,18200,22700,25700,70,10,10,265.9621334,3489.5038,0.594278524,22,343.5416667,1945.962133,22722,0.791362107,0.5266366,0.464836866
sub-14,144,3,300,20,19476,20976,26976,30,10,10,277.9615588,3573.336559,0.513232261,58,415.375,1957.961559,20918,0.618891299,0.418279558,0.502525926
sub-14,145,3,300,60,16327,20827,23827,69,9,9,289.9608765,3591.54421,0.762053986,91,421.5833333,1969.960877,20918,0.765540838,0.751691878,0.768929243
sub-14,146,3,60,60,10035,10935,11535,60,0,0,301.9607835,4015.710784,0.556123992,10,833.75,1981.960784,10925,0.404203236,0.668247223,0.595921516
sub-14,147,3,60,40,11369,11969,12869,30,-10,10,313.960345,3984.627012,0.598558346,17,790.6666667,1993.960345,11952,0.533274829,0.519994318,0.742405891
sub-14,148,3,300,20,14351,15851,21851,60,40,40,325.9598643,3834.876531,0.711405754,41,628.9166667,2005.959864,15892,0.724799395,0.719285727,0.690132141
sub-14,149,3,12,60,25820,26000,26120,60,0,0,337.9592143,3424.000881,0.513285508,13,206.0416667,2017.959214,25987,0.514377058,0.487244695,0.53823477
sub-14,150,3,60,80,10035,11235,11535,30,-50,50,349.9586947,4051.208695,0.52952219,59,821.25,2029.958695,11176,0.404203236,0.707623601,0.476739734
sub-14,151,3,60,60,25202,26102,26702,70,10,10,361.958327,3443.749994,0.469284336,2,201.7916667,2041.958327,26100,0.380949736,0.489343941,0.53755933
sub-14,152,3,12,80,2486,2726,2786,70,-10,10,373.9578114,4429.749478,0.773491303,41,1175.791667,2053.957811,2767,0.802486777,0.691649318,0.826337814
sub-14,153,3,12,40,25018,25138,25318,87,47,47,385.974134,3507.932467,0.429841896,52,241.9583333,2065.974134,25086,0.614161015,0.286262631,0.389102042
sub-14,154,3,300,40,16072,19072,23572,63,23,23,397.9737041,3772.682037,0.601840854,51,494.7083333,2077.973704,19021,0.699183166,0.517898381,0.588441014
sub-14,155,3,60,80,12596,13796,14096,71,-9,9,409.9732502,4004.514917,0.710163554,21,714.5416667,2089.97325,13775,0.68969357,0.766344666,0.674452424
sub-14,156,3,60,40,17621,18221,19121,30,-10,10,421.9728113,3832.139478,0.401363482,9,530.1666667,2101.972811,18212,0.321571469,0.32369706,0.558821917
sub-14,157,3,60,40,19722,20322,21222,60,20,20,433.9722886,3756.597289,0.371791154,90,442.625,2113.972289,20412,0.266462356,0.429634243,0.419276863
sub-14,158,3,12,80,25820,26060,26120,37,-43,43,445.9712709,3529.512938,0.612323423,15,203.5416667,2125.971271,26045,0.514377058,0.79671216,0.525881052
sub-14,159,3,60,40,3650,4250,5150,35,-5,5,457.9715545,4450.263221,0.465809743,48,1112.291667,2137.971555,4298,0.586262465,0.404017031,0.407149732
sub-14,160,3,60,60,17621,18521,19121,60,0,0,469.9709685,3867.637635,0.464502672,38,517.6666667,2149.970969,18483,0.321571469,0.702765763,0.369170785
sub-14,161,3,60,80,15628,16828,17128,55,-25,25,481.9706588,3950.178992,0.489119957,95,588.2083333,2161.970659,16733,0.333360583,0.658514261,0.475485027
sub-14,162,3,12,40,26328,26448,26628,34,-6,6,493.9699356,3561.344936,0.659053485,13,187.375,2173.969936,26461,0.570940733,0.511222482,0.894997239
sub-14,163,3,60,80,28296,29496,29796,74,-6,6,505.9694136,3446.344414,0.378579348,43,60.375,2185.969414,29453,0.386571616,0.422424734,0.326741695
sub-14,164,3,60,80,14390,15590,15890,87,7,7,517.9689348,4037.760601,0.87358437,24,639.7916667,2197.968935,15566,0.853619874,0.872111917,0.895021319
sub-14,165,3,300,80,21224,27224,28724,75,-5,5,529.9684359,3565.010103,0.448277911,25,155.0416667,2209.968436,27199,0.495798409,0.28581816,0.563217163
sub-14,166,3,60,20,15628,15928,17128,39,19,19,541.9683997,4047.676733,0.468310128,36,625.7083333,2221.9684,15892,0.333360583,0.670246482,0.401323318
sub-14,167,3,12,80,25018,25258,25318,70,-10,10,553.9676778,3670.926011,0.451532612,24,236.9583333,2233.967678,25234,0.614161015,0.336739153,0.40369767
sub-14,168,3,12,60,12500,12680,12800,27,-33,33,565.96718,4207.008847,0.69880573,101,761.0416667,2245.96718,12781,0.630747199,0.732289791,0.733380198
sub-14,169,3,60,60,11369,12269,12869,70,10,10,577.9663882,4236.133055,0.516770363,103,778.1666667,2257.966388,12372,0.533274829,0.423333883,0.593702376
sub-14,170,3,12,20,3739,3799,4039,50,30,30,589.9666029,4601.049936,0.601261348,13,1131.083333,2269.966603,3812,0.471912891,0.75404346,0.577827692
sub-14,171,3,60,60,1414,2314,2914,41,-19,19,601.9659718,4674.924305,0.553229103,101,1192.958333,2281.965972,2213,0.880903423,0.367280275,0.411503613
sub-14,172,3,12,20,12500,12560,12800,50,30,30,613.9652702,4260.006937,0.644854168,30,766.0416667,2293.96527,12530,0.630747199,0.695603549,0.608211756
sub-14,173,3,300,20,10518,12018,18018,29,9,9,625.9646037,4294.589604,0.523449163,66,788.625,2305.964604,11952,0.480903864,0.692685187,0.396758437
sub-14,174,3,12,80,3739,3979,4039,81,1,1,637.9643891,4641.547722,0.605181605,60,1123.583333,2317.964389,3919,0.471912891,0.445872188,0.897759736
sub-14,175,3,60,80,26923,28123,28423,37,-43,43,649.9640101,3647.547343,0.54487892,43,117.5833333,2329.96401,28166,0.570710897,0.571867824,0.492058039
sub-14,176,3,300,40,22736,25736,30236,70,30,30,661.9637457,3759.005412,0.45551905,43,217.0416667,2341.963746,25779,0.368221045,0.729290605,0.269045502
sub-14,177,3,12,60,23924,24104,24224,30,-30,30,673.963288,3839.004955,0.661446333,58,285.0416667,2353.963288,24046,0.842187762,0.562097549,0.580053687
sub-14,178,3,12,20,14329,14389,14629,40,20,20,685.9629461,4255.796279,0.673224032,0,689.8333333,2365.962946,14389,0.840943217,0.659988642,0.518740237
sub-14,179,3,300,20,9381,10881,16881,30,10,10,697.9623265,4413.962327,0.510910342,25,836,2377.962327,10856,0.434503287,0.649891555,0.448336184
sub-14,180,3,300,20,22736,24236,30236,60,40,40,709.9617567,3869.503423,0.460771928,36,279.5416667,2389.961757,24200,0.368221045,0.748072684,0.266022056
sub-14,181,4,12,20,1602,1662,1902,60,40,40,1.9721531,4942.097153,0.562841068,7,1220.125,2521.972153,1669,0.398957372,0.83936286,0.450202972
sub-14,182,4,300,40,18200,21200,25700,70,30,30,13.971903,4140.01357,0.613909702,5,406.0416667,2533.971903,21195,0.791362107,0.579749107,0.47061789
sub-14,183,4,60,40,4556,5156,6056,66,26,26,25.9715134,4820.51318,0.507196426,8,1074.541667,2545.971513,5148,0.386306763,0.617104769,0.518177748
sub-14,184,4,12,40,4600,4720,4900,62,22,22,37.9710587,4850.679392,0.743728856,146,1092.708333,2557.971059,4574,0.777784109,0.756530881,0.696871579
sub-14,185,4,300,80,16327,22327,23827,80,0,0,49.97056,4129.053893,0.80520918,126,359.0833333,2569.97056,22201,0.765540838,0.827244103,0.822842598
sub-14,186,4,12,20,15162,15222,15462,40,20,20,61.9699929,4437.094993,0.781456709,12,655.125,2581.969993,15210,0.925493777,0.715577185,0.703299165
sub-14,187,4,60,80,3650,4850,5150,66,-14,14,73.969706,4881.261373,0.569860439,68,1087.291667,2593.969706,4918,0.586262465,0.485696733,0.637622118
sub-14,188,4,60,60,9187,10087,10687,62,2,2,85.9689994,4675.052333,0.391915798,3,869.0833333,2605.968999,10084,0.355018765,0.264911145,0.555817485
sub-14,189,4,300,20,10273,11773,17773,29,9,9,97.9687825,4616.802116,0.671569288,3,798.8333333,2617.968783,11776,0.664448321,0.659815192,0.69044435
sub-14,190,4,12,60,11565,11745,11865,40,-20,20,109.9682312,4629.968231,0.469659835,31,800,2629.968231,11776,0.391443521,0.720917881,0.296618104
sub-14,191,4,12,20,17959,18019,18259,63,43,43,121.967343,4380.550676,0.51661695,47,538.5833333,2641.967343,18066,0.444595844,0.554531097,0.55072391
sub-14,192,4,300,60,14351,18851,21851,72,12,12,133.967043,4357.88371,0.678511739,71,503.9166667,2653.967043,18922,0.724799395,0.67871201,0.632023811
sub-14,193,4,60,40,1414,2014,2914,33,-7,7,145.9668274,5071.425161,0.6707172,14,1205.458333,2665.966827,2028,0.880903423,0.538607776,0.5926404
sub-14,194,4,60,20,25895,26195,27395,58,38,38,157.9665075,4075.883174,0.423054596,9,197.9166667,2677.966508,26204,0.452340961,0.406089157,0.41073367
sub-14,195,4,12,20,15586,15646,15886,37,17,17,169.9654114,4527.423745,0.922746738,80,637.4583333,2689.965411,15566,0.893184006,0.971495926,0.903560281
sub-14,196,4,12,60,2486,2666,2786,61,1,1,181.9647182,5080.256385,0.783421795,58,1178.291667,2701.964718,2608,0.802486777,0.707484126,0.84029448
sub-14,197,4,12,60,27281,27461,27581,78,18,18,193.9651171,4059.131784,0.479619553,25,145.1666667,2713.965117,27436,0.663646698,0.34283331,0.43237865
sub-14,198,4,60,40,16451,17051,17951,70,30,30,205.9639798,4504.880646,0.457817475,62,578.9166667,2725.96398,16989,0.407732636,0.381435901,0.584283888
sub-14,199,4,60,20,4556,4856,6056,40,20,20,217.963942,5025.005609,0.5157758,62,1087.041667,2737.963942,4918,0.386306763,0.83152318,0.329497457
sub-14,200,4,12,80,1602,1842,1902,69,-11,11,229.963681,5162.588681,0.494504452,17,1212.625,2749.963681,1859,0.398957372,0.416479409,0.668076575
sub-14,201,4,300,60,9381,13881,16881,40,-20,20,241.9630558,4672.963056,0.506161819,46,711,2761.963056,13927,0.434503287,0.60319519,0.480786979
sub-14,202,4,12,40,13450,13570,13750,70,30,30,253.9626445,4697.920978,0.849632084,61,723.9583333,2773.962645,13631,0.881083906,0.8463763,0.821436048
sub-14,203,4,12,40,21273,21393,21573,27,-13,13,265.9620348,4383.962035,0.748584628,60,398,2785.962035,21333,0.636497259,0.976724505,0.63253212
sub-14,204,4,60,80,25895,27095,27395,81,1,1,277.9613342,4158.378001,0.475009968,60,160.4166667,2797.961334,27155,0.452340961,0.490531057,0.482157886
sub-14,205,4,300,60,1960,6460,9460,78,18,18,289.9613498,5030.169683,0.451823841,48,1020.208333,2809.96135,6412,0.433283031,0.458800852,0.463387638
sub-14,206,4,12,20,21800,21860,22100,62,42,42,301.9609553,4400.502622,0.779317856,4,378.5416667,2821.960955,21856,0.736993313,0.798989177,0.801971078
sub-14,207,4,60,20,13176,13476,14676,30,10,10,313.9604918,4761.835492,0.627957404,155,727.875,2833.960492,13631,0.457795978,0.929294884,0.496781349
sub-14,208,4,60,20,1414,1714,2914,30,10,10,325.9600454,5263.918379,0.828979512,45,1217.958333,2845.960045,1669,0.880903423,0.819167018,0.786868095
sub-14,209,4,300,80,19476,25476,26976,70,-10,10,337.9597235,4285.834724,0.696930011,73,227.875,2857.959724,25549,0.618891299,0.667782605,0.80411613
sub-14,210,4,300,20,16327,17827,23827,60,40,40,349.9583247,4616.541658,0.514019489,21,546.5833333,2869.958325,17806,0.765540838,0.39063096,0.385886669
sub-14,211,4,300,60,13458,17958,20958,60,0,0,361.9585375,4623.083538,0.393604338,3,541.125,2881.958538,17961,0.503550649,0.407887161,0.269375205
sub-14,212,4,12,20,21273,21333,21573,18,-2,2,373.9745697,4494.47457,0.75228552,0,400.5,2893.97457,21333,0.636497259,0.971750498,0.648608804
sub-14,213,4,12,40,1602,1722,1902,33,-7,7,385.9744277,5323.599428,0.569713354,38,1217.625,2905.974428,1760,0.398957372,0.813810945,0.496371746
sub-14,214,4,300,20,14066,15566,21566,30,10,10,397.9737639,4758.765431,0.560058008,0,640.7916667,2917.973764,15566,0.427026987,0.875541151,0.377605885
sub-14,215,4,12,20,16152,16212,16452,20,0,0,409.9731347,4743.848135,0.670652241,56,613.875,2929.973135,16268,0.528136969,0.987549484,0.496270269
sub-14,216,4,300,20,18922,20422,26422,70,50,50,421.9727793,4580.431113,0.554572781,10,438.4583333,2941.972779,20412,0.454499304,0.502740145,0.706478894
sub-14,217,4,12,80,12500,12740,12800,60,-20,20,433.9720961,4912.513763,0.690956732,41,758.5416667,2953.972096,12781,0.630747199,0.693621397,0.748501599
sub-14,218,4,60,40,15628,16228,17128,36,-4,4,445.9721948,4779.180528,0.469133109,40,613.2083333,2965.972195,16268,0.333360583,0.796540856,0.277497888
sub-14,219,4,12,20,29300,29360,29600,40,20,20,457.9717963,4244.013463,0.882695615,3,66.04166667,2977.971796,29357,0.835012972,0.851993442,0.961080432
sub-14,220,4,12,40,16152,16272,16452,40,0,0,469.9713415,4801.346342,0.584240357,4,611.375,2989.971342,16268,0.528136969,0.565639615,0.658944488
sub-14,221,4,60,80,13942,15142,15442,70,-10,10,481.9706727,4860.429006,0.745977561,65,658.4583333,3001.970673,15077,0.617607713,0.667556286,0.952768683
sub-14,222,4,12,40,21800,21920,22100,70,30,30,493.9704697,4590.012136,0.786751767,35,376.0416667,3013.97047,21955,0.736993313,0.82633388,0.796928108
sub-14,223,4,300,40,13557,16557,21057,29,-11,11,505.9700236,4825.470024,0.421245933,19,599.5,3025.970024,16538,0.375888646,0.617102027,0.270747125
sub-14,224,4,12,60,25018,25198,25318,64,4,4,517.969597,4477.42793,0.434581568,36,239.4583333,3037.969597,25234,0.614161015,0.293974459,0.39560923
sub-14,225,4,12,40,3739,3859,4039,40,0,0,529.9688913,5378.552225,0.567767153,1,1128.583333,3049.968891,3858,0.471912891,0.49350661,0.737881958
sub-14,226,4,12,60,26328,26508,26628,70,10,10,541.9685833,4446.843583,0.668048143,8,184.875,3061.968583,26500,0.570940733,0.527293324,0.905910373
sub-14,227,4,12,60,17959,18139,18259,70,10,10,553.967743,4807.551076,0.479493658,8,533.5833333,3073.967743,18131,0.444595844,0.32675156,0.66713357
sub-14,228,4,12,80,26328,26568,26628,70,-10,10,565.9675123,4468.342512,0.682078063,68,182.375,3085.967512,26500,0.570940733,0.554679751,0.920613706
sub-14,229,4,60,40,26923,27523,28423,73,33,33,577.9671646,4440.550498,0.596408854,1,142.5833333,3097.967165,27524,0.570710897,0.456747562,0.761768103
sub-14,230,4,60,60,21153,22053,22653,30,-30,30,589.9666257,4680.466626,0.501651009,49,370.5,3109.966626,22102,0.367980182,0.683279634,0.453693211
sub-14,231,4,60,40,14390,14990,15890,40,0,0,601.9662925,4986.757959,0.812392155,29,664.7916667,3121.966293,15019,0.853619874,0.803780138,0.779776454
sub-14,232,4,60,20,19722,20022,21222,30,10,10,613.966042,4789.091042,0.411991974,33,455.125,3133.966042,19989,0.266462356,0.699494839,0.270018727
sub-14,233,4,12,40,11565,11685,11865,20,-20,20,625.9654818,5148.465482,0.530226717,12,802.5,3145.965482,11697,0.391443521,0.415040255,0.784196377
sub-14,234,4,60,20,17621,17921,19121,30,10,10,637.9649097,4900.631576,0.504270792,40,542.6666667,3157.96491,17961,0.321571469,0.687747836,0.503493071
sub-14,235,4,300,40,1960,4960,9460,60,20,20,649.9646145,5452.672948,0.503999035,42,1082.708333,3169.964615,4918,0.433283031,0.530604362,0.54810971
sub-14,236,4,12,60,29300,29480,29600,80,20,20,661.9639979,4443.005665,0.738899032,27,61.04166667,3181.963998,29453,0.835012972,0.636288166,0.745395958
sub-14,237,4,60,80,9187,10387,10687,70,-10,10,673.963382,5250.546715,0.46238931,75,856.5833333,3193.963382,10312,0.355018765,0.479985803,0.552163363
sub-14,238,4,60,20,22148,22448,23648,70,50,50,685.9631499,4760.004817,0.754350642,77,354.0416667,3205.96315,22525,0.775133371,0.652248144,0.835670412
sub-14,239,4,12,20,11565,11625,11865,40,20,20,697.9627623,5222.962762,0.458951463,17,805,3217.962762,11608,0.391443521,0.614788413,0.370622456
sub-14,240,4,300,20,16072,17572,23572,21,1,1,709.9621105,4987.170444,0.445263386,54,557.2083333,3229.962111,17518,0.699183166,0.346642971,0.28996402
sub-15,1,1,60,60,9187,10087,10687,84,24,24,1.9724908,2071.055824,0.391915798,3,869.0833333,1.9724908,10084,0.355018765,0.264911145,0.555817485
sub-15,2,1,300,60,16327,20827,23827,68,8,8,13.9721662,1635.5555,0.762053986,91,421.5833333,13.9721662,20918,0.765540838,0.751691878,0.768929243
sub-15,3,1,60,80,15628,16828,17128,96,16,16,25.9715836,1814.179917,0.489119957,95,588.2083333,25.9715836,16733,0.333360583,0.658514261,0.475485027
sub-15,4,1,60,20,9187,9487,10687,57,37,37,37.9708678,2132.054201,0.434174627,137,894.0833333,37.9708678,9350,0.355018765,0.394263268,0.553241849
sub-15,5,1,300,60,14066,18566,21566,57,-3,3,49.9705498,1765.762216,0.421460688,20,515.7916667,49.9705498,18586,0.427026987,0.550489068,0.286866009
sub-15,6,1,12,20,15162,15222,15462,20,0,0,61.9700659,1917.095066,0.781456709,12,655.125,61.9700659,15210,0.925493777,0.715577185,0.703299165
sub-15,7,1,60,80,28296,29496,29796,83,3,3,73.9696158,1334.344616,0.378579348,43,60.375,73.9696158,29453,0.386571616,0.422424734,0.326741695
sub-15,8,1,300,40,18200,21200,25700,27,-13,13,85.9691187,1692.010785,0.613909702,5,406.0416667,85.9691187,21195,0.791362107,0.579749107,0.47061789
sub-15,9,1,12,80,21800,22040,22100,100,20,20,97.9682673,1669.009934,0.817930579,40,371.0416667,97.9682673,22000,0.736993313,0.733162522,0.983635902
sub-15,10,1,300,40,13557,16557,21057,80,40,40,109.9684947,1909.468495,0.421245933,19,599.5,109.9684947,16538,0.375888646,0.617102027,0.270747125
sub-15,11,1,300,80,13557,19557,21057,86,6,6,121.9679624,1796.467962,0.40807276,5,474.5,121.9679624,19562,0.375888646,0.455977142,0.392352492
sub-15,12,1,60,80,11369,12569,12869,96,16,16,133.9670615,2099.633728,0.634420226,39,765.6666667,133.9670615,12530,0.533274829,0.499322087,0.870663762
sub-15,13,1,300,80,21224,27224,28724,93,13,13,145.9664832,1501.00815,0.448277911,25,155.0416667,145.9664832,27199,0.495798409,0.28581816,0.563217163
sub-15,14,1,300,20,18922,20422,26422,29,9,9,157.9662179,1796.424551,0.554572781,10,438.4583333,157.9662179,20412,0.454499304,0.502740145,0.706478894
sub-15,15,1,12,20,25820,25880,26120,7,-13,13,169.9661074,1581.007774,0.628588279,11,211.0416667,169.9661074,25891,0.514377058,0.79674089,0.57464689
sub-15,16,1,12,40,11565,11685,11865,9,-31,31,181.9654448,2184.465445,0.530226717,12,802.5,181.9654448,11697,0.391443521,0.415040255,0.784196377
sub-15,17,1,12,20,16152,16212,16452,1,-19,19,193.9652627,2007.840263,0.670652241,56,613.875,193.9652627,16268,0.528136969,0.987549484,0.496270269
sub-15,18,1,300,20,10273,11773,17773,20,0,0,205.9649801,2204.798313,0.671569288,3,798.8333333,205.9649801,11776,0.664448321,0.659815192,0.69044435
sub-15,19,1,12,20,4600,4660,4900,7,-13,13,217.9645259,2513.172859,0.807660639,86,1095.208333,217.9645259,4574,0.777784109,0.890741885,0.754455924
sub-15,20,1,12,80,16152,16392,16452,100,20,20,229.9638114,2036.338811,0.678572257,23,606.375,229.9638114,16369,0.528136969,0.527052999,0.980526805
sub-15,21,1,300,40,16327,19327,23827,81,41,41,241.9632527,1926.046586,0.608967781,3,484.0833333,241.9632527,19330,0.765540838,0.512890935,0.54847157
sub-15,22,1,60,20,25202,25502,26702,18,-2,2,253.9631936,1680.75486,0.481679867,47,226.7916667,253.9631936,25549,0.380949736,0.394988745,0.669101119
sub-15,23,1,12,40,15162,15282,15462,87,47,47,265.9627326,2118.587733,0.778266191,9,652.625,265.9627326,15291,0.925493777,0.706873059,0.702431738
sub-15,24,1,60,80,4556,5756,6056,62,-18,18,277.9622029,2527.50387,0.54880482,27,1049.541667,277.9622029,5729,0.386306763,0.481833637,0.778274059
sub-15,25,1,12,80,14329,14569,14629,91,11,11,289.9617324,2172.295066,0.670945783,6,682.3333333,289.9617324,14563,0.840943217,0.651862442,0.520031691
sub-15,26,1,300,40,20069,23069,27569,70,30,30,301.9613151,1830.127982,0.468692313,19,328.1666667,301.9613151,23050,0.377250761,0.444087029,0.584739149
sub-15,27,1,60,20,21153,21453,22653,76,56,56,313.961019,1909.461019,0.449790001,5,395.5,313.961019,21458,0.367980182,0.50407207,0.47731775
sub-15,28,1,60,60,17621,18521,19121,18,-42,42,325.9603634,2043.62703,0.464502672,38,517.6666667,325.9603634,18483,0.321571469,0.702765763,0.369170785
sub-15,29,1,60,80,16451,17651,17951,61,-19,19,337.9599646,2091.876631,0.503571322,10,553.9166667,337.9599646,17641,0.407732636,0.547998905,0.554982424
sub-15,30,1,60,40,21153,21753,22653,18,-22,22,349.9590158,1932.959016,0.483911614,103,383,349.9590158,21856,0.367980182,0.516567588,0.567187071
sub-15,31,1,60,40,28296,28896,29796,30,-10,10,361.9587542,1647.333754,0.448978245,24,85.375,361.9587542,28920,0.386571616,0.636950135,0.323412985
sub-15,32,1,12,20,15586,15646,15886,8,-12,12,373.9587638,2211.417097,0.922746738,80,637.4583333,373.9587638,15566,0.893184006,0.971495926,0.903560281
sub-15,33,1,60,60,10035,10935,11535,80,20,20,385.9744689,2419.724469,0.556123992,10,833.75,385.9744689,10925,0.404203236,0.668247223,0.595921516
sub-15,34,1,300,40,10273,13273,17773,27,-13,13,397.9740901,2334.307423,0.584628761,175,736.3333333,397.9740901,13098,0.664448321,0.636629224,0.452808738
sub-15,35,1,300,20,14351,15851,21851,30,10,10,409.9740426,2238.890709,0.711405754,41,628.9166667,409.9740426,15892,0.724799395,0.719285727,0.690132141
sub-15,36,1,60,60,21153,22053,22653,90,30,30,421.9580447,1992.458045,0.501651009,49,370.5,421.9580447,22102,0.367980182,0.683279634,0.453693211
sub-15,37,1,60,40,15628,16228,17128,30,-10,10,433.9731577,2247.181491,0.469133109,40,613.2083333,433.9731577,16268,0.333360583,0.796540856,0.277497888
sub-15,38,1,60,40,9187,9787,10687,0,-40,40,445.9726223,2527.555956,0.426671376,92,881.5833333,445.9726223,9879,0.355018765,0.344421983,0.58057338
sub-15,39,1,12,20,12500,12560,12800,10,-10,10,457.9722579,2424.013925,0.644854168,30,766.0416667,457.9722579,12530,0.630747199,0.695603549,0.608211756
sub-15,40,1,300,20,10518,12018,18018,30,10,10,469.9715616,2458.596562,0.523449163,66,788.625,469.9715616,11952,0.480903864,0.692685187,0.396758437
sub-15,41,1,12,60,4600,4780,4900,89,29,29,481.9711286,2772.179462,0.778728823,138,1090.208333,481.9711286,4918,0.777784109,0.792999804,0.765402555
sub-15,42,1,12,20,13450,13510,13750,79,59,59,493.9709265,2420.42926,0.75796785,121,726.4583333,493.9709265,13631,0.881083906,0.69478333,0.698036313
sub-15,43,1,12,80,25820,26060,26120,19,-61,61,505.9700935,1909.51176,0.612323423,15,203.5416667,505.9700935,26045,0.514377058,0.79671216,0.525881052
sub-15,44,1,60,20,28296,28596,29796,23,3,3,517.969548,1815.844548,0.49337545,50,97.875,517.969548,28646,0.386571616,0.598008156,0.495546579
sub-15,45,1,12,60,2486,2666,2786,81,21,21,529.9693682,2908.261035,0.783421795,58,1178.291667,529.9693682,2608,0.802486777,0.707484126,0.84029448
sub-15,46,1,60,80,13176,14376,14676,95,15,15,541.9690929,2432.344093,0.621318579,13,690.375,541.9690929,14389,0.457795978,0.679272175,0.726887584
sub-15,47,1,12,60,21800,21980,22100,69,9,9,553.9680778,2127.509744,0.723965764,2,373.5416667,553.9680778,21978,0.736993313,0.71063894,0.724265039
sub-15,48,1,300,60,9381,13881,16881,43,-17,17,565.9681782,2476.968178,0.506161819,46,711,565.9681782,13927,0.434503287,0.60319519,0.480786979
sub-15,49,1,300,80,10273,16273,17773,20,-60,60,577.9679004,2389.301234,0.691866497,5,611.3333333,577.9679004,16268,0.664448321,0.815407932,0.595743239
sub-15,50,1,300,20,13557,15057,21057,21,1,1,589.9672684,2451.967268,0.468338192,20,662,589.9672684,15077,0.375888646,0.523104906,0.506021023
sub-15,51,1,12,60,13450,13630,13750,89,29,29,601.9668347,2523.425168,0.860371133,1,721.4583333,601.9668347,13631,0.881083906,0.862820923,0.837208569
sub-15,52,1,12,20,27281,27341,27581,30,10,10,613.9664894,1964.133156,0.526739667,6,150.1666667,613.9664894,27335,0.663646698,0.481651872,0.43492043
sub-15,53,1,300,20,1960,3460,9460,78,58,58,625.9660539,2971.174387,0.416565597,5,1145.208333,625.9660539,3465,0.433283031,0.312170625,0.504243135
sub-15,54,1,300,80,18200,24200,25700,93,13,13,637.9655016,2119.007168,0.666384419,0,281.0416667,637.9655016,24200,0.791362107,0.576158345,0.631632805
sub-15,55,1,60,80,9187,10387,10687,70,-10,10,649.9646265,2706.54796,0.46238931,75,856.5833333,649.9646265,10312,0.355018765,0.479985803,0.552163363
sub-15,56,1,300,80,1960,7960,9460,40,-40,40,661.9643403,2819.672674,0.374507785,21,957.7083333,661.9643403,7981,0.433283031,0.393522233,0.296718091
sub-15,57,1,300,80,10518,16518,18018,80,0,0,673.9642494,2475.089249,0.583597581,20,601.125,673.9642494,16538,0.480903864,0.651504278,0.6183846
sub-15,58,1,60,20,1414,1714,2914,44,24,24,685.9636736,3103.922007,0.828979512,45,1217.958333,685.9636736,1669,0.880903423,0.819167018,0.786868095
sub-15,59,1,300,60,12645,17145,20145,41,-19,19,697.9627794,2472.962779,0.306706463,112,575,697.9627794,17257,0.332550645,0.347516209,0.240052536
sub-15,60,1,300,20,21224,22724,28724,41,21,21,709.9629379,2252.504605,0.506919742,2,342.5416667,709.9629379,22722,0.495798409,0.480357289,0.544603527
sub-15,61,2,300,20,11085,12585,18585,88,68,68,1.9730187,2806.973019,0.483780523,55,765,841.9730187,12530,0.403320372,0.589437604,0.458583593
sub-15,62,2,60,80,25895,27095,27395,94,14,14,13.9725266,2214.389193,0.475009968,60,160.4166667,853.9725266,27155,0.452340961,0.490531057,0.482157886
sub-15,63,2,12,60,25820,26000,26120,19,-41,41,25.9717042,2272.013371,0.513285508,13,206.0416667,865.9717042,25987,0.514377058,0.487244695,0.53823477
sub-15,64,2,12,60,1602,1782,1902,80,20,20,37.9717408,3293.096741,0.502100398,6,1215.125,877.9717408,1788,0.398957372,0.396219879,0.711123943
sub-15,65,2,300,40,10518,13518,18018,61,21,21,49.9713486,2816.096349,0.473818123,113,726.125,889.9713486,13631,0.480903864,0.551914155,0.388636351
sub-15,66,2,300,60,18922,23422,26422,80,20,20,61.9707799,2415.429113,0.562183181,108,313.4583333,901.9707799,23314,0.454499304,0.605599403,0.626450837
sub-15,67,2,300,60,19988,24488,27488,80,20,20,73.9703126,2383.011979,0.365601301,14,269.0416667,913.9703126,24474,0.381335378,0.4435606,0.271907926
sub-15,68,2,12,20,1602,1662,1902,5,-15,15,85.9698407,3346.094841,0.562841068,7,1220.125,925.9698407,1669,0.398957372,0.83936286,0.450202972
sub-15,69,2,300,60,1960,6460,9460,79,19,19,97.9695371,3158.17787,0.451823841,48,1020.208333,937.9695371,6412,0.433283031,0.458800852,0.463387638
sub-15,70,2,300,60,13458,17958,20958,41,-19,19,109.9691317,2691.094132,0.393604338,3,541.125,949.9691317,17961,0.503550649,0.407887161,0.269375205
sub-15,71,2,300,40,19476,22476,26976,70,30,30,121.9686006,2514.843601,0.596290787,49,352.875,961.9686006,22525,0.618891299,0.515366018,0.654615045
sub-15,72,2,60,20,15628,15928,17128,19,-1,1,133.9682249,2799.676558,0.468310128,36,625.7083333,973.9682249,15892,0.333360583,0.670246482,0.401323318
sub-15,73,2,60,60,26923,27823,28423,31,-29,29,145.9669067,2316.05024,0.533475856,67,130.0833333,985.9669067,27756,0.570710897,0.54025805,0.489458621
sub-15,74,2,300,80,18922,24922,26422,80,0,0,157.9667914,2448.925125,0.55417345,88,250.9583333,997.9667914,24834,0.454499304,0.483178377,0.724842668
sub-15,75,2,60,60,3650,4550,5150,79,19,19,169.9662047,3309.757871,0.541496128,24,1099.791667,1009.966205,4574,0.586262465,0.423998445,0.614227474
sub-15,76,2,12,20,3739,3799,4039,81,61,61,181.9657579,3353.049091,0.601261348,13,1131.083333,1021.965758,3812,0.471912891,0.75404346,0.577827692
sub-15,77,2,300,40,22736,25736,30236,21,-19,19,193.9657059,2451.007373,0.45551905,43,217.0416667,1033.965706,25779,0.368221045,0.729290605,0.269045502
sub-15,78,2,60,80,26923,28123,28423,30,-50,50,205.9651993,2363.548533,0.54487892,43,117.5833333,1045.965199,28166,0.570710897,0.571867824,0.492058039
sub-15,79,2,12,80,12500,12740,12800,10,-70,70,217.9650269,3016.506694,0.690956732,41,758.5416667,1057.965027,12781,0.630747199,0.693621397,0.748501599
sub-15,80,2,300,60,10273,14773,17773,39,-21,21,229.9645911,2943.797924,0.538562953,6,673.8333333,1069.964591,14779,0.664448321,0.543266654,0.407973886
sub-15,81,2,12,40,29300,29420,29600,99,59,59,241.9639555,2345.505622,0.881912669,33,63.54166667,1081.963956,29453,0.835012972,0.842169046,0.968555987
sub-15,82,2,12,40,14329,14449,14629,68,28,28,253.9637519,2981.297085,0.659595033,37,687.3333333,1093.963752,14486,0.840943217,0.633674383,0.504167497
sub-15,83,2,12,40,21800,21920,22100,79,39,39,265.9629989,2682.004666,0.786751767,35,376.0416667,1105.962999,21955,0.736993313,0.82633388,0.796928108
sub-15,84,2,60,60,1414,2314,2914,45,-15,15,277.9627395,3510.921073,0.553229103,101,1192.958333,1117.96274,2213,0.880903423,0.367280275,0.411503613
sub-15,85,2,12,20,26328,26388,26628,72,52,52,289.9623384,2519.837338,0.705589493,20,189.875,1129.962338,26408,0.570940733,0.925866604,0.619961143
sub-15,86,2,60,80,10035,11235,11535,10,-70,70,301.961759,3163.211759,0.52952219,59,821.25,1141.961759,11176,0.404203236,0.707623601,0.476739734
sub-15,87,2,300,80,22736,28736,30236,19,-61,61,313.9612641,2446.002931,0.429048399,12,92.04166667,1153.961264,28748,0.368221045,0.566889405,0.352034748
sub-15,88,2,300,60,10518,15018,18018,42,-18,18,325.9604408,3029.585441,0.538457811,1,663.625,1165.960441,15019,0.480903864,0.668780506,0.465689063
sub-15,89,2,12,80,3739,3979,4039,97,17,17,337.9602755,3501.543609,0.605181605,60,1123.583333,1177.960276,3919,0.471912891,0.445872188,0.897759736
sub-15,90,2,60,40,4556,5156,6056,90,50,50,349.9599028,3464.501569,0.507196426,8,1074.541667,1189.959903,5148,0.386306763,0.617104769,0.518177748
sub-15,91,2,60,60,13942,14842,15442,39,-21,21,361.9592256,3072.917559,0.68069917,1,670.9583333,1201.959226,14843,0.617607713,0.727707624,0.696782172
sub-15,92,2,300,20,22736,24236,30236,90,70,70,373.958767,2693.500434,0.460771928,36,279.5416667,1213.958767,24200,0.368221045,0.748072684,0.266022056
sub-15,93,2,12,60,3739,3919,4039,95,35,35,385.9585128,3552.041846,0.611491134,0,1126.083333,1225.958513,3919,0.471912891,0.509016752,0.853543758
sub-15,94,2,300,80,14351,20351,21851,95,15,15,397.9744558,2879.391122,0.707600872,61,441.4166667,1237.974456,20412,0.724799395,0.658842862,0.739160359
sub-15,95,2,12,20,25018,25078,25318,2,-18,18,409.9746237,2694.432957,0.694239994,8,244.4583333,1249.974624,25086,0.614161015,0.903934419,0.564624548
sub-15,96,2,60,80,19722,20922,21222,96,16,16,421.9741472,2879.599147,0.439013958,4,417.625,1261.974147,20918,0.266462356,0.252884895,0.797694623
sub-15,97,2,12,80,25018,25258,25318,90,10,10,433.9732697,2710.931603,0.451532612,24,236.9583333,1273.97327,25234,0.614161015,0.336739153,0.40369767
sub-15,98,2,12,40,4600,4720,4900,41,1,1,445.9726804,3578.681014,0.743728856,146,1092.708333,1285.97268,4574,0.777784109,0.756530881,0.696871579
sub-15,99,2,60,40,12596,13196,14096,57,17,17,457.9723856,3237.514052,0.687155823,98,739.5416667,1297.972386,13098,0.68969357,0.741181314,0.630592585
sub-15,100,2,60,60,11369,12269,12869,58,-2,2,469.9716804,3288.138347,0.516770363,103,778.1666667,1309.97168,12372,0.533274829,0.423333883,0.593702376
sub-15,101,2,60,40,1414,2014,2914,24,-16,16,481.9720272,3727.430361,0.6707172,14,1205.458333,1321.972027,2028,0.880903423,0.538607776,0.5926404
sub-15,102,2,300,60,22736,27236,30236,12,-48,48,493.9715435,2688.51321,0.371524195,35,154.5416667,1333.971544,27271,0.368221045,0.459550083,0.286801457
sub-15,103,2,60,40,11369,11969,12869,84,44,44,505.9707028,3336.637369,0.598558346,17,790.6666667,1345.970703,11952,0.533274829,0.519994318,0.742405891
sub-15,104,2,12,40,12500,12620,12800,90,50,50,517.9705808,3321.512247,0.699443301,90,763.5416667,1357.970581,12530,0.630747199,0.705582559,0.762000144
sub-15,105,2,12,40,26328,26448,26628,98,58,58,529.9701106,2757.345111,0.659053485,13,187.375,1369.970111,26461,0.570940733,0.511222482,0.894997239
sub-15,106,2,60,20,12596,12896,14096,10,-10,10,541.9696243,3334.011291,0.754556278,29,752.0416667,1381.969624,12867,0.68969357,0.889180124,0.684795141
sub-15,107,2,300,60,16072,20572,23572,80,20,20,553.9692942,3026.177628,0.599707007,7,432.2083333,1393.969294,20579,0.699183166,0.522151589,0.577786267
sub-15,108,2,12,80,4600,4840,4900,82,2,2,565.9687398,3693.677073,0.840341111,78,1087.708333,1405.96874,4918,0.777784109,0.808963835,0.934275389
sub-15,109,2,60,80,3650,4850,5150,76,-4,4,577.9678723,3705.259539,0.569860439,68,1087.291667,1417.967872,4918,0.586262465,0.485696733,0.637622118
sub-15,110,2,12,80,29300,29540,29600,75,-5,5,589.9679286,2688.509595,0.777512252,43,58.54166667,1429.967929,29583,0.835012972,0.689403892,0.808119893
sub-15,111,2,60,60,28296,29196,29796,89,29,29,601.9672727,2714.842273,0.40910688,46,72.875,1441.967273,29242,0.386571616,0.449854881,0.390894145
sub-15,112,2,12,20,21800,21860,22100,87,67,67,613.9664493,3032.508116,0.779317856,4,378.5416667,1453.966449,21856,0.736993313,0.798989177,0.801971078
sub-15,113,2,300,80,16327,22327,23827,100,20,20,625.9666883,3025.050022,0.80520918,126,359.0833333,1465.966688,22201,0.765540838,0.827244103,0.822842598
sub-15,114,2,300,80,9381,15381,16881,89,9,9,637.965691,3326.465691,0.462941974,27,648.5,1477.965691,15408,0.434503287,0.516384661,0.437937975
sub-15,115,2,300,80,2522,8522,10022,70,-10,10,649.9652394,3624.256906,0.572465211,1,934.2916667,1489.965239,8523,0.40284428,0.546290815,0.768260539
sub-15,116,2,300,80,11085,17085,18585,89,9,9,661.965227,3279.465227,0.411512583,96,577.5,1501.965227,16989,0.403320372,0.387581944,0.443635434
sub-15,117,2,12,60,15586,15766,15886,14,-46,46,673.9648103,3346.423144,0.91404591,126,632.4583333,1513.96481,15892,0.893184006,0.910675526,0.938278198
sub-15,118,2,300,40,14351,17351,21851,29,-11,11,685.9642916,3292.380958,0.538737476,45,566.4166667,1525.964292,17396,0.724799395,0.48977527,0.401637763
sub-15,119,2,300,60,13557,18057,21057,61,1,1,697.9637485,3274.963749,0.403727372,9,537,1537.963749,18066,0.375888646,0.479011238,0.356282234
sub-15,120,2,300,20,16327,17827,23827,62,42,42,709.963517,3296.54685,0.514019489,21,546.5833333,1549.963517,17806,0.765540838,0.39063096,0.385886669
sub-15,121,3,300,60,20069,24569,27569,69,9,9,1.9789884,3147.645655,0.437215209,10,265.6666667,1681.978988,24579,0.377250761,0.376978368,0.557416499
sub-15,122,3,300,20,13458,14958,20958,8,-12,12,13.9790353,3560.104035,0.527636826,10,666.125,1693.979035,14948,0.503550649,0.735695601,0.343664229
sub-15,123,3,60,20,11369,11669,12869,4,-16,16,25.9782997,3709.144966,0.59856234,26,803.1666667,1705.9783,11643,0.533274829,0.825657547,0.436754644
sub-15,124,3,12,20,21273,21333,21573,0,-20,20,37.977749,3318.477749,0.75228552,0,400.5,1717.977749,21333,0.636497259,0.971750498,0.648608804
sub-15,125,3,12,80,23924,24164,24224,20,-60,60,49.9773284,3212.518995,0.549024999,0,282.5416667,1729.977328,24164,0.842187762,0.403494179,0.401393056
sub-15,126,3,300,20,14066,15566,21566,19,-1,1,61.9772082,3582.768875,0.560058008,0,640.7916667,1741.977208,15566,0.427026987,0.875541151,0.377605885
sub-15,127,3,60,20,13942,14242,15442,0,-20,20,73.9766609,3649.934994,0.736333648,21,695.9583333,1753.976661,14221,0.617607713,0.858845234,0.732547998
sub-15,128,3,12,80,26328,26568,26628,97,17,17,85.9763338,3148.351334,0.682078063,68,182.375,1765.976334,26500,0.570940733,0.554679751,0.920613706
sub-15,129,3,60,60,16451,17351,17951,81,21,21,97.9757586,3544.392425,0.515537073,45,566.4166667,1777.975759,17396,0.407732636,0.52406621,0.614812374
sub-15,130,3,12,40,21273,21393,21573,2,-38,38,109.9749492,3387.974949,0.748584628,60,398,1789.974949,21333,0.636497259,0.976724505,0.63253212
sub-15,131,3,60,60,13176,14076,14676,31,-29,29,121.9745336,3704.849534,0.560014963,14,702.875,1801.974534,14090,0.457795978,0.721336246,0.500912666
sub-15,132,3,12,20,14329,14389,14629,11,-9,9,133.9741808,3703.807514,0.673224032,0,689.8333333,1813.974181,14389,0.840943217,0.659988642,0.518740237
sub-15,133,3,12,80,11565,11805,11865,30,-50,50,145.9741369,3823.474137,0.425252527,29,797.5,1825.974137,11776,0.391443521,0.391761363,0.492552698
sub-15,134,3,60,20,14390,14690,15890,9,-11,11,157.9736915,3715.265358,0.652103245,10,677.2916667,1837.973692,14700,0.853619874,0.504358649,0.598331213
sub-15,135,3,12,80,15162,15402,15462,82,2,2,169.9732829,3697.598283,0.809432745,6,647.625,1849.973283,15408,0.925493777,0.761621892,0.741182566
sub-15,136,3,12,40,17959,18079,18259,70,30,30,181.9723546,3598.055688,0.529117078,13,536.0833333,1861.972355,18066,0.444595844,0.393297553,0.749457836
sub-15,137,3,60,40,17621,18221,19121,82,42,42,193.9722558,3604.138922,0.401363482,9,530.1666667,1873.972256,18212,0.321571469,0.32369706,0.558821917
sub-15,138,3,12,80,27281,27521,27581,89,9,9,205.971823,3228.63849,0.484808634,3,142.6666667,1885.971823,27524,0.663646698,0.356698692,0.434080511
sub-15,139,3,12,20,17959,18019,18259,4,-16,16,217.9713321,3636.554665,0.51661695,47,538.5833333,1897.971332,18066,0.444595844,0.554531097,0.55072391
sub-15,140,3,300,40,12645,15645,20145,9,-31,31,229.97101,3747.47101,0.483331859,79,637.5,1909.97101,15566,0.332550645,0.809746027,0.307698905
sub-15,141,3,60,20,16451,16751,17951,75,55,55,241.9698811,3713.386548,0.541294883,18,591.4166667,1921.969881,16733,0.407732636,0.724357009,0.491795003
sub-15,142,3,300,80,13458,19458,20958,90,10,10,253.9701403,3612.59514,0.484519442,23,478.625,1933.97014,19435,0.503550649,0.523809075,0.426198602
sub-15,143,3,300,40,9381,12381,16881,30,-10,10,265.9697059,3919.469706,0.459073414,9,773.5,1945.969706,12372,0.434503287,0.471244156,0.4714728
sub-15,144,3,300,20,16072,17572,23572,19,-1,1,277.9689872,3715.177321,0.445263386,54,557.2083333,1957.968987,17518,0.699183166,0.346642971,0.28996402
sub-15,145,3,12,60,17959,18139,18259,89,29,29,289.9684411,3703.551774,0.479493658,8,533.5833333,1969.968441,18131,0.444595844,0.32675156,0.66713357
sub-15,146,3,12,40,1602,1722,1902,68,28,28,301.9679935,4399.592994,0.569713354,38,1217.625,1981.967994,1760,0.398957372,0.813810945,0.496371746
sub-15,147,3,60,40,19722,20322,21222,90,50,50,313.9672713,3636.592271,0.371791154,90,442.625,1993.967271,20412,0.266462356,0.429634243,0.419276863
sub-15,148,3,300,40,1960,4960,9460,68,28,28,325.9673263,4288.67566,0.503999035,42,1082.708333,2005.967326,4918,0.433283031,0.530604362,0.54810971
sub-15,149,3,60,40,26923,27523,28423,91,51,51,337.9667316,3360.550065,0.596408854,1,142.5833333,2017.966732,27524,0.570710897,0.456747562,0.761768103
sub-15,150,3,12,60,14329,14509,14629,77,17,17,349.966561,3914.799894,0.697990954,5,684.8333333,2029.966561,14514,0.840943217,0.674068928,0.578960717
sub-15,151,3,300,40,16072,19072,23572,60,20,20,361.9660101,3736.674343,0.601840854,51,494.7083333,2041.96601,19021,0.699183166,0.517898381,0.588441014
sub-15,152,3,60,20,4556,4856,6056,29,9,9,373.965715,4341.007382,0.5157758,62,1087.041667,2053.965715,4918,0.386306763,0.83152318,0.329497457
sub-15,153,3,300,40,21224,24224,28724,48,8,8,385.9660169,3546.007684,0.461755127,24,280.0416667,2065.966017,24200,0.495798409,0.400327176,0.489139795
sub-15,154,3,12,60,12500,12680,12800,19,-41,41,397.9646173,4039.006284,0.69880573,101,761.0416667,2077.964617,12781,0.630747199,0.732289791,0.733380198
sub-15,155,3,12,60,16152,16332,16452,11,-49,49,409.9641379,3898.839138,0.614817361,6,608.875,2089.964138,16338,0.528136969,0.636289001,0.680026114
sub-15,156,3,12,60,25018,25198,25318,91,31,31,421.9635286,3541.421862,0.434581568,36,239.4583333,2101.963529,25234,0.614161015,0.293974459,0.39560923
sub-15,157,3,12,20,2486,2546,2786,0,-20,20,433.9802296,4497.271896,0.86674879,62,1183.291667,2113.98023,2608,0.802486777,0.984086692,0.8136729
sub-15,158,3,60,60,12596,13496,14096,80,20,20,445.9796272,4053.021294,0.679986358,135,727.0416667,2125.979627,13631,0.68969357,0.66709578,0.683169723
sub-15,159,3,300,60,11085,15585,18585,80,20,20,457.9789746,3977.978975,0.512025793,19,640,2137.978975,15566,0.403320372,0.5605762,0.572180808
sub-15,160,3,60,40,22148,22748,23648,42,2,2,469.9785021,3691.520169,0.754774034,26,341.5416667,2149.978502,22722,0.775133371,0.723107696,0.766081035
sub-15,161,3,300,80,19988,25988,27488,75,-5,5,481.9781627,3568.519829,0.414776425,1,206.5416667,2161.978163,25987,0.381335378,0.377626181,0.485367715
sub-15,162,3,60,40,13176,13776,14676,10,-30,30,493.9777892,4089.352789,0.604968309,1,715.375,2173.977789,13775,0.457795978,0.853265524,0.503843427
sub-15,163,3,300,20,12645,14145,20145,10,-10,10,505.9774653,4085.977465,0.466534972,22,700,2185.977465,14167,0.332550645,0.680825114,0.386229157
sub-15,164,3,60,80,1414,2614,2914,80,0,0,517.9769053,4578.435239,0.893087606,6,1180.458333,2197.976905,2608,0.880903423,0.898732543,0.899626851
sub-15,165,3,300,80,16072,22072,23572,91,11,11,529.9760803,3779.684414,0.690731823,30,369.7083333,2209.97608,22102,0.699183166,0.625260174,0.74775213
sub-15,166,3,300,80,12645,18645,20145,29,-51,51,541.9754265,3934.475427,0.354656776,1,512.5,2221.975427,18644,0.332550645,0.508051455,0.223368227
sub-15,167,3,12,20,11565,11625,11865,9,-11,11,553.9750423,4238.975042,0.458951463,17,805,2233.975042,11608,0.391443521,0.614788413,0.370622456
sub-15,168,3,60,20,17621,17921,19121,1,-19,19,565.9744998,3988.641166,0.504270792,40,542.6666667,2245.9745,17961,0.321571469,0.687747836,0.503493071
sub-15,169,3,60,80,25202,26402,26702,94,14,14,577.9741571,3647.265824,0.514002681,6,189.2916667,2257.974157,26408,0.380949736,0.542046428,0.619011879
sub-15,170,3,60,80,21153,22353,22653,90,10,10,589.974006,3827.974006,0.478971044,152,358,2269.974006,22201,0.367980182,0.52699703,0.541935921
sub-15,171,3,60,60,25895,26795,27395,40,-20,20,601.9737991,3654.890466,0.424598813,2,172.9166667,2281.973799,26797,0.452340961,0.406857729,0.41459775
sub-15,172,3,12,40,2486,2606,2786,40,0,0,613.9731592,4674.764826,0.8548099,2,1180.791667,2293.973159,2608,0.802486777,0.953855455,0.808087468
sub-15,173,3,60,80,13942,15142,15442,90,10,10,625.9726859,4164.431019,0.745977561,65,658.4583333,2305.972686,15077,0.617607713,0.667556286,0.952768683
sub-15,174,3,300,20,9381,10881,16881,60,40,40,637.972118,4353.972118,0.510910342,25,836,2317.972118,10856,0.434503287,0.649891555,0.448336184
sub-15,175,3,12,80,13450,13690,13750,97,17,17,649.9721368,4248.93047,0.875032147,59,718.9583333,2329.972137,13631,0.881083906,0.851312518,0.892700016
sub-15,176,3,12,40,16152,16272,16452,22,-18,18,661.9715928,4153.346593,0.584240357,4,611.375,2341.971593,16268,0.528136969,0.565639615,0.658944488
sub-15,177,3,12,40,3739,3859,4039,80,40,40,673.971131,4682.554464,0.567767153,1,1128.583333,2353.971131,3858,0.471912891,0.49350661,0.737881958
sub-15,178,3,60,60,4556,5456,6056,71,11,11,685.9707153,4628.012382,0.530113876,122,1062.041667,2365.970715,5334,0.386306763,0.687324226,0.516710639
sub-15,179,3,60,40,14390,14990,15890,20,-20,20,697.9703428,4242.762009,0.812392155,29,664.7916667,2377.970343,15019,0.853619874,0.803780138,0.779776454
sub-15,180,3,12,80,2486,2726,2786,80,0,0,709.9699499,4765.761617,0.773491303,41,1175.791667,2389.96995,2767,0.802486777,0.691649318,0.826337814
sub-15,181,4,60,60,25202,26102,26702,60,0,0,1.9719137,3923.76358,0.469284336,2,201.7916667,2521.971914,26100,0.380949736,0.489343941,0.53755933
sub-15,182,4,12,60,23924,24104,24224,30,-30,30,13.9708458,4019.012512,0.661446333,58,285.0416667,2533.970846,24046,0.842187762,0.562097549,0.580053687
sub-15,183,4,60,80,17621,18821,19121,90,10,10,25.9707998,4251.137466,0.398854067,51,505.1666667,2545.9708,18770,0.321571469,0.287838012,0.587152719
sub-15,184,4,60,40,10035,10635,11535,30,-10,10,37.9707519,4604.220752,0.48510023,41,846.25,2557.970752,10676,0.404203236,0.632850528,0.418246925
sub-15,185,4,60,40,3650,4250,5150,20,-20,20,49.9701665,4882.261833,0.465809743,48,1112.291667,2569.970167,4298,0.586262465,0.404017031,0.407149732
sub-15,186,4,300,40,11085,14085,18585,19,-21,21,61.9698222,4484.469822,0.520194809,5,702.5,2581.969822,14090,0.403320372,0.590262294,0.56700176
sub-15,187,4,300,20,2522,4022,10022,29,9,9,73.9692366,4915.760903,0.535507907,103,1121.791667,2593.969237,3919,0.40284428,0.566761553,0.636917889
sub-15,188,4,60,60,14390,15290,15890,69,9,9,85.9688036,4458.26047,0.646042486,1,652.2916667,2605.968804,15291,0.853619874,0.5200454,0.564462185
sub-15,189,4,300,60,21224,25724,28724,70,10,10,97.9683971,4035.510064,0.48686858,55,217.5416667,2617.968397,25779,0.495798409,0.43142432,0.533383012
sub-15,190,4,60,20,13176,13476,14676,9,-11,11,109.9680389,4557.843039,0.627957404,155,727.875,2629.968039,13631,0.457795978,0.929294884,0.496781349
sub-15,191,4,12,40,27281,27401,27581,30,-10,10,121.9676071,3989.634274,0.509411087,35,147.6666667,2641.967607,27436,0.663646698,0.441977859,0.422608703
sub-15,192,4,300,20,19988,21488,27488,21,1,1,133.9670269,4248.008694,0.378337264,30,394.0416667,2653.967027,21458,0.381335378,0.459869921,0.293806493
sub-15,193,4,12,20,23924,23984,24224,80,60,60,145.9661397,4156.007806,0.527502427,1,290.0416667,2665.96614,23983,0.842187762,0.358798593,0.381520927
sub-15,194,4,300,20,18200,19700,25700,80,60,60,157.9658671,4346.507534,0.59972165,14,468.5416667,2677.965867,19714,0.791362107,0.581895411,0.425907433
sub-15,195,4,60,80,22148,23348,23648,90,10,10,169.9653972,4206.507064,0.722102066,34,316.5416667,2689.965397,23314,0.775133371,0.607972264,0.783200562
sub-15,196,4,12,80,15586,15826,15886,88,8,8,181.9650769,4531.92341,0.912498534,66,629.9583333,2701.965077,15892,0.893184006,0.895874202,0.948437393
sub-15,197,4,300,40,18922,21922,26422,70,30,30,193.9645901,4289.922923,0.563334286,33,375.9583333,2713.96459,21955,0.454499304,0.557501614,0.67800194
sub-15,198,4,60,60,22148,23048,23648,8,-52,52,205.9642338,4255.0059,0.64348652,2,329.0416667,2725.964234,23050,0.775133371,0.57852304,0.576803148
sub-15,199,4,12,80,17959,18199,18259,80,0,0,217.9633089,4469.046642,0.52568237,13,531.0833333,2737.963309,18212,0.444595844,0.397394627,0.735056639
sub-15,200,4,60,40,13942,14542,15442,70,30,30,229.962951,4633.421284,0.675926189,21,683.4583333,2749.962951,14563,0.617607713,0.683953524,0.72621733
sub-15,201,4,300,20,20069,21569,27569,80,60,60,241.9630776,4352.629744,0.45564116,55,390.6666667,2761.963078,21624,0.377250761,0.34495461,0.644718111
sub-15,202,4,60,20,3650,3950,5150,20,0,0,253.9626904,5098.754357,0.612051845,31,1124.791667,2773.96269,3919,0.586262465,0.7236588,0.526234269
sub-15,203,4,300,40,14066,17066,21566,30,-10,10,265.9622252,4564.253892,0.344607135,77,578.2916667,2785.962225,16989,0.427026987,0.365407616,0.241386801
sub-15,204,4,12,60,29300,29480,29600,89,29,29,277.9612848,4059.002951,0.738899032,27,61.04166667,2797.961285,29453,0.835012972,0.636288166,0.745395958
sub-15,205,4,12,60,27281,27461,27581,84,24,24,289.9613476,4155.128014,0.479619553,25,145.1666667,2809.961348,27436,0.663646698,0.34283331,0.43237865
sub-15,206,4,12,60,21273,21453,21573,1,-59,59,301.9607889,4417.460789,0.709812641,5,395.5,2821.960789,21458,0.636497259,0.935319662,0.557621002
sub-15,207,4,12,40,13450,13570,13750,88,48,48,313.9603812,4757.918715,0.849632084,61,723.9583333,2833.960381,13631,0.881083906,0.8463763,0.821436048
sub-15,208,4,300,60,14351,18851,21851,72,12,12,325.9599034,4549.87657,0.678511739,71,503.9166667,2845.959903,18922,0.724799395,0.67871201,0.632023811
sub-15,209,4,300,80,19476,25476,26976,90,10,10,337.9595748,4285.834575,0.696930011,73,227.875,2857.959575,25549,0.618891299,0.667782605,0.80411613
sub-15,210,4,300,40,13458,16458,20958,13,-27,27,349.9591184,4673.584118,0.587588569,80,603.625,2869.959118,16538,0.503550649,0.716322362,0.542892694
sub-15,211,4,12,40,25820,25940,26120,10,-30,30,361.9586924,4290.500359,0.538838178,4,208.5416667,2881.958692,25944,0.514377058,0.630758941,0.471378535
sub-15,212,4,300,60,18200,22700,25700,80,20,20,373.9581521,4437.499819,0.594278524,22,343.5416667,2893.958152,22722,0.791362107,0.5266366,0.464836866
sub-15,213,4,12,60,15162,15342,15462,79,19,19,385.9577461,4756.082746,0.792497814,1,650.125,2905.957746,15341,0.925493777,0.732884884,0.71911478
sub-15,214,4,60,40,16451,17051,17951,90,50,50,397.9737174,4696.890384,0.457817475,62,578.9166667,2917.973717,16989,0.407732636,0.381435901,0.584283888
sub-15,215,4,300,80,14066,20066,21566,79,-1,1,409.9731307,4583.264797,0.372727503,9,453.2916667,2929.973131,20075,0.427026987,0.356378973,0.334776551
sub-15,216,4,300,60,19476,23976,26976,70,10,10,421.9731318,4432.348132,0.474200209,7,290.375,2941.973132,23983,0.618891299,0.414272666,0.389436662
sub-15,217,4,60,20,19722,20022,21222,7,-13,13,433.9726988,4609.097699,0.411991974,33,455.125,2953.972699,19989,0.266462356,0.699494839,0.270018727
sub-15,218,4,60,40,25202,25802,26702,19,-21,21,445.9722344,4380.263901,0.486041149,23,214.2916667,2965.972234,25779,0.380949736,0.502093911,0.575079799
sub-15,219,4,60,20,25895,26195,27395,50,30,30,457.971411,4375.888078,0.423054596,9,197.9166667,2977.971411,26204,0.452340961,0.406089157,0.41073367
sub-15,220,4,12,80,21273,21513,21573,84,4,4,469.9713642,4582.971364,0.761513889,55,393,2989.971364,21458,0.636497259,0.659675717,0.98836869
sub-15,221,4,300,20,19476,20976,26976,21,1,1,481.9705756,4617.345576,0.513232261,58,415.375,3001.970576,20918,0.618891299,0.418279558,0.502525926
sub-15,222,4,60,40,25895,26495,27395,25,-15,15,493.9704165,4399.387083,0.440994372,5,185.4166667,3013.970417,26500,0.452340961,0.432447374,0.438194782
sub-15,223,4,12,40,25018,25138,25318,66,26,26,505.969251,4467.927584,0.429841896,52,241.9583333,3025.969251,25086,0.614161015,0.286262631,0.389102042
sub-15,224,4,300,80,20069,26069,27569,83,3,3,517.9694816,4441.136148,0.472688923,24,203.1666667,3037.969482,26045,0.377250761,0.476390898,0.564425111
sub-15,225,4,12,60,11565,11745,11865,72,12,12,529.969155,5049.969155,0.469659835,31,800,3049.969155,11776,0.391443521,0.720917881,0.296618104
sub-15,226,4,60,20,22148,22448,23648,22,2,2,541.9686956,4616.010362,0.754350642,77,354.0416667,3061.968696,22525,0.775133371,0.652248144,0.835670412
sub-15,227,4,60,20,10035,10335,11535,20,0,0,553.9680435,5132.718044,0.528949112,23,858.75,3073.968044,10312,0.404203236,0.763092279,0.41955182
sub-15,228,4,300,60,2522,7022,10022,62,2,2,565.9676971,5282.759364,0.520361811,4,996.7916667,3085.967697,7018,0.40284428,0.508628964,0.649612188
sub-15,229,4,12,40,15586,15706,15886,20,-20,20,577.9673173,4932.925651,0.918003182,140,634.9583333,3097.967317,15566,0.893184006,0.946782351,0.914043188
sub-15,230,4,12,80,1602,1842,1902,60,-20,20,589.9667477,5522.591748,0.494504452,17,1212.625,3109.966748,1859,0.398957372,0.416479409,0.668076575
sub-15,231,4,12,40,23924,24044,24224,16,-24,24,601.9658185,4609.507485,0.791443547,2,287.5416667,3121.965819,24046,0.842187762,0.738648653,0.793494225
sub-15,232,4,300,40,2522,5522,10022,68,28,28,613.9658889,5393.257556,0.524214218,111,1059.291667,3133.965889,5633,0.40284428,0.631453753,0.538344622
sub-15,233,4,60,60,15628,16528,17128,59,-1,1,625.9651829,4946.673516,0.378013372,10,600.7083333,3145.965183,16538,0.333360583,0.569687963,0.230991572
sub-15,234,4,60,80,12596,13796,14096,75,-5,5,637.9649698,5072.506636,0.710163554,21,714.5416667,3157.96497,13775,0.68969357,0.766344666,0.674452424
sub-15,235,4,60,20,26923,27223,28423,23,3,3,649.9640897,4525.047423,0.611131052,24,155.0833333,3169.96409,27199,0.570710897,0.635133803,0.627548456
sub-15,236,4,12,60,26328,26508,26628,80,20,20,661.9638714,4566.838871,0.668048143,8,184.875,3181.963871,26500,0.570940733,0.527293324,0.905910373
sub-15,237,4,300,40,19988,22988,27488,79,39,39,673.9633734,4725.50504,0.398772667,3,331.5416667,3193.963373,22991,0.381335378,0.467199355,0.347783267
sub-15,238,4,12,20,29300,29360,29600,100,80,80,685.9630757,4472.004742,0.882695615,3,66.04166667,3205.963076,29357,0.835012972,0.851993442,0.961080432
sub-15,239,4,60,80,14390,15590,15890,91,11,11,697.9622375,5057.753904,0.87358437,24,639.7916667,3217.962238,15566,0.853619874,0.872111917,0.895021319
sub-15,240,4,60,60,19722,20622,21222,90,30,30,709.9618788,4860.086879,0.376208852,11,430.125,3229.961879,20633,0.266462356,0.304706454,0.557457745
sub-17,1,1,12,40,15162,15282,15462,63,23,23,1.9533702,1854.57837,0.778266191,9,652.625,1.9533702,15291,0.925493777,0.706873059,0.702431738
sub-17,2,1,60,80,1414,2614,2914,79,-1,1,13.9540472,2394.412381,0.893087606,6,1180.458333,13.9540472,2608,0.880903423,0.898732543,0.899626851
sub-17,3,1,300,80,14066,20066,21566,80,0,0,25.9537015,1679.245368,0.372727503,9,453.2916667,25.9537015,20075,0.427026987,0.356378973,0.334776551
sub-17,4,1,60,80,11369,12569,12869,70,-10,10,37.9531355,2003.619802,0.634420226,39,765.6666667,37.9531355,12530,0.533274829,0.499322087,0.870663762
sub-17,5,1,60,60,15628,16528,17128,28,-32,32,49.9527654,1850.661099,0.378013372,10,600.7083333,49.9527654,16538,0.333360583,0.569687963,0.230991572
sub-17,6,1,12,80,25018,25258,25318,30,-50,50,61.9515289,1498.909862,0.451532612,24,236.9583333,61.9515289,25234,0.614161015,0.336739153,0.40369767
sub-17,7,1,300,60,16072,20572,23572,70,10,10,73.951626,1706.159959,0.599707007,7,432.2083333,73.951626,20579,0.699183166,0.522151589,0.577786267
sub-17,8,1,12,80,2486,2726,2786,43,-37,37,85.9509741,2461.742641,0.773491303,41,1175.791667,85.9509741,2767,0.802486777,0.691649318,0.826337814
sub-17,9,1,60,40,26923,27523,28423,90,50,50,97.9510186,1440.534352,0.596408854,1,142.5833333,97.9510186,27524,0.570710897,0.456747562,0.761768103
sub-17,10,1,60,40,10035,10635,11535,29,-11,11,109.9505901,2156.20059,0.48510023,41,846.25,109.9505901,10676,0.404203236,0.632850528,0.418246925
sub-17,11,1,12,40,21800,21920,22100,75,35,35,121.9500096,1697.991676,0.786751767,35,376.0416667,121.9500096,21955,0.736993313,0.82633388,0.796928108
sub-17,12,1,12,40,11565,11685,11865,37,-3,3,133.9496725,2136.449673,0.530226717,12,802.5,133.9496725,11697,0.391443521,0.415040255,0.784196377
sub-17,13,1,60,20,10035,10335,11535,41,21,21,145.949118,2204.699118,0.528949112,23,858.75,145.949118,10312,0.404203236,0.763092279,0.41955182
sub-17,14,1,12,60,15586,15766,15886,60,0,0,157.9487901,1990.407123,0.91404591,126,632.4583333,157.9487901,15892,0.893184006,0.910675526,0.938278198
sub-17,15,1,300,60,19988,24488,27488,40,-20,20,169.9483988,1638.990065,0.365601301,14,269.0416667,169.9483988,24474,0.381335378,0.4435606,0.271907926
sub-17,16,1,300,40,2522,5522,10022,70,30,30,181.9479011,2441.239568,0.524214218,111,1059.291667,181.9479011,5633,0.40284428,0.631453753,0.538344622
sub-17,17,1,12,40,15586,15706,15886,40,0,0,193.9470939,2028.905427,0.918003182,140,634.9583333,193.9470939,15566,0.893184006,0.946782351,0.914043188
sub-17,18,1,300,40,16327,19327,23827,63,23,23,205.9469332,1890.030267,0.608967781,3,484.0833333,205.9469332,19330,0.765540838,0.512890935,0.54847157
sub-17,19,1,60,20,25202,25502,26702,38,18,18,217.9466402,1644.738307,0.481679867,47,226.7916667,217.9466402,25549,0.380949736,0.394988745,0.669101119
sub-17,20,1,12,40,4600,4720,4900,19,-21,21,229.9461935,2522.654527,0.743728856,146,1092.708333,229.9461935,4574,0.777784109,0.756530881,0.696871579
sub-17,21,1,300,20,9381,10881,16881,39,19,19,241.9452282,2277.945228,0.510910342,25,836,241.9452282,10856,0.434503287,0.649891555,0.448336184
sub-17,22,1,12,60,4600,4780,4900,29,-31,31,253.9449723,2544.153306,0.778728823,138,1090.208333,253.9449723,4918,0.777784109,0.792999804,0.765402555
sub-17,23,1,12,60,13450,13630,13750,29,-31,31,265.944689,2187.403022,0.860371133,1,721.4583333,265.944689,13631,0.881083906,0.862820923,0.837208569
sub-17,24,1,300,80,14351,20351,21851,91,11,11,277.9440417,1919.360708,0.707600872,61,441.4166667,277.9440417,20412,0.724799395,0.658842862,0.739160359
sub-17,25,1,60,60,13942,14842,15442,30,-30,30,289.9435533,2160.901887,0.68069917,1,670.9583333,289.9435533,14843,0.617607713,0.727707624,0.696782172
sub-17,26,1,300,80,12645,18645,20145,70,-10,10,301.9432432,2014.443243,0.354656776,1,512.5,301.9432432,18644,0.332550645,0.508051455,0.223368227
sub-17,27,1,300,20,21224,22724,28724,29,9,9,313.9424367,1856.484103,0.506919742,2,342.5416667,313.9424367,22722,0.495798409,0.480357289,0.544603527
sub-17,28,1,12,60,17959,18139,18259,41,-19,19,325.9419279,2059.525261,0.479493658,8,533.5833333,325.9419279,18131,0.444595844,0.32675156,0.66713357
sub-17,29,1,12,20,1602,1662,1902,72,52,52,337.9420253,2758.067025,0.562841068,7,1220.125,337.9420253,1669,0.398957372,0.83936286,0.450202972
sub-17,30,1,300,20,12645,14145,20145,61,41,41,349.9417065,2249.941707,0.466534972,22,700,349.9417065,14167,0.332550645,0.680825114,0.386229157
sub-17,31,1,12,60,21800,21980,22100,90,30,30,361.9407528,1935.482419,0.723965764,2,373.5416667,361.9407528,21978,0.736993313,0.71063894,0.724265039
sub-17,32,1,300,40,9381,12381,16881,70,30,30,373.9407068,2347.440707,0.459073414,9,773.5,373.9407068,12372,0.434503287,0.471244156,0.4714728
sub-17,33,1,300,60,21224,25724,28724,43,-17,17,385.9403862,1803.482053,0.48686858,55,217.5416667,385.9403862,25779,0.495798409,0.43142432,0.533383012
sub-17,34,1,12,40,29300,29420,29600,100,60,60,397.9397384,1661.481405,0.881912669,33,63.54166667,397.9397384,29453,0.835012972,0.842169046,0.968555987
sub-17,35,1,12,20,27281,27341,27581,13,-7,7,409.9394094,1760.106076,0.526739667,6,150.1666667,409.9394094,27335,0.663646698,0.481651872,0.43492043
sub-17,36,1,60,60,21153,22053,22653,19,-41,41,421.938965,1992.438965,0.501651009,49,370.5,421.938965,22102,0.367980182,0.683279634,0.453693211
sub-17,37,1,60,80,25202,26402,26702,90,10,10,433.9552323,1823.246899,0.514002681,6,189.2916667,433.9552323,26408,0.380949736,0.542046428,0.619011879
sub-17,38,1,12,40,1602,1722,1902,27,-13,13,445.9549068,2863.579907,0.569713354,38,1217.625,445.9549068,1760,0.398957372,0.813810945,0.496371746
sub-17,39,1,12,20,29300,29360,29600,95,75,75,457.9543552,1723.996022,0.882695615,3,66.04166667,457.9543552,29357,0.835012972,0.851993442,0.961080432
sub-17,40,1,60,80,16451,17651,17951,89,9,9,469.9378689,2223.854536,0.503571322,10,553.9166667,469.9378689,17641,0.407732636,0.547998905,0.554982424
sub-17,41,1,300,20,16327,17827,23827,34,14,14,481.95326,2228.536593,0.514019489,21,546.5833333,481.95326,17806,0.765540838,0.39063096,0.385886669
sub-17,42,1,12,80,15586,15826,15886,92,12,12,493.9528246,2323.911158,0.912498534,66,629.9583333,493.9528246,15892,0.893184006,0.895874202,0.948437393
sub-17,43,1,60,20,9187,9487,10687,18,-2,2,505.9526477,2600.035981,0.434174627,137,894.0833333,505.9526477,9350,0.355018765,0.394263268,0.553241849
sub-17,44,1,12,40,27281,27401,27581,28,-12,12,517.9521004,1865.618767,0.509411087,35,147.6666667,517.9521004,27436,0.663646698,0.441977859,0.422608703
sub-17,45,1,60,80,25895,27095,27395,92,12,12,529.951653,1890.36832,0.475009968,60,160.4166667,529.951653,27155,0.452340961,0.490531057,0.482157886
sub-17,46,1,60,20,11369,11669,12869,19,-1,1,541.9513355,2545.118002,0.59856234,26,803.1666667,541.9513355,11643,0.533274829,0.825657547,0.436754644
sub-17,47,1,12,20,4600,4660,4900,29,9,9,553.9507979,2849.159131,0.807660639,86,1095.208333,553.9507979,4574,0.777784109,0.890741885,0.754455924
sub-17,48,1,12,20,16152,16212,16452,7,-13,13,565.9503501,2379.82535,0.670652241,56,613.875,565.9503501,16268,0.528136969,0.987549484,0.496270269
sub-17,49,1,12,40,2486,2606,2786,6,-34,34,577.9497473,2958.741414,0.8548099,2,1180.791667,577.9497473,2608,0.802486777,0.953855455,0.808087468
sub-17,50,1,300,40,11085,14085,18585,19,-21,21,589.9493272,2492.449327,0.520194809,5,702.5,589.9493272,14090,0.403320372,0.590262294,0.56700176
sub-17,51,1,60,80,10035,11235,11535,70,-10,10,601.9486469,2623.198647,0.52952219,59,821.25,601.9486469,11176,0.404203236,0.707623601,0.476739734
sub-17,52,1,12,20,23924,23984,24224,16,-4,4,613.9483353,2103.990002,0.527502427,1,290.0416667,613.9483353,23983,0.842187762,0.358798593,0.381520927
sub-17,53,1,300,60,10273,14773,17773,18,-42,42,625.9479016,2499.781235,0.538562953,6,673.8333333,625.9479016,14779,0.664448321,0.543266654,0.407973886
sub-17,54,1,12,60,25018,25198,25318,80,20,20,637.9478087,2077.406142,0.434581568,36,239.4583333,637.9478087,25234,0.614161015,0.293974459,0.39560923
sub-17,55,1,300,40,19988,22988,27488,70,30,30,649.9473244,2181.488991,0.398772667,3,331.5416667,649.9473244,22991,0.381335378,0.467199355,0.347783267
sub-17,56,1,12,80,14329,14569,14629,84,4,4,661.9469276,2544.280261,0.670945783,6,682.3333333,661.9469276,14563,0.840943217,0.651862442,0.520031691
sub-17,57,1,12,40,16152,16272,16452,35,-5,5,673.9463252,2485.321325,0.584240357,4,611.375,673.9463252,16268,0.528136969,0.565639615,0.658944488
sub-17,58,1,300,60,18200,22700,25700,69,9,9,685.9459721,2229.487639,0.594278524,22,343.5416667,685.9459721,22722,0.791362107,0.5266366,0.464836866
sub-17,59,1,12,40,13450,13570,13750,60,20,20,697.9454218,2621.903755,0.849632084,61,723.9583333,697.9454218,13631,0.881083906,0.8463763,0.821436048
sub-17,60,1,60,80,3650,4850,5150,80,0,0,709.9449817,2997.236648,0.569860439,68,1087.291667,709.9449817,4918,0.586262465,0.485696733,0.637622118
sub-17,61,2,300,20,11085,12585,18585,38,18,18,1.972951,2806.972951,0.483780523,55,765,841.972951,12530,0.403320372,0.589437604,0.458583593
sub-17,62,2,300,20,22736,24236,30236,30,10,10,13.9727472,2333.514414,0.460771928,36,279.5416667,853.9727472,24200,0.368221045,0.748072684,0.266022056
sub-17,63,2,300,80,1960,7960,9460,70,-10,10,25.9723253,3023.680659,0.374507785,21,957.7083333,865.9723253,7981,0.433283031,0.393522233,0.296718091
sub-17,64,2,60,20,17621,17921,19121,20,0,0,37.9711114,2620.637778,0.504270792,40,542.6666667,877.9711114,17961,0.321571469,0.687747836,0.503493071
sub-17,65,2,300,80,9381,15381,16881,30,-50,50,49.9709781,2738.470978,0.462941974,27,648.5,889.9709781,15408,0.434503287,0.516384661,0.437937975
sub-17,66,2,300,40,1960,4960,9460,60,20,20,61.97028,3184.678613,0.503999035,42,1082.708333,901.97028,4918,0.433283031,0.530604362,0.54810971
sub-17,67,2,300,20,2522,4022,10022,30,10,10,73.9704975,3235.762164,0.535507907,103,1121.791667,913.9704975,3919,0.40284428,0.566761553,0.636917889
sub-17,68,2,60,40,17621,18221,19121,31,-9,9,85.9701388,2656.136805,0.401363482,9,530.1666667,925.9701388,18212,0.321571469,0.32369706,0.558821917
sub-17,69,2,12,40,23924,24044,24224,21,-19,19,97.9697163,2425.511383,0.791443547,2,287.5416667,937.9697163,24046,0.842187762,0.738648653,0.793494225
sub-17,70,2,60,40,19722,20322,21222,74,34,34,109.9691799,2592.59418,0.371791154,90,442.625,949.9691799,20412,0.266462356,0.429634243,0.419276863
sub-17,71,2,300,60,14066,18566,21566,71,11,11,121.9687807,2677.760447,0.421460688,20,515.7916667,961.9687807,18586,0.427026987,0.550489068,0.286866009
sub-17,72,2,300,80,21224,27224,28724,70,-10,10,133.9683837,2329.01005,0.448277911,25,155.0416667,973.9683837,27199,0.495798409,0.28581816,0.563217163
sub-17,73,2,60,60,25895,26795,27395,40,-20,20,145.9679382,2358.884605,0.424598813,2,172.9166667,985.9679382,26797,0.452340961,0.406857729,0.41459775
sub-17,74,2,60,60,10035,10935,11535,70,10,10,157.9674859,3031.717486,0.556123992,10,833.75,997.9674859,10925,0.404203236,0.668247223,0.595921516
sub-17,75,2,300,40,14351,17351,21851,36,-4,4,169.9670593,2776.383726,0.538737476,45,566.4166667,1009.967059,17396,0.724799395,0.48977527,0.401637763
sub-17,76,2,60,40,21153,21753,22653,36,-4,4,181.9664909,2604.966491,0.483911614,103,383,1021.966491,21856,0.367980182,0.516567588,0.567187071
sub-17,77,2,12,40,12500,12620,12800,70,30,30,193.9660283,2997.507695,0.699443301,90,763.5416667,1033.966028,12530,0.630747199,0.705582559,0.762000144
sub-17,78,2,12,60,12500,12680,12800,70,10,10,205.9657219,3007.007389,0.69880573,101,761.0416667,1045.965722,12781,0.630747199,0.732289791,0.733380198
sub-17,79,2,300,40,13557,16557,21057,65,25,25,217.9651548,2857.465155,0.421245933,19,599.5,1057.965155,16538,0.375888646,0.617102027,0.270747125
sub-17,80,2,300,20,1960,3460,9460,29,9,9,229.9646808,3415.173014,0.416565597,5,1145.208333,1069.964681,3465,0.433283031,0.312170625,0.504243135
sub-17,81,2,12,80,27281,27521,27581,81,1,1,241.9635711,2424.630238,0.484808634,3,142.6666667,1081.963571,27524,0.663646698,0.356698692,0.434080511
sub-17,82,2,12,60,16152,16332,16452,17,-43,43,253.9631897,2902.83819,0.614817361,6,608.875,1093.96319,16338,0.528136969,0.636289001,0.680026114
sub-17,83,2,12,20,15162,15222,15462,70,50,50,265.9633401,2961.08834,0.781456709,12,655.125,1105.96334,15210,0.925493777,0.715577185,0.703299165
sub-17,84,2,60,40,3650,4250,5150,18,-22,22,277.962563,3430.25423,0.465809743,48,1112.291667,1117.962563,4298,0.586262465,0.404017031,0.407149732
sub-17,85,2,300,80,18922,24922,26422,79,-1,1,289.9622431,2580.920576,0.55417345,88,250.9583333,1129.962243,24834,0.454499304,0.483178377,0.724842668
sub-17,86,2,12,20,13450,13510,13750,70,50,50,301.9622222,3068.420556,0.75796785,121,726.4583333,1141.962222,13631,0.881083906,0.69478333,0.698036313
sub-17,87,2,12,60,25820,26000,26120,29,-31,31,313.9615664,2560.003233,0.513285508,13,206.0416667,1153.961566,25987,0.514377058,0.487244695,0.53823477
sub-17,88,2,60,40,12596,13196,14096,61,21,21,325.960993,3105.50266,0.687155823,98,739.5416667,1165.960993,13098,0.68969357,0.741181314,0.630592585
sub-17,89,2,60,20,1414,1714,2914,28,8,8,337.9606985,3595.919032,0.828979512,45,1217.958333,1177.960699,1669,0.880903423,0.819167018,0.786868095
sub-17,90,2,12,60,1602,1782,1902,92,32,32,349.9604203,3605.08542,0.502100398,6,1215.125,1189.96042,1788,0.398957372,0.396219879,0.711123943
sub-17,91,2,60,40,25895,26495,27395,40,0,0,361.9597703,2587.376437,0.440994372,5,185.4166667,1201.95977,26500,0.452340961,0.432447374,0.438194782
sub-17,92,2,12,80,29300,29540,29600,82,2,2,373.9591627,2472.500829,0.777512252,43,58.54166667,1213.959163,29583,0.835012972,0.689403892,0.808119893
sub-17,93,2,60,60,13176,14076,14676,60,0,0,385.958717,3128.833717,0.560014963,14,702.875,1225.958717,14090,0.457795978,0.721336246,0.500912666
sub-17,94,2,60,60,17621,18521,19121,80,20,20,397.958544,2955.625211,0.464502672,38,517.6666667,1237.958544,18483,0.321571469,0.702765763,0.369170785
sub-17,95,2,60,40,14390,14990,15890,70,30,30,409.974473,3114.76614,0.812392155,29,664.7916667,1249.974473,15019,0.853619874,0.803780138,0.779776454
sub-17,96,2,300,80,16327,22327,23827,80,0,0,421.9739736,2821.057307,0.80520918,126,359.0833333,1261.973974,22201,0.765540838,0.827244103,0.822842598
sub-17,97,2,60,60,26923,27823,28423,69,9,9,433.9734695,2604.056803,0.533475856,67,130.0833333,1273.97347,27756,0.570710897,0.54025805,0.489458621
sub-17,98,2,60,40,22148,22748,23648,30,-10,10,445.9729456,2827.514612,0.754774034,26,341.5416667,1285.972946,22722,0.775133371,0.723107696,0.766081035
sub-17,99,2,12,40,25018,25138,25318,50,10,10,457.9723781,2739.930711,0.429841896,52,241.9583333,1297.972378,25086,0.614161015,0.286262631,0.389102042
sub-17,100,2,12,80,13450,13690,13750,92,12,12,469.9724185,3228.930752,0.875032147,59,718.9583333,1309.972419,13631,0.881083906,0.851312518,0.892700016
sub-17,101,2,60,20,25895,26195,27395,30,10,10,481.9722313,2719.888898,0.423054596,9,197.9166667,1321.972231,26204,0.452340961,0.406089157,0.41073367
sub-17,102,2,300,80,13458,19458,20958,80,0,0,493.9716669,3012.596667,0.484519442,23,478.625,1333.971667,19435,0.503550649,0.523809075,0.426198602
sub-17,103,2,300,80,2522,8522,10022,72,-8,8,505.9712087,3480.262875,0.572465211,1,934.2916667,1345.971209,8523,0.40284428,0.546290815,0.768260539
sub-17,104,2,300,60,2522,7022,10022,70,10,10,517.9709232,3554.76259,0.520361811,4,996.7916667,1357.970923,7018,0.40284428,0.508628964,0.649612188
sub-17,105,2,60,60,16451,17351,17951,70,10,10,529.9704856,3136.387152,0.515537073,45,566.4166667,1369.970486,17396,0.407732636,0.52406621,0.614812374
sub-17,106,2,60,60,25202,26102,26702,71,11,11,541.9697626,2783.761429,0.469284336,2,201.7916667,1381.969763,26100,0.380949736,0.489343941,0.53755933
sub-17,107,2,60,80,14390,15590,15890,63,-17,17,553.9696458,3233.761312,0.87358437,24,639.7916667,1393.969646,15566,0.853619874,0.872111917,0.895021319
sub-17,108,2,300,40,18200,21200,25700,39,-1,1,565.9690026,3012.010669,0.613909702,5,406.0416667,1405.969003,21195,0.791362107,0.579749107,0.47061789
sub-17,109,2,12,60,15162,15342,15462,92,32,32,577.9680124,3268.093012,0.792497814,1,650.125,1417.968012,15341,0.925493777,0.732884884,0.71911478
sub-17,110,2,60,40,15628,16228,17128,20,-20,20,589.968216,3243.176549,0.469133109,40,613.2083333,1429.968216,16268,0.333360583,0.796540856,0.277497888
sub-17,111,2,12,40,26328,26448,26628,69,29,29,601.9671917,2829.342192,0.659053485,13,187.375,1441.967192,26461,0.570940733,0.511222482,0.894997239
sub-17,112,2,12,60,27281,27461,27581,72,12,12,613.9669634,2799.13363,0.479619553,25,145.1666667,1453.966963,27436,0.663646698,0.34283331,0.43237865
sub-17,113,2,300,40,22736,25736,30236,73,33,33,625.9665004,2883.008167,0.45551905,43,217.0416667,1465.9665,25779,0.368221045,0.729290605,0.269045502
sub-17,114,2,60,40,28296,28896,29796,31,-9,9,637.9662012,2763.341201,0.448978245,24,85.375,1477.966201,28920,0.386571616,0.636950135,0.323412985
sub-17,115,2,300,40,16072,19072,23572,58,18,18,649.9659158,3184.674249,0.601840854,51,494.7083333,1489.965916,19021,0.699183166,0.517898381,0.588441014
sub-17,116,2,60,40,4556,5156,6056,26,-14,14,661.9651707,3776.506837,0.507196426,8,1074.541667,1501.965171,5148,0.386306763,0.617104769,0.518177748
sub-17,117,2,12,80,15162,15402,15462,85,5,5,673.9650176,3361.590018,0.809432745,6,647.625,1513.965018,15408,0.925493777,0.761621892,0.741182566
sub-17,118,2,12,60,2486,2666,2786,77,17,17,685.9646086,3904.256275,0.783421795,58,1178.291667,1525.964609,2608,0.802486777,0.707484126,0.84029448
sub-17,119,2,300,60,10518,15018,18018,63,3,3,697.9637528,3401.588753,0.538457811,1,663.625,1537.963753,15019,0.480903864,0.668780506,0.465689063
sub-17,120,2,12,20,2486,2546,2786,31,11,11,709.963833,3933.2555,0.86674879,62,1183.291667,1549.963833,2608,0.802486777,0.984086692,0.8136729
sub-17,121,3,300,40,12645,15645,20145,29,-11,11,1.9729872,3519.472987,0.483331859,79,637.5,1681.972987,15566,0.332550645,0.809746027,0.307698905
sub-17,122,3,300,80,19476,25476,26976,80,0,0,13.9724623,3121.847462,0.696930011,73,227.875,1693.972462,25549,0.618891299,0.667782605,0.80411613
sub-17,123,3,12,20,12500,12560,12800,20,0,0,25.9718959,3672.013563,0.644854168,30,766.0416667,1705.971896,12530,0.630747199,0.695603549,0.608211756
sub-17,124,3,12,40,17959,18079,18259,30,-10,10,37.9712966,3454.05463,0.529117078,13,536.0833333,1717.971297,18066,0.444595844,0.393297553,0.749457836
sub-17,125,3,60,80,12596,13796,14096,71,-9,9,49.9710336,3644.5127,0.710163554,21,714.5416667,1729.971034,13775,0.68969357,0.766344666,0.674452424
sub-17,126,3,12,40,25820,25940,26120,30,-10,10,61.9706159,3150.512283,0.538838178,4,208.5416667,1741.970616,25944,0.514377058,0.630758941,0.471378535
sub-17,127,3,12,20,21800,21860,22100,80,60,60,73.9699944,3332.511661,0.779317856,4,378.5416667,1753.969994,21856,0.736993313,0.798989177,0.801971078
sub-17,128,3,300,60,16327,20827,23827,60,0,0,85.9694941,3387.552827,0.762053986,91,421.5833333,1765.969494,20918,0.765540838,0.751691878,0.768929243
sub-17,129,3,60,60,19722,20622,21222,73,13,13,97.9689774,3408.093977,0.376208852,11,430.125,1777.968977,20633,0.266462356,0.304706454,0.557457745
sub-17,130,3,60,80,15628,16828,17128,80,0,0,109.9686811,3578.177014,0.489119957,95,588.2083333,1789.968681,16733,0.333360583,0.658514261,0.475485027
sub-17,131,3,12,80,21800,22040,22100,92,12,12,121.9680116,3373.009678,0.817930579,40,371.0416667,1801.968012,22000,0.736993313,0.733162522,0.983635902
sub-17,132,3,300,40,19476,22476,26976,70,30,30,133.9682976,3366.843298,0.596290787,49,352.875,1813.968298,22525,0.618891299,0.515366018,0.654615045
sub-17,133,3,60,40,9187,9787,10687,70,30,30,145.9674845,3907.550818,0.426671376,92,881.5833333,1825.967485,9879,0.355018765,0.344421983,0.58057338
sub-17,134,3,300,60,18922,23422,26422,70,10,10,157.9671198,3351.425453,0.562183181,108,313.4583333,1837.96712,23314,0.454499304,0.605599403,0.626450837
sub-17,135,3,60,20,12596,12896,14096,10,-10,10,169.9658692,3802.007536,0.754556278,29,752.0416667,1849.965869,12867,0.68969357,0.889180124,0.684795141
sub-17,136,3,12,20,21273,21333,21573,0,-20,20,181.9663768,3462.466377,0.75228552,0,400.5,1861.966377,21333,0.636497259,0.971750498,0.648608804
sub-17,137,3,12,40,21273,21393,21573,2,-38,38,193.9660658,3471.966066,0.748584628,60,398,1873.966066,21333,0.636497259,0.976724505,0.63253212
sub-17,138,3,12,20,17959,18019,18259,5,-15,15,205.9649331,3624.548266,0.51661695,47,538.5833333,1885.964933,18066,0.444595844,0.554531097,0.55072391
sub-17,139,3,12,80,23924,24164,24224,9,-71,71,217.9650146,3380.506681,0.549024999,0,282.5416667,1897.965015,24164,0.842187762,0.403494179,0.401393056
sub-17,140,3,300,60,1960,6460,9460,71,11,11,229.9647466,4130.17308,0.451823841,48,1020.208333,1909.964747,6412,0.433283031,0.458800852,0.463387638
sub-17,141,3,12,80,26328,26568,26628,95,15,15,241.9636371,3304.338637,0.682078063,68,182.375,1921.963637,26500,0.570940733,0.554679751,0.920613706
sub-17,142,3,60,80,17621,18821,19121,74,-6,6,253.9638687,3639.130535,0.398854067,51,505.1666667,1933.963869,18770,0.321571469,0.287838012,0.587152719
sub-17,143,3,300,40,20069,23069,27569,64,24,24,265.9631693,3474.129836,0.468692313,19,328.1666667,1945.963169,23050,0.377250761,0.444087029,0.584739149
sub-17,144,3,300,60,13557,18057,21057,62,2,2,277.9628755,3694.962876,0.403727372,9,537,1957.962876,18066,0.375888646,0.479011238,0.356282234
sub-17,145,3,300,20,10273,11773,17773,38,18,18,289.9623018,3968.795635,0.671569288,3,798.8333333,1969.962302,11776,0.664448321,0.659815192,0.69044435
sub-17,146,3,300,40,21224,24224,28724,39,-1,1,301.9621181,3462.003785,0.461755127,24,280.0416667,1981.962118,24200,0.495798409,0.400327176,0.489139795
sub-17,147,3,60,40,13942,14542,15442,38,-2,2,313.961258,3877.419591,0.675926189,21,683.4583333,1993.961258,14563,0.617607713,0.683953524,0.72621733
sub-17,148,3,60,20,13176,13476,14676,7,-13,13,325.9611037,3933.836104,0.627957404,155,727.875,2005.961104,13631,0.457795978,0.929294884,0.496781349
sub-17,149,3,300,20,14351,15851,21851,29,9,9,337.9607793,3846.877446,0.711405754,41,628.9166667,2017.960779,15892,0.724799395,0.719285727,0.690132141
sub-17,150,3,300,20,13458,14958,20958,8,-12,12,349.9601999,3896.0852,0.527636826,10,666.125,2029.9602,14948,0.503550649,0.735695601,0.343664229
sub-17,151,3,60,60,3650,4550,5150,71,11,11,361.9599085,4341.751575,0.541496128,24,1099.791667,2041.959909,4574,0.586262465,0.423998445,0.614227474
sub-17,152,3,300,20,18922,20422,26422,70,50,50,373.9593512,3692.417685,0.554572781,10,438.4583333,2053.959351,20412,0.454499304,0.502740145,0.706478894
sub-17,153,3,300,80,20069,26069,27569,70,-10,10,385.9590363,3469.125703,0.472688923,24,203.1666667,2065.959036,26045,0.377250761,0.476390898,0.564425111
sub-17,154,3,300,80,18200,24200,25700,71,-9,9,397.9748756,3559.016542,0.666384419,0,281.0416667,2077.974876,24200,0.791362107,0.576158345,0.631632805
sub-17,155,3,60,40,11369,11969,12869,61,21,21,409.9745082,4080.641175,0.598558346,17,790.6666667,2089.974508,11952,0.533274829,0.519994318,0.742405891
sub-17,156,3,300,60,11085,15585,18585,47,-13,13,421.9739456,3941.973946,0.512025793,19,640,2101.973946,15566,0.403320372,0.5605762,0.572180808
sub-17,157,3,300,80,10518,16518,18018,30,-50,50,433.9735988,3915.098599,0.583597581,20,601.125,2113.973599,16538,0.480903864,0.651504278,0.6183846
sub-17,158,3,12,20,25018,25078,25318,2,-18,18,445.9733004,3570.431634,0.694239994,8,244.4583333,2125.9733,25086,0.614161015,0.903934419,0.564624548
sub-17,159,3,300,40,14066,17066,21566,29,-11,11,457.9730154,3916.264682,0.344607135,77,578.2916667,2137.973015,16989,0.427026987,0.365407616,0.241386801
sub-17,160,3,60,80,13942,15142,15442,89,9,9,469.9724217,4008.430755,0.745977561,65,658.4583333,2149.972422,15077,0.617607713,0.667556286,0.952768683
sub-17,161,3,60,20,15628,15928,17128,29,9,9,481.9720876,3987.680421,0.468310128,36,625.7083333,2161.972088,15892,0.333360583,0.670246482,0.401323318
sub-17,162,3,12,80,21273,21513,21573,98,18,18,493.9714898,3766.97149,0.761513889,55,393,2173.97149,21458,0.636497259,0.659675717,0.98836869
sub-17,163,3,60,80,28296,29496,29796,56,-24,24,505.9707781,3446.345778,0.378579348,43,60.375,2185.970778,29453,0.386571616,0.422424734,0.326741695
sub-17,164,3,12,80,16152,16392,16452,96,16,16,517.9705333,4004.345533,0.678572257,23,606.375,2197.970533,16369,0.528136969,0.527052999,0.980526805
sub-17,165,3,60,40,1414,2014,2914,29,-11,11,529.9695176,4615.427851,0.6707172,14,1205.458333,2209.969518,2028,0.880903423,0.538607776,0.5926404
sub-17,166,3,300,60,20069,24569,27569,45,-15,15,541.969675,3687.636342,0.437215209,10,265.6666667,2221.969675,24579,0.377250761,0.376978368,0.557416499
sub-17,167,3,300,20,19476,20976,26976,29,9,9,553.9694874,3849.344487,0.513232261,58,415.375,2233.969487,20918,0.618891299,0.418279558,0.502525926
sub-17,168,3,300,80,19988,25988,27488,28,-52,52,565.9686812,3652.510348,0.414776425,1,206.5416667,2245.968681,25987,0.381335378,0.377626181,0.485367715
sub-17,169,3,300,80,16072,22072,23572,26,-54,54,577.9686387,3827.676972,0.690731823,30,369.7083333,2257.968639,22102,0.699183166,0.625260174,0.74775213
sub-17,170,3,60,20,3650,3950,5150,33,13,13,589.9680276,4594.759694,0.612051845,31,1124.791667,2269.968028,3919,0.586262465,0.7236588,0.526234269
sub-17,171,3,60,80,13176,14376,14676,75,-5,5,601.9676791,4172.342679,0.621318579,13,690.375,2281.967679,14389,0.457795978,0.679272175,0.726887584
sub-17,172,3,12,60,11565,11745,11865,70,10,10,613.9671432,4293.967143,0.469659835,31,800,2293.967143,11776,0.391443521,0.720917881,0.296618104
sub-17,173,3,300,60,19476,23976,26976,65,5,5,625.9668887,3796.341889,0.474200209,7,290.375,2305.966889,23983,0.618891299,0.414272666,0.389436662
sub-17,174,3,60,80,26923,28123,28423,66,-14,14,637.9660472,3635.549381,0.54487892,43,117.5833333,2317.966047,28166,0.570710897,0.571867824,0.492058039
sub-17,175,3,60,40,16451,17051,17951,62,22,22,649.9656185,4108.882285,0.457817475,62,578.9166667,2329.965619,16989,0.407732636,0.381435901,0.584283888
sub-17,176,3,300,60,14351,18851,21851,65,5,5,661.9646896,4045.881356,0.678511739,71,503.9166667,2341.96469,18922,0.724799395,0.67871201,0.632023811
sub-17,177,3,60,60,12596,13496,14096,68,8,8,673.9645275,4281.006194,0.679986358,135,727.0416667,2353.964528,13631,0.68969357,0.66709578,0.683169723
sub-17,178,3,60,20,14390,14690,15890,9,-11,11,685.9640867,4243.255753,0.652103245,10,677.2916667,2365.964087,14700,0.853619874,0.504358649,0.598331213
sub-17,179,3,300,20,20069,21569,27569,61,41,41,697.9635632,3968.63023,0.45564116,55,390.6666667,2377.963563,21624,0.377250761,0.34495461,0.644718111
sub-17,180,3,60,60,4556,5456,6056,72,12,12,709.9634053,4652.005072,0.530113876,122,1062.041667,2389.963405,5334,0.386306763,0.687324226,0.516710639
sub-17,181,4,12,60,3739,3919,4039,91,31,31,1.9716694,4848.055003,0.611491134,0,1126.083333,2521.971669,3919,0.471912891,0.509016752,0.853543758
sub-17,182,4,300,60,9381,13881,16881,20,-40,40,13.9711844,4444.971184,0.506161819,46,711,2533.971184,13927,0.434503287,0.60319519,0.480786979
sub-17,183,4,300,80,11085,17085,18585,80,0,0,25.9706043,4323.470604,0.411512583,96,577.5,2545.970604,16989,0.403320372,0.387581944,0.443635434
sub-17,184,4,12,60,23924,24104,24224,70,10,10,37.9702044,4043.011871,0.661446333,58,285.0416667,2557.970204,24046,0.842187762,0.562097549,0.580053687
sub-17,185,4,60,40,13176,13776,14676,19,-21,21,49.9696858,4485.344686,0.604968309,1,715.375,2569.969686,13775,0.457795978,0.853265524,0.503843427
sub-17,186,4,300,20,19988,21488,27488,70,50,50,61.969423,4176.01109,0.378337264,30,394.0416667,2581.969423,21458,0.381335378,0.459869921,0.293806493
sub-17,187,4,12,20,14329,14389,14629,80,60,60,73.9688605,4483.802194,0.673224032,0,689.8333333,2593.968861,14389,0.840943217,0.659988642,0.518740237
sub-17,188,4,60,80,9187,10387,10687,80,0,0,85.9679974,4662.551331,0.46238931,75,856.5833333,2605.967997,10312,0.355018765,0.479985803,0.552163363
sub-17,189,4,300,40,10518,13518,18018,70,30,30,97.9679459,4544.092946,0.473818123,113,726.125,2617.967946,13631,0.480903864,0.551914155,0.388636351
sub-17,190,4,12,40,3739,3859,4039,27,-13,13,109.9676841,4958.551017,0.567767153,1,1128.583333,2629.967684,3858,0.471912891,0.49350661,0.737881958
sub-17,191,4,60,20,19722,20022,21222,7,-13,13,121.9665922,4297.091592,0.411991974,33,455.125,2641.966592,19989,0.266462356,0.699494839,0.270018727
sub-17,192,4,12,60,29300,29480,29600,80,20,20,133.9660483,3915.007715,0.738899032,27,61.04166667,2653.966048,29453,0.835012972,0.636288166,0.745395958
sub-17,193,4,12,20,11565,11625,11865,28,8,8,145.9656891,4670.965689,0.458951463,17,805,2665.965689,11608,0.391443521,0.614788413,0.370622456
sub-17,194,4,60,20,16451,16751,17951,30,10,10,157.9650662,4469.381733,0.541294883,18,591.4166667,2677.965066,16733,0.407732636,0.724357009,0.491795003
sub-17,195,4,300,60,13458,17958,20958,60,0,0,169.9654153,4431.090415,0.393604338,3,541.125,2689.965415,17961,0.503550649,0.407887161,0.269375205
sub-17,196,4,60,20,22148,22448,23648,30,10,10,181.9650306,4256.006697,0.754350642,77,354.0416667,2701.965031,22525,0.775133371,0.652248144,0.835670412
sub-17,197,4,60,40,25202,25802,26702,30,-10,10,193.9645379,4128.256205,0.486041149,23,214.2916667,2713.964538,25779,0.380949736,0.502093911,0.575079799
sub-17,198,4,12,40,14329,14449,14629,82,42,42,205.9641298,4613.297463,0.659595033,37,687.3333333,2725.96413,14486,0.840943217,0.633674383,0.504167497
sub-17,199,4,300,40,18922,21922,26422,74,34,34,217.9637063,4313.92204,0.563334286,33,375.9583333,2737.963706,21955,0.454499304,0.557501614,0.67800194
sub-17,200,4,60,60,28296,29196,29796,62,2,2,229.9630922,4022.838092,0.40910688,46,72.875,2749.963092,29242,0.386571616,0.449854881,0.390894145
sub-17,201,4,12,80,3739,3979,4039,95,15,15,241.962423,5085.545756,0.605181605,60,1123.583333,2761.962423,3919,0.471912891,0.445872188,0.897759736
sub-17,202,4,60,80,22148,23348,23648,36,-44,44,253.9620055,4290.503672,0.722102066,34,316.5416667,2773.962006,23314,0.775133371,0.607972264,0.783200562
sub-17,203,4,12,80,12500,12740,12800,86,6,6,265.9614835,4744.50315,0.690956732,41,758.5416667,2785.961484,12781,0.630747199,0.693621397,0.748501599
sub-17,204,4,300,20,14066,15566,21566,30,10,10,277.9613252,4638.752992,0.560058008,0,640.7916667,2797.961325,15566,0.427026987,0.875541151,0.377605885
sub-17,205,4,60,80,21153,22353,22653,69,-11,11,289.9607421,4367.960742,0.478971044,152,358,2809.960742,22201,0.367980182,0.52699703,0.541935921
sub-17,206,4,300,40,10273,13273,17773,41,1,1,301.9601672,4758.293501,0.584628761,175,736.3333333,2821.960167,13098,0.664448321,0.636629224,0.452808738
sub-17,207,4,60,20,4556,4856,6056,23,3,3,313.9597555,5121.001422,0.5157758,62,1087.041667,2833.959756,4918,0.386306763,0.83152318,0.329497457
sub-17,208,4,12,20,25820,25880,26120,62,42,42,325.959577,4257.001244,0.628588279,11,211.0416667,2845.959577,25891,0.514377058,0.79674089,0.57464689
sub-17,209,4,60,80,4556,5756,6056,85,5,5,337.9589217,5107.500588,0.54880482,27,1049.541667,2857.958922,5729,0.386306763,0.481833637,0.778274059
sub-17,210,4,300,60,12645,17145,20145,31,-29,29,349.9586607,4644.958661,0.306706463,112,575,2869.958661,17257,0.332550645,0.347516209,0.240052536
sub-17,211,4,300,60,22736,27236,30236,60,0,0,361.9577748,4236.499441,0.371524195,35,154.5416667,2881.957775,27271,0.368221045,0.459550083,0.286801457
sub-17,212,4,12,60,26328,26508,26628,94,34,34,373.9740358,4278.849036,0.668048143,8,184.875,2893.974036,26500,0.570940733,0.527293324,0.905910373
sub-17,213,4,60,60,11369,12269,12869,75,15,15,385.9736391,4884.140306,0.516770363,103,778.1666667,2905.973639,12372,0.533274829,0.423333883,0.593702376
sub-17,214,4,12,20,26328,26388,26628,25,5,5,397.9737132,4307.848713,0.705589493,20,189.875,2917.973713,26408,0.570940733,0.925866604,0.619961143
sub-17,215,4,60,80,19722,20922,21222,92,12,12,409.9726679,4547.597668,0.439013958,4,417.625,2929.972668,20918,0.266462356,0.252884895,0.797694623
sub-17,216,4,300,80,10273,16273,17773,70,-10,10,421.972196,4753.305529,0.691866497,5,611.3333333,2941.972196,16268,0.664448321,0.815407932,0.595743239
sub-17,217,4,12,60,21273,21453,21573,4,-56,56,433.9722961,4549.472296,0.709812641,5,395.5,2953.972296,21458,0.636497259,0.935319662,0.557621002
sub-17,218,4,300,20,13557,15057,21057,8,-12,12,445.9718861,4827.971886,0.468338192,20,662,2965.971886,15077,0.375888646,0.523104906,0.506021023
sub-17,219,4,300,20,18200,19700,25700,60,40,40,457.9713154,4646.512982,0.59972165,14,468.5416667,2977.971315,19714,0.791362107,0.581895411,0.425907433
sub-17,220,4,12,80,25820,26060,26120,20,-60,60,469.9708448,4393.512511,0.612323423,15,203.5416667,2989.970845,26045,0.514377058,0.79671216,0.525881052
sub-17,221,4,300,20,16072,17572,23572,30,10,10,481.9704723,4759.178806,0.445263386,54,557.2083333,3001.970472,17518,0.699183166,0.346642971,0.28996402
sub-17,222,4,60,20,13942,14242,15442,66,46,46,493.9702198,4909.928553,0.736333648,21,695.9583333,3013.97022,14221,0.617607713,0.858845234,0.732547998
sub-17,223,4,300,80,13557,19557,21057,63,-17,17,505.9697836,4700.469784,0.40807276,5,474.5,3025.969784,19562,0.375888646,0.455977142,0.392352492
sub-17,224,4,60,60,22148,23048,23648,61,1,1,517.9691118,4567.010778,0.64348652,2,329.0416667,3037.969112,23050,0.775133371,0.57852304,0.576803148
sub-17,225,4,12,80,11565,11805,11865,70,-10,10,529.9688001,5047.4688,0.425252527,29,797.5,3049.9688,11776,0.391443521,0.391761363,0.492552698
sub-17,226,4,60,60,14390,15290,15890,70,10,10,541.9684608,4914.260127,0.646042486,1,652.2916667,3061.968461,15291,0.853619874,0.5200454,0.564462185
sub-17,227,4,12,80,17959,18199,18259,38,-42,42,553.9677553,4805.051089,0.52568237,13,531.0833333,3073.967755,18212,0.444595844,0.397394627,0.735056639
sub-17,228,4,300,80,22736,28736,30236,70,-10,10,565.9675381,4378.009205,0.429048399,12,92.04166667,3085.967538,28748,0.368221045,0.566889405,0.352034748
sub-17,229,4,300,40,13458,16458,20958,13,-27,27,577.9669379,4901.591938,0.587588569,80,603.625,3097.966938,16538,0.503550649,0.716322362,0.542892694
sub-17,230,4,12,20,15586,15646,15886,20,0,0,589.9659825,4947.424316,0.922746738,80,637.4583333,3109.965983,15566,0.893184006,0.971495926,0.903560281
sub-17,231,4,12,80,4600,4840,4900,30,-50,50,601.9657243,5409.674058,0.840341111,78,1087.708333,3121.965724,4918,0.777784109,0.808963835,0.934275389
sub-17,232,4,300,20,10518,12018,18018,19,-1,1,613.9653509,5122.590351,0.523449163,66,788.625,3133.965351,11952,0.480903864,0.692685187,0.396758437
sub-17,233,4,12,20,3739,3799,4039,29,9,9,625.9649858,5477.048319,0.601261348,13,1131.083333,3145.964986,3812,0.471912891,0.75404346,0.577827692
sub-17,234,4,12,60,14329,14509,14629,73,13,13,637.9646785,5042.798012,0.697990954,5,684.8333333,3157.964679,14514,0.840943217,0.674068928,0.578960717
sub-17,235,4,60,60,9187,10087,10687,62,2,2,649.964183,5239.047516,0.391915798,3,869.0833333,3169.964183,10084,0.355018765,0.264911145,0.555817485
sub-17,236,4,60,20,21153,21453,22653,28,8,8,661.9635621,4777.463562,0.449790001,5,395.5,3181.963562,21458,0.367980182,0.50407207,0.47731775
sub-17,237,4,60,20,28296,28596,29796,29,9,9,673.9636138,4491.838614,0.49337545,50,97.875,3193.963614,28646,0.386571616,0.598008156,0.495546579
sub-17,238,4,12,80,1602,1842,1902,90,10,10,685.9631013,5618.588101,0.494504452,17,1212.625,3205.963101,1859,0.398957372,0.416479409,0.668076575
sub-17,239,4,60,60,1414,2314,2914,32,-28,28,697.9625893,5610.920923,0.553229103,101,1192.958333,3217.962589,2213,0.880903423,0.367280275,0.411503613
sub-17,240,4,60,20,26923,27223,28423,29,9,9,709.9619824,4585.045316,0.611131052,24,155.0833333,3229.961982,27199,0.570710897,0.635133803,0.627548456
sub-18,1,1,12,40,15162,15282,15462,30,-10,10,1.9727305,1854.597731,0.778266191,9,652.625,1.9727305,15291,0.925493777,0.706873059,0.702431738
sub-18,2,1,60,80,1414,2614,2914,75,-5,5,13.9724801,2394.430813,0.893087606,6,1180.458333,13.9724801,2608,0.880903423,0.898732543,0.899626851
sub-18,3,1,300,80,14066,20066,21566,58,-22,22,25.9719223,1679.263589,0.372727503,9,453.2916667,25.9719223,20075,0.427026987,0.356378973,0.334776551
sub-18,4,1,60,80,11369,12569,12869,70,-10,10,37.9717349,2003.638402,0.634420226,39,765.6666667,37.9717349,12530,0.533274829,0.499322087,0.870663762
sub-18,5,1,60,60,15628,16528,17128,20,-40,40,49.9712792,1850.679613,0.378013372,10,600.7083333,49.9712792,16538,0.333360583,0.569687963,0.230991572
sub-18,6,1,12,80,25018,25258,25318,70,-10,10,61.9708082,1498.929142,0.451532612,24,236.9583333,61.9708082,25234,0.614161015,0.336739153,0.40369767
sub-18,7,1,300,60,16072,20572,23572,30,-30,30,73.9699413,1706.178275,0.599707007,7,432.2083333,73.9699413,20579,0.699183166,0.522151589,0.577786267
sub-18,8,1,12,80,2486,2726,2786,70,-10,10,85.9691575,2461.760824,0.773491303,41,1175.791667,85.9691575,2767,0.802486777,0.691649318,0.826337814
sub-18,9,1,60,40,26923,27523,28423,76,36,36,97.9687513,1440.552085,0.596408854,1,142.5833333,97.9687513,27524,0.570710897,0.456747562,0.761768103
sub-18,10,1,60,40,10035,10635,11535,70,30,30,109.968561,2156.218561,0.48510023,41,846.25,109.968561,10676,0.404203236,0.632850528,0.418246925
sub-18,11,1,12,40,21800,21920,22100,86,46,46,121.9683494,1698.010016,0.786751767,35,376.0416667,121.9683494,21955,0.736993313,0.82633388,0.796928108
sub-18,12,1,12,40,11565,11685,11865,70,30,30,133.9679569,2136.467957,0.530226717,12,802.5,133.9679569,11697,0.391443521,0.415040255,0.784196377
sub-18,13,1,60,20,10035,10335,11535,70,50,50,145.9673675,2204.717368,0.528949112,23,858.75,145.9673675,10312,0.404203236,0.763092279,0.41955182
sub-18,14,1,12,60,15586,15766,15886,90,30,30,157.966768,1990.425101,0.91404591,126,632.4583333,157.966768,15892,0.893184006,0.910675526,0.938278198
sub-18,15,1,300,60,19988,24488,27488,30,-30,30,169.9666663,1639.008333,0.365601301,14,269.0416667,169.9666663,24474,0.381335378,0.4435606,0.271907926
sub-18,16,1,300,40,2522,5522,10022,40,0,0,181.9662561,2441.257923,0.524214218,111,1059.291667,181.9662561,5633,0.40284428,0.631453753,0.538344622
sub-18,17,1,12,40,15586,15706,15886,40,0,0,193.9659566,2028.92429,0.918003182,140,634.9583333,193.9659566,15566,0.893184006,0.946782351,0.914043188
sub-18,18,1,300,40,16327,19327,23827,40,0,0,205.9648688,1890.048202,0.608967781,3,484.0833333,205.9648688,19330,0.765540838,0.512890935,0.54847157
sub-18,19,1,60,20,25202,25502,26702,30,10,10,217.9650497,1644.756716,0.481679867,47,226.7916667,217.9650497,25549,0.380949736,0.394988745,0.669101119
sub-18,20,1,12,40,4600,4720,4900,40,0,0,229.9644991,2522.672832,0.743728856,146,1092.708333,229.9644991,4574,0.777784109,0.756530881,0.696871579
sub-18,21,1,300,20,9381,10881,16881,30,10,10,241.96373,2277.96373,0.510910342,25,836,241.96373,10856,0.434503287,0.649891555,0.448336184
sub-18,22,1,12,60,4600,4780,4900,32,-28,28,253.9633427,2544.171676,0.778728823,138,1090.208333,253.9633427,4918,0.777784109,0.792999804,0.765402555
sub-18,23,1,12,60,13450,13630,13750,60,0,0,265.9627127,2187.421046,0.860371133,1,721.4583333,265.9627127,13631,0.881083906,0.862820923,0.837208569
sub-18,24,1,300,80,14351,20351,21851,76,-4,4,277.9624264,1919.379093,0.707600872,61,441.4166667,277.9624264,20412,0.724799395,0.658842862,0.739160359
sub-18,25,1,60,60,13942,14842,15442,40,-20,20,289.9620621,2160.920395,0.68069917,1,670.9583333,289.9620621,14843,0.617607713,0.727707624,0.696782172
sub-18,26,1,300,80,12645,18645,20145,60,-20,20,301.9616503,2014.46165,0.354656776,1,512.5,301.9616503,18644,0.332550645,0.508051455,0.223368227
sub-18,27,1,300,20,21224,22724,28724,70,50,50,313.9606675,1856.502334,0.506919742,2,342.5416667,313.9606675,22722,0.495798409,0.480357289,0.544603527
sub-18,28,1,12,60,17959,18139,18259,70,10,10,325.9604635,2059.543797,0.479493658,8,533.5833333,325.9604635,18131,0.444595844,0.32675156,0.66713357
sub-18,29,1,12,20,1602,1662,1902,30,10,10,337.9605001,2758.0855,0.562841068,7,1220.125,337.9605001,1669,0.398957372,0.83936286,0.450202972
sub-18,30,1,300,20,12645,14145,20145,70,50,50,349.960051,2249.960051,0.466534972,22,700,349.960051,14167,0.332550645,0.680825114,0.386229157
sub-18,31,1,12,60,21800,21980,22100,80,20,20,361.959748,1935.501415,0.723965764,2,373.5416667,361.959748,21978,0.736993313,0.71063894,0.724265039
sub-18,32,1,300,40,9381,12381,16881,70,30,30,373.9592985,2347.459299,0.459073414,9,773.5,373.9592985,12372,0.434503287,0.471244156,0.4714728
sub-18,33,1,300,60,21224,25724,28724,30,-30,30,385.9583511,1803.500018,0.48686858,55,217.5416667,385.9583511,25779,0.495798409,0.43142432,0.533383012
sub-18,34,1,12,40,29300,29420,29600,86,46,46,397.958285,1661.499952,0.881912669,33,63.54166667,397.958285,29453,0.835012972,0.842169046,0.968555987
sub-18,35,1,12,20,27281,27341,27581,29,9,9,409.9738998,1760.140566,0.526739667,6,150.1666667,409.9738998,27335,0.663646698,0.481651872,0.43492043
sub-18,36,1,60,60,21153,22053,22653,20,-40,40,421.9739811,1992.473981,0.501651009,49,370.5,421.9739811,22102,0.367980182,0.683279634,0.453693211
sub-18,37,1,60,80,25202,26402,26702,74,-6,6,433.9732254,1823.264892,0.514002681,6,189.2916667,433.9732254,26408,0.380949736,0.542046428,0.619011879
sub-18,38,1,12,40,1602,1722,1902,70,30,30,445.9744831,2863.599483,0.569713354,38,1217.625,445.9744831,1760,0.398957372,0.813810945,0.496371746
sub-18,39,1,12,20,29300,29360,29600,70,50,50,457.9722863,1724.013953,0.882695615,3,66.04166667,457.9722863,29357,0.835012972,0.851993442,0.961080432
sub-18,40,1,60,80,16451,17651,17951,60,-20,20,469.9723653,2223.889032,0.503571322,10,553.9166667,469.9723653,17641,0.407732636,0.547998905,0.554982424
sub-18,41,1,300,20,16327,17827,23827,60,40,40,481.9710292,2228.554363,0.514019489,21,546.5833333,481.9710292,17806,0.765540838,0.39063096,0.385886669
sub-18,42,1,12,80,15586,15826,15886,87,7,7,493.9713753,2323.929709,0.912498534,66,629.9583333,493.9713753,15892,0.893184006,0.895874202,0.948437393
sub-18,43,1,60,20,9187,9487,10687,20,0,0,505.9710305,2600.054364,0.434174627,137,894.0833333,505.9710305,9350,0.355018765,0.394263268,0.553241849
sub-18,44,1,12,40,27281,27401,27581,30,-10,10,517.9705026,1865.637169,0.509411087,35,147.6666667,517.9705026,27436,0.663646698,0.441977859,0.422608703
sub-18,45,1,60,80,25895,27095,27395,80,0,0,529.970027,1890.386694,0.475009968,60,160.4166667,529.970027,27155,0.452340961,0.490531057,0.482157886
sub-18,46,1,60,20,11369,11669,12869,23,3,3,541.9697441,2545.136411,0.59856234,26,803.1666667,541.9697441,11643,0.533274829,0.825657547,0.436754644
sub-18,47,1,12,20,4600,4660,4900,21,1,1,553.9690048,2849.177338,0.807660639,86,1095.208333,553.9690048,4574,0.777784109,0.890741885,0.754455924
sub-18,48,1,12,20,16152,16212,16452,18,-2,2,565.9687426,2379.843743,0.670652241,56,613.875,565.9687426,16268,0.528136969,0.987549484,0.496270269
sub-18,49,1,12,40,2486,2606,2786,40,0,0,577.9678168,2958.759483,0.8548099,2,1180.791667,577.9678168,2608,0.802486777,0.953855455,0.808087468
sub-18,50,1,300,40,11085,14085,18585,30,-10,10,589.9676316,2492.467632,0.520194809,5,702.5,589.9676316,14090,0.403320372,0.590262294,0.56700176
sub-18,51,1,60,80,10035,11235,11535,60,-20,20,601.9670775,2623.217078,0.52952219,59,821.25,601.9670775,11176,0.404203236,0.707623601,0.476739734
sub-18,52,1,12,20,23924,23984,24224,30,10,10,613.9667755,2104.008442,0.527502427,1,290.0416667,613.9667755,23983,0.842187762,0.358798593,0.381520927
sub-18,53,1,300,60,10273,14773,17773,60,0,0,625.9662928,2499.799626,0.538562953,6,673.8333333,625.9662928,14779,0.664448321,0.543266654,0.407973886
sub-18,54,1,12,60,25018,25198,25318,74,14,14,637.9653704,2077.423704,0.434581568,36,239.4583333,637.9653704,25234,0.614161015,0.293974459,0.39560923
sub-18,55,1,300,40,19988,22988,27488,60,20,20,649.9657325,2181.507399,0.398772667,3,331.5416667,649.9657325,22991,0.381335378,0.467199355,0.347783267
sub-18,56,1,12,80,14329,14569,14629,70,-10,10,661.9651637,2544.298497,0.670945783,6,682.3333333,661.9651637,14563,0.840943217,0.651862442,0.520031691
sub-18,57,1,12,40,16152,16272,16452,70,30,30,673.9647218,2485.339722,0.584240357,4,611.375,673.9647218,16268,0.528136969,0.565639615,0.658944488
sub-18,58,1,300,60,18200,22700,25700,30,-30,30,685.9643985,2229.506065,0.594278524,22,343.5416667,685.9643985,22722,0.791362107,0.5266366,0.464836866
sub-18,59,1,12,40,13450,13570,13750,74,34,34,697.963821,2621.922154,0.849632084,61,723.9583333,697.963821,13631,0.881083906,0.8463763,0.821436048
sub-18,60,1,60,80,3650,4850,5150,80,0,0,709.9635049,2997.255172,0.569860439,68,1087.291667,709.9635049,4918,0.586262465,0.485696733,0.637622118
sub-18,61,2,300,20,11085,12585,18585,69,49,49,1.9732588,2806.973259,0.483780523,55,765,841.9732588,12530,0.403320372,0.589437604,0.458583593
sub-18,62,2,300,20,22736,24236,30236,30,10,10,13.9727135,2333.51438,0.460771928,36,279.5416667,853.9727135,24200,0.368221045,0.748072684,0.266022056
sub-18,63,2,300,80,1960,7960,9460,60,-20,20,25.9726025,3023.680936,0.374507785,21,957.7083333,865.9726025,7981,0.433283031,0.393522233,0.296718091
sub-18,64,2,60,20,17621,17921,19121,30,10,10,37.9723217,2620.638988,0.504270792,40,542.6666667,877.9723217,17961,0.321571469,0.687747836,0.503493071
sub-18,65,2,300,80,9381,15381,16881,60,-20,20,49.971854,2738.471854,0.462941974,27,648.5,889.971854,15408,0.434503287,0.516384661,0.437937975
sub-18,66,2,300,40,1960,4960,9460,60,20,20,61.9714911,3184.679824,0.503999035,42,1082.708333,901.9714911,4918,0.433283031,0.530604362,0.54810971
sub-18,67,2,300,20,2522,4022,10022,33,13,13,73.9708656,3235.762532,0.535507907,103,1121.791667,913.9708656,3919,0.40284428,0.566761553,0.636917889
sub-18,68,2,60,40,17621,18221,19121,40,0,0,85.9705434,2656.13721,0.401363482,9,530.1666667,925.9705434,18212,0.321571469,0.32369706,0.558821917
sub-18,69,2,12,40,23924,24044,24224,30,-10,10,97.9700617,2425.511728,0.791443547,2,287.5416667,937.9700617,24046,0.842187762,0.738648653,0.793494225
sub-18,70,2,60,40,19722,20322,21222,79,39,39,109.9696732,2592.594673,0.371791154,90,442.625,949.9696732,20412,0.266462356,0.429634243,0.419276863
sub-18,71,2,300,60,14066,18566,21566,67,7,7,121.9691265,2677.760793,0.421460688,20,515.7916667,961.9691265,18586,0.427026987,0.550489068,0.286866009
sub-18,72,2,300,80,21224,27224,28724,75,-5,5,133.9684987,2329.010165,0.448277911,25,155.0416667,973.9684987,27199,0.495798409,0.28581816,0.563217163
sub-18,73,2,60,60,25895,26795,27395,70,10,10,145.96821,2358.884877,0.424598813,2,172.9166667,985.96821,26797,0.452340961,0.406857729,0.41459775
sub-18,74,2,60,60,10035,10935,11535,70,10,10,157.9673813,3031.717381,0.556123992,10,833.75,997.9673813,10925,0.404203236,0.668247223,0.595921516
sub-18,75,2,300,40,14351,17351,21851,70,30,30,169.9671068,2776.383773,0.538737476,45,566.4166667,1009.967107,17396,0.724799395,0.48977527,0.401637763
sub-18,76,2,60,40,21153,21753,22653,30,-10,10,181.9669172,2604.966917,0.483911614,103,383,1021.966917,21856,0.367980182,0.516567588,0.567187071
sub-18,77,2,12,40,12500,12620,12800,70,30,30,193.966312,2997.507979,0.699443301,90,763.5416667,1033.966312,12530,0.630747199,0.705582559,0.762000144
sub-18,78,2,12,60,12500,12680,12800,70,10,10,205.9658405,3007.007507,0.69880573,101,761.0416667,1045.965841,12781,0.630747199,0.732289791,0.733380198
sub-18,79,2,300,40,13557,16557,21057,60,20,20,217.964903,2857.464903,0.421245933,19,599.5,1057.964903,16538,0.375888646,0.617102027,0.270747125
sub-18,80,2,300,20,1960,3460,9460,27,7,7,229.9652059,3415.173539,0.416565597,5,1145.208333,1069.965206,3465,0.433283031,0.312170625,0.504243135
sub-18,81,2,12,80,27281,27521,27581,75,-5,5,241.9647945,2424.631461,0.484808634,3,142.6666667,1081.964795,27524,0.663646698,0.356698692,0.434080511
sub-18,82,2,12,60,16152,16332,16452,30,-30,30,253.9642503,2902.83925,0.614817361,6,608.875,1093.96425,16338,0.528136969,0.636289001,0.680026114
sub-18,83,2,12,20,15162,15222,15462,74,54,54,265.9636915,2961.088692,0.781456709,12,655.125,1105.963692,15210,0.925493777,0.715577185,0.703299165
sub-18,84,2,60,40,3650,4250,5150,30,-10,10,277.9634838,3430.25515,0.465809743,48,1112.291667,1117.963484,4298,0.586262465,0.404017031,0.407149732
sub-18,85,2,300,80,18922,24922,26422,70,-10,10,289.9628409,2580.921174,0.55417345,88,250.9583333,1129.962841,24834,0.454499304,0.483178377,0.724842668
sub-18,86,2,12,20,13450,13510,13750,74,54,54,301.9624889,3068.420822,0.75796785,121,726.4583333,1141.962489,13631,0.881083906,0.69478333,0.698036313
sub-18,87,2,12,60,25820,26000,26120,40,-20,20,313.96169,2560.003357,0.513285508,13,206.0416667,1153.96169,25987,0.514377058,0.487244695,0.53823477
sub-18,88,2,60,40,12596,13196,14096,70,30,30,325.9616238,3105.50329,0.687155823,98,739.5416667,1165.961624,13098,0.68969357,0.741181314,0.630592585
sub-18,89,2,60,20,1414,1714,2914,25,5,5,337.9612433,3595.919577,0.828979512,45,1217.958333,1177.961243,1669,0.880903423,0.819167018,0.786868095
sub-18,90,2,12,60,1602,1782,1902,81,21,21,349.9606807,3605.085681,0.502100398,6,1215.125,1189.960681,1788,0.398957372,0.396219879,0.711123943
sub-18,91,2,60,40,25895,26495,27395,20,-20,20,361.9603944,2587.377061,0.440994372,5,185.4166667,1201.960394,26500,0.452340961,0.432447374,0.438194782
sub-18,92,2,12,80,29300,29540,29600,70,-10,10,373.9591471,2472.500814,0.777512252,43,58.54166667,1213.959147,29583,0.835012972,0.689403892,0.808119893
sub-18,93,2,60,60,13176,14076,14676,70,10,10,385.9594697,3128.83447,0.560014963,14,702.875,1225.95947,14090,0.457795978,0.721336246,0.500912666
sub-18,94,2,60,60,17621,18521,19121,60,0,0,397.9590378,2955.625704,0.464502672,38,517.6666667,1237.959038,18483,0.321571469,0.702765763,0.369170785
sub-18,95,2,60,40,14390,14990,15890,26,-14,14,409.9586024,3114.750269,0.812392155,29,664.7916667,1249.958602,15019,0.853619874,0.803780138,0.779776454
sub-18,96,2,300,80,16327,22327,23827,75,-5,5,421.9746291,2821.057962,0.80520918,126,359.0833333,1261.974629,22201,0.765540838,0.827244103,0.822842598
sub-18,97,2,60,60,26923,27823,28423,72,12,12,433.9736369,2604.05697,0.533475856,67,130.0833333,1273.973637,27756,0.570710897,0.54025805,0.489458621
sub-18,98,2,60,40,22148,22748,23648,30,-10,10,445.9730115,2827.514678,0.754774034,26,341.5416667,1285.973012,22722,0.775133371,0.723107696,0.766081035
sub-18,99,2,12,40,25018,25138,25318,73,33,33,457.9729543,2739.931288,0.429841896,52,241.9583333,1297.972954,25086,0.614161015,0.286262631,0.389102042
sub-18,100,2,12,80,13450,13690,13750,90,10,10,469.9724501,3228.930783,0.875032147,59,718.9583333,1309.97245,13631,0.881083906,0.851312518,0.892700016
sub-18,101,2,60,20,25895,26195,27395,40,20,20,481.9719342,2719.888601,0.423054596,9,197.9166667,1321.971934,26204,0.452340961,0.406089157,0.41073367
sub-18,102,2,300,80,13458,19458,20958,70,-10,10,493.9719768,3012.596977,0.484519442,23,478.625,1333.971977,19435,0.503550649,0.523809075,0.426198602
sub-18,103,2,300,80,2522,8522,10022,70,-10,10,505.9713584,3480.263025,0.572465211,1,934.2916667,1345.971358,8523,0.40284428,0.546290815,0.768260539
sub-18,104,2,300,60,2522,7022,10022,73,13,13,517.9711298,3554.762796,0.520361811,4,996.7916667,1357.97113,7018,0.40284428,0.508628964,0.649612188
sub-18,105,2,60,60,16451,17351,17951,40,-20,20,529.970736,3136.387403,0.515537073,45,566.4166667,1369.970736,17396,0.407732636,0.52406621,0.614812374
sub-18,106,2,60,60,25202,26102,26702,70,10,10,541.9702874,2783.761954,0.469284336,2,201.7916667,1381.970287,26100,0.380949736,0.489343941,0.53755933
sub-18,107,2,60,80,14390,15590,15890,86,6,6,553.9696341,3233.761301,0.87358437,24,639.7916667,1393.969634,15566,0.853619874,0.872111917,0.895021319
sub-18,108,2,300,40,18200,21200,25700,20,-20,20,565.9693122,3012.010979,0.613909702,5,406.0416667,1405.969312,21195,0.791362107,0.579749107,0.47061789
sub-18,109,2,12,60,15162,15342,15462,79,19,19,577.9689331,3268.093933,0.792497814,1,650.125,1417.968933,15341,0.925493777,0.732884884,0.71911478
sub-18,110,2,60,40,15628,16228,17128,30,-10,10,589.9686318,3243.176965,0.469133109,40,613.2083333,1429.968632,16268,0.333360583,0.796540856,0.277497888
sub-18,111,2,12,40,26328,26448,26628,70,30,30,601.9680387,2829.343039,0.659053485,13,187.375,1441.968039,26461,0.570940733,0.511222482,0.894997239
sub-18,112,2,12,60,27281,27461,27581,77,17,17,613.9673762,2799.134043,0.479619553,25,145.1666667,1453.967376,27436,0.663646698,0.34283331,0.43237865
sub-18,113,2,300,40,22736,25736,30236,80,40,40,625.9672911,2883.008958,0.45551905,43,217.0416667,1465.967291,25779,0.368221045,0.729290605,0.269045502
sub-18,114,2,60,40,28296,28896,29796,30,-10,10,637.9669032,2763.341903,0.448978245,24,85.375,1477.966903,28920,0.386571616,0.636950135,0.323412985
sub-18,115,2,300,40,16072,19072,23572,60,20,20,649.9660481,3184.674381,0.601840854,51,494.7083333,1489.966048,19021,0.699183166,0.517898381,0.588441014
sub-18,116,2,60,40,4556,5156,6056,70,30,30,661.9657843,3776.507451,0.507196426,8,1074.541667,1501.965784,5148,0.386306763,0.617104769,0.518177748
sub-18,117,2,12,80,15162,15402,15462,83,3,3,673.9653298,3361.59033,0.809432745,6,647.625,1513.96533,15408,0.925493777,0.761621892,0.741182566
sub-18,118,2,12,60,2486,2666,2786,80,20,20,685.9651029,3904.25677,0.783421795,58,1178.291667,1525.965103,2608,0.802486777,0.707484126,0.84029448
sub-18,119,2,300,60,10518,15018,18018,40,-20,20,697.9640067,3401.589007,0.538457811,1,663.625,1537.964007,15019,0.480903864,0.668780506,0.465689063
sub-18,120,2,12,20,2486,2546,2786,22,2,2,709.9640229,3933.25569,0.86674879,62,1183.291667,1549.964023,2608,0.802486777,0.984086692,0.8136729
sub-18,121,3,300,40,12645,15645,20145,30,-10,10,1.9662633,3519.466263,0.483331859,79,637.5,1681.966263,15566,0.332550645,0.809746027,0.307698905
sub-18,122,3,300,80,19476,25476,26976,70,-10,10,13.9822818,3121.857282,0.696930011,73,227.875,1693.982282,25549,0.618891299,0.667782605,0.80411613
sub-18,123,3,12,20,12500,12560,12800,40,20,20,25.9820745,3672.023741,0.644854168,30,766.0416667,1705.982075,12530,0.630747199,0.695603549,0.608211756
sub-18,124,3,12,40,17959,18079,18259,70,30,30,37.9813644,3454.064698,0.529117078,13,536.0833333,1717.981364,18066,0.444595844,0.393297553,0.749457836
sub-18,125,3,60,80,12596,13796,14096,73,-7,7,49.9809754,3644.522642,0.710163554,21,714.5416667,1729.980975,13775,0.68969357,0.766344666,0.674452424
sub-18,126,3,12,40,25820,25940,26120,40,0,0,61.9803252,3150.521992,0.538838178,4,208.5416667,1741.980325,25944,0.514377058,0.630758941,0.471378535
sub-18,127,3,12,20,21800,21860,22100,70,50,50,73.9800613,3332.521728,0.779317856,4,378.5416667,1753.980061,21856,0.736993313,0.798989177,0.801971078
sub-18,128,3,300,60,16327,20827,23827,33,-27,27,85.9795125,3387.562846,0.762053986,91,421.5833333,1765.979513,20918,0.765540838,0.751691878,0.768929243
sub-18,129,3,60,60,19722,20622,21222,80,20,20,97.9790403,3408.10404,0.376208852,11,430.125,1777.97904,20633,0.266462356,0.304706454,0.557457745
sub-18,130,3,60,80,15628,16828,17128,79,-1,1,109.9782039,3578.186537,0.489119957,95,588.2083333,1789.978204,16733,0.333360583,0.658514261,0.475485027
sub-18,131,3,12,80,21800,22040,22100,92,12,12,121.9780671,3373.019734,0.817930579,40,371.0416667,1801.978067,22000,0.736993313,0.733162522,0.983635902
sub-18,132,3,300,40,19476,22476,26976,40,0,0,133.9776058,3366.852606,0.596290787,49,352.875,1813.977606,22525,0.618891299,0.515366018,0.654615045
sub-18,133,3,60,40,9187,9787,10687,20,-20,20,145.9775886,3907.560922,0.426671376,92,881.5833333,1825.977589,9879,0.355018765,0.344421983,0.58057338
sub-18,134,3,300,60,18922,23422,26422,73,13,13,157.9768192,3351.435153,0.562183181,108,313.4583333,1837.976819,23314,0.454499304,0.605599403,0.626450837
sub-18,135,3,60,20,12596,12896,14096,20,0,0,169.9762055,3802.017872,0.754556278,29,752.0416667,1849.976206,12867,0.68969357,0.889180124,0.684795141
sub-18,136,3,12,20,21273,21333,21573,30,10,10,181.9762546,3462.476255,0.75228552,0,400.5,1861.976255,21333,0.636497259,0.971750498,0.648608804
sub-18,137,3,12,40,21273,21393,21573,17,-23,23,193.9755239,3471.975524,0.748584628,60,398,1873.975524,21333,0.636497259,0.976724505,0.63253212
sub-18,138,3,12,20,17959,18019,18259,70,50,50,205.9752243,3624.558558,0.51661695,47,538.5833333,1885.975224,18066,0.444595844,0.554531097,0.55072391
sub-18,139,3,12,80,23924,24164,24224,70,-10,10,217.9747625,3380.516429,0.549024999,0,282.5416667,1897.974763,24164,0.842187762,0.403494179,0.401393056
sub-18,140,3,300,60,1960,6460,9460,67,7,7,229.9742594,4130.182593,0.451823841,48,1020.208333,1909.974259,6412,0.433283031,0.458800852,0.463387638
sub-18,141,3,12,80,26328,26568,26628,88,8,8,241.9738944,3304.348894,0.682078063,68,182.375,1921.973894,26500,0.570940733,0.554679751,0.920613706
sub-18,142,3,60,80,17621,18821,19121,80,0,0,253.9736697,3639.140336,0.398854067,51,505.1666667,1933.97367,18770,0.321571469,0.287838012,0.587152719
sub-18,143,3,300,40,20069,23069,27569,63,23,23,265.9731569,3474.139824,0.468692313,19,328.1666667,1945.973157,23050,0.377250761,0.444087029,0.584739149
sub-18,144,3,300,60,13557,18057,21057,70,10,10,277.9728261,3694.972826,0.403727372,9,537,1957.972826,18066,0.375888646,0.479011238,0.356282234
sub-18,145,3,300,20,10273,11773,17773,30,10,10,289.9723347,3968.805668,0.671569288,3,798.8333333,1969.972335,11776,0.664448321,0.659815192,0.69044435
sub-18,146,3,300,40,21224,24224,28724,60,20,20,301.9718867,3462.013553,0.461755127,24,280.0416667,1981.971887,24200,0.495798409,0.400327176,0.489139795
sub-18,147,3,60,40,13942,14542,15442,70,30,30,313.9714737,3877.429807,0.675926189,21,683.4583333,1993.971474,14563,0.617607713,0.683953524,0.72621733
sub-18,148,3,60,20,13176,13476,14676,23,3,3,325.9708453,3933.845845,0.627957404,155,727.875,2005.970845,13631,0.457795978,0.929294884,0.496781349
sub-18,149,3,300,20,14351,15851,21851,40,20,20,337.9703897,3846.887056,0.711405754,41,628.9166667,2017.97039,15892,0.724799395,0.719285727,0.690132141
sub-18,150,3,300,20,13458,14958,20958,30,10,10,349.9701124,3896.095112,0.527636826,10,666.125,2029.970112,14948,0.503550649,0.735695601,0.343664229
sub-18,151,3,60,60,3650,4550,5150,70,10,10,361.9696911,4341.761358,0.541496128,24,1099.791667,2041.969691,4574,0.586262465,0.423998445,0.614227474
sub-18,152,3,300,20,18922,20422,26422,70,50,50,373.9691941,3692.427527,0.554572781,10,438.4583333,2053.969194,20412,0.454499304,0.502740145,0.706478894
sub-18,153,3,300,80,20069,26069,27569,33,-47,47,385.968744,3469.135411,0.472688923,24,203.1666667,2065.968744,26045,0.377250761,0.476390898,0.564425111
sub-18,154,3,300,80,18200,24200,25700,70,-10,10,397.9680533,3559.00972,0.666384419,0,281.0416667,2077.968053,24200,0.791362107,0.576158345,0.631632805
sub-18,155,3,60,40,11369,11969,12869,30,-10,10,409.9675282,4080.634195,0.598558346,17,790.6666667,2089.967528,11952,0.533274829,0.519994318,0.742405891
sub-18,156,3,300,60,11085,15585,18585,40,-20,20,421.9672853,3941.967285,0.512025793,19,640,2101.967285,15566,0.403320372,0.5605762,0.572180808
sub-18,157,3,300,80,10518,16518,18018,60,-20,20,433.9667382,3915.091738,0.583597581,20,601.125,2113.966738,16538,0.480903864,0.651504278,0.6183846
sub-18,158,3,12,20,25018,25078,25318,13,-7,7,445.9660267,3570.42436,0.694239994,8,244.4583333,2125.966027,25086,0.614161015,0.903934419,0.564624548
sub-18,159,3,300,40,14066,17066,21566,37,-3,3,457.982335,3916.274002,0.344607135,77,578.2916667,2137.982335,16989,0.427026987,0.365407616,0.241386801
sub-18,160,3,60,80,13942,15142,15442,83,3,3,469.9823395,4008.440673,0.745977561,65,658.4583333,2149.98234,15077,0.617607713,0.667556286,0.952768683
sub-18,161,3,60,20,15628,15928,17128,30,10,10,481.981448,3987.689781,0.468310128,36,625.7083333,2161.981448,15892,0.333360583,0.670246482,0.401323318
sub-18,162,3,12,80,21273,21513,21573,95,15,15,493.9812946,3766.981295,0.761513889,55,393,2173.981295,21458,0.636497259,0.659675717,0.98836869
sub-18,163,3,60,80,28296,29496,29796,30,-50,50,505.9811522,3446.356152,0.378579348,43,60.375,2185.981152,29453,0.386571616,0.422424734,0.326741695
sub-18,164,3,12,80,16152,16392,16452,93,13,13,517.9805675,4004.355568,0.678572257,23,606.375,2197.980568,16369,0.528136969,0.527052999,0.980526805
sub-18,165,3,60,40,1414,2014,2914,29,-11,11,529.9799731,4615.438306,0.6707172,14,1205.458333,2209.979973,2028,0.880903423,0.538607776,0.5926404
sub-18,166,3,300,60,20069,24569,27569,37,-23,23,541.9794416,3687.646108,0.437215209,10,265.6666667,2221.979442,24579,0.377250761,0.376978368,0.557416499
sub-18,167,3,300,20,19476,20976,26976,60,40,40,553.9790823,3849.354082,0.513232261,58,415.375,2233.979082,20918,0.618891299,0.418279558,0.502525926
sub-18,168,3,300,80,19988,25988,27488,66,-14,14,565.978668,3652.520335,0.414776425,1,206.5416667,2245.978668,25987,0.381335378,0.377626181,0.485367715
sub-18,169,3,300,80,16072,22072,23572,60,-20,20,577.9783331,3827.686666,0.690731823,30,369.7083333,2257.978333,22102,0.699183166,0.625260174,0.74775213
sub-18,170,3,60,20,3650,3950,5150,65,45,45,589.9778926,4594.769559,0.612051845,31,1124.791667,2269.977893,3919,0.586262465,0.7236588,0.526234269
sub-18,171,3,60,80,13176,14376,14676,77,-3,3,601.9770569,4172.352057,0.621318579,13,690.375,2281.977057,14389,0.457795978,0.679272175,0.726887584
sub-18,172,3,12,60,11565,11745,11865,70,10,10,613.9766475,4293.976648,0.469659835,31,800,2293.976648,11776,0.391443521,0.720917881,0.296618104
sub-18,173,3,300,60,19476,23976,26976,60,0,0,625.9763316,3796.351332,0.474200209,7,290.375,2305.976332,23983,0.618891299,0.414272666,0.389436662
sub-18,174,3,60,80,26923,28123,28423,80,0,0,637.9761393,3635.559473,0.54487892,43,117.5833333,2317.976139,28166,0.570710897,0.571867824,0.492058039
sub-18,175,3,60,40,16451,17051,17951,70,30,30,649.9754996,4108.892166,0.457817475,62,578.9166667,2329.9755,16989,0.407732636,0.381435901,0.584283888
sub-18,176,3,300,60,14351,18851,21851,70,10,10,661.9753911,4045.892058,0.678511739,71,503.9166667,2341.975391,18922,0.724799395,0.67871201,0.632023811
sub-18,177,3,60,60,12596,13496,14096,83,23,23,673.9745278,4281.016194,0.679986358,135,727.0416667,2353.974528,13631,0.68969357,0.66709578,0.683169723
sub-18,178,3,60,20,14390,14690,15890,23,3,3,685.9741483,4243.265815,0.652103245,10,677.2916667,2365.974148,14700,0.853619874,0.504358649,0.598331213
sub-18,179,3,300,20,20069,21569,27569,70,50,50,697.9739135,3968.64058,0.45564116,55,390.6666667,2377.973914,21624,0.377250761,0.34495461,0.644718111
sub-18,180,3,60,60,4556,5456,6056,70,10,10,709.9732586,4652.014925,0.530113876,122,1062.041667,2389.973259,5334,0.386306763,0.687324226,0.516710639
sub-18,181,4,12,60,3739,3919,4039,88,28,28,1.9739636,4848.057297,0.611491134,0,1126.083333,2521.973964,3919,0.471912891,0.509016752,0.853543758
sub-18,182,4,300,60,9381,13881,16881,80,20,20,13.9737493,4444.973749,0.506161819,46,711,2533.973749,13927,0.434503287,0.60319519,0.480786979
sub-18,183,4,300,80,11085,17085,18585,70,-10,10,25.9730369,4323.473037,0.411512583,96,577.5,2545.973037,16989,0.403320372,0.387581944,0.443635434
sub-18,184,4,12,60,23924,24104,24224,60,0,0,37.97321,4043.014877,0.661446333,58,285.0416667,2557.97321,24046,0.842187762,0.562097549,0.580053687
sub-18,185,4,60,40,13176,13776,14676,70,30,30,49.9555118,4485.330512,0.604968309,1,715.375,2569.955512,13775,0.457795978,0.853265524,0.503843427
sub-18,186,4,300,20,19988,21488,27488,70,50,50,61.9721887,4176.013855,0.378337264,30,394.0416667,2581.972189,21458,0.381335378,0.459869921,0.293806493
sub-18,187,4,12,20,14329,14389,14629,80,60,60,73.971867,4483.8052,0.673224032,0,689.8333333,2593.971867,14389,0.840943217,0.659988642,0.518740237
sub-18,188,4,60,80,9187,10387,10687,60,-20,20,85.971149,4662.554482,0.46238931,75,856.5833333,2605.971149,10312,0.355018765,0.479985803,0.552163363
sub-18,189,4,300,40,10518,13518,18018,70,30,30,97.9707585,4544.095759,0.473818123,113,726.125,2617.970759,13631,0.480903864,0.551914155,0.388636351
sub-18,190,4,12,40,3739,3859,4039,60,20,20,109.970532,4958.553865,0.567767153,1,1128.583333,2629.970532,3858,0.471912891,0.49350661,0.737881958
sub-18,191,4,60,20,19722,20022,21222,30,10,10,121.9697229,4297.094723,0.411991974,33,455.125,2641.969723,19989,0.266462356,0.699494839,0.270018727
sub-18,192,4,12,60,29300,29480,29600,70,10,10,133.9692766,3915.010943,0.738899032,27,61.04166667,2653.969277,29453,0.835012972,0.636288166,0.745395958
sub-18,193,4,12,20,11565,11625,11865,70,50,50,145.9691196,4670.96912,0.458951463,17,805,2665.96912,11608,0.391443521,0.614788413,0.370622456
sub-18,194,4,60,20,16451,16751,17951,70,50,50,157.9684313,4469.385098,0.541294883,18,591.4166667,2677.968431,16733,0.407732636,0.724357009,0.491795003
sub-18,195,4,300,60,13458,17958,20958,40,-20,20,169.9682311,4431.093231,0.393604338,3,541.125,2689.968231,17961,0.503550649,0.407887161,0.269375205
sub-18,196,4,60,20,22148,22448,23648,60,40,40,181.9676382,4256.009305,0.754350642,77,354.0416667,2701.967638,22525,0.775133371,0.652248144,0.835670412
sub-18,197,4,60,40,25202,25802,26702,27,-13,13,193.9674747,4128.259141,0.486041149,23,214.2916667,2713.967475,25779,0.380949736,0.502093911,0.575079799
sub-18,198,4,12,40,14329,14449,14629,80,40,40,205.9667564,4613.30009,0.659595033,37,687.3333333,2725.966756,14486,0.840943217,0.633674383,0.504167497
sub-18,199,4,300,40,18922,21922,26422,75,35,35,217.9665137,4313.924847,0.563334286,33,375.9583333,2737.966514,21955,0.454499304,0.557501614,0.67800194
sub-18,200,4,60,60,28296,29196,29796,40,-20,20,229.9660124,4022.841012,0.40910688,46,72.875,2749.966012,29242,0.386571616,0.449854881,0.390894145
sub-18,201,4,12,80,3739,3979,4039,80,0,0,241.9656818,5085.549015,0.605181605,60,1123.583333,2761.965682,3919,0.471912891,0.445872188,0.897759736
sub-18,202,4,60,80,22148,23348,23648,60,-20,20,253.9651261,4290.506793,0.722102066,34,316.5416667,2773.965126,23314,0.775133371,0.607972264,0.783200562
sub-18,203,4,12,80,12500,12740,12800,73,-7,7,265.9646743,4744.506341,0.690956732,41,758.5416667,2785.964674,12781,0.630747199,0.693621397,0.748501599
sub-18,204,4,300,20,14066,15566,21566,40,20,20,277.9642731,4638.75594,0.560058008,0,640.7916667,2797.964273,15566,0.427026987,0.875541151,0.377605885
sub-18,205,4,60,80,21153,22353,22653,70,-10,10,289.9638408,4367.963841,0.478971044,152,358,2809.963841,22201,0.367980182,0.52699703,0.541935921
sub-18,206,4,300,40,10273,13273,17773,38,-2,2,301.9631069,4758.29644,0.584628761,175,736.3333333,2821.963107,13098,0.664448321,0.636629224,0.452808738
sub-18,207,4,60,20,4556,4856,6056,37,17,17,313.9627627,5121.004429,0.5157758,62,1087.041667,2833.962763,4918,0.386306763,0.83152318,0.329497457
sub-18,208,4,12,20,25820,25880,26120,40,20,20,325.9625969,4257.004264,0.628588279,11,211.0416667,2845.962597,25891,0.514377058,0.79674089,0.57464689
sub-18,209,4,60,80,4556,5756,6056,77,-3,3,337.9617081,5107.503375,0.54880482,27,1049.541667,2857.961708,5729,0.386306763,0.481833637,0.778274059
sub-18,210,4,300,60,12645,17145,20145,30,-30,30,349.9611292,4644.961129,0.306706463,112,575,2869.961129,17257,0.332550645,0.347516209,0.240052536
sub-18,211,4,300,60,22736,27236,30236,40,-20,20,361.9606281,4236.502295,0.371524195,35,154.5416667,2881.960628,27271,0.368221045,0.459550083,0.286801457
sub-18,212,4,12,60,26328,26508,26628,90,30,30,373.9603155,4278.835316,0.668048143,8,184.875,2893.960316,26500,0.570940733,0.527293324,0.905910373
sub-18,213,4,60,60,11369,12269,12869,70,10,10,385.9597673,4884.126434,0.516770363,103,778.1666667,2905.959767,12372,0.533274829,0.423333883,0.593702376
sub-18,214,4,12,20,26328,26388,26628,37,17,17,397.959707,4307.834707,0.705589493,20,189.875,2917.959707,26408,0.570940733,0.925866604,0.619961143
sub-18,215,4,60,80,19722,20922,21222,85,5,5,409.9591744,4547.584174,0.439013958,4,417.625,2929.959174,20918,0.266462356,0.252884895,0.797694623
sub-18,216,4,300,80,10273,16273,17773,30,-50,50,421.9754043,4753.308738,0.691866497,5,611.3333333,2941.975404,16268,0.664448321,0.815407932,0.595743239
sub-18,217,4,12,60,21273,21453,21573,25,-35,35,433.9750358,4549.475036,0.709812641,5,395.5,2953.975036,21458,0.636497259,0.935319662,0.557621002
sub-18,218,4,300,20,13557,15057,21057,20,0,0,445.9747315,4827.974732,0.468338192,20,662,2965.974732,15077,0.375888646,0.523104906,0.506021023
sub-18,219,4,300,20,18200,19700,25700,70,50,50,457.9743708,4646.516037,0.59972165,14,468.5416667,2977.974371,19714,0.791362107,0.581895411,0.425907433
sub-18,220,4,12,80,25820,26060,26120,30,-50,50,469.9738627,4393.515529,0.612323423,15,203.5416667,2989.973863,26045,0.514377058,0.79671216,0.525881052
sub-18,221,4,300,20,16072,17572,23572,30,10,10,481.9733788,4759.181712,0.445263386,54,557.2083333,3001.973379,17518,0.699183166,0.346642971,0.28996402
sub-18,222,4,60,20,13942,14242,15442,30,10,10,493.9729678,4909.931301,0.736333648,21,695.9583333,3013.972968,14221,0.617607713,0.858845234,0.732547998
sub-18,223,4,300,80,13557,19557,21057,69,-11,11,505.9726066,4700.472607,0.40807276,5,474.5,3025.972607,19562,0.375888646,0.455977142,0.392352492
sub-18,224,4,60,60,22148,23048,23648,40,-20,20,517.9720623,4567.013729,0.64348652,2,329.0416667,3037.972062,23050,0.775133371,0.57852304,0.576803148
sub-18,225,4,12,80,11565,11805,11865,70,-10,10,529.9716118,5047.471612,0.425252527,29,797.5,3049.971612,11776,0.391443521,0.391761363,0.492552698
sub-18,226,4,60,60,14390,15290,15890,27,-33,33,541.9710716,4914.262738,0.646042486,1,652.2916667,3061.971072,15291,0.853619874,0.5200454,0.564462185
sub-18,227,4,12,80,17959,18199,18259,70,-10,10,553.9708439,4805.054177,0.52568237,13,531.0833333,3073.970844,18212,0.444595844,0.397394627,0.735056639
sub-18,228,4,300,80,22736,28736,30236,40,-40,40,565.9703042,4378.011971,0.429048399,12,92.04166667,3085.970304,28748,0.368221045,0.566889405,0.352034748
sub-18,229,4,300,40,13458,16458,20958,37,-3,3,577.9695815,4901.594582,0.587588569,80,603.625,3097.969582,16538,0.503550649,0.716322362,0.542892694
sub-18,230,4,12,20,15586,15646,15886,17,-3,3,589.9689954,4947.427329,0.922746738,80,637.4583333,3109.968995,15566,0.893184006,0.971495926,0.903560281
sub-18,231,4,12,80,4600,4840,4900,79,-1,1,601.9682979,5409.676631,0.840341111,78,1087.708333,3121.968298,4918,0.777784109,0.808963835,0.934275389
sub-18,232,4,300,20,10518,12018,18018,40,20,20,613.9686343,5122.593634,0.523449163,66,788.625,3133.968634,11952,0.480903864,0.692685187,0.396758437
sub-18,233,4,12,20,3739,3799,4039,30,10,10,625.968094,5477.051427,0.601261348,13,1131.083333,3145.968094,3812,0.471912891,0.75404346,0.577827692
sub-18,234,4,12,60,14329,14509,14629,73,13,13,637.9672333,5042.800567,0.697990954,5,684.8333333,3157.967233,14514,0.840943217,0.674068928,0.578960717
sub-18,235,4,60,60,9187,10087,10687,73,13,13,649.9672483,5239.050582,0.391915798,3,869.0833333,3169.967248,10084,0.355018765,0.264911145,0.555817485
sub-18,236,4,60,20,21153,21453,22653,25,5,5,661.9668486,4777.466849,0.449790001,5,395.5,3181.966849,21458,0.367980182,0.50407207,0.47731775
sub-18,237,4,60,20,28296,28596,29796,29,9,9,673.9663823,4491.841382,0.49337545,50,97.875,3193.966382,28646,0.386571616,0.598008156,0.495546579
sub-18,238,4,12,80,1602,1842,1902,82,2,2,685.9656587,5618.590659,0.494504452,17,1212.625,3205.965659,1859,0.398957372,0.416479409,0.668076575
sub-18,239,4,60,60,1414,2314,2914,37,-23,23,697.9653699,5610.923703,0.553229103,101,1192.958333,3217.96537,2213,0.880903423,0.367280275,0.411503613
sub-18,240,4,60,20,26923,27223,28423,30,10,10,709.964744,4585.048077,0.611131052,24,155.0833333,3229.964744,27199,0.570710897,0.635133803,0.627548456
sub-19,1,1,60,40,25202,25802,26702,23,-17,17,1.9716047,1416.263271,0.486041149,23,214.2916667,1.9716047,25779,0.380949736,0.502093911,0.575079799
sub-19,2,1,300,60,16327,20827,23827,7,-53,53,13.9713044,1635.554638,0.762053986,91,421.5833333,13.9713044,20918,0.765540838,0.751691878,0.768929243
sub-19,3,1,60,60,1414,2314,2914,19,-41,41,25.9707046,2418.929038,0.553229103,101,1192.958333,25.9707046,2213,0.880903423,0.367280275,0.411503613
sub-19,4,1,60,60,22148,23048,23648,68,8,8,37.970182,1567.011849,0.64348652,2,329.0416667,37.970182,23050,0.775133371,0.57852304,0.576803148
sub-19,5,1,60,20,28296,28596,29796,22,2,2,49.9545501,1347.82955,0.49337545,50,97.875,49.9545501,28646,0.386571616,0.598008156,0.495546579
sub-19,6,1,300,20,20069,21569,27569,20,0,0,61.969336,1652.636003,0.45564116,55,390.6666667,61.969336,21624,0.377250761,0.34495461,0.644718111
sub-19,7,1,60,80,16451,17651,17951,80,0,0,73.9691904,1827.885857,0.503571322,10,553.9166667,73.9691904,17641,0.407732636,0.547998905,0.554982424
sub-19,8,1,60,20,25202,25502,26702,25,5,5,85.9687364,1512.760403,0.481679867,47,226.7916667,85.9687364,25549,0.380949736,0.394988745,0.669101119
sub-19,9,1,300,80,20069,26069,27569,50,-30,30,97.9682733,1501.13494,0.472688923,24,203.1666667,97.9682733,26045,0.377250761,0.476390898,0.564425111
sub-19,10,1,60,60,28296,29196,29796,10,-50,50,109.9678596,1382.84286,0.40910688,46,72.875,109.9678596,29242,0.386571616,0.449854881,0.390894145
sub-19,11,1,60,60,13176,14076,14676,20,-40,40,121.9673656,2024.842366,0.560014963,14,702.875,121.9673656,14090,0.457795978,0.721336246,0.500912666
sub-19,12,1,60,80,11369,12569,12869,70,-10,10,133.9667994,2099.633466,0.634420226,39,765.6666667,133.9667994,12530,0.533274829,0.499322087,0.870663762
sub-19,13,1,60,40,13942,14542,15442,70,30,30,145.9664424,2029.424776,0.675926189,21,683.4583333,145.9664424,14563,0.617607713,0.683953524,0.72621733
sub-19,14,1,12,80,2486,2726,2786,20,-60,60,157.9659591,2533.757626,0.773491303,41,1175.791667,157.9659591,2767,0.802486777,0.691649318,0.826337814
sub-19,15,1,12,20,2486,2546,2786,10,-10,10,169.9650886,2553.256755,0.86674879,62,1183.291667,169.9650886,2608,0.802486777,0.984086692,0.8136729
sub-19,16,1,300,80,21224,27224,28724,90,10,10,181.9646117,1537.006278,0.448277911,25,155.0416667,181.9646117,27199,0.495798409,0.28581816,0.563217163
sub-19,17,1,300,40,20069,23069,27569,40,0,0,193.9639069,1722.130574,0.468692313,19,328.1666667,193.9639069,23050,0.377250761,0.444087029,0.584739149
sub-19,18,1,12,60,17959,18139,18259,100,40,40,205.9634121,1939.546745,0.479493658,8,533.5833333,205.9634121,18131,0.444595844,0.32675156,0.66713357
sub-19,19,1,12,80,15586,15826,15886,90,10,10,217.963198,2047.921531,0.912498534,66,629.9583333,217.963198,15892,0.893184006,0.895874202,0.948437393
sub-19,20,1,60,80,25895,27095,27395,83,3,3,229.962866,1590.379533,0.475009968,60,160.4166667,229.962866,27155,0.452340961,0.490531057,0.482157886
sub-19,21,1,12,40,29300,29420,29600,90,50,50,241.9629505,1505.504617,0.881912669,33,63.54166667,241.9629505,29453,0.835012972,0.842169046,0.968555987
sub-19,22,1,60,40,28296,28896,29796,68,28,28,253.9623683,1539.337368,0.448978245,24,85.375,253.9623683,28920,0.386571616,0.636950135,0.323412985
sub-19,23,1,60,20,11369,11669,12869,4,-16,16,265.961911,2269.128578,0.59856234,26,803.1666667,265.961911,11643,0.533274829,0.825657547,0.436754644
sub-19,24,1,60,40,22148,22748,23648,90,50,50,277.9614758,1819.503142,0.754774034,26,341.5416667,277.9614758,22722,0.775133371,0.723107696,0.766081035
sub-19,25,1,300,60,11085,15585,18585,69,9,9,289.9612409,2129.961241,0.512025793,19,640,289.9612409,15566,0.403320372,0.5605762,0.572180808
sub-19,26,1,60,40,3650,4250,5150,20,-20,20,301.9605813,2614.252248,0.465809743,48,1112.291667,301.9605813,4298,0.586262465,0.404017031,0.407149732
sub-19,27,1,12,20,13450,13510,13750,19,-1,1,313.9601047,2240.418438,0.75796785,121,726.4583333,313.9601047,13631,0.881083906,0.69478333,0.698036313
sub-19,28,1,12,60,23924,24104,24224,20,-40,40,325.9597693,1811.001436,0.661446333,58,285.0416667,325.9597693,24046,0.842187762,0.562097549,0.580053687
sub-19,29,1,12,40,27281,27401,27581,41,1,1,337.9586248,1685.625291,0.509411087,35,147.6666667,337.9586248,27436,0.663646698,0.441977859,0.422608703
sub-19,30,1,12,40,25820,25940,26120,19,-21,21,349.958186,1758.499853,0.538838178,4,208.5416667,349.958186,25944,0.514377058,0.630758941,0.471378535
sub-19,31,1,12,60,13450,13630,13750,88,28,28,361.9583282,2283.416662,0.860371133,1,721.4583333,361.9583282,13631,0.881083906,0.862820923,0.837208569
sub-19,32,1,12,40,3739,3859,4039,91,51,51,373.9577151,2702.541048,0.567767153,1,1128.583333,373.9577151,3858,0.471912891,0.49350661,0.737881958
sub-19,33,1,60,40,13176,13776,14676,19,-21,21,385.9741688,2301.349169,0.604968309,1,715.375,385.9741688,13775,0.457795978,0.853265524,0.503843427
sub-19,34,1,300,40,19476,22476,26976,10,-30,30,397.9735855,1950.848586,0.596290787,49,352.875,397.9735855,22525,0.618891299,0.515366018,0.654615045
sub-19,35,1,12,80,21800,22040,22100,100,20,20,409.972757,1981.014424,0.817930579,40,371.0416667,409.972757,22000,0.736993313,0.733162522,0.983635902
sub-19,36,1,12,20,21800,21860,22100,36,16,16,421.9725574,2000.514224,0.779317856,4,378.5416667,421.9725574,21856,0.736993313,0.798989177,0.801971078
sub-19,37,1,12,60,12500,12680,12800,39,-21,21,433.9722846,2395.013951,0.69880573,101,761.0416667,433.9722846,12781,0.630747199,0.732289791,0.733380198
sub-19,38,1,300,20,16072,17572,23572,80,60,60,445.9711515,2203.179485,0.445263386,54,557.2083333,445.9711515,17518,0.699183166,0.346642971,0.28996402
sub-19,39,1,12,20,15162,15222,15462,78,58,58,457.9709665,2313.095967,0.781456709,12,655.125,457.9709665,15210,0.925493777,0.715577185,0.703299165
sub-19,40,1,300,60,10273,14773,17773,90,30,30,469.9703566,2343.80369,0.538562953,6,673.8333333,469.9703566,14779,0.664448321,0.543266654,0.407973886
sub-19,41,1,60,20,19722,20022,21222,20,0,0,481.9705884,2137.095588,0.411991974,33,455.125,481.9705884,19989,0.266462356,0.699494839,0.270018727
sub-19,42,1,300,40,11085,14085,18585,30,-10,10,493.9700087,2396.470009,0.520194809,5,702.5,493.9700087,14090,0.403320372,0.590262294,0.56700176
sub-19,43,1,300,80,13458,19458,20958,100,20,20,505.9694836,2184.594484,0.484519442,23,478.625,505.9694836,19435,0.503550649,0.523809075,0.426198602
sub-19,44,1,60,60,21153,22053,22653,80,20,20,517.9692726,2088.469273,0.501651009,49,370.5,517.9692726,22102,0.367980182,0.683279634,0.453693211
sub-19,45,1,60,80,13942,15142,15442,89,9,9,529.9684531,2388.426786,0.745977561,65,658.4583333,529.9684531,15077,0.617607713,0.667556286,0.952768683
sub-19,46,1,300,80,14351,20351,21851,70,-10,10,541.9679842,2183.384651,0.707600872,61,441.4166667,541.9679842,20412,0.724799395,0.658842862,0.739160359
sub-19,47,1,60,20,9187,9487,10687,33,13,13,553.9522735,2648.035607,0.434174627,137,894.0833333,553.9522735,9350,0.355018765,0.394263268,0.553241849
sub-19,48,1,60,40,14390,14990,15890,60,20,20,565.9674256,2430.759092,0.812392155,29,664.7916667,565.9674256,15019,0.853619874,0.803780138,0.779776454
sub-19,49,1,60,80,15628,16828,17128,90,10,10,577.9668479,2366.175181,0.489119957,95,588.2083333,577.9668479,16733,0.333360583,0.658514261,0.475485027
sub-19,50,1,12,60,26328,26508,26628,79,19,19,589.9664879,1974.841488,0.668048143,8,184.875,589.9664879,26500,0.570940733,0.527293324,0.905910373
sub-19,51,1,60,80,13176,14376,14676,30,-50,50,601.9661309,2492.341131,0.621318579,13,690.375,601.9661309,14389,0.457795978,0.679272175,0.726887584
sub-19,52,1,60,20,10035,10335,11535,50,30,30,613.9656941,2672.715694,0.528949112,23,858.75,613.9656941,10312,0.404203236,0.763092279,0.41955182
sub-19,53,1,300,80,12645,18645,20145,20,-60,60,625.9646519,2338.464652,0.354656776,1,512.5,625.9646519,18644,0.332550645,0.508051455,0.223368227
sub-19,54,1,12,40,21800,21920,22100,70,30,30,637.9640425,2214.005709,0.786751767,35,376.0416667,637.9640425,21955,0.736993313,0.82633388,0.796928108
sub-19,55,1,300,40,18200,21200,25700,80,40,40,649.9641816,2256.005848,0.613909702,5,406.0416667,649.9641816,21195,0.791362107,0.579749107,0.47061789
sub-19,56,1,60,60,12596,13496,14096,60,0,0,661.9639317,2589.005598,0.679986358,135,727.0416667,661.9639317,13631,0.68969357,0.66709578,0.683169723
sub-19,57,1,60,80,9187,10387,10687,32,-48,48,673.9634207,2730.546754,0.46238931,75,856.5833333,673.9634207,10312,0.355018765,0.479985803,0.552163363
sub-19,58,1,300,80,10273,16273,17773,10,-70,70,685.9622158,2497.295549,0.691866497,5,611.3333333,685.9622158,16268,0.664448321,0.815407932,0.595743239
sub-19,59,1,300,60,9381,13881,16881,80,20,20,697.9623653,2608.962365,0.506161819,46,711,697.9623653,13927,0.434503287,0.60319519,0.480786979
sub-19,60,1,60,20,12596,12896,14096,20,0,0,709.9618808,2662.003547,0.754556278,29,752.0416667,709.9618808,12867,0.68969357,0.889180124,0.684795141
sub-19,61,2,12,80,16152,16392,16452,90,10,10,1.974172,2648.349172,0.678572257,23,606.375,841.974172,16369,0.528136969,0.527052999,0.980526805
sub-19,62,2,300,60,19988,24488,27488,60,0,0,13.9739229,2323.01559,0.365601301,14,269.0416667,853.9739229,24474,0.381335378,0.4435606,0.271907926
sub-19,63,2,300,40,16072,19072,23572,70,30,30,25.9735649,2560.681898,0.601840854,51,494.7083333,865.9735649,19021,0.699183166,0.517898381,0.588441014
sub-19,64,2,300,20,18922,20422,26422,70,50,50,37.9725637,2516.430897,0.554572781,10,438.4583333,877.9725637,20412,0.454499304,0.502740145,0.706478894
sub-19,65,2,60,20,21153,21453,22653,20,0,0,49.9725201,2485.47252,0.449790001,5,395.5,889.9725201,21458,0.367980182,0.50407207,0.47731775
sub-19,66,2,12,20,14329,14389,14629,90,70,70,61.9720432,2791.805377,0.673224032,0,689.8333333,901.9720432,14389,0.840943217,0.659988642,0.518740237
sub-19,67,2,12,80,25018,25258,25318,70,-10,10,73.9712875,2350.929621,0.451532612,24,236.9583333,913.9712875,25234,0.614161015,0.336739153,0.40369767
sub-19,68,2,12,40,15162,15282,15462,90,50,50,85.9706837,2778.595684,0.778266191,9,652.625,925.9706837,15291,0.925493777,0.706873059,0.702431738
sub-19,69,2,60,60,25895,26795,27395,40,-20,20,97.9700865,2310.886753,0.424598813,2,172.9166667,937.9700865,26797,0.452340961,0.406857729,0.41459775
sub-19,70,2,12,60,1602,1782,1902,90,30,30,109.9703263,3365.095326,0.502100398,6,1215.125,949.9703263,1788,0.398957372,0.396219879,0.711123943
sub-19,71,2,300,40,22736,25736,30236,80,40,40,121.9698388,2379.011505,0.45551905,43,217.0416667,961.9698388,25779,0.368221045,0.729290605,0.269045502
sub-19,72,2,12,60,29300,29480,29600,90,30,30,133.9692145,2235.010881,0.738899032,27,61.04166667,973.9692145,29453,0.835012972,0.636288166,0.745395958
sub-19,73,2,12,60,15586,15766,15886,80,20,20,145.968846,2818.427179,0.91404591,126,632.4583333,985.968846,15892,0.893184006,0.910675526,0.938278198
sub-19,74,2,60,80,26923,28123,28423,60,-20,20,157.9683312,2315.551665,0.54487892,43,117.5833333,997.9683312,28166,0.570710897,0.571867824,0.492058039
sub-19,75,2,300,60,2522,7022,10022,70,10,10,169.9679024,3206.759569,0.520361811,4,996.7916667,1009.967902,7018,0.40284428,0.508628964,0.649612188
sub-19,76,2,60,80,12596,13796,14096,40,-40,40,181.9674591,2936.509126,0.710163554,21,714.5416667,1021.967459,13775,0.68969357,0.766344666,0.674452424
sub-19,77,2,60,40,25895,26495,27395,60,20,20,193.9670737,2419.38374,0.440994372,5,185.4166667,1033.967074,26500,0.452340961,0.432447374,0.438194782
sub-19,78,2,300,60,14351,18851,21851,80,20,20,205.9665663,2749.883233,0.678511739,71,503.9166667,1045.966566,18922,0.724799395,0.67871201,0.632023811
sub-19,79,2,300,40,19988,22988,27488,40,0,0,217.9662132,2589.50788,0.398772667,3,331.5416667,1057.966213,22991,0.381335378,0.467199355,0.347783267
sub-19,80,2,300,80,1960,7960,9460,20,-60,60,229.9659215,3227.674255,0.374507785,21,957.7083333,1069.965922,7981,0.433283031,0.393522233,0.296718091
sub-19,81,2,300,40,14351,17351,21851,50,10,10,241.965217,2848.381884,0.538737476,45,566.4166667,1081.965217,17396,0.724799395,0.48977527,0.401637763
sub-19,82,2,12,40,2486,2606,2786,20,-20,20,253.9650186,3474.756685,0.8548099,2,1180.791667,1093.965019,2608,0.802486777,0.953855455,0.808087468
sub-19,83,2,60,60,19722,20622,21222,80,20,20,265.9646082,2736.089608,0.376208852,11,430.125,1105.964608,20633,0.266462356,0.304706454,0.557457745
sub-19,84,2,300,60,13458,17958,20958,80,20,20,277.9637982,2859.088798,0.393604338,3,541.125,1117.963798,17961,0.503550649,0.407887161,0.269375205
sub-19,85,2,12,80,4600,4840,4900,80,0,0,289.9637234,3417.672057,0.840341111,78,1087.708333,1129.963723,4918,0.777784109,0.808963835,0.934275389
sub-19,86,2,12,40,15586,15706,15886,60,20,20,301.9633146,2976.921648,0.918003182,140,634.9583333,1141.963315,15566,0.893184006,0.946782351,0.914043188
sub-19,87,2,300,80,16072,22072,23572,70,-10,10,313.9628488,2723.671182,0.690731823,30,369.7083333,1153.962849,22102,0.699183166,0.625260174,0.74775213
sub-19,88,2,12,80,17959,18199,18259,80,0,0,325.9617182,2897.045052,0.52568237,13,531.0833333,1165.961718,18212,0.444595844,0.397394627,0.735056639
sub-19,89,2,12,80,11565,11805,11865,90,10,10,337.9617369,3175.461737,0.425252527,29,797.5,1177.961737,11776,0.391443521,0.391761363,0.492552698
sub-19,90,2,300,20,22736,24236,30236,80,60,60,349.9611538,2669.50282,0.460771928,36,279.5416667,1189.961154,24200,0.368221045,0.748072684,0.266022056
sub-19,91,2,12,20,23924,23984,24224,10,-10,10,361.960934,2692.002601,0.527502427,1,290.0416667,1201.960934,23983,0.842187762,0.358798593,0.381520927
sub-19,92,2,60,40,15628,16228,17128,20,-20,20,373.9604877,3027.168821,0.469133109,40,613.2083333,1213.960488,16268,0.333360583,0.796540856,0.277497888
sub-19,93,2,60,80,28296,29496,29796,80,0,0,385.9599085,2486.334909,0.378579348,43,60.375,1225.959909,29453,0.386571616,0.422424734,0.326741695
sub-19,94,2,60,20,26923,27223,28423,20,0,0,397.95956,2593.042893,0.611131052,24,155.0833333,1237.95956,27199,0.570710897,0.635133803,0.627548456
sub-19,95,2,60,20,22148,22448,23648,90,70,70,409.9591049,2804.000772,0.754350642,77,354.0416667,1249.959105,22525,0.775133371,0.652248144,0.835670412
sub-19,96,2,60,60,9187,10087,10687,80,20,20,421.9751739,3331.058507,0.391915798,3,869.0833333,1261.975174,10084,0.355018765,0.264911145,0.555817485
sub-19,97,2,12,80,29300,29540,29600,80,0,0,433.9749223,2532.516589,0.777512252,43,58.54166667,1273.974922,29583,0.835012972,0.689403892,0.808119893
sub-19,98,2,12,40,4600,4720,4900,10,-30,30,445.9742638,3578.682597,0.743728856,146,1092.708333,1285.974264,4574,0.777784109,0.756530881,0.696871579
sub-19,99,2,12,20,27281,27341,27581,70,50,50,457.9739431,2648.14061,0.526739667,6,150.1666667,1297.973943,27335,0.663646698,0.481651872,0.43492043
sub-19,100,2,12,20,25018,25078,25318,10,-10,10,469.973455,2754.431788,0.694239994,8,244.4583333,1309.973455,25086,0.614161015,0.903934419,0.564624548
sub-19,101,2,12,80,23924,24164,24224,70,-10,10,481.9731342,2804.514801,0.549024999,0,282.5416667,1321.973134,24164,0.842187762,0.403494179,0.401393056
sub-19,102,2,60,40,21153,21753,22653,10,-30,30,493.9725616,2916.972562,0.483911614,103,383,1333.972562,21856,0.367980182,0.516567588,0.567187071
sub-19,103,2,60,20,25895,26195,27395,90,70,70,505.972129,2743.888796,0.423054596,9,197.9166667,1345.972129,26204,0.452340961,0.406089157,0.41073367
sub-19,104,2,300,40,1960,4960,9460,20,-20,20,517.9715854,3640.679919,0.503999035,42,1082.708333,1357.971585,4918,0.433283031,0.530604362,0.54810971
sub-19,105,2,300,60,14066,18566,21566,30,-30,30,529.9711625,3085.762829,0.421460688,20,515.7916667,1369.971163,18586,0.427026987,0.550489068,0.286866009
sub-19,106,2,12,40,25018,25138,25318,80,40,40,541.9545814,2823.912915,0.429841896,52,241.9583333,1381.954581,25086,0.614161015,0.286262631,0.389102042
sub-19,107,2,300,20,21224,22724,28724,30,10,10,553.969816,2936.511483,0.506919742,2,342.5416667,1393.969816,22722,0.495798409,0.480357289,0.544603527
sub-19,108,2,12,80,14329,14569,14629,99,19,19,565.9694422,3288.302776,0.670945783,6,682.3333333,1405.969442,14563,0.840943217,0.651862442,0.520031691
sub-19,109,2,300,60,21224,25724,28724,70,10,10,577.9697495,2835.511416,0.48686858,55,217.5416667,1417.96975,25779,0.495798409,0.43142432,0.533383012
sub-19,110,2,300,40,13557,16557,21057,80,40,40,589.9688798,3229.46888,0.421245933,19,599.5,1429.96888,16538,0.375888646,0.617102027,0.270747125
sub-19,111,2,60,40,10035,10635,11535,19,-21,21,601.9683942,3488.218394,0.48510023,41,846.25,1441.968394,10676,0.404203236,0.632850528,0.418246925
sub-19,112,2,300,60,16072,20572,23572,70,10,10,613.9680748,3086.176408,0.599707007,7,432.2083333,1453.968075,20579,0.699183166,0.522151589,0.577786267
sub-19,113,2,300,20,19476,20976,26976,20,0,0,625.9678695,3081.34287,0.513232261,58,415.375,1465.96787,20918,0.618891299,0.418279558,0.502525926
sub-19,114,2,300,20,13458,14958,20958,10,-10,10,637.9671027,3344.092103,0.527636826,10,666.125,1477.967103,14948,0.503550649,0.735695601,0.343664229
sub-19,115,2,60,20,16451,16751,17951,30,10,10,649.9665349,3281.383202,0.541294883,18,591.4166667,1489.966535,16733,0.407732636,0.724357009,0.491795003
sub-19,116,2,60,40,26923,27523,28423,90,50,50,661.9659832,2844.549317,0.596408854,1,142.5833333,1501.965983,27524,0.570710897,0.456747562,0.761768103
sub-19,117,2,60,20,1414,1714,2914,13,-7,7,673.9655889,3931.923922,0.828979512,45,1217.958333,1513.965589,1669,0.880903423,0.819167018,0.786868095
sub-19,118,2,300,80,19988,25988,27488,90,10,10,685.9649062,2932.506573,0.414776425,1,206.5416667,1525.964906,25987,0.381335378,0.377626181,0.485367715
sub-19,119,2,300,20,16327,17827,23827,71,51,51,697.964753,3284.548086,0.514019489,21,546.5833333,1537.964753,17806,0.765540838,0.39063096,0.385886669
sub-19,120,2,60,40,4556,5156,6056,20,-20,20,709.9641523,3824.505819,0.507196426,8,1074.541667,1549.964152,5148,0.386306763,0.617104769,0.518177748
sub-19,121,3,12,20,17959,18019,18259,30,10,10,1.9734873,3420.556821,0.51661695,47,538.5833333,1681.973487,18066,0.444595844,0.554531097,0.55072391
sub-19,122,3,12,60,21800,21980,22100,87,27,27,13.972885,3267.514552,0.723965764,2,373.5416667,1693.972885,21978,0.736993313,0.71063894,0.724265039
sub-19,123,3,60,60,11369,12269,12869,40,-20,20,25.9722352,3684.138902,0.516770363,103,778.1666667,1705.972235,12372,0.533274829,0.423333883,0.593702376
sub-19,124,3,12,60,27281,27461,27581,70,10,10,37.9720991,3063.138766,0.479619553,25,145.1666667,1717.972099,27436,0.663646698,0.34283331,0.43237865
sub-19,125,3,60,80,4556,5756,6056,70,-10,10,49.9716506,3979.513317,0.54880482,27,1049.541667,1729.971651,5729,0.386306763,0.481833637,0.778274059
sub-19,126,3,12,60,14329,14509,14629,80,20,20,61.9706964,3626.80403,0.697990954,5,684.8333333,1741.970696,14514,0.840943217,0.674068928,0.578960717
sub-19,127,3,300,60,20069,24569,27569,80,20,20,73.9707554,3219.637422,0.437215209,10,265.6666667,1753.970755,24579,0.377250761,0.376978368,0.557416499
sub-19,128,3,300,40,14066,17066,21566,80,40,40,85.9700632,3544.26173,0.344607135,77,578.2916667,1765.970063,16989,0.427026987,0.365407616,0.241386801
sub-19,129,3,60,60,26923,27823,28423,70,10,10,97.9697316,3108.053065,0.533475856,67,130.0833333,1777.969732,27756,0.570710897,0.54025805,0.489458621
sub-19,130,3,300,20,9381,10881,16881,30,10,10,109.9694126,3825.969413,0.510910342,25,836,1789.969413,10856,0.434503287,0.649891555,0.448336184
sub-19,131,3,60,40,1414,2014,2914,20,-20,20,121.9687261,4207.427059,0.6707172,14,1205.458333,1801.968726,2028,0.880903423,0.538607776,0.5926404
sub-19,132,3,12,60,2486,2666,2786,80,20,20,133.967966,4192.259633,0.783421795,58,1178.291667,1813.967966,2608,0.802486777,0.707484126,0.84029448
sub-19,133,3,60,80,21153,22353,22653,30,-50,50,145.9677269,3383.967727,0.478971044,152,358,1825.967727,22201,0.367980182,0.52699703,0.541935921
sub-19,134,3,60,80,3650,4850,5150,80,0,0,157.9674945,4125.259161,0.569860439,68,1087.291667,1837.967495,4918,0.586262465,0.485696733,0.637622118
sub-19,135,3,12,20,11565,11625,11865,19,-1,1,169.9667712,3854.966771,0.458951463,17,805,1849.966771,11608,0.391443521,0.614788413,0.370622456
sub-19,136,3,12,20,25820,25880,26120,30,10,10,181.9667355,3273.008402,0.628588279,11,211.0416667,1861.966736,25891,0.514377058,0.79674089,0.57464689
sub-19,137,3,60,40,17621,18221,19121,30,-10,10,193.9662451,3604.132912,0.401363482,9,530.1666667,1873.966245,18212,0.321571469,0.32369706,0.558821917
sub-19,138,3,300,20,14351,15851,21851,60,40,40,205.9657273,3714.882394,0.711405754,41,628.9166667,1885.965727,15892,0.724799395,0.719285727,0.690132141
sub-19,139,3,60,60,25202,26102,26702,30,-30,30,217.965263,3299.75693,0.469284336,2,201.7916667,1897.965263,26100,0.380949736,0.489343941,0.53755933
sub-19,140,3,60,60,16451,17351,17951,50,-10,10,229.9647735,3676.38144,0.515537073,45,566.4166667,1909.964774,17396,0.407732636,0.52406621,0.614812374
sub-19,141,3,300,20,14066,15566,21566,20,0,0,241.9643038,3762.75597,0.560058008,0,640.7916667,1921.964304,15566,0.427026987,0.875541151,0.377605885
sub-19,142,3,12,40,26328,26448,26628,80,40,40,253.9637213,3321.338721,0.659053485,13,187.375,1933.963721,26461,0.570940733,0.511222482,0.894997239
sub-19,143,3,300,20,10273,11773,17773,10,-10,10,265.9630971,3944.79643,0.671569288,3,798.8333333,1945.963097,11776,0.664448321,0.659815192,0.69044435
sub-19,144,3,60,60,15628,16528,17128,20,-40,40,277.9624964,3758.67083,0.378013372,10,600.7083333,1957.962496,16538,0.333360583,0.569687963,0.230991572
sub-19,145,3,300,20,2522,4022,10022,70,50,50,289.9623089,4291.753976,0.535507907,103,1121.791667,1969.962309,3919,0.40284428,0.566761553,0.636917889
sub-19,146,3,12,60,25018,25198,25318,90,30,30,301.9615872,3421.419921,0.434581568,36,239.4583333,1981.961587,25234,0.614161015,0.293974459,0.39560923
sub-19,147,3,60,20,14390,14690,15890,20,0,0,313.9616487,3871.253315,0.652103245,10,677.2916667,1993.961649,14700,0.853619874,0.504358649,0.598331213
sub-19,148,3,12,60,11565,11745,11865,80,20,20,325.9613809,4005.961381,0.469659835,31,800,2005.961381,11776,0.391443521,0.720917881,0.296618104
sub-19,149,3,60,60,13942,14842,15442,60,0,0,337.9607368,3888.91907,0.68069917,1,670.9583333,2017.960737,14843,0.617607713,0.727707624,0.696782172
sub-19,150,3,300,60,10518,15018,18018,80,20,20,349.9603715,3893.585372,0.538457811,1,663.625,2029.960372,15019,0.480903864,0.668780506,0.465689063
sub-19,151,3,12,80,26328,26568,26628,90,10,10,361.9597966,3424.334797,0.682078063,68,182.375,2041.959797,26500,0.570940733,0.554679751,0.920613706
sub-19,152,3,60,80,25202,26402,26702,80,0,0,373.9594819,3443.251149,0.514002681,6,189.2916667,2053.959482,26408,0.380949736,0.542046428,0.619011879
sub-19,153,3,300,40,13458,16458,20958,20,-20,20,385.9587428,3869.583743,0.587588569,80,603.625,2065.958743,16538,0.503550649,0.716322362,0.542892694
sub-19,154,3,60,60,10035,10935,11535,70,10,10,397.9750751,4111.725075,0.556123992,10,833.75,2077.975075,10925,0.404203236,0.668247223,0.595921516
sub-19,155,3,60,20,3650,3950,5150,20,0,0,409.9743,4414.765967,0.612051845,31,1124.791667,2089.9743,3919,0.586262465,0.7236588,0.526234269
sub-19,156,3,300,40,10518,13518,18018,70,30,30,421.9743621,4028.099362,0.473818123,113,726.125,2101.974362,13631,0.480903864,0.551914155,0.388636351
sub-19,157,3,60,60,17621,18521,19121,30,-30,30,433.9737304,3831.640397,0.464502672,38,517.6666667,2113.97373,18483,0.321571469,0.702765763,0.369170785
sub-19,158,3,12,20,21273,21333,21573,20,0,0,445.9729895,3726.47299,0.75228552,0,400.5,2125.97299,21333,0.636497259,0.971750498,0.648608804
sub-19,159,3,12,20,4600,4660,4900,20,0,0,457.9728538,4433.181187,0.807660639,86,1095.208333,2137.972854,4574,0.777784109,0.890741885,0.754455924
sub-19,160,3,60,60,14390,15290,15890,80,20,20,469.9726328,4002.264299,0.646042486,1,652.2916667,2149.972633,15291,0.853619874,0.5200454,0.564462185
sub-19,161,3,12,20,16152,16212,16452,20,0,0,481.9722234,3975.847223,0.670652241,56,613.875,2161.972223,16268,0.528136969,0.987549484,0.496270269
sub-19,162,3,12,20,12500,12560,12800,70,50,50,493.9717859,4140.013453,0.644854168,30,766.0416667,2173.971786,12530,0.630747199,0.695603549,0.608211756
sub-19,163,3,300,20,10518,12018,18018,30,10,10,505.9712856,4174.596286,0.523449163,66,788.625,2185.971286,11952,0.480903864,0.692685187,0.396758437
sub-19,164,3,300,80,9381,15381,16881,60,-20,20,517.9706853,4046.470685,0.462941974,27,648.5,2197.970685,15408,0.434503287,0.516384661,0.437937975
sub-19,165,3,300,40,9381,12381,16881,50,10,10,529.9533189,4183.453319,0.459073414,9,773.5,2209.953319,12372,0.434503287,0.471244156,0.4714728
sub-19,166,3,12,80,15162,15402,15462,70,-10,10,541.9698194,4069.594819,0.809432745,6,647.625,2221.969819,15408,0.925493777,0.761621892,0.741182566
sub-19,167,3,12,60,15162,15342,15462,90,30,30,553.9694434,4084.094443,0.792497814,1,650.125,2233.969443,15341,0.925493777,0.732884884,0.71911478
sub-19,168,3,12,80,3739,3979,4039,90,10,10,565.9689252,4569.552259,0.605181605,60,1123.583333,2245.968925,3919,0.471912891,0.445872188,0.897759736
sub-19,169,3,300,20,11085,12585,18585,20,0,0,577.9685495,4222.96855,0.483780523,55,765,2257.96855,12530,0.403320372,0.589437604,0.458583593
sub-19,170,3,60,40,16451,17051,17951,70,30,30,589.9678096,4048.884476,0.457817475,62,578.9166667,2269.96781,16989,0.407732636,0.381435901,0.584283888
sub-19,171,3,60,20,13942,14242,15442,20,0,0,601.9671762,4177.92551,0.736333648,21,695.9583333,2281.967176,14221,0.617607713,0.858845234,0.732547998
sub-19,172,3,12,80,21273,21513,21573,90,10,10,613.9670456,3886.967046,0.761513889,55,393,2293.967046,21458,0.636497259,0.659675717,0.98836869
sub-19,173,3,300,40,12645,15645,20145,20,-20,20,625.9668542,4143.466854,0.483331859,79,637.5,2305.966854,15566,0.332550645,0.809746027,0.307698905
sub-19,174,3,60,80,1414,2614,2914,80,0,0,637.966372,4698.424705,0.893087606,6,1180.458333,2317.966372,2608,0.880903423,0.898732543,0.899626851
sub-19,175,3,12,60,16152,16332,16452,20,-40,40,649.9657598,4138.84076,0.614817361,6,608.875,2329.96576,16338,0.528136969,0.636289001,0.680026114
sub-19,176,3,300,80,13557,19557,21057,70,-10,10,661.9645861,4016.464586,0.40807276,5,474.5,2341.964586,19562,0.375888646,0.455977142,0.392352492
sub-19,177,3,60,80,19722,20922,21222,70,-10,10,673.9649213,3971.589921,0.439013958,4,417.625,2353.964921,20918,0.266462356,0.252884895,0.797694623
sub-19,178,3,12,20,3739,3799,4039,20,0,0,685.9644824,4697.047816,0.601261348,13,1131.083333,2365.964482,3812,0.471912891,0.75404346,0.577827692
sub-19,179,3,60,60,3650,4550,5150,80,20,20,697.9636731,4677.75534,0.541496128,24,1099.791667,2377.963673,4574,0.586262465,0.423998445,0.614227474
sub-19,180,3,300,80,16327,22327,23827,80,0,0,709.9634491,3949.046782,0.80520918,126,359.0833333,2389.963449,22201,0.765540838,0.827244103,0.822842598
sub-20,1,1,60,40,25202,25802,26702,28,-12,12,1.9712572,1416.262924,0.486041149,23,214.2916667,1.9712572,25779,0.380949736,0.502093911,0.575079799
sub-20,2,1,300,60,16327,20827,23827,75,15,15,13.9702285,1635.553562,0.762053986,91,421.5833333,13.9702285,20918,0.765540838,0.751691878,0.768929243
sub-20,3,1,60,60,1414,2314,2914,27,-33,33,25.9703181,2418.928651,0.553229103,101,1192.958333,25.9703181,2213,0.880903423,0.367280275,0.411503613
sub-20,4,1,60,60,22148,23048,23648,43,-17,17,37.9698966,1567.011563,0.64348652,2,329.0416667,37.9698966,23050,0.775133371,0.57852304,0.576803148
sub-20,5,1,60,20,28296,28596,29796,59,39,39,49.9693765,1347.844377,0.49337545,50,97.875,49.9693765,28646,0.386571616,0.598008156,0.495546579
sub-20,6,1,300,20,20069,21569,27569,40,20,20,61.9691255,1652.635792,0.45564116,55,390.6666667,61.9691255,21624,0.377250761,0.34495461,0.644718111
sub-20,7,1,60,80,16451,17651,17951,87,7,7,73.9684896,1827.885156,0.503571322,10,553.9166667,73.9684896,17641,0.407732636,0.547998905,0.554982424
sub-20,8,1,60,20,25202,25502,26702,53,33,33,85.9682469,1512.759914,0.481679867,47,226.7916667,85.9682469,25549,0.380949736,0.394988745,0.669101119
sub-20,9,1,300,80,20069,26069,27569,40,-40,40,97.9673626,1501.134029,0.472688923,24,203.1666667,97.9673626,26045,0.377250761,0.476390898,0.564425111
sub-20,10,1,60,60,28296,29196,29796,50,-10,10,109.9670602,1382.84206,0.40910688,46,72.875,109.9670602,29242,0.386571616,0.449854881,0.390894145
sub-20,11,1,60,60,13176,14076,14676,97,37,37,121.966713,2024.841713,0.560014963,14,702.875,121.966713,14090,0.457795978,0.721336246,0.500912666
sub-20,12,1,60,80,11369,12569,12869,76,-4,4,133.9661157,2099.632782,0.634420226,39,765.6666667,133.9661157,12530,0.533274829,0.499322087,0.870663762
sub-20,13,1,60,40,13942,14542,15442,90,50,50,145.9658198,2029.424153,0.675926189,21,683.4583333,145.9658198,14563,0.617607713,0.683953524,0.72621733
sub-20,14,1,12,80,2486,2726,2786,65,-15,15,157.9652271,2533.756894,0.773491303,41,1175.791667,157.9652271,2767,0.802486777,0.691649318,0.826337814
sub-20,15,1,12,20,2486,2546,2786,4,-16,16,169.9648885,2553.256555,0.86674879,62,1183.291667,169.9648885,2608,0.802486777,0.984086692,0.8136729
sub-20,16,1,300,80,21224,27224,28724,58,-22,22,181.9638878,1537.005554,0.448277911,25,155.0416667,181.9638878,27199,0.495798409,0.28581816,0.563217163
sub-20,17,1,300,40,20069,23069,27569,54,14,14,193.9640057,1722.130672,0.468692313,19,328.1666667,193.9640057,23050,0.377250761,0.444087029,0.584739149
sub-20,18,1,12,60,17959,18139,18259,95,35,35,205.9634372,1939.546771,0.479493658,8,533.5833333,205.9634372,18131,0.444595844,0.32675156,0.66713357
sub-20,19,1,12,80,15586,15826,15886,51,-29,29,217.9630708,2047.921404,0.912498534,66,629.9583333,217.9630708,15892,0.893184006,0.895874202,0.948437393
sub-20,20,1,60,80,25895,27095,27395,69,-11,11,229.9626397,1590.379306,0.475009968,60,160.4166667,229.9626397,27155,0.452340961,0.490531057,0.482157886
sub-20,21,1,12,40,29300,29420,29600,87,47,47,241.9615952,1505.503262,0.881912669,33,63.54166667,241.9615952,29453,0.835012972,0.842169046,0.968555987
sub-20,22,1,60,40,28296,28896,29796,32,-8,8,253.9618193,1539.336819,0.448978245,24,85.375,253.9618193,28920,0.386571616,0.636950135,0.323412985
sub-20,23,1,60,20,11369,11669,12869,37,17,17,265.9614763,2269.128143,0.59856234,26,803.1666667,265.9614763,11643,0.533274829,0.825657547,0.436754644
sub-20,24,1,60,40,22148,22748,23648,68,28,28,277.9607203,1819.502387,0.754774034,26,341.5416667,277.9607203,22722,0.775133371,0.723107696,0.766081035
sub-20,25,1,300,60,11085,15585,18585,67,7,7,289.960413,2129.960413,0.512025793,19,640,289.960413,15566,0.403320372,0.5605762,0.572180808
sub-20,26,1,60,40,3650,4250,5150,52,12,12,301.9600084,2614.251675,0.465809743,48,1112.291667,301.9600084,4298,0.586262465,0.404017031,0.407149732
sub-20,27,1,12,20,13450,13510,13750,42,22,22,313.9595471,2240.41788,0.75796785,121,726.4583333,313.9595471,13631,0.881083906,0.69478333,0.698036313
sub-20,28,1,12,60,23924,24104,24224,61,1,1,325.9590465,1811.000713,0.661446333,58,285.0416667,325.9590465,24046,0.842187762,0.562097549,0.580053687
sub-20,29,1,12,40,27281,27401,27581,68,28,28,337.9585462,1685.625213,0.509411087,35,147.6666667,337.9585462,27436,0.663646698,0.441977859,0.422608703
sub-20,30,1,12,40,25820,25940,26120,26,-14,14,349.9582234,1758.49989,0.538838178,4,208.5416667,349.9582234,25944,0.514377058,0.630758941,0.471378535
sub-20,31,1,12,60,13450,13630,13750,30,-30,30,361.9577461,2283.416079,0.860371133,1,721.4583333,361.9577461,13631,0.881083906,0.862820923,0.837208569
sub-20,32,1,12,40,3739,3859,4039,50,10,10,373.9571767,2702.54051,0.567767153,1,1128.583333,373.9571767,3858,0.471912891,0.49350661,0.737881958
sub-20,33,1,60,40,13176,13776,14676,38,-2,2,385.9736134,2301.348613,0.604968309,1,715.375,385.9736134,13775,0.457795978,0.853265524,0.503843427
sub-20,34,1,300,40,19476,22476,26976,47,7,7,397.973162,1950.848162,0.596290787,49,352.875,397.973162,22525,0.618891299,0.515366018,0.654615045
sub-20,35,1,12,80,21800,22040,22100,97,17,17,409.9726924,1981.014359,0.817930579,40,371.0416667,409.9726924,22000,0.736993313,0.733162522,0.983635902
sub-20,36,1,12,20,21800,21860,22100,94,74,74,421.9722541,2000.513921,0.779317856,4,378.5416667,421.9722541,21856,0.736993313,0.798989177,0.801971078
sub-20,37,1,12,60,12500,12680,12800,59,-1,1,433.9717935,2395.01346,0.69880573,101,761.0416667,433.9717935,12781,0.630747199,0.732289791,0.733380198
sub-20,38,1,300,20,16072,17572,23572,56,36,36,445.9712297,2203.179563,0.445263386,54,557.2083333,445.9712297,17518,0.699183166,0.346642971,0.28996402
sub-20,39,1,12,20,15162,15222,15462,84,64,64,457.970598,2313.095598,0.781456709,12,655.125,457.970598,15210,0.925493777,0.715577185,0.703299165
sub-20,40,1,300,60,10273,14773,17773,46,-14,14,469.9701839,2343.803517,0.538562953,6,673.8333333,469.9701839,14779,0.664448321,0.543266654,0.407973886
sub-20,41,1,60,20,19722,20022,21222,38,18,18,481.9695646,2137.094565,0.411991974,33,455.125,481.9695646,19989,0.266462356,0.699494839,0.270018727
sub-20,42,1,300,40,11085,14085,18585,8,-32,32,493.9695348,2396.469535,0.520194809,5,702.5,493.9695348,14090,0.403320372,0.590262294,0.56700176
sub-20,43,1,300,80,13458,19458,20958,90,10,10,505.9690147,2184.594015,0.484519442,23,478.625,505.9690147,19435,0.503550649,0.523809075,0.426198602
sub-20,44,1,60,60,21153,22053,22653,3,-57,57,517.9682472,2088.468247,0.501651009,49,370.5,517.9682472,22102,0.367980182,0.683279634,0.453693211
sub-20,45,1,60,80,13942,15142,15442,90,10,10,529.9682366,2388.42657,0.745977561,65,658.4583333,529.9682366,15077,0.617607713,0.667556286,0.952768683
sub-20,46,1,300,80,14351,20351,21851,100,20,20,541.9676075,2183.384274,0.707600872,61,441.4166667,541.9676075,20412,0.724799395,0.658842862,0.739160359
sub-20,47,1,60,20,9187,9487,10687,3,-17,17,553.9673621,2648.050695,0.434174627,137,894.0833333,553.9673621,9350,0.355018765,0.394263268,0.553241849
sub-20,48,1,60,40,14390,14990,15890,19,-21,21,565.9668935,2430.75856,0.812392155,29,664.7916667,565.9668935,15019,0.853619874,0.803780138,0.779776454
sub-20,49,1,60,80,15628,16828,17128,90,10,10,577.9663052,2366.174639,0.489119957,95,588.2083333,577.9663052,16733,0.333360583,0.658514261,0.475485027
sub-20,50,1,12,60,26328,26508,26628,95,35,35,589.9657664,1974.840766,0.668048143,8,184.875,589.9657664,26500,0.570940733,0.527293324,0.905910373
sub-20,51,1,60,80,13176,14376,14676,90,10,10,601.9653737,2492.340374,0.621318579,13,690.375,601.9653737,14389,0.457795978,0.679272175,0.726887584
sub-20,52,1,60,20,10035,10335,11535,30,10,10,613.964757,2672.714757,0.528949112,23,858.75,613.964757,10312,0.404203236,0.763092279,0.41955182
sub-20,53,1,300,80,12645,18645,20145,60,-20,20,625.9645081,2338.464508,0.354656776,1,512.5,625.9645081,18644,0.332550645,0.508051455,0.223368227
sub-20,54,1,12,40,21800,21920,22100,80,40,40,637.9638663,2214.005533,0.786751767,35,376.0416667,637.9638663,21955,0.736993313,0.82633388,0.796928108
sub-20,55,1,300,40,18200,21200,25700,70,30,30,649.9633679,2256.005035,0.613909702,5,406.0416667,649.9633679,21195,0.791362107,0.579749107,0.47061789
sub-20,56,1,60,60,12596,13496,14096,70,10,10,661.9630203,2589.004687,0.679986358,135,727.0416667,661.9630203,13631,0.68969357,0.66709578,0.683169723
sub-20,57,1,60,80,9187,10387,10687,90,10,10,673.9626857,2730.546019,0.46238931,75,856.5833333,673.9626857,10312,0.355018765,0.479985803,0.552163363
sub-20,58,1,300,80,10273,16273,17773,33,-47,47,685.9623202,2497.295654,0.691866497,5,611.3333333,685.9623202,16268,0.664448321,0.815407932,0.595743239
sub-20,59,1,300,60,9381,13881,16881,49,-11,11,697.9619247,2608.961925,0.506161819,46,711,697.9619247,13927,0.434503287,0.60319519,0.480786979
sub-20,60,1,60,20,12596,12896,14096,60,40,40,709.960832,2662.002499,0.754556278,29,752.0416667,709.960832,12867,0.68969357,0.889180124,0.684795141
sub-20,61,2,12,80,16152,16392,16452,89,9,9,1.9776014,2648.352601,0.678572257,23,606.375,841.9776014,16369,0.528136969,0.527052999,0.980526805
sub-20,62,2,300,60,19988,24488,27488,39,-21,21,13.9775397,2323.019206,0.365601301,14,269.0416667,853.9775397,24474,0.381335378,0.4435606,0.271907926
sub-20,63,2,300,40,16072,19072,23572,45,5,5,25.9770192,2560.685353,0.601840854,51,494.7083333,865.9770192,19021,0.699183166,0.517898381,0.588441014
sub-20,64,2,300,20,18922,20422,26422,60,40,40,37.9768332,2516.435167,0.554572781,10,438.4583333,877.9768332,20412,0.454499304,0.502740145,0.706478894
sub-20,65,2,60,20,21153,21453,22653,20,0,0,49.9762366,2485.476237,0.449790001,5,395.5,889.9762366,21458,0.367980182,0.50407207,0.47731775
sub-20,66,2,12,20,14329,14389,14629,20,0,0,61.9760888,2791.809422,0.673224032,0,689.8333333,901.9760888,14389,0.840943217,0.659988642,0.518740237
sub-20,67,2,12,80,25018,25258,25318,80,0,0,73.9756444,2350.933978,0.451532612,24,236.9583333,913.9756444,25234,0.614161015,0.336739153,0.40369767
sub-20,68,2,12,40,15162,15282,15462,80,40,40,85.9752829,2778.600283,0.778266191,9,652.625,925.9752829,15291,0.925493777,0.706873059,0.702431738
sub-20,69,2,60,60,25895,26795,27395,30,-30,30,97.9748366,2310.891503,0.424598813,2,172.9166667,937.9748366,26797,0.452340961,0.406857729,0.41459775
sub-20,70,2,12,60,1602,1782,1902,80,20,20,109.974416,3365.099416,0.502100398,6,1215.125,949.974416,1788,0.398957372,0.396219879,0.711123943
sub-20,71,2,300,40,22736,25736,30236,40,0,0,121.9738139,2379.015481,0.45551905,43,217.0416667,961.9738139,25779,0.368221045,0.729290605,0.269045502
sub-20,72,2,12,60,29300,29480,29600,80,20,20,133.9733695,2235.015036,0.738899032,27,61.04166667,973.9733695,29453,0.835012972,0.636288166,0.745395958
sub-20,73,2,12,60,15586,15766,15886,70,10,10,145.97271,2818.431043,0.91404591,126,632.4583333,985.97271,15892,0.893184006,0.910675526,0.938278198
sub-20,74,2,60,80,26923,28123,28423,70,-10,10,157.9725854,2315.555919,0.54487892,43,117.5833333,997.9725854,28166,0.570710897,0.571867824,0.492058039
sub-20,75,2,300,60,2522,7022,10022,60,0,0,169.9720166,3206.763683,0.520361811,4,996.7916667,1009.972017,7018,0.40284428,0.508628964,0.649612188
sub-20,76,2,60,80,12596,13796,14096,70,-10,10,181.9713984,2936.513065,0.710163554,21,714.5416667,1021.971398,13775,0.68969357,0.766344666,0.674452424
sub-20,77,2,60,40,25895,26495,27395,53,13,13,193.9710018,2419.387668,0.440994372,5,185.4166667,1033.971002,26500,0.452340961,0.432447374,0.438194782
sub-20,78,2,300,60,14351,18851,21851,60,0,0,205.9708446,2749.887511,0.678511739,71,503.9166667,1045.970845,18922,0.724799395,0.67871201,0.632023811
sub-20,79,2,300,40,19988,22988,27488,54,14,14,217.9701787,2589.511845,0.398772667,3,331.5416667,1057.970179,22991,0.381335378,0.467199355,0.347783267
sub-20,80,2,300,80,1960,7960,9460,68,-12,12,229.9699599,3227.678293,0.374507785,21,957.7083333,1069.96996,7981,0.433283031,0.393522233,0.296718091
sub-20,81,2,300,40,14351,17351,21851,70,30,30,241.9694472,2848.386114,0.538737476,45,566.4166667,1081.969447,17396,0.724799395,0.48977527,0.401637763
sub-20,82,2,12,40,2486,2606,2786,30,-10,10,253.9689901,3474.760657,0.8548099,2,1180.791667,1093.96899,2608,0.802486777,0.953855455,0.808087468
sub-20,83,2,60,60,19722,20622,21222,70,10,10,265.9684372,2736.093437,0.376208852,11,430.125,1105.968437,20633,0.266462356,0.304706454,0.557457745
sub-20,84,2,300,60,13458,17958,20958,70,10,10,277.9680795,2859.09308,0.393604338,3,541.125,1117.96808,17961,0.503550649,0.407887161,0.269375205
sub-20,85,2,12,80,4600,4840,4900,70,-10,10,289.967697,3417.67603,0.840341111,78,1087.708333,1129.967697,4918,0.777784109,0.808963835,0.934275389
sub-20,86,2,12,40,15586,15706,15886,40,0,0,301.966749,2976.925082,0.918003182,140,634.9583333,1141.966749,15566,0.893184006,0.946782351,0.914043188
sub-20,87,2,300,80,16072,22072,23572,70,-10,10,313.9665009,2723.674834,0.690731823,30,369.7083333,1153.966501,22102,0.699183166,0.625260174,0.74775213
sub-20,88,2,12,80,17959,18199,18259,70,-10,10,325.9661599,2897.049493,0.52568237,13,531.0833333,1165.96616,18212,0.444595844,0.397394627,0.735056639
sub-20,89,2,12,80,11565,11805,11865,70,-10,10,337.9657357,3175.465736,0.425252527,29,797.5,1177.965736,11776,0.391443521,0.391761363,0.492552698
sub-20,90,2,300,20,22736,24236,30236,30,10,10,349.9647318,2669.506398,0.460771928,36,279.5416667,1189.964732,24200,0.368221045,0.748072684,0.266022056
sub-20,91,2,12,20,23924,23984,24224,20,0,0,361.9649749,2692.006642,0.527502427,1,290.0416667,1201.964975,23983,0.842187762,0.358798593,0.381520927
sub-20,92,2,60,40,15628,16228,17128,30,-10,10,373.9643631,3027.172696,0.469133109,40,613.2083333,1213.964363,16268,0.333360583,0.796540856,0.277497888
sub-20,93,2,60,80,28296,29496,29796,30,-50,50,385.9636525,2486.338653,0.378579348,43,60.375,1225.963653,29453,0.386571616,0.422424734,0.326741695
sub-20,94,2,60,20,26923,27223,28423,30,10,10,397.9629963,2593.04633,0.611131052,24,155.0833333,1237.962996,27199,0.570710897,0.635133803,0.627548456
sub-20,95,2,60,20,22148,22448,23648,30,10,10,409.9791566,2804.020823,0.754350642,77,354.0416667,1249.979157,22525,0.775133371,0.652248144,0.835670412
sub-20,96,2,60,60,9187,10087,10687,80,20,20,421.9790106,3331.062344,0.391915798,3,869.0833333,1261.979011,10084,0.355018765,0.264911145,0.555817485
sub-20,97,2,12,80,29300,29540,29600,70,-10,10,433.9783839,2532.520051,0.777512252,43,58.54166667,1273.978384,29583,0.835012972,0.689403892,0.808119893
sub-20,98,2,12,40,4600,4720,4900,70,30,30,445.9783365,3578.68667,0.743728856,146,1092.708333,1285.978337,4574,0.777784109,0.756530881,0.696871579
sub-20,99,2,12,20,27281,27341,27581,30,10,10,457.9775062,2648.144173,0.526739667,6,150.1666667,1297.977506,27335,0.663646698,0.481651872,0.43492043
sub-20,100,2,12,20,25018,25078,25318,70,50,50,469.977034,2754.435367,0.694239994,8,244.4583333,1309.977034,25086,0.614161015,0.903934419,0.564624548
sub-20,101,2,12,80,23924,24164,24224,70,-10,10,481.9770664,2804.518733,0.549024999,0,282.5416667,1321.977066,24164,0.842187762,0.403494179,0.401393056
sub-20,102,2,60,40,21153,21753,22653,70,30,30,493.9763897,2916.97639,0.483911614,103,383,1333.97639,21856,0.367980182,0.516567588,0.567187071
sub-20,103,2,60,20,25895,26195,27395,80,60,60,505.9760358,2743.892702,0.423054596,9,197.9166667,1345.976036,26204,0.452340961,0.406089157,0.41073367
sub-20,104,2,300,40,1960,4960,9460,43,3,3,517.9756296,3640.683963,0.503999035,42,1082.708333,1357.97563,4918,0.433283031,0.530604362,0.54810971
sub-20,105,2,300,60,14066,18566,21566,72,12,12,529.9751682,3085.766835,0.421460688,20,515.7916667,1369.975168,18586,0.427026987,0.550489068,0.286866009
sub-20,106,2,12,40,25018,25138,25318,62,22,22,541.9589666,2823.9173,0.429841896,52,241.9583333,1381.958967,25086,0.614161015,0.286262631,0.389102042
sub-20,107,2,300,20,21224,22724,28724,60,40,40,553.9742692,2936.515936,0.506919742,2,342.5416667,1393.974269,22722,0.495798409,0.480357289,0.544603527
sub-20,108,2,12,80,14329,14569,14629,40,-40,40,565.9737016,3288.307035,0.670945783,6,682.3333333,1405.973702,14563,0.840943217,0.651862442,0.520031691
sub-20,109,2,300,60,21224,25724,28724,40,-20,20,577.972763,2835.51443,0.48686858,55,217.5416667,1417.972763,25779,0.495798409,0.43142432,0.533383012
sub-20,110,2,300,40,13557,16557,21057,39,-1,1,589.9729183,3229.472918,0.421245933,19,599.5,1429.972918,16538,0.375888646,0.617102027,0.270747125
sub-20,111,2,60,40,10035,10635,11535,30,-10,10,601.9722834,3488.222283,0.48510023,41,846.25,1441.972283,10676,0.404203236,0.632850528,0.418246925
sub-20,112,2,300,60,16072,20572,23572,45,-15,15,613.9722115,3086.180545,0.599707007,7,432.2083333,1453.972212,20579,0.699183166,0.522151589,0.577786267
sub-20,113,2,300,20,19476,20976,26976,40,20,20,625.9716664,3081.346666,0.513232261,58,415.375,1465.971666,20918,0.618891299,0.418279558,0.502525926
sub-20,114,2,300,20,13458,14958,20958,22,2,2,637.9709142,3344.095914,0.527636826,10,666.125,1477.970914,14948,0.503550649,0.735695601,0.343664229
sub-20,115,2,60,20,16451,16751,17951,19,-1,1,649.9708077,3281.387474,0.541294883,18,591.4166667,1489.970808,16733,0.407732636,0.724357009,0.491795003
sub-20,116,2,60,40,26923,27523,28423,40,0,0,661.9702952,2844.553629,0.596408854,1,142.5833333,1501.970295,27524,0.570710897,0.456747562,0.761768103
sub-20,117,2,60,20,1414,1714,2914,65,45,45,673.9697113,3931.928045,0.828979512,45,1217.958333,1513.969711,1669,0.880903423,0.819167018,0.786868095
sub-20,118,2,300,80,19988,25988,27488,70,-10,10,685.9693243,2932.510991,0.414776425,1,206.5416667,1525.969324,25987,0.381335378,0.377626181,0.485367715
sub-20,119,2,300,20,16327,17827,23827,70,50,50,697.9685777,3284.551911,0.514019489,21,546.5833333,1537.968578,17806,0.765540838,0.39063096,0.385886669
sub-20,120,2,60,40,4556,5156,6056,70,30,30,709.9684451,3824.510112,0.507196426,8,1074.541667,1549.968445,5148,0.386306763,0.617104769,0.518177748
sub-20,121,3,12,20,17959,18019,18259,33,13,13,1.9756734,3420.559007,0.51661695,47,538.5833333,1681.975673,18066,0.444595844,0.554531097,0.55072391
sub-20,122,3,12,60,21800,21980,22100,46,-14,14,13.9754108,3267.517077,0.723965764,2,373.5416667,1693.975411,21978,0.736993313,0.71063894,0.724265039
sub-20,123,3,60,60,11369,12269,12869,30,-30,30,25.9749339,3684.141601,0.516770363,103,778.1666667,1705.974934,12372,0.533274829,0.423333883,0.593702376
sub-20,124,3,12,60,27281,27461,27581,70,10,10,37.9741266,3063.140793,0.479619553,25,145.1666667,1717.974127,27436,0.663646698,0.34283331,0.43237865
sub-20,125,3,60,80,4556,5756,6056,70,-10,10,49.9736871,3979.515354,0.54880482,27,1049.541667,1729.973687,5729,0.386306763,0.481833637,0.778274059
sub-20,126,3,12,60,14329,14509,14629,70,10,10,61.9730011,3626.806334,0.697990954,5,684.8333333,1741.973001,14514,0.840943217,0.674068928,0.578960717
sub-20,127,3,300,60,20069,24569,27569,50,-10,10,73.9727941,3219.639461,0.437215209,10,265.6666667,1753.972794,24579,0.377250761,0.376978368,0.557416499
sub-20,128,3,300,40,14066,17066,21566,28,-12,12,85.9727195,3544.264386,0.344607135,77,578.2916667,1765.97272,16989,0.427026987,0.365407616,0.241386801
sub-20,129,3,60,60,26923,27823,28423,50,-10,10,97.9717058,3108.055039,0.533475856,67,130.0833333,1777.971706,27756,0.570710897,0.54025805,0.489458621
sub-20,130,3,300,20,9381,10881,16881,46,26,26,109.9713572,3825.971357,0.510910342,25,836,1789.971357,10856,0.434503287,0.649891555,0.448336184
sub-20,131,3,60,40,1414,2014,2914,39,-1,1,121.9713157,4207.429649,0.6707172,14,1205.458333,1801.971316,2028,0.880903423,0.538607776,0.5926404
sub-20,132,3,12,60,2486,2666,2786,25,-35,35,133.9705633,4192.26223,0.783421795,58,1178.291667,1813.970563,2608,0.802486777,0.707484126,0.84029448
sub-20,133,3,60,80,21153,22353,22653,20,-60,60,145.9699664,3383.969966,0.478971044,152,358,1825.969966,22201,0.367980182,0.52699703,0.541935921
sub-20,134,3,60,80,3650,4850,5150,40,-40,40,157.9696407,4125.261307,0.569860439,68,1087.291667,1837.969641,4918,0.586262465,0.485696733,0.637622118
sub-20,135,3,12,20,11565,11625,11865,40,20,20,169.9695154,3854.969515,0.458951463,17,805,1849.969515,11608,0.391443521,0.614788413,0.370622456
sub-20,136,3,12,20,25820,25880,26120,70,50,50,181.9691684,3273.010835,0.628588279,11,211.0416667,1861.969168,25891,0.514377058,0.79674089,0.57464689
sub-20,137,3,60,40,17621,18221,19121,40,0,0,193.9686506,3604.135317,0.401363482,9,530.1666667,1873.968651,18212,0.321571469,0.32369706,0.558821917
sub-20,138,3,300,20,14351,15851,21851,60,40,40,205.968113,3714.88478,0.711405754,41,628.9166667,1885.968113,15892,0.724799395,0.719285727,0.690132141
sub-20,139,3,60,60,25202,26102,26702,80,20,20,217.9679235,3299.75959,0.469284336,2,201.7916667,1897.967924,26100,0.380949736,0.489343941,0.53755933
sub-20,140,3,60,60,16451,17351,17951,40,-20,20,229.967203,3676.38387,0.515537073,45,566.4166667,1909.967203,17396,0.407732636,0.52406621,0.614812374
sub-20,141,3,300,20,14066,15566,21566,60,40,40,241.9666185,3762.758285,0.560058008,0,640.7916667,1921.966619,15566,0.427026987,0.875541151,0.377605885
sub-20,142,3,12,40,26328,26448,26628,60,20,20,253.9663167,3321.341317,0.659053485,13,187.375,1933.966317,26461,0.570940733,0.511222482,0.894997239
sub-20,143,3,300,20,10273,11773,17773,43,23,23,265.9660539,3944.799387,0.671569288,3,798.8333333,1945.966054,11776,0.664448321,0.659815192,0.69044435
sub-20,144,3,60,60,15628,16528,17128,46,-14,14,277.9657183,3758.674052,0.378013372,10,600.7083333,1957.965718,16538,0.333360583,0.569687963,0.230991572
sub-20,145,3,300,20,2522,4022,10022,45,25,25,289.9652462,4291.756913,0.535507907,103,1121.791667,1969.965246,3919,0.40284428,0.566761553,0.636917889
sub-20,146,3,12,60,25018,25198,25318,41,-19,19,301.9646699,3421.423003,0.434581568,36,239.4583333,1981.96467,25234,0.614161015,0.293974459,0.39560923
sub-20,147,3,60,20,14390,14690,15890,65,45,45,313.964197,3871.255864,0.652103245,10,677.2916667,1993.964197,14700,0.853619874,0.504358649,0.598331213
sub-20,148,3,12,60,11565,11745,11865,70,10,10,325.9637,4005.9637,0.469659835,31,800,2005.9637,11776,0.391443521,0.720917881,0.296618104
sub-20,149,3,60,60,13942,14842,15442,47,-13,13,337.9634201,3888.921753,0.68069917,1,670.9583333,2017.96342,14843,0.617607713,0.727707624,0.696782172
sub-20,150,3,300,60,10518,15018,18018,60,0,0,349.9628867,3893.587887,0.538457811,1,663.625,2029.962887,15019,0.480903864,0.668780506,0.465689063
sub-20,151,3,12,80,26328,26568,26628,50,-30,30,361.9622856,3424.337286,0.682078063,68,182.375,2041.962286,26500,0.570940733,0.554679751,0.920613706
sub-20,152,3,60,80,25202,26402,26702,40,-40,40,373.9619647,3443.253631,0.514002681,6,189.2916667,2053.961965,26408,0.380949736,0.542046428,0.619011879
sub-20,153,3,300,40,13458,16458,20958,60,20,20,385.9616708,3869.586671,0.587588569,80,603.625,2065.961671,16538,0.503550649,0.716322362,0.542892694
sub-20,154,3,60,60,10035,10935,11535,70,10,10,397.961021,4111.711021,0.556123992,10,833.75,2077.961021,10925,0.404203236,0.668247223,0.595921516
sub-20,155,3,60,20,3650,3950,5150,20,0,0,409.9605152,4414.752182,0.612051845,31,1124.791667,2089.960515,3919,0.586262465,0.7236588,0.526234269
sub-20,156,3,300,40,10518,13518,18018,60,20,20,421.9601369,4028.085137,0.473818123,113,726.125,2101.960137,13631,0.480903864,0.551914155,0.388636351
sub-20,157,3,60,60,17621,18521,19121,60,0,0,433.976142,3831.642809,0.464502672,38,517.6666667,2113.976142,18483,0.321571469,0.702765763,0.369170785
sub-20,158,3,12,20,21273,21333,21573,70,50,50,445.9758125,3726.475813,0.75228552,0,400.5,2125.975813,21333,0.636497259,0.971750498,0.648608804
sub-20,159,3,12,20,4600,4660,4900,60,40,40,457.9753701,4433.183703,0.807660639,86,1095.208333,2137.97537,4574,0.777784109,0.890741885,0.754455924
sub-20,160,3,60,60,14390,15290,15890,60,0,0,469.9750498,4002.266716,0.646042486,1,652.2916667,2149.97505,15291,0.853619874,0.5200454,0.564462185
sub-20,161,3,12,20,16152,16212,16452,70,50,50,481.9747028,3975.849703,0.670652241,56,613.875,2161.974703,16268,0.528136969,0.987549484,0.496270269
sub-20,162,3,12,20,12500,12560,12800,40,20,20,493.9741119,4140.015779,0.644854168,30,766.0416667,2173.974112,12530,0.630747199,0.695603549,0.608211756
sub-20,163,3,300,20,10518,12018,18018,30,10,10,505.9736931,4174.598693,0.523449163,66,788.625,2185.973693,11952,0.480903864,0.692685187,0.396758437
sub-20,164,3,300,80,9381,15381,16881,30,-50,50,517.9732133,4046.473213,0.462941974,27,648.5,2197.973213,15408,0.434503287,0.516384661,0.437937975
sub-20,165,3,300,40,9381,12381,16881,30,-10,10,529.9727639,4183.472764,0.459073414,9,773.5,2209.972764,12372,0.434503287,0.471244156,0.4714728
sub-20,166,3,12,80,15162,15402,15462,50,-30,30,541.9722128,4069.597213,0.809432745,6,647.625,2221.972213,15408,0.925493777,0.761621892,0.741182566
sub-20,167,3,12,60,15162,15342,15462,60,0,0,553.9716348,4084.096635,0.792497814,1,650.125,2233.971635,15341,0.925493777,0.732884884,0.71911478
sub-20,168,3,12,80,3739,3979,4039,50,-30,30,565.9709851,4569.554318,0.605181605,60,1123.583333,2245.970985,3919,0.471912891,0.445872188,0.897759736
sub-20,169,3,300,20,11085,12585,18585,40,20,20,577.9711502,4222.97115,0.483780523,55,765,2257.97115,12530,0.403320372,0.589437604,0.458583593
sub-20,170,3,60,40,16451,17051,17951,30,-10,10,589.9705341,4048.887201,0.457817475,62,578.9166667,2269.970534,16989,0.407732636,0.381435901,0.584283888
sub-20,171,3,60,20,13942,14242,15442,40,20,20,601.9698237,4177.928157,0.736333648,21,695.9583333,2281.969824,14221,0.617607713,0.858845234,0.732547998
sub-20,172,3,12,80,21273,21513,21573,40,-40,40,613.9691006,3886.969101,0.761513889,55,393,2293.969101,21458,0.636497259,0.659675717,0.98836869
sub-20,173,3,300,40,12645,15645,20145,60,20,20,625.9691404,4143.46914,0.483331859,79,637.5,2305.96914,15566,0.332550645,0.809746027,0.307698905
sub-20,174,3,60,80,1414,2614,2914,57,-23,23,637.9684601,4698.426793,0.893087606,6,1180.458333,2317.96846,2608,0.880903423,0.898732543,0.899626851
sub-20,175,3,12,60,16152,16332,16452,40,-20,20,649.9684224,4138.843422,0.614817361,6,608.875,2329.968422,16338,0.528136969,0.636289001,0.680026114
sub-20,176,3,300,80,13557,19557,21057,40,-40,40,661.9675501,4016.46755,0.40807276,5,474.5,2341.96755,19562,0.375888646,0.455977142,0.392352492
sub-20,177,3,60,80,19722,20922,21222,60,-20,20,673.9670114,3971.592011,0.439013958,4,417.625,2353.967011,20918,0.266462356,0.252884895,0.797694623
sub-20,178,3,12,20,3739,3799,4039,49,29,29,685.9667849,4697.050118,0.601261348,13,1131.083333,2365.966785,3812,0.471912891,0.75404346,0.577827692
sub-20,179,3,60,60,3650,4550,5150,36,-24,24,697.9664815,4677.758148,0.541496128,24,1099.791667,2377.966482,4574,0.586262465,0.423998445,0.614227474
sub-20,180,3,300,80,16327,22327,23827,34,-46,46,709.9657163,3949.04905,0.80520918,126,359.0833333,2389.965716,22201,0.765540838,0.827244103,0.822842598
sub-20,181,4,300,20,1960,3460,9460,60,40,40,1.9728259,4867.181159,0.416565597,5,1145.208333,2521.972826,3465,0.433283031,0.312170625,0.504243135
sub-20,182,4,300,80,10518,16518,18018,49,-31,31,13.9725929,4335.097593,0.583597581,20,601.125,2533.972593,16538,0.480903864,0.651504278,0.6183846
sub-20,183,4,12,40,21273,21393,21573,45,5,5,25.9721834,4143.972183,0.748584628,60,398,2545.972183,21333,0.636497259,0.976724505,0.63253212
sub-20,184,4,300,60,1960,6460,9460,50,-10,10,37.9715522,4778.179886,0.451823841,48,1020.208333,2557.971552,6412,0.433283031,0.458800852,0.463387638
sub-20,185,4,300,40,10273,13273,17773,39,-1,1,49.9714144,4506.304748,0.584628761,175,736.3333333,2569.971414,13098,0.664448321,0.636629224,0.452808738
sub-20,186,4,300,20,19988,21488,27488,60,40,40,61.9708162,4176.012483,0.378337264,30,394.0416667,2581.970816,21458,0.381335378,0.459869921,0.293806493
sub-20,187,4,12,20,1602,1662,1902,43,23,23,73.9545763,5014.079576,0.562841068,7,1220.125,2593.954576,1669,0.398957372,0.83936286,0.450202972
sub-20,188,4,12,40,1602,1722,1902,60,20,20,85.9699777,5023.594978,0.569713354,38,1217.625,2605.969978,1760,0.398957372,0.813810945,0.496371746
sub-20,189,4,12,80,27281,27521,27581,40,-40,40,97.9539652,3960.620632,0.484808634,3,142.6666667,2617.953965,27524,0.663646698,0.356698692,0.434080511
sub-20,190,4,60,80,17621,18821,19121,30,-50,50,109.9689298,4335.135596,0.398854067,51,505.1666667,2629.96893,18770,0.321571469,0.287838012,0.587152719
sub-20,191,4,12,40,12500,12620,12800,40,0,0,121.9684365,4605.510103,0.699443301,90,763.5416667,2641.968437,12530,0.630747199,0.705582559,0.762000144
sub-20,192,4,60,40,11369,11969,12869,30,-10,10,133.9678612,4644.634528,0.598558346,17,790.6666667,2653.967861,11952,0.533274829,0.519994318,0.742405891
sub-20,193,4,300,40,21224,24224,28724,30,-10,10,145.9676401,4146.009307,0.461755127,24,280.0416667,2665.96764,24200,0.495798409,0.400327176,0.489139795
sub-20,194,4,300,80,22736,28736,30236,40,-40,40,157.9672192,3970.008886,0.429048399,12,92.04166667,2677.967219,28748,0.368221045,0.566889405,0.352034748
sub-20,195,4,60,20,17621,17921,19121,40,20,20,169.9666576,4432.633324,0.504270792,40,542.6666667,2689.966658,17961,0.321571469,0.687747836,0.503493071
sub-20,196,4,12,20,26328,26388,26628,30,10,10,181.9661503,4091.84115,0.705589493,20,189.875,2701.96615,26408,0.570940733,0.925866604,0.619961143
sub-20,197,4,60,80,22148,23348,23648,30,-50,50,193.9660207,4230.507687,0.722102066,34,316.5416667,2713.966021,23314,0.775133371,0.607972264,0.783200562
sub-20,198,4,12,40,13450,13570,13750,30,-10,10,205.9654031,4649.923736,0.849632084,61,723.9583333,2725.965403,13631,0.881083906,0.8463763,0.821436048
sub-20,199,4,300,80,18922,24922,26422,40,-40,40,217.964995,4188.923328,0.55417345,88,250.9583333,2737.964995,24834,0.454499304,0.483178377,0.724842668
sub-20,200,4,12,20,15586,15646,15886,30,10,10,229.9642821,4587.422615,0.922746738,80,637.4583333,2749.964282,15566,0.893184006,0.971495926,0.903560281
sub-20,201,4,12,60,21273,21453,21573,40,-20,20,241.9636159,4357.463616,0.709812641,5,395.5,2761.963616,21458,0.636497259,0.935319662,0.557621002
sub-20,202,4,60,80,10035,11235,11535,40,-40,40,253.9634239,4795.213424,0.52952219,59,821.25,2773.963424,11176,0.404203236,0.707623601,0.476739734
sub-20,203,4,300,60,22736,27236,30236,30,-30,30,265.962915,4140.504582,0.371524195,35,154.5416667,2785.962915,27271,0.368221045,0.459550083,0.286801457
sub-20,204,4,300,80,19476,25476,26976,40,-40,40,277.9623914,4225.837391,0.696930011,73,227.875,2797.962391,25549,0.618891299,0.667782605,0.80411613
sub-20,205,4,60,60,4556,5456,6056,40,-20,20,289.9619762,5072.003643,0.530113876,122,1062.041667,2809.961976,5334,0.386306763,0.687324226,0.516710639
sub-20,206,4,12,40,11565,11685,11865,30,-10,10,301.9615677,4824.461568,0.530226717,12,802.5,2821.961568,11697,0.391443521,0.415040255,0.784196377
sub-20,207,4,300,80,2522,8522,10022,30,-50,50,313.9615181,4968.253185,0.572465211,1,934.2916667,2833.961518,8523,0.40284428,0.546290815,0.768260539
sub-20,208,4,60,20,4556,4856,6056,40,20,20,325.9609389,5133.002606,0.5157758,62,1087.041667,2845.960939,4918,0.386306763,0.83152318,0.329497457
sub-20,209,4,12,60,3739,3919,4039,40,-20,20,337.9605066,5184.04384,0.611491134,0,1126.083333,2857.960507,3919,0.471912891,0.509016752,0.853543758
sub-20,210,4,300,80,18200,24200,25700,40,-40,40,349.9602113,4351.001878,0.666384419,0,281.0416667,2869.960211,24200,0.791362107,0.576158345,0.631632805
sub-20,211,4,12,40,14329,14449,14629,40,0,0,361.9597458,4769.293079,0.659595033,37,687.3333333,2881.959746,14486,0.840943217,0.633674383,0.504167497
sub-20,212,4,60,20,15628,15928,17128,30,10,10,373.9591325,4719.667466,0.468310128,36,625.7083333,2893.959133,15892,0.333360583,0.670246482,0.401323318
sub-20,213,4,300,20,13557,15057,21057,40,20,20,385.9587155,4767.958716,0.468338192,20,662,2905.958716,15077,0.375888646,0.523104906,0.506021023
sub-20,214,4,300,60,19476,23976,26976,40,-20,20,397.9748826,4408.349883,0.474200209,7,290.375,2917.974883,23983,0.618891299,0.414272666,0.389436662
sub-20,215,4,300,40,2522,5522,10022,26,-14,14,409.9744632,5189.26613,0.524214218,111,1059.291667,2929.974463,5633,0.40284428,0.631453753,0.538344622
sub-20,216,4,12,80,13450,13690,13750,39,-41,41,421.9740965,4860.93243,0.875032147,59,718.9583333,2941.974097,13631,0.881083906,0.851312518,0.892700016
sub-20,217,4,12,80,25820,26060,26120,37,-43,43,433.9735669,4357.515234,0.612323423,15,203.5416667,2953.973567,26045,0.514377058,0.79671216,0.525881052
sub-20,218,4,12,40,23924,24044,24224,40,0,0,445.9731148,4453.514781,0.791443547,2,287.5416667,2965.973115,24046,0.842187762,0.738648653,0.793494225
sub-20,219,4,300,20,12645,14145,20145,36,16,16,457.9723857,4877.972386,0.466534972,22,700,2977.972386,14167,0.332550645,0.680825114,0.386229157
sub-20,220,4,12,80,1602,1842,1902,40,-40,40,469.972077,5402.597077,0.494504452,17,1212.625,2989.972077,1859,0.398957372,0.416479409,0.668076575
sub-20,221,4,60,80,14390,15590,15890,38,-42,42,481.9717849,4841.763452,0.87358437,24,639.7916667,3001.971785,15566,0.853619874,0.872111917,0.895021319
sub-20,222,4,12,80,12500,12740,12800,80,0,0,493.9714426,4972.513109,0.690956732,41,758.5416667,3013.971443,12781,0.630747199,0.693621397,0.748501599
sub-20,223,4,300,60,12645,17145,20145,53,-7,7,505.9708318,4800.970832,0.306706463,112,575,3025.970832,17257,0.332550645,0.347516209,0.240052536
sub-20,224,4,300,60,18922,23422,26422,55,-5,5,517.9696983,4551.428032,0.562183181,108,313.4583333,3037.969698,23314,0.454499304,0.605599403,0.626450837
sub-20,225,4,60,40,9187,9787,10687,60,20,20,529.9701031,5131.553436,0.426671376,92,881.5833333,3049.970103,9879,0.355018765,0.344421983,0.58057338
sub-20,226,4,300,40,16327,19327,23827,57,17,17,541.9694791,4746.052812,0.608967781,3,484.0833333,3061.969479,19330,0.765540838,0.512890935,0.54847157
sub-20,227,4,12,20,29300,29360,29600,57,37,37,553.9689061,4340.010573,0.882695615,3,66.04166667,3073.968906,29357,0.835012972,0.851993442,0.961080432
sub-20,228,4,300,60,13557,18057,21057,60,0,0,565.9686118,4822.968612,0.403727372,9,537,3085.968612,18066,0.375888646,0.479011238,0.356282234
sub-20,229,4,300,80,11085,17085,18585,80,0,0,577.9679723,4875.467972,0.411512583,96,577.5,3097.967972,16989,0.403320372,0.387581944,0.443635434
sub-20,230,4,12,60,25820,26000,26120,40,-20,20,589.9675398,4516.009206,0.513285508,13,206.0416667,3109.96754,25987,0.514377058,0.487244695,0.53823477
sub-20,231,4,300,80,14066,20066,21566,60,-20,20,601.9672513,4775.258918,0.372727503,9,453.2916667,3121.967251,20075,0.427026987,0.356378973,0.334776551
sub-20,232,4,12,40,16152,16272,16452,40,0,0,613.9667079,4945.341708,0.584240357,4,611.375,3133.966708,16268,0.528136969,0.565639615,0.658944488
sub-20,233,4,60,20,13176,13476,14676,44,24,24,625.9661758,5073.841176,0.627957404,155,727.875,3145.966176,13631,0.457795978,0.929294884,0.496781349
sub-20,234,4,60,40,19722,20322,21222,47,7,7,637.9659566,4800.590957,0.371791154,90,442.625,3157.965957,20412,0.266462356,0.429634243,0.419276863
sub-20,235,4,300,40,18922,21922,26422,60,20,20,649.9650898,4745.923423,0.563334286,33,375.9583333,3169.96509,21955,0.454499304,0.557501614,0.67800194
sub-20,236,4,12,40,17959,18079,18259,42,2,2,661.9648884,4918.048222,0.529117078,13,536.0833333,3181.964888,18066,0.444595844,0.393297553,0.749457836
sub-20,237,4,12,60,4600,4780,4900,70,10,10,673.9645825,5484.172916,0.778728823,138,1090.208333,3193.964583,4918,0.777784109,0.792999804,0.765402555
sub-20,238,4,300,20,18200,19700,25700,60,40,40,685.9639188,4874.505585,0.59972165,14,468.5416667,3205.963919,19714,0.791362107,0.581895411,0.425907433
sub-20,239,4,60,40,12596,13196,14096,40,0,0,697.9635957,5157.505262,0.687155823,98,739.5416667,3217.963596,13098,0.68969357,0.741181314,0.630592585
sub-20,240,4,300,60,18200,22700,25700,40,-20,20,709.9632803,4773.504947,0.594278524,22,343.5416667,3229.96328,22722,0.791362107,0.5266366,0.464836866
sub-21,1,1,300,20,18922,20422,26422,41,21,21,1.9784649,1640.436798,0.554572781,10,438.4583333,1.9784649,20412,0.454499304,0.502740145,0.706478894
sub-21,2,1,60,60,22148,23048,23648,29,-31,31,13.9780151,1543.019682,0.64348652,2,329.0416667,13.9780151,23050,0.775133371,0.57852304,0.576803148
sub-21,3,1,60,80,17621,18821,19121,96,16,16,25.9774107,1731.144077,0.398854067,51,505.1666667,25.9774107,18770,0.321571469,0.287838012,0.587152719
sub-21,4,1,60,40,28296,28896,29796,9,-31,31,37.9766087,1323.351609,0.448978245,24,85.375,37.9766087,28920,0.386571616,0.636950135,0.323412985
sub-21,5,1,12,40,16152,16272,16452,0,-40,40,49.9765655,1861.351566,0.584240357,4,611.375,49.9765655,16268,0.528136969,0.565639615,0.658944488
sub-21,6,1,60,60,25895,26795,27395,53,-7,7,61.9760776,1434.892744,0.424598813,2,172.9166667,61.9760776,26797,0.452340961,0.406857729,0.41459775
sub-21,7,1,300,40,1960,4960,9460,21,-19,19,73.9757431,2356.684076,0.503999035,42,1082.708333,73.9757431,4918,0.433283031,0.530604362,0.54810971
sub-21,8,1,12,80,1602,1842,1902,100,20,20,85.9593717,2498.584372,0.494504452,17,1212.625,85.9593717,1859,0.398957372,0.416479409,0.668076575
sub-21,9,1,12,80,29300,29540,29600,20,-60,60,97.9744973,1356.516164,0.777512252,43,58.54166667,97.9744973,29583,0.835012972,0.689403892,0.808119893
sub-21,10,1,12,60,15162,15342,15462,80,20,20,109.9739729,1960.098973,0.792497814,1,650.125,109.9739729,15341,0.925493777,0.732884884,0.71911478
sub-21,11,1,12,80,13450,13690,13750,96,16,16,121.9581699,2040.916503,0.875032147,59,718.9583333,121.9581699,13631,0.881083906,0.851312518,0.892700016
sub-21,12,1,12,60,11565,11745,11865,39,-21,21,133.9735023,2133.973502,0.469659835,31,800,133.9735023,11776,0.391443521,0.720917881,0.296618104
sub-21,13,1,12,40,17959,18079,18259,60,20,20,145.9730384,1882.056372,0.529117078,13,536.0833333,145.9730384,18066,0.444595844,0.393297553,0.749457836
sub-21,14,1,60,60,26923,27823,28423,93,33,33,157.9723849,1488.055718,0.533475856,67,130.0833333,157.9723849,27756,0.570710897,0.54025805,0.489458621
sub-21,15,1,300,40,13458,16458,20958,40,0,0,169.9717804,1973.59678,0.587588569,80,603.625,169.9717804,16538,0.503550649,0.716322362,0.542892694
sub-21,16,1,60,60,13942,14842,15442,20,-40,40,181.9711,2052.929433,0.68069917,1,670.9583333,181.9711,14843,0.617607713,0.727707624,0.696782172
sub-21,17,1,12,40,15586,15706,15886,50,10,10,193.970591,2028.928924,0.918003182,140,634.9583333,193.970591,15566,0.893184006,0.946782351,0.914043188
sub-21,18,1,12,60,27281,27461,27581,51,-9,9,205.9704003,1551.137067,0.479619553,25,145.1666667,205.9704003,27436,0.663646698,0.34283331,0.43237865
sub-21,19,1,60,20,21153,21453,22653,32,12,12,217.9703014,1813.470301,0.449790001,5,395.5,217.9703014,21458,0.367980182,0.50407207,0.47731775
sub-21,20,1,12,20,13450,13510,13750,65,45,45,229.9698965,2156.42823,0.75796785,121,726.4583333,229.9698965,13631,0.881083906,0.69478333,0.698036313
sub-21,21,1,12,40,26328,26448,26628,80,40,40,241.9693362,1629.344336,0.659053485,13,187.375,241.9693362,26461,0.570940733,0.511222482,0.894997239
sub-21,22,1,12,40,27281,27401,27581,12,-28,28,253.9687484,1601.635415,0.509411087,35,147.6666667,253.9687484,27436,0.663646698,0.441977859,0.422608703
sub-21,23,1,12,60,23924,24104,24224,31,-29,29,265.9680489,1751.009716,0.661446333,58,285.0416667,265.9680489,24046,0.842187762,0.562097549,0.580053687
sub-21,24,1,12,20,3739,3799,4039,50,30,30,277.9681443,2609.051478,0.601261348,13,1131.083333,277.9681443,3812,0.471912891,0.75404346,0.577827692
sub-21,25,1,300,40,16072,19072,23572,61,21,21,289.9675753,1984.675909,0.601840854,51,494.7083333,289.9675753,19021,0.699183166,0.517898381,0.588441014
sub-21,26,1,300,20,13557,15057,21057,80,60,60,301.9671173,2163.967117,0.468338192,20,662,301.9671173,15077,0.375888646,0.523104906,0.506021023
sub-21,27,1,12,80,15586,15826,15886,50,-30,30,313.9667008,2143.925034,0.912498534,66,629.9583333,313.9667008,15892,0.893184006,0.895874202,0.948437393
sub-21,28,1,300,20,19988,21488,27488,30,10,10,325.9662307,1920.007897,0.378337264,30,394.0416667,325.9662307,21458,0.381335378,0.459869921,0.293806493
sub-21,29,1,60,80,11369,12569,12869,70,-10,10,337.9655218,2303.632188,0.634420226,39,765.6666667,337.9655218,12530,0.533274829,0.499322087,0.870663762
sub-21,30,1,12,20,12500,12560,12800,39,19,19,349.9653337,2316.007,0.644854168,30,766.0416667,349.9653337,12530,0.630747199,0.695603549,0.608211756
sub-21,31,1,300,60,13557,18057,21057,50,-10,10,361.9645755,2098.964576,0.403727372,9,537,361.9645755,18066,0.375888646,0.479011238,0.356282234
sub-21,32,1,60,40,12596,13196,14096,78,38,38,373.9643394,2313.506006,0.687155823,98,739.5416667,373.9643394,13098,0.68969357,0.741181314,0.630592585
sub-21,33,1,12,80,17959,18199,18259,59,-21,21,385.9639696,2117.047303,0.52568237,13,531.0833333,385.9639696,18212,0.444595844,0.397394627,0.735056639
sub-21,34,1,300,80,19988,25988,27488,70,-10,10,397.9635429,1804.50521,0.414776425,1,206.5416667,397.9635429,25987,0.381335378,0.377626181,0.485367715
sub-21,35,1,12,60,25018,25198,25318,50,-10,10,409.9630525,1849.421386,0.434581568,36,239.4583333,409.9630525,25234,0.614161015,0.293974459,0.39560923
sub-21,36,1,60,40,14390,14990,15890,60,20,20,421.9790347,2286.770701,0.812392155,29,664.7916667,421.9790347,15019,0.853619874,0.803780138,0.779776454
sub-21,37,1,12,80,21800,22040,22100,100,20,20,433.9785053,2005.020172,0.817930579,40,371.0416667,433.9785053,22000,0.736993313,0.733162522,0.983635902
sub-21,38,1,60,40,19722,20322,21222,95,55,55,445.9784869,2088.603487,0.371791154,90,442.625,445.9784869,20412,0.266462356,0.429634243,0.419276863
sub-21,39,1,60,60,15628,16528,17128,80,20,20,457.9780091,2258.686342,0.378013372,10,600.7083333,457.9780091,16538,0.333360583,0.569687963,0.230991572
sub-21,40,1,12,20,16152,16212,16452,5,-15,15,469.9774716,2283.852472,0.670652241,56,613.875,469.9774716,16268,0.528136969,0.987549484,0.496270269
sub-21,41,1,12,40,25820,25940,26120,0,-40,40,481.976821,1890.518488,0.538838178,4,208.5416667,481.976821,25944,0.514377058,0.630758941,0.471378535
sub-21,42,1,12,20,14329,14389,14629,1,-19,19,493.9766252,2383.809959,0.673224032,0,689.8333333,493.9766252,14389,0.840943217,0.659988642,0.518740237
sub-21,43,1,300,60,2522,7022,10022,50,-10,10,505.9761582,2702.767825,0.520361811,4,996.7916667,505.9761582,7018,0.40284428,0.508628964,0.649612188
sub-21,44,1,300,60,22736,27236,30236,30,-30,30,517.9596028,1872.501269,0.371524195,35,154.5416667,517.9596028,27271,0.368221045,0.459550083,0.286801457
sub-21,45,1,60,60,13176,14076,14676,98,38,38,529.975125,2432.850125,0.560014963,14,702.875,529.975125,14090,0.457795978,0.721336246,0.500912666
sub-21,46,1,12,60,3739,3919,4039,50,-10,10,541.9594194,2868.042753,0.611491134,0,1126.083333,541.9594194,3919,0.471912891,0.509016752,0.853543758
sub-21,47,1,12,60,16152,16332,16452,50,-10,10,553.9744905,2362.849491,0.614817361,6,608.875,553.9744905,16338,0.528136969,0.636289001,0.680026114
sub-21,48,1,60,20,17621,17921,19121,10,-10,10,565.9739106,2308.640577,0.504270792,40,542.6666667,565.9739106,17961,0.321571469,0.687747836,0.503493071
sub-21,49,1,12,20,4600,4660,4900,2,-18,18,577.9736262,2873.18196,0.807660639,86,1095.208333,577.9736262,4574,0.777784109,0.890741885,0.754455924
sub-21,50,1,60,20,4556,4856,6056,4,-16,16,589.973023,2877.01469,0.5157758,62,1087.041667,589.973023,4918,0.386306763,0.83152318,0.329497457
sub-21,51,1,12,20,17959,18019,18259,11,-9,9,601.9721327,2340.555466,0.51661695,47,538.5833333,601.9721327,18066,0.444595844,0.554531097,0.55072391
sub-21,52,1,12,40,14329,14449,14629,50,10,10,613.971963,2501.305296,0.659595033,37,687.3333333,613.971963,14486,0.840943217,0.633674383,0.504167497
sub-21,53,1,300,20,13458,14958,20958,30,10,10,625.971832,2492.096832,0.527636826,10,666.125,625.971832,14948,0.503550649,0.735695601,0.343664229
sub-21,54,1,60,80,28296,29496,29796,50,-30,30,637.9709122,1898.345912,0.378579348,43,60.375,637.9709122,29453,0.386571616,0.422424734,0.326741695
sub-21,55,1,60,20,28296,28596,29796,7,-13,13,649.9709642,1947.845964,0.49337545,50,97.875,649.9709642,28646,0.386571616,0.598008156,0.495546579
sub-21,56,1,12,80,3739,3979,4039,50,-30,30,661.969634,2985.552967,0.605181605,60,1123.583333,661.969634,3919,0.471912891,0.445872188,0.897759736
sub-21,57,1,300,80,10518,16518,18018,40,-40,40,673.9697291,2475.094729,0.583597581,20,601.125,673.9697291,16538,0.480903864,0.651504278,0.6183846
sub-21,58,1,12,60,29300,29480,29600,90,30,30,685.9695785,1947.011245,0.738899032,27,61.04166667,685.9695785,29453,0.835012972,0.636288166,0.745395958
sub-21,59,1,300,20,20069,21569,27569,40,20,20,697.9689949,2288.635662,0.45564116,55,390.6666667,697.9689949,21624,0.377250761,0.34495461,0.644718111
sub-21,60,1,300,60,10518,15018,18018,10,-50,50,709.9683894,2573.593389,0.538457811,1,663.625,709.9683894,15019,0.480903864,0.668780506,0.465689063
sub-21,61,2,60,80,21153,22353,22653,40,-40,40,1.9724845,2399.972485,0.478971044,152,358,841.9724845,22201,0.367980182,0.52699703,0.541935921
sub-21,62,2,60,60,21153,22053,22653,20,-40,40,13.9723982,2424.472398,0.501651009,49,370.5,853.9723982,22102,0.367980182,0.683279634,0.453693211
sub-21,63,2,60,40,26923,27523,28423,60,20,20,25.9720799,2208.555413,0.596408854,1,142.5833333,865.9720799,27524,0.570710897,0.456747562,0.761768103
sub-21,64,2,300,60,10273,14773,17773,21,-39,39,37.9715725,2751.804906,0.538562953,6,673.8333333,877.9715725,14779,0.664448321,0.543266654,0.407973886
sub-21,65,2,300,80,2522,8522,10022,41,-39,39,49.9707796,3024.262446,0.572465211,1,934.2916667,889.9707796,8523,0.40284428,0.546290815,0.768260539
sub-21,66,2,300,80,1960,7960,9460,70,-10,10,61.9707515,3059.679085,0.374507785,21,957.7083333,901.9707515,7981,0.433283031,0.393522233,0.296718091
sub-21,67,2,60,40,22148,22748,23648,80,40,40,73.9699199,2455.511587,0.754774034,26,341.5416667,913.9699199,22722,0.775133371,0.723107696,0.766081035
sub-21,68,2,300,60,12645,17145,20145,10,-50,50,85.9699048,2700.969905,0.306706463,112,575,925.9699048,17257,0.332550645,0.347516209,0.240052536
sub-21,69,2,60,60,17621,18521,19121,60,0,0,97.9690379,2655.635705,0.464502672,38,517.6666667,937.9690379,18483,0.321571469,0.702765763,0.369170785
sub-21,70,2,12,20,29300,29360,29600,50,30,30,109.9689778,2216.010644,0.882695615,3,66.04166667,949.9689778,29357,0.835012972,0.851993442,0.961080432
sub-21,71,2,300,80,22736,28736,30236,36,-44,44,121.9685738,2254.01024,0.429048399,12,92.04166667,961.9685738,28748,0.368221045,0.566889405,0.352034748
sub-21,72,2,60,20,15628,15928,17128,40,20,20,133.9681102,2799.676444,0.468310128,36,625.7083333,973.9681102,15892,0.333360583,0.670246482,0.401323318
sub-21,73,2,60,40,21153,21753,22653,30,-10,10,145.967618,2568.967618,0.483911614,103,383,985.967618,21856,0.367980182,0.516567588,0.567187071
sub-21,74,2,12,20,11565,11625,11865,60,40,40,157.9670559,3002.967056,0.458951463,17,805,997.9670559,11608,0.391443521,0.614788413,0.370622456
sub-21,75,2,12,80,2486,2726,2786,50,-30,30,169.966493,3385.75816,0.773491303,41,1175.791667,1009.966493,2767,0.802486777,0.691649318,0.826337814
sub-21,76,2,60,40,16451,17051,17951,10,-30,30,181.9658087,2800.882475,0.457817475,62,578.9166667,1021.965809,16989,0.407732636,0.381435901,0.584283888
sub-21,77,2,12,40,23924,24044,24224,40,0,0,193.9658703,2521.507537,0.791443547,2,287.5416667,1033.96587,24046,0.842187762,0.738648653,0.793494225
sub-21,78,2,300,60,11085,15585,18585,49,-11,11,205.965163,2885.965163,0.512025793,19,640,1045.965163,15566,0.403320372,0.5605762,0.572180808
sub-21,79,2,300,20,16072,17572,23572,48,28,28,217.9648171,2815.17315,0.445263386,54,557.2083333,1057.964817,17518,0.699183166,0.346642971,0.28996402
sub-21,80,2,60,40,13942,14542,15442,48,8,8,229.9645318,2953.422865,0.675926189,21,683.4583333,1069.964532,14563,0.617607713,0.683953524,0.72621733
sub-21,81,2,60,20,16451,16751,17951,33,13,13,241.9639266,2873.380593,0.541294883,18,591.4166667,1081.963927,16733,0.407732636,0.724357009,0.491795003
sub-21,82,2,60,80,13942,15142,15442,94,14,14,253.9635146,2952.421848,0.745977561,65,658.4583333,1093.963515,15077,0.617607713,0.667556286,0.952768683
sub-21,83,2,300,40,16327,19327,23827,57,17,17,265.9629513,2790.046285,0.608967781,3,484.0833333,1105.962951,19330,0.765540838,0.512890935,0.54847157
sub-21,84,2,300,20,18200,19700,25700,59,39,39,277.9622161,2786.503883,0.59972165,14,468.5416667,1117.962216,19714,0.791362107,0.581895411,0.425907433
sub-21,85,2,60,20,22148,22448,23648,70,50,50,289.9621878,2684.003854,0.754350642,77,354.0416667,1129.962188,22525,0.775133371,0.652248144,0.835670412
sub-21,86,2,12,60,2486,2666,2786,52,-8,8,301.961869,3520.253536,0.783421795,58,1178.291667,1141.961869,2608,0.802486777,0.707484126,0.84029448
sub-21,87,2,300,40,10518,13518,18018,30,-10,10,313.9610227,3080.086023,0.473818123,113,726.125,1153.961023,13631,0.480903864,0.551914155,0.388636351
sub-21,88,2,300,20,14066,15566,21566,30,10,10,325.9601089,3006.751776,0.560058008,0,640.7916667,1165.960109,15566,0.427026987,0.875541151,0.377605885
sub-21,89,2,60,20,11369,11669,12869,50,30,30,337.9605123,3181.127179,0.59856234,26,803.1666667,1177.960512,11643,0.533274829,0.825657547,0.436754644
sub-21,90,2,60,80,13176,14376,14676,60,-20,20,349.9594917,3080.334492,0.621318579,13,690.375,1189.959492,14389,0.457795978,0.679272175,0.726887584
sub-21,91,2,60,60,4556,5456,6056,90,30,30,361.9590967,3464.000763,0.530113876,122,1062.041667,1201.959097,5334,0.386306763,0.687324226,0.516710639
sub-21,92,2,12,80,15162,15402,15462,53,-27,27,373.9586369,3061.583637,0.809432745,6,647.625,1213.958637,15408,0.925493777,0.761621892,0.741182566
sub-21,93,2,60,40,3650,4250,5150,40,0,0,385.9582964,3538.249963,0.465809743,48,1112.291667,1225.958296,4298,0.586262465,0.404017031,0.407149732
sub-21,94,2,300,40,14351,17351,21851,50,10,10,397.9744285,3004.391095,0.538737476,45,566.4166667,1237.974429,17396,0.724799395,0.48977527,0.401637763
sub-21,95,2,60,20,13942,14242,15442,29,9,9,409.9743714,3145.932705,0.736333648,21,695.9583333,1249.974371,14221,0.617607713,0.858845234,0.732547998
sub-21,96,2,60,60,11369,12269,12869,28,-32,32,421.9735103,3240.140177,0.516770363,103,778.1666667,1261.97351,12372,0.533274829,0.423333883,0.593702376
sub-21,97,2,60,80,22148,23348,23648,60,-20,20,433.9732226,2790.514889,0.722102066,34,316.5416667,1273.973223,23314,0.775133371,0.607972264,0.783200562
sub-21,98,2,12,40,13450,13570,13750,70,30,30,445.9731521,3209.931485,0.849632084,61,723.9583333,1285.973152,13631,0.881083906,0.8463763,0.821436048
sub-21,99,2,12,20,21800,21860,22100,46,26,26,457.9725876,2876.514254,0.779317856,4,378.5416667,1297.972588,21856,0.736993313,0.798989177,0.801971078
sub-21,100,2,12,20,26328,26388,26628,47,27,27,469.9716005,2699.846601,0.705589493,20,189.875,1309.971601,26408,0.570940733,0.925866604,0.619961143
sub-21,101,2,300,80,20069,26069,27569,54,-26,26,481.9715484,2725.138215,0.472688923,24,203.1666667,1321.971548,26045,0.377250761,0.476390898,0.564425111
sub-21,102,2,60,20,3650,3950,5150,7,-13,13,493.9710878,3658.762754,0.612051845,31,1124.791667,1333.971088,3919,0.586262465,0.7236588,0.526234269
sub-21,103,2,300,80,16072,22072,23572,80,0,0,505.9702411,2915.678574,0.690731823,30,369.7083333,1345.970241,22102,0.699183166,0.625260174,0.74775213
sub-21,104,2,12,20,27281,27341,27581,49,29,29,517.9699737,2708.13664,0.526739667,6,150.1666667,1357.969974,27335,0.663646698,0.481651872,0.43492043
sub-21,105,2,300,60,1960,6460,9460,88,28,28,529.9697099,3590.178043,0.451823841,48,1020.208333,1369.96971,6412,0.433283031,0.458800852,0.463387638
sub-21,106,2,60,60,12596,13496,14096,80,20,20,541.9694653,3309.011132,0.679986358,135,727.0416667,1381.969465,13631,0.68969357,0.66709578,0.683169723
sub-21,107,2,12,80,23924,24164,24224,80,0,0,553.9687986,2876.510465,0.549024999,0,282.5416667,1393.968799,24164,0.842187762,0.403494179,0.401393056
sub-21,108,2,60,80,9187,10387,10687,70,-10,10,565.9681976,3462.551531,0.46238931,75,856.5833333,1405.968198,10312,0.355018765,0.479985803,0.552163363
sub-21,109,2,300,80,12645,18645,20145,60,-20,20,577.9682602,3130.46826,0.354656776,1,512.5,1417.96826,18644,0.332550645,0.508051455,0.223368227
sub-21,110,2,12,20,1602,1662,1902,50,30,30,589.9675311,3850.092531,0.562841068,7,1220.125,1429.967531,1669,0.398957372,0.83936286,0.450202972
sub-21,111,2,60,80,26923,28123,28423,90,10,10,601.9670889,2759.550422,0.54487892,43,117.5833333,1441.967089,28166,0.570710897,0.571867824,0.492058039
sub-21,112,2,300,60,20069,24569,27569,70,10,10,613.9667318,2919.633398,0.437215209,10,265.6666667,1453.966732,24579,0.377250761,0.376978368,0.557416499
sub-21,113,2,60,40,25202,25802,26702,10,-30,30,625.9663321,2880.257999,0.486041149,23,214.2916667,1465.966332,25779,0.380949736,0.502093911,0.575079799
sub-21,114,2,300,40,22736,25736,30236,47,7,7,637.9660083,2895.007675,0.45551905,43,217.0416667,1477.966008,25779,0.368221045,0.729290605,0.269045502
sub-21,115,2,300,20,12645,14145,20145,26,6,6,649.965309,3389.965309,0.466534972,22,700,1489.965309,14167,0.332550645,0.680825114,0.386229157
sub-21,116,2,12,60,21273,21453,21573,28,-32,32,661.9650097,3097.46501,0.709812641,5,395.5,1501.96501,21458,0.636497259,0.935319662,0.557621002
sub-21,117,2,300,60,9381,13881,16881,50,-10,10,673.9643051,3424.964305,0.506161819,46,711,1513.964305,13927,0.434503287,0.60319519,0.480786979
sub-21,118,2,60,80,10035,11235,11535,30,-50,50,685.9642698,3547.21427,0.52952219,59,821.25,1525.96427,11176,0.404203236,0.707623601,0.476739734
sub-21,119,2,12,80,16152,16392,16452,98,18,18,697.9635385,3344.338539,0.678572257,23,606.375,1537.963539,16369,0.528136969,0.527052999,0.980526805
sub-21,120,2,300,60,14066,18566,21566,67,7,7,709.9631097,3265.754776,0.421460688,20,515.7916667,1549.96311,18586,0.427026987,0.550489068,0.286866009
sub-21,121,3,12,80,14329,14569,14629,60,-20,20,1.9815173,3564.314851,0.670945783,6,682.3333333,1681.981517,14563,0.840943217,0.651862442,0.520031691
sub-21,122,3,60,20,25895,26195,27395,40,20,20,13.9811307,3091.897797,0.423054596,9,197.9166667,1693.981131,26204,0.452340961,0.406089157,0.41073367
sub-21,123,3,60,80,25895,27095,27395,60,-20,20,25.9807594,3066.397426,0.475009968,60,160.4166667,1705.980759,27155,0.452340961,0.490531057,0.482157886
sub-21,124,3,60,20,19722,20022,21222,11,-9,9,37.9806473,3373.105647,0.411991974,33,455.125,1717.980647,19989,0.266462356,0.699494839,0.270018727
sub-21,125,3,300,80,13458,19458,20958,79,-1,1,49.9802332,3408.605233,0.484519442,23,478.625,1729.980233,19435,0.503550649,0.523809075,0.426198602
sub-21,126,3,60,40,25895,26495,27395,40,0,0,61.9796572,3127.396324,0.440994372,5,185.4166667,1741.979657,26500,0.452340961,0.432447374,0.438194782
sub-21,127,3,300,60,19476,23976,26976,63,3,3,73.9820587,3244.357059,0.474200209,7,290.375,1753.982059,23983,0.618891299,0.414272666,0.389436662
sub-21,128,3,300,20,14351,15851,21851,50,30,30,85.978379,3594.895046,0.711405754,41,628.9166667,1765.978379,15892,0.724799395,0.719285727,0.690132141
sub-21,129,3,300,40,18200,21200,25700,50,10,10,97.9779169,3384.019584,0.613909702,5,406.0416667,1777.977917,21195,0.791362107,0.579749107,0.47061789
sub-21,130,3,12,80,25820,26060,26120,30,-50,50,109.9775098,3193.519176,0.612323423,15,203.5416667,1789.97751,26045,0.514377058,0.79671216,0.525881052
sub-21,131,3,60,60,3650,4550,5150,64,4,4,121.9775073,4101.769174,0.541496128,24,1099.791667,1801.977507,4574,0.586262465,0.423998445,0.614227474
sub-21,132,3,300,60,16327,20827,23827,85,25,25,133.9765932,3435.559927,0.762053986,91,421.5833333,1813.976593,20918,0.765540838,0.751691878,0.768929243
sub-21,133,3,12,40,3739,3859,4039,40,0,0,145.9756697,4154.559003,0.567767153,1,1128.583333,1825.97567,3858,0.471912891,0.49350661,0.737881958
sub-21,134,3,300,20,10518,12018,18018,40,20,20,157.9759628,3826.600963,0.523449163,66,788.625,1837.975963,11952,0.480903864,0.692685187,0.396758437
sub-21,135,3,60,20,13176,13476,14676,33,13,13,169.9758679,3777.850868,0.627957404,155,727.875,1849.975868,13631,0.457795978,0.929294884,0.496781349
sub-21,136,3,60,60,14390,15290,15890,46,-14,14,181.97515,3714.266817,0.646042486,1,652.2916667,1861.97515,15291,0.853619874,0.5200454,0.564462185
sub-21,137,3,300,20,11085,12585,18585,40,20,20,193.9748039,3838.974804,0.483780523,55,765,1873.974804,12530,0.403320372,0.589437604,0.458583593
sub-21,138,3,60,20,25202,25502,26702,20,0,0,205.9741415,3312.765808,0.481679867,47,226.7916667,1885.974142,25549,0.380949736,0.394988745,0.669101119
sub-21,139,3,300,60,16072,20572,23572,67,7,7,217.9737921,3530.182125,0.599707007,7,432.2083333,1897.973792,20579,0.699183166,0.522151589,0.577786267
sub-21,140,3,300,20,16327,17827,23827,45,25,25,229.9734337,3656.556767,0.514019489,21,546.5833333,1909.973434,17806,0.765540838,0.39063096,0.385886669
sub-21,141,3,12,40,12500,12620,12800,50,10,10,241.972963,3885.51463,0.699443301,90,763.5416667,1921.972963,12530,0.630747199,0.705582559,0.762000144
sub-21,142,3,300,80,13557,19557,21057,65,-15,15,253.9725539,3608.472554,0.40807276,5,474.5,1933.972554,19562,0.375888646,0.455977142,0.392352492
sub-21,143,3,60,80,3650,4850,5150,60,-20,20,265.9721137,4233.26378,0.569860439,68,1087.291667,1945.972114,4918,0.586262465,0.485696733,0.637622118
sub-21,144,3,300,80,10273,16273,17773,40,-40,40,277.9712459,3769.304579,0.691866497,5,611.3333333,1957.971246,16268,0.664448321,0.815407932,0.595743239
sub-21,145,3,60,60,9187,10087,10687,70,10,10,289.9713107,4039.054644,0.391915798,3,869.0833333,1969.971311,10084,0.355018765,0.264911145,0.555817485
sub-21,146,3,12,60,17959,18139,18259,60,0,0,301.9707242,3715.554058,0.479493658,8,533.5833333,1981.970724,18131,0.444595844,0.32675156,0.66713357
sub-21,147,3,12,20,25018,25078,25318,46,26,26,313.9703727,3438.428706,0.694239994,8,244.4583333,1993.970373,25086,0.614161015,0.903934419,0.564624548
sub-21,148,3,300,20,10273,11773,17773,45,25,25,325.9699141,4004.803247,0.671569288,3,798.8333333,2005.969914,11776,0.664448321,0.659815192,0.69044435
sub-21,149,3,60,40,9187,9787,10687,30,-10,10,337.969494,4099.552827,0.426671376,92,881.5833333,2017.969494,9879,0.355018765,0.344421983,0.58057338
sub-21,150,3,60,20,1414,1714,2914,20,0,0,349.9686666,4447.927,0.828979512,45,1217.958333,2029.968667,1669,0.880903423,0.819167018,0.786868095
sub-21,151,3,12,60,12500,12680,12800,50,-10,10,361.9686293,4003.010296,0.69880573,101,761.0416667,2041.968629,12781,0.630747199,0.732289791,0.733380198
sub-21,152,3,12,40,21800,21920,22100,60,20,20,373.9682077,3630.009874,0.786751767,35,376.0416667,2053.968208,21955,0.736993313,0.82633388,0.796928108
sub-21,153,3,60,20,26923,27223,28423,40,20,20,385.9677685,3421.051102,0.611131052,24,155.0833333,2065.967769,27199,0.570710897,0.635133803,0.627548456
sub-21,154,3,12,20,21273,21333,21573,50,30,30,397.9673324,3678.467332,0.75228552,0,400.5,2077.967332,21333,0.636497259,0.971750498,0.648608804
sub-21,155,3,300,60,18200,22700,25700,55,-5,5,409.9662391,3633.507906,0.594278524,22,343.5416667,2089.966239,22722,0.791362107,0.5266366,0.464836866
sub-21,156,3,300,40,12645,15645,20145,22,-18,18,421.9664069,3939.466407,0.483331859,79,637.5,2101.966407,15566,0.332550645,0.809746027,0.307698905
sub-21,157,3,300,60,14351,18851,21851,80,20,20,433.965865,3817.882532,0.678511739,71,503.9166667,2113.965865,18922,0.724799395,0.67871201,0.632023811
sub-21,158,3,60,20,14390,14690,15890,30,10,10,445.9842823,4003.275949,0.652103245,10,677.2916667,2125.984282,14700,0.853619874,0.504358649,0.598331213
sub-21,159,3,60,20,12596,12896,14096,19,-1,1,457.9816208,4090.023287,0.754556278,29,752.0416667,2137.981621,12867,0.68969357,0.889180124,0.684795141
sub-21,160,3,12,20,15162,15222,15462,50,30,30,469.9813352,4005.106335,0.781456709,12,655.125,2149.981335,15210,0.925493777,0.715577185,0.703299165
sub-21,161,3,300,40,11085,14085,18585,20,-20,20,481.980818,4064.480818,0.520194809,5,702.5,2161.980818,14090,0.403320372,0.590262294,0.56700176
sub-21,162,3,12,60,25820,26000,26120,40,-20,20,493.9803918,3580.022058,0.513285508,13,206.0416667,2173.980392,25987,0.514377058,0.487244695,0.53823477
sub-21,163,3,12,60,1602,1782,1902,52,-8,8,505.9635394,4601.088539,0.502100398,6,1215.125,2185.963539,1788,0.398957372,0.396219879,0.711123943
sub-21,164,3,12,40,25018,25138,25318,70,30,30,517.9793185,3639.937652,0.429841896,52,241.9583333,2197.979319,25086,0.614161015,0.286262631,0.389102042
sub-21,165,3,12,40,11565,11685,11865,50,10,10,529.9786732,4212.478673,0.530226717,12,802.5,2209.978673,11697,0.391443521,0.415040255,0.784196377
sub-21,166,3,300,20,22736,24236,30236,40,20,20,541.9782318,3701.519898,0.460771928,36,279.5416667,2221.978232,24200,0.368221045,0.748072684,0.266022056
sub-21,167,3,300,60,19988,24488,27488,40,-20,20,553.9617686,3703.003435,0.365601301,14,269.0416667,2233.961769,24474,0.381335378,0.4435606,0.271907926
sub-21,168,3,12,60,21800,21980,22100,90,30,30,565.9797029,3819.52137,0.723965764,2,373.5416667,2245.979703,21978,0.736993313,0.71063894,0.724265039
sub-21,169,3,12,60,26328,26508,26628,60,0,0,577.9765603,3642.85156,0.668048143,8,184.875,2257.97656,26500,0.570940733,0.527293324,0.905910373
sub-21,170,3,300,80,14066,20066,21566,90,10,10,589.9763406,3923.268007,0.372727503,9,453.2916667,2269.976341,20075,0.427026987,0.356378973,0.334776551
sub-21,171,3,12,40,21273,21393,21573,50,10,10,601.976124,3879.976124,0.748584628,60,398,2281.976124,21333,0.636497259,0.976724505,0.63253212
sub-21,172,3,300,80,18922,24922,26422,40,-40,40,613.9590717,3744.917405,0.55417345,88,250.9583333,2293.959072,24834,0.454499304,0.483178377,0.724842668
sub-21,173,3,12,20,15586,15646,15886,0,-20,20,625.9755283,4143.433862,0.922746738,80,637.4583333,2305.975528,15566,0.893184006,0.971495926,0.903560281
sub-21,174,3,300,40,9381,12381,16881,70,30,30,637.9755858,4291.475586,0.459073414,9,773.5,2317.975586,12372,0.434503287,0.471244156,0.4714728
sub-21,175,3,300,40,18922,21922,26422,53,13,13,649.97447,3905.932803,0.563334286,33,375.9583333,2329.97447,21955,0.454499304,0.557501614,0.67800194
sub-21,176,3,12,60,15586,15766,15886,50,-10,10,661.9736501,4174.431983,0.91404591,126,632.4583333,2341.97365,15892,0.893184006,0.910675526,0.938278198
sub-21,177,3,300,60,21224,25724,28724,50,-10,10,673.9731385,3771.514805,0.48686858,55,217.5416667,2353.973139,25779,0.495798409,0.43142432,0.533383012
sub-21,178,3,12,40,15162,15282,15462,50,10,10,685.9724134,4218.597413,0.778266191,9,652.625,2365.972413,15291,0.925493777,0.706873059,0.702431738
sub-21,179,3,60,40,17621,18221,19121,60,20,20,697.9724897,4108.139156,0.401363482,9,530.1666667,2377.97249,18212,0.321571469,0.32369706,0.558821917
sub-21,180,3,300,80,19476,25476,26976,60,-20,20,709.9718804,3817.84688,0.696930011,73,227.875,2389.97188,25549,0.618891299,0.667782605,0.80411613
sub-21,181,4,300,40,20069,23069,27569,49,9,9,1.9831047,4050.149771,0.468692313,19,328.1666667,2521.983105,23050,0.377250761,0.444087029,0.584739149
sub-21,182,4,60,40,1414,2014,2914,50,10,10,13.9830082,4939.441342,0.6707172,14,1205.458333,2533.983008,2028,0.880903423,0.538607776,0.5926404
sub-21,183,4,60,20,9187,9487,10687,10,-10,10,25.9826795,4640.066013,0.434174627,137,894.0833333,2545.98268,9350,0.355018765,0.394263268,0.553241849
sub-21,184,4,12,20,23924,23984,24224,20,0,0,37.982126,4048.023793,0.527502427,1,290.0416667,2557.982126,23983,0.842187762,0.358798593,0.381520927
sub-21,185,4,60,80,1414,2614,2914,80,0,0,49.9816522,4950.439986,0.893087606,6,1180.458333,2569.981652,2608,0.880903423,0.898732543,0.899626851
sub-21,186,4,12,20,2486,2546,2786,4,-16,16,61.9809443,4965.272611,0.86674879,62,1183.291667,2581.980944,2608,0.802486777,0.984086692,0.8136729
sub-21,187,4,12,80,26328,26568,26628,80,0,0,73.9804626,3976.355463,0.682078063,68,182.375,2593.980463,26500,0.570940733,0.554679751,0.920613706
sub-21,188,4,60,40,10035,10635,11535,30,-10,10,85.97995,4652.22995,0.48510023,41,846.25,2605.97995,10676,0.404203236,0.632850528,0.418246925
sub-21,189,4,300,40,13557,16557,21057,60,20,20,97.9791748,4417.479175,0.421245933,19,599.5,2617.979175,16538,0.375888646,0.617102027,0.270747125
sub-21,190,4,300,40,10273,13273,17773,43,3,3,109.978817,4566.31215,0.584628761,175,736.3333333,2629.978817,13098,0.664448321,0.636629224,0.452808738
sub-21,191,4,60,40,11369,11969,12869,33,-7,7,121.9783807,4632.645047,0.598558346,17,790.6666667,2641.978381,11952,0.533274829,0.519994318,0.742405891
sub-21,192,4,60,40,4556,5156,6056,40,0,0,133.9783069,4928.519974,0.507196426,8,1074.541667,2653.978307,5148,0.386306763,0.617104769,0.518177748
sub-21,193,4,12,80,27281,27521,27581,85,5,5,145.9778684,4008.644535,0.484808634,3,142.6666667,2665.977868,27524,0.663646698,0.356698692,0.434080511
sub-21,194,4,12,80,11565,11805,11865,40,-40,40,157.9772186,4675.477219,0.425252527,29,797.5,2677.977219,11776,0.391443521,0.391761363,0.492552698
sub-21,195,4,60,60,16451,17351,17951,41,-19,19,169.9772016,4456.393868,0.515537073,45,566.4166667,2689.977202,17396,0.407732636,0.52406621,0.614812374
sub-21,196,4,300,20,21224,22724,28724,41,21,21,181.9767869,4244.518454,0.506919742,2,342.5416667,2701.976787,22722,0.495798409,0.480357289,0.544603527
sub-21,197,4,300,40,19476,22476,26976,50,10,10,193.9762045,4266.851205,0.596290787,49,352.875,2713.976205,22525,0.618891299,0.515366018,0.654615045
sub-21,198,4,60,40,15628,16228,17128,20,-20,20,205.9757704,4539.184104,0.469133109,40,613.2083333,2725.97577,16268,0.333360583,0.796540856,0.277497888
sub-21,199,4,60,60,10035,10935,11535,10,-50,50,217.975192,4771.725192,0.556123992,10,833.75,2737.975192,10925,0.404203236,0.668247223,0.595921516
sub-21,200,4,60,80,16451,17651,17951,95,15,15,229.9750213,4503.891688,0.503571322,10,553.9166667,2749.975021,17641,0.407732636,0.547998905,0.554982424
sub-21,201,4,300,80,11085,17085,18585,20,-60,60,241.9746873,4539.474687,0.411512583,96,577.5,2761.974687,16989,0.403320372,0.387581944,0.443635434
sub-21,202,4,12,60,14329,14509,14629,70,10,10,253.9742666,4658.8076,0.697990954,5,684.8333333,2773.974267,14514,0.840943217,0.674068928,0.578960717
sub-21,203,4,300,80,14351,20351,21851,94,14,14,265.9737104,4427.390377,0.707600872,61,441.4166667,2785.97371,20412,0.724799395,0.658842862,0.739160359
sub-21,204,4,12,40,1602,1722,1902,53,13,13,277.9731898,5215.59819,0.569713354,38,1217.625,2797.97319,1760,0.398957372,0.813810945,0.496371746
sub-21,205,4,300,40,14066,17066,21566,13,-27,27,289.9726518,4588.264318,0.344607135,77,578.2916667,2809.972652,16989,0.427026987,0.365407616,0.241386801
sub-21,206,4,300,80,18200,24200,25700,50,-30,30,301.9722003,4303.013867,0.666384419,0,281.0416667,2821.9722,24200,0.791362107,0.576158345,0.631632805
sub-21,207,4,60,80,12596,13796,14096,90,10,10,313.9720215,4748.513688,0.710163554,21,714.5416667,2833.972022,13775,0.68969357,0.766344666,0.674452424
sub-21,208,4,12,40,2486,2606,2786,20,-20,20,325.9714045,5226.763071,0.8548099,2,1180.791667,2845.971405,2608,0.802486777,0.953855455,0.808087468
sub-21,209,4,300,40,2522,5522,10022,79,39,39,337.9708919,5117.262559,0.524214218,111,1059.291667,2857.970892,5633,0.40284428,0.631453753,0.538344622
sub-21,210,4,12,40,29300,29420,29600,96,56,56,349.9703704,4133.512037,0.881912669,33,63.54166667,2869.97037,29453,0.835012972,0.842169046,0.968555987
sub-21,211,4,60,80,4556,5756,6056,90,10,10,361.9700079,5131.511675,0.54880482,27,1049.541667,2881.970008,5729,0.386306763,0.481833637,0.778274059
sub-21,212,4,60,60,1414,2314,2914,10,-50,50,373.9696878,5286.928021,0.553229103,101,1192.958333,2893.969688,2213,0.880903423,0.367280275,0.411503613
sub-21,213,4,300,60,13458,17958,20958,50,-10,10,385.9691781,4647.094178,0.393604338,3,541.125,2905.969178,17961,0.503550649,0.407887161,0.269375205
sub-21,214,4,300,80,16327,22327,23827,40,-40,40,397.9688533,4477.052187,0.80520918,126,359.0833333,2917.968853,22201,0.765540838,0.827244103,0.822842598
sub-21,215,4,300,60,18922,23422,26422,41,-19,19,409.9683069,4443.42664,0.562183181,108,313.4583333,2929.968307,23314,0.454499304,0.605599403,0.626450837
sub-21,216,4,12,80,21273,21513,21573,97,17,17,421.9672769,4534.967277,0.761513889,55,393,2941.967277,21458,0.636497259,0.659675717,0.98836869
sub-21,217,4,60,80,14390,15590,15890,90,10,10,433.9675797,4793.759246,0.87358437,24,639.7916667,2953.96758,15566,0.853619874,0.872111917,0.895021319
sub-21,218,4,300,80,21224,27224,28724,70,-10,10,445.9668397,4321.008506,0.448277911,25,155.0416667,2965.96684,27199,0.495798409,0.28581816,0.563217163
sub-21,219,4,12,60,13450,13630,13750,40,-20,20,457.9665706,4899.424904,0.860371133,1,721.4583333,2977.966571,13631,0.881083906,0.862820923,0.837208569
sub-21,220,4,60,20,10035,10335,11535,20,0,0,469.9825791,5048.732579,0.528949112,23,858.75,2989.982579,10312,0.404203236,0.763092279,0.41955182
sub-21,221,4,300,20,9381,10881,16881,55,35,35,481.982267,5037.982267,0.510910342,25,836,3001.982267,10856,0.434503287,0.649891555,0.448336184
sub-21,222,4,300,20,2522,4022,10022,40,20,20,493.9817557,5335.773422,0.535507907,103,1121.791667,3013.981756,3919,0.40284428,0.566761553,0.636917889
sub-21,223,4,60,80,15628,16828,17128,90,10,10,505.9814366,4814.18977,0.489119957,95,588.2083333,3025.981437,16733,0.333360583,0.658514261,0.475485027
sub-21,224,4,60,40,13176,13776,14676,31,-9,9,517.9804003,4953.3554,0.604968309,1,715.375,3037.9804,13775,0.457795978,0.853265524,0.503843427
sub-21,225,4,12,80,12500,12740,12800,60,-20,20,529.9636132,5008.50528,0.690956732,41,758.5416667,3049.963613,12781,0.630747199,0.693621397,0.748501599
sub-21,226,4,60,60,19722,20622,21222,76,16,16,541.9799424,4692.104942,0.376208852,11,430.125,3061.979942,20633,0.266462356,0.304706454,0.557457745
sub-21,227,4,60,80,25202,26402,26702,72,-8,8,553.9796385,4463.271305,0.514002681,6,189.2916667,3073.979639,26408,0.380949736,0.542046428,0.619011879
sub-21,228,4,12,40,4600,4720,4900,20,-20,20,565.9791844,5378.687518,0.743728856,146,1092.708333,3085.979184,4574,0.777784109,0.756530881,0.696871579
sub-21,229,4,300,40,21224,24224,28724,50,10,10,577.9789038,4578.02057,0.461755127,24,280.0416667,3097.978904,24200,0.495798409,0.400327176,0.489139795
sub-21,230,4,300,20,1960,3460,9460,20,0,0,589.9773578,5455.185691,0.416565597,5,1145.208333,3109.977358,3465,0.433283031,0.312170625,0.504243135
sub-21,231,4,12,80,4600,4840,4900,50,-30,30,601.9774359,5409.685769,0.840341111,78,1087.708333,3121.977436,4918,0.777784109,0.808963835,0.934275389
sub-21,232,4,300,40,19988,22988,27488,60,20,20,613.9774116,4665.519078,0.398772667,3,331.5416667,3133.977412,22991,0.381335378,0.467199355,0.347783267
sub-21,233,4,12,60,4600,4780,4900,30,-30,30,625.9766457,5436.184979,0.778728823,138,1090.208333,3145.976646,4918,0.777784109,0.792999804,0.765402555
sub-21,234,4,60,60,25202,26102,26702,10,-50,50,637.975883,4559.76755,0.469284336,2,201.7916667,3157.975883,26100,0.380949736,0.489343941,0.53755933
sub-21,235,4,300,80,9381,15381,16881,80,0,0,649.9755388,5018.475539,0.462941974,27,648.5,3169.975539,15408,0.434503287,0.516384661,0.437937975
sub-21,236,4,12,20,25820,25880,26120,30,10,10,661.9752988,4593.016965,0.628588279,11,211.0416667,3181.975299,25891,0.514377058,0.79674089,0.57464689
sub-21,237,4,60,80,19722,20922,21222,80,0,0,673.9748063,4811.599806,0.439013958,4,417.625,3193.974806,20918,0.266462356,0.252884895,0.797694623
sub-21,238,4,60,60,28296,29196,29796,40,-20,20,685.9747121,4478.849712,0.40910688,46,72.875,3205.974712,29242,0.386571616,0.449854881,0.390894145
sub-21,239,4,300,20,19476,20976,26976,54,34,34,697.9743071,4833.349307,0.513232261,58,415.375,3217.974307,20918,0.618891299,0.418279558,0.502525926
sub-21,240,4,12,80,25018,25258,25318,70,-10,10,709.9739084,4666.932242,0.451532612,24,236.9583333,3229.973908,25234,0.614161015,0.336739153,0.40369767
sub-22,1,1,300,20,18922,20422,26422,30,10,10,1.9734143,1640.431748,0.554572781,10,438.4583333,1.9734143,20412,0.454499304,0.502740145,0.706478894
sub-22,2,1,60,60,22148,23048,23648,41,-19,19,13.9727365,1543.014403,0.64348652,2,329.0416667,13.9727365,23050,0.775133371,0.57852304,0.576803148
sub-22,3,1,60,80,17621,18821,19121,67,-13,13,25.9724196,1731.139086,0.398854067,51,505.1666667,25.9724196,18770,0.321571469,0.287838012,0.587152719
sub-22,4,1,60,40,28296,28896,29796,56,16,16,37.972001,1323.347001,0.448978245,24,85.375,37.972001,28920,0.386571616,0.636950135,0.323412985
sub-22,5,1,12,40,16152,16272,16452,12,-28,28,49.9715469,1861.346547,0.584240357,4,611.375,49.9715469,16268,0.528136969,0.565639615,0.658944488
sub-22,6,1,60,60,25895,26795,27395,27,-33,33,61.9711391,1434.887806,0.424598813,2,172.9166667,61.9711391,26797,0.452340961,0.406857729,0.41459775
sub-22,7,1,300,40,1960,4960,9460,56,16,16,73.9709116,2356.679245,0.503999035,42,1082.708333,73.9709116,4918,0.433283031,0.530604362,0.54810971
sub-22,8,1,12,80,1602,1842,1902,84,4,4,85.9705991,2498.595599,0.494504452,17,1212.625,85.9705991,1859,0.398957372,0.416479409,0.668076575
sub-22,9,1,12,80,29300,29540,29600,73,-7,7,97.9698703,1356.511537,0.777512252,43,58.54166667,97.9698703,29583,0.835012972,0.689403892,0.808119893
sub-22,10,1,12,60,15162,15342,15462,55,-5,5,109.9694157,1960.094416,0.792497814,1,650.125,109.9694157,15341,0.925493777,0.732884884,0.71911478
sub-22,11,1,12,80,13450,13690,13750,65,-15,15,121.9692115,2040.927545,0.875032147,59,718.9583333,121.9692115,13631,0.881083906,0.851312518,0.892700016
sub-22,12,1,12,60,11565,11745,11865,70,10,10,133.9686729,2133.968673,0.469659835,31,800,133.9686729,11776,0.391443521,0.720917881,0.296618104
sub-22,13,1,12,40,17959,18079,18259,41,1,1,145.9682056,1882.051539,0.529117078,13,536.0833333,145.9682056,18066,0.444595844,0.393297553,0.749457836
sub-22,14,1,60,60,26923,27823,28423,41,-19,19,157.9668685,1488.050202,0.533475856,67,130.0833333,157.9668685,27756,0.570710897,0.54025805,0.489458621
sub-22,15,1,300,40,13458,16458,20958,58,18,18,169.9676863,1973.592686,0.587588569,80,603.625,169.9676863,16538,0.503550649,0.716322362,0.542892694
sub-22,16,1,60,60,13942,14842,15442,58,-2,2,181.9666391,2052.924972,0.68069917,1,670.9583333,181.9666391,14843,0.617607713,0.727707624,0.696782172
sub-22,17,1,12,40,15586,15706,15886,20,-20,20,193.9660342,2028.924368,0.918003182,140,634.9583333,193.9660342,15566,0.893184006,0.946782351,0.914043188
sub-22,18,1,12,60,27281,27461,27581,56,-4,4,205.9659918,1551.132658,0.479619553,25,145.1666667,205.9659918,27436,0.663646698,0.34283331,0.43237865
sub-22,19,1,60,20,21153,21453,22653,35,15,15,217.9656394,1813.465639,0.449790001,5,395.5,217.9656394,21458,0.367980182,0.50407207,0.47731775
sub-22,20,1,12,20,13450,13510,13750,43,23,23,229.9651769,2156.42351,0.75796785,121,726.4583333,229.9651769,13631,0.881083906,0.69478333,0.698036313
sub-22,21,1,12,40,26328,26448,26628,54,14,14,241.9646935,1629.339694,0.659053485,13,187.375,241.9646935,26461,0.570940733,0.511222482,0.894997239
sub-22,22,1,12,40,27281,27401,27581,39,-1,1,253.9641738,1601.63084,0.509411087,35,147.6666667,253.9641738,27436,0.663646698,0.441977859,0.422608703
sub-22,23,1,12,60,23924,24104,24224,44,-16,16,265.9634964,1751.005163,0.661446333,58,285.0416667,265.9634964,24046,0.842187762,0.562097549,0.580053687
sub-22,24,1,12,20,3739,3799,4039,35,15,15,277.9634336,2609.046767,0.601261348,13,1131.083333,277.9634336,3812,0.471912891,0.75404346,0.577827692
sub-22,25,1,300,40,16072,19072,23572,47,7,7,289.9622958,1984.670629,0.601840854,51,494.7083333,289.9622958,19021,0.699183166,0.517898381,0.588441014
sub-22,26,1,300,20,13557,15057,21057,54,34,34,301.9623467,2163.962347,0.468338192,20,662,301.9623467,15077,0.375888646,0.523104906,0.506021023
sub-22,27,1,12,80,15586,15826,15886,58,-22,22,313.9619967,2143.92033,0.912498534,66,629.9583333,313.9619967,15892,0.893184006,0.895874202,0.948437393
sub-22,28,1,300,20,19988,21488,27488,85,65,65,325.9616235,1920.00329,0.378337264,30,394.0416667,325.9616235,21458,0.381335378,0.459869921,0.293806493
sub-22,29,1,60,80,11369,12569,12869,51,-29,29,337.9608205,2303.627487,0.634420226,39,765.6666667,337.9608205,12530,0.533274829,0.499322087,0.870663762
sub-22,30,1,12,20,12500,12560,12800,46,26,26,349.9606151,2316.002282,0.644854168,30,766.0416667,349.9606151,12530,0.630747199,0.695603549,0.608211756
sub-22,31,1,300,60,13557,18057,21057,61,1,1,361.9603269,2098.960327,0.403727372,9,537,361.9603269,18066,0.375888646,0.479011238,0.356282234
sub-22,32,1,60,40,12596,13196,14096,59,19,19,373.9597016,2313.501368,0.687155823,98,739.5416667,373.9597016,13098,0.68969357,0.741181314,0.630592585
sub-22,33,1,12,80,17959,18199,18259,50,-30,30,385.9591101,2117.042443,0.52568237,13,531.0833333,385.9591101,18212,0.444595844,0.397394627,0.735056639
sub-22,34,1,300,80,19988,25988,27488,69,-11,11,397.9588206,1804.500487,0.414776425,1,206.5416667,397.9588206,25987,0.381335378,0.377626181,0.485367715
sub-22,35,1,12,60,25018,25198,25318,61,1,1,409.9743033,1849.432637,0.434581568,36,239.4583333,409.9743033,25234,0.614161015,0.293974459,0.39560923
sub-22,36,1,60,40,14390,14990,15890,73,33,33,421.9744103,2286.766077,0.812392155,29,664.7916667,421.9744103,15019,0.853619874,0.803780138,0.779776454
sub-22,37,1,12,80,21800,22040,22100,94,14,14,433.9741124,2005.015779,0.817930579,40,371.0416667,433.9741124,22000,0.736993313,0.733162522,0.983635902
sub-22,38,1,60,40,19722,20322,21222,56,16,16,445.9736351,2088.598635,0.371791154,90,442.625,445.9736351,20412,0.266462356,0.429634243,0.419276863
sub-22,39,1,60,60,15628,16528,17128,57,-3,3,457.9726095,2258.680943,0.378013372,10,600.7083333,457.9726095,16538,0.333360583,0.569687963,0.230991572
sub-22,40,1,12,20,16152,16212,16452,27,7,7,469.9727621,2283.847762,0.670652241,56,613.875,469.9727621,16268,0.528136969,0.987549484,0.496270269
sub-22,41,1,12,40,25820,25940,26120,43,3,3,481.9717232,1890.51339,0.538838178,4,208.5416667,481.9717232,25944,0.514377058,0.630758941,0.471378535
sub-22,42,1,12,20,14329,14389,14629,23,3,3,493.9720414,2383.805375,0.673224032,0,689.8333333,493.9720414,14389,0.840943217,0.659988642,0.518740237
sub-22,43,1,300,60,2522,7022,10022,50,-10,10,505.9715859,2702.763253,0.520361811,4,996.7916667,505.9715859,7018,0.40284428,0.508628964,0.649612188
sub-22,44,1,300,60,22736,27236,30236,55,-5,5,517.9709449,1872.512612,0.371524195,35,154.5416667,517.9709449,27271,0.368221045,0.459550083,0.286801457
sub-22,45,1,60,60,13176,14076,14676,37,-23,23,529.9700388,2432.845039,0.560014963,14,702.875,529.9700388,14090,0.457795978,0.721336246,0.500912666
sub-22,46,1,12,60,3739,3919,4039,91,31,31,541.9696254,2868.052959,0.611491134,0,1126.083333,541.9696254,3919,0.471912891,0.509016752,0.853543758
sub-22,47,1,12,60,16152,16332,16452,39,-21,21,553.9696439,2362.844644,0.614817361,6,608.875,553.9696439,16338,0.528136969,0.636289001,0.680026114
sub-22,48,1,60,20,17621,17921,19121,71,51,51,565.9692421,2308.635909,0.504270792,40,542.6666667,565.9692421,17961,0.321571469,0.687747836,0.503493071
sub-22,49,1,12,20,4600,4660,4900,38,18,18,577.9689107,2873.177244,0.807660639,86,1095.208333,577.9689107,4574,0.777784109,0.890741885,0.754455924
sub-22,50,1,60,20,4556,4856,6056,9,-11,11,589.9680301,2877.009697,0.5157758,62,1087.041667,589.9680301,4918,0.386306763,0.83152318,0.329497457
sub-22,51,1,12,20,17959,18019,18259,4,-16,16,601.9678858,2340.551219,0.51661695,47,538.5833333,601.9678858,18066,0.444595844,0.554531097,0.55072391
sub-22,52,1,12,40,14329,14449,14629,57,17,17,613.9674401,2501.300773,0.659595033,37,687.3333333,613.9674401,14486,0.840943217,0.633674383,0.504167497
sub-22,53,1,300,20,13458,14958,20958,65,45,45,625.9665875,2492.091588,0.527636826,10,666.125,625.9665875,14948,0.503550649,0.735695601,0.343664229
sub-22,54,1,60,80,28296,29496,29796,62,-18,18,637.966219,1898.341219,0.378579348,43,60.375,637.966219,29453,0.386571616,0.422424734,0.326741695
sub-22,55,1,60,20,28296,28596,29796,35,15,15,649.9660794,1947.841079,0.49337545,50,97.875,649.9660794,28646,0.386571616,0.598008156,0.495546579
sub-22,56,1,12,80,3739,3979,4039,96,16,16,661.9656975,2985.549031,0.605181605,60,1123.583333,661.9656975,3919,0.471912891,0.445872188,0.897759736
sub-22,57,1,300,80,10518,16518,18018,38,-42,42,673.9650995,2475.0901,0.583597581,20,601.125,673.9650995,16538,0.480903864,0.651504278,0.6183846
sub-22,58,1,12,60,29300,29480,29600,70,10,10,685.9648384,1947.006505,0.738899032,27,61.04166667,685.9648384,29453,0.835012972,0.636288166,0.745395958
sub-22,59,1,300,20,20069,21569,27569,33,13,13,697.964144,2288.630811,0.45564116,55,390.6666667,697.964144,21624,0.377250761,0.34495461,0.644718111
sub-22,60,1,300,60,10518,15018,18018,38,-22,22,709.9634839,2573.588484,0.538457811,1,663.625,709.9634839,15019,0.480903864,0.668780506,0.465689063
sub-22,61,2,60,80,21153,22353,22653,63,-17,17,1.9717728,2399.971773,0.478971044,152,358,841.9717728,22201,0.367980182,0.52699703,0.541935921
sub-22,62,2,60,60,21153,22053,22653,26,-34,34,13.9713406,2424.471341,0.501651009,49,370.5,853.9713406,22102,0.367980182,0.683279634,0.453693211
sub-22,63,2,60,40,26923,27523,28423,72,32,32,25.9705282,2208.553862,0.596408854,1,142.5833333,865.9705282,27524,0.570710897,0.456747562,0.761768103
sub-22,64,2,300,60,10273,14773,17773,61,1,1,37.970108,2751.803441,0.538562953,6,673.8333333,877.970108,14779,0.664448321,0.543266654,0.407973886
sub-22,65,2,300,80,2522,8522,10022,42,-38,38,49.9699315,3024.261598,0.572465211,1,934.2916667,889.9699315,8523,0.40284428,0.546290815,0.768260539
sub-22,66,2,300,80,1960,7960,9460,66,-14,14,61.9694587,3059.677792,0.374507785,21,957.7083333,901.9694587,7981,0.433283031,0.393522233,0.296718091
sub-22,67,2,60,40,22148,22748,23648,63,23,23,73.9686003,2455.510267,0.754774034,26,341.5416667,913.9686003,22722,0.775133371,0.723107696,0.766081035
sub-22,68,2,300,60,12645,17145,20145,62,2,2,85.9686681,2700.968668,0.306706463,112,575,925.9686681,17257,0.332550645,0.347516209,0.240052536
sub-22,69,2,60,60,17621,18521,19121,60,0,0,97.9676204,2655.634287,0.464502672,38,517.6666667,937.9676204,18483,0.321571469,0.702765763,0.369170785
sub-22,70,2,12,20,29300,29360,29600,61,41,41,109.9676539,2216.009321,0.882695615,3,66.04166667,949.9676539,29357,0.835012972,0.851993442,0.961080432
sub-22,71,2,300,80,22736,28736,30236,63,-17,17,121.9673816,2254.009048,0.429048399,12,92.04166667,961.9673816,28748,0.368221045,0.566889405,0.352034748
sub-22,72,2,60,20,15628,15928,17128,41,21,21,133.9664523,2799.674786,0.468310128,36,625.7083333,973.9664523,15892,0.333360583,0.670246482,0.401323318
sub-22,73,2,60,40,21153,21753,22653,61,21,21,145.9659945,2568.965995,0.483911614,103,383,985.9659945,21856,0.367980182,0.516567588,0.567187071
sub-22,74,2,12,20,11565,11625,11865,58,38,38,157.9657348,3002.965735,0.458951463,17,805,997.9657348,11608,0.391443521,0.614788413,0.370622456
sub-22,75,2,12,80,2486,2726,2786,40,-40,40,169.965089,3385.756756,0.773491303,41,1175.791667,1009.965089,2767,0.802486777,0.691649318,0.826337814
sub-22,76,2,60,40,16451,17051,17951,56,16,16,181.9644614,2800.881128,0.457817475,62,578.9166667,1021.964461,16989,0.407732636,0.381435901,0.584283888
sub-22,77,2,12,40,23924,24044,24224,31,-9,9,193.9645332,2521.5062,0.791443547,2,287.5416667,1033.964533,24046,0.842187762,0.738648653,0.793494225
sub-22,78,2,300,60,11085,15585,18585,62,2,2,205.9642099,2885.96421,0.512025793,19,640,1045.96421,15566,0.403320372,0.5605762,0.572180808
sub-22,79,2,300,20,16072,17572,23572,46,26,26,217.9638023,2815.172136,0.445263386,54,557.2083333,1057.963802,17518,0.699183166,0.346642971,0.28996402
sub-22,80,2,60,40,13942,14542,15442,37,-3,3,229.9633387,2953.421672,0.675926189,21,683.4583333,1069.963339,14563,0.617607713,0.683953524,0.72621733
sub-22,81,2,60,20,16451,16751,17951,43,23,23,241.9629491,2873.379616,0.541294883,18,591.4166667,1081.962949,16733,0.407732636,0.724357009,0.491795003
sub-22,82,2,60,80,13942,15142,15442,73,-7,7,253.9618054,2952.420139,0.745977561,65,658.4583333,1093.961805,15077,0.617607713,0.667556286,0.952768683
sub-22,83,2,300,40,16327,19327,23827,61,21,21,265.9616447,2790.044978,0.608967781,3,484.0833333,1105.961645,19330,0.765540838,0.512890935,0.54847157
sub-22,84,2,300,20,18200,19700,25700,62,42,42,277.9608735,2786.50254,0.59972165,14,468.5416667,1117.960874,19714,0.791362107,0.581895411,0.425907433
sub-22,85,2,60,20,22148,22448,23648,46,26,26,289.9607813,2684.002448,0.754350642,77,354.0416667,1129.960781,22525,0.775133371,0.652248144,0.835670412
sub-22,86,2,12,60,2486,2666,2786,76,16,16,301.9602863,3520.251953,0.783421795,58,1178.291667,1141.960286,2608,0.802486777,0.707484126,0.84029448
sub-22,87,2,300,40,10518,13518,18018,63,23,23,313.9602776,3080.085278,0.473818123,113,726.125,1153.960278,13631,0.480903864,0.551914155,0.388636351
sub-22,88,2,300,20,14066,15566,21566,63,43,43,325.9597388,3006.751405,0.560058008,0,640.7916667,1165.959739,15566,0.427026987,0.875541151,0.377605885
sub-22,89,2,60,20,11369,11669,12869,20,0,0,337.9593103,3181.125977,0.59856234,26,803.1666667,1177.95931,11643,0.533274829,0.825657547,0.436754644
sub-22,90,2,60,80,13176,14376,14676,63,-17,17,349.9588382,3080.333838,0.621318579,13,690.375,1189.958838,14389,0.457795978,0.679272175,0.726887584
sub-22,91,2,60,60,4556,5456,6056,44,-16,16,361.9584243,3464.000091,0.530113876,122,1062.041667,1201.958424,5334,0.386306763,0.687324226,0.516710639
sub-22,92,2,12,80,15162,15402,15462,63,-17,17,373.9578797,3061.58288,0.809432745,6,647.625,1213.95788,15408,0.925493777,0.761621892,0.741182566
sub-22,93,2,60,40,3650,4250,5150,26,-14,14,385.9573778,3538.249044,0.465809743,48,1112.291667,1225.957378,4298,0.586262465,0.404017031,0.407149732
sub-22,94,2,300,40,14351,17351,21851,62,22,22,397.973798,3004.390465,0.538737476,45,566.4166667,1237.973798,17396,0.724799395,0.48977527,0.401637763
sub-22,95,2,60,20,13942,14242,15442,51,31,31,409.9727346,3145.931068,0.736333648,21,695.9583333,1249.972735,14221,0.617607713,0.858845234,0.732547998
sub-22,96,2,60,60,11369,12269,12869,61,1,1,421.9726802,3240.139347,0.516770363,103,778.1666667,1261.97268,12372,0.533274829,0.423333883,0.593702376
sub-22,97,2,60,80,22148,23348,23648,32,-48,48,433.9724288,2790.514095,0.722102066,34,316.5416667,1273.972429,23314,0.775133371,0.607972264,0.783200562
sub-22,98,2,12,40,13450,13570,13750,34,-6,6,445.9718415,3209.930175,0.849632084,61,723.9583333,1285.971842,13631,0.881083906,0.8463763,0.821436048
sub-22,99,2,12,20,21800,21860,22100,18,-2,2,457.9712081,2876.512875,0.779317856,4,378.5416667,1297.971208,21856,0.736993313,0.798989177,0.801971078
sub-22,100,2,12,20,26328,26388,26628,66,46,46,469.9704889,2699.845489,0.705589493,20,189.875,1309.970489,26408,0.570940733,0.925866604,0.619961143
sub-22,101,2,300,80,20069,26069,27569,71,-9,9,481.970422,2725.137089,0.472688923,24,203.1666667,1321.970422,26045,0.377250761,0.476390898,0.564425111
sub-22,102,2,60,20,3650,3950,5150,22,2,2,493.9696806,3658.761347,0.612051845,31,1124.791667,1333.969681,3919,0.586262465,0.7236588,0.526234269
sub-22,103,2,300,80,16072,22072,23572,70,-10,10,505.969211,2915.677544,0.690731823,30,369.7083333,1345.969211,22102,0.699183166,0.625260174,0.74775213
sub-22,104,2,12,20,27281,27341,27581,37,17,17,517.9692925,2708.135959,0.526739667,6,150.1666667,1357.969293,27335,0.663646698,0.481651872,0.43492043
sub-22,105,2,300,60,1960,6460,9460,37,-23,23,529.9687337,3590.177067,0.451823841,48,1020.208333,1369.968734,6412,0.433283031,0.458800852,0.463387638
sub-22,106,2,60,60,12596,13496,14096,43,-17,17,541.9684116,3309.010078,0.679986358,135,727.0416667,1381.968412,13631,0.68969357,0.66709578,0.683169723
sub-22,107,2,12,80,23924,24164,24224,39,-41,41,553.9677982,2876.509465,0.549024999,0,282.5416667,1393.967798,24164,0.842187762,0.403494179,0.401393056
sub-22,108,2,60,80,9187,10387,10687,68,-12,12,565.9674059,3462.550739,0.46238931,75,856.5833333,1405.967406,10312,0.355018765,0.479985803,0.552163363
sub-22,109,2,300,80,12645,18645,20145,65,-15,15,577.9669425,3130.466943,0.354656776,1,512.5,1417.966943,18644,0.332550645,0.508051455,0.223368227
sub-22,110,2,12,20,1602,1662,1902,54,34,34,589.9662366,3850.091237,0.562841068,7,1220.125,1429.966237,1669,0.398957372,0.83936286,0.450202972
sub-22,111,2,60,80,26923,28123,28423,44,-36,36,601.9657677,2759.549101,0.54487892,43,117.5833333,1441.965768,28166,0.570710897,0.571867824,0.492058039
sub-22,112,2,300,60,20069,24569,27569,63,3,3,613.9656069,2919.632274,0.437215209,10,265.6666667,1453.965607,24579,0.377250761,0.376978368,0.557416499
sub-22,113,2,60,40,25202,25802,26702,34,-6,6,625.9648893,2880.256556,0.486041149,23,214.2916667,1465.964889,25779,0.380949736,0.502093911,0.575079799
sub-22,114,2,300,40,22736,25736,30236,38,-2,2,637.9642972,2895.005964,0.45551905,43,217.0416667,1477.964297,25779,0.368221045,0.729290605,0.269045502
sub-22,115,2,300,20,12645,14145,20145,37,17,17,649.9642874,3389.964287,0.466534972,22,700,1489.964287,14167,0.332550645,0.680825114,0.386229157
sub-22,116,2,12,60,21273,21453,21573,52,-8,8,661.9629995,3097.463,0.709812641,5,395.5,1501.963,21458,0.636497259,0.935319662,0.557621002
sub-22,117,2,300,60,9381,13881,16881,55,-5,5,673.9629076,3424.962908,0.506161819,46,711,1513.962908,13927,0.434503287,0.60319519,0.480786979
sub-22,118,2,60,80,10035,11235,11535,62,-18,18,685.9629182,3547.212918,0.52952219,59,821.25,1525.962918,11176,0.404203236,0.707623601,0.476739734
sub-22,119,2,12,80,16152,16392,16452,79,-1,1,697.9614756,3344.336476,0.678572257,23,606.375,1537.961476,16369,0.528136969,0.527052999,0.980526805
sub-22,120,2,300,60,14066,18566,21566,61,1,1,709.9617579,3265.753425,0.421460688,20,515.7916667,1549.961758,18586,0.427026987,0.550489068,0.286866009
sub-22,121,3,12,80,14329,14569,14629,63,-17,17,1.9713387,3564.304672,0.670945783,6,682.3333333,1681.971339,14563,0.840943217,0.651862442,0.520031691
sub-22,122,3,60,20,25895,26195,27395,52,32,32,13.9709111,3091.887578,0.423054596,9,197.9166667,1693.970911,26204,0.452340961,0.406089157,0.41073367
sub-22,123,3,60,80,25895,27095,27395,74,-6,6,25.9549917,3066.371658,0.475009968,60,160.4166667,1705.954992,27155,0.452340961,0.490531057,0.482157886
sub-22,124,3,60,20,19722,20022,21222,25,5,5,37.969895,3373.094895,0.411991974,33,455.125,1717.969895,19989,0.266462356,0.699494839,0.270018727
sub-22,125,3,300,80,13458,19458,20958,58,-22,22,49.9695849,3408.594585,0.484519442,23,478.625,1729.969585,19435,0.503550649,0.523809075,0.426198602
sub-22,126,3,60,40,25895,26495,27395,48,8,8,61.9691508,3127.385817,0.440994372,5,185.4166667,1741.969151,26500,0.452340961,0.432447374,0.438194782
sub-22,127,3,300,60,19476,23976,26976,80,20,20,73.9687936,3244.343794,0.474200209,7,290.375,1753.968794,23983,0.618891299,0.414272666,0.389436662
sub-22,128,3,300,20,14351,15851,21851,40,20,20,85.968064,3594.884731,0.711405754,41,628.9166667,1765.968064,15892,0.724799395,0.719285727,0.690132141
sub-22,129,3,300,40,18200,21200,25700,63,23,23,97.9679549,3384.009622,0.613909702,5,406.0416667,1777.967955,21195,0.791362107,0.579749107,0.47061789
sub-22,130,3,12,80,25820,26060,26120,27,-53,53,109.96745,3193.509117,0.612323423,15,203.5416667,1789.96745,26045,0.514377058,0.79671216,0.525881052
sub-22,131,3,60,60,3650,4550,5150,59,-1,1,121.9669043,4101.758571,0.541496128,24,1099.791667,1801.966904,4574,0.586262465,0.423998445,0.614227474
sub-22,132,3,300,60,16327,20827,23827,67,7,7,133.9663677,3435.549701,0.762053986,91,421.5833333,1813.966368,20918,0.765540838,0.751691878,0.768929243
sub-22,133,3,12,40,3739,3859,4039,52,12,12,145.96612,4154.549453,0.567767153,1,1128.583333,1825.96612,3858,0.471912891,0.49350661,0.737881958
sub-22,134,3,300,20,10518,12018,18018,37,17,17,157.9656398,3826.59064,0.523449163,66,788.625,1837.96564,11952,0.480903864,0.692685187,0.396758437
sub-22,135,3,60,20,13176,13476,14676,18,-2,2,169.9651269,3777.840127,0.627957404,155,727.875,1849.965127,13631,0.457795978,0.929294884,0.496781349
sub-22,136,3,60,60,14390,15290,15890,73,13,13,181.9643314,3714.255998,0.646042486,1,652.2916667,1861.964331,15291,0.853619874,0.5200454,0.564462185
sub-22,137,3,300,20,11085,12585,18585,69,49,49,193.9639252,3838.963925,0.483780523,55,765,1873.963925,12530,0.403320372,0.589437604,0.458583593
sub-22,138,3,60,20,25202,25502,26702,33,13,13,205.9639392,3312.755606,0.481679867,47,226.7916667,1885.963939,25549,0.380949736,0.394988745,0.669101119
sub-22,139,3,300,60,16072,20572,23572,43,-17,17,217.9629328,3530.171266,0.599707007,7,432.2083333,1897.962933,20579,0.699183166,0.522151589,0.577786267
sub-22,140,3,300,20,16327,17827,23827,62,42,42,229.962477,3656.54581,0.514019489,21,546.5833333,1909.962477,17806,0.765540838,0.39063096,0.385886669
sub-22,141,3,12,40,12500,12620,12800,55,15,15,241.9622698,3885.503936,0.699443301,90,763.5416667,1921.96227,12530,0.630747199,0.705582559,0.762000144
sub-22,142,3,300,80,13557,19557,21057,70,-10,10,253.9621101,3608.46211,0.40807276,5,474.5,1933.96211,19562,0.375888646,0.455977142,0.392352492
sub-22,143,3,60,80,3650,4850,5150,63,-17,17,265.9612563,4233.252923,0.569860439,68,1087.291667,1945.961256,4918,0.586262465,0.485696733,0.637622118
sub-22,144,3,300,80,10273,16273,17773,37,-43,43,277.9608513,3769.294185,0.691866497,5,611.3333333,1957.960851,16268,0.664448321,0.815407932,0.595743239
sub-22,145,3,60,60,9187,10087,10687,61,1,1,289.9608022,4039.044136,0.391915798,3,869.0833333,1969.960802,10084,0.355018765,0.264911145,0.555817485
sub-22,146,3,12,60,17959,18139,18259,75,15,15,301.9603245,3715.543658,0.479493658,8,533.5833333,1981.960325,18131,0.444595844,0.32675156,0.66713357
sub-22,147,3,12,20,25018,25078,25318,7,-13,13,313.9597434,3438.418077,0.694239994,8,244.4583333,1993.959743,25086,0.614161015,0.903934419,0.564624548
sub-22,148,3,300,20,10273,11773,17773,28,8,8,325.9593985,4004.792732,0.671569288,3,798.8333333,2005.959399,11776,0.664448321,0.659815192,0.69044435
sub-22,149,3,60,40,9187,9787,10687,19,-21,21,337.9588319,4099.542165,0.426671376,92,881.5833333,2017.958832,9879,0.355018765,0.344421983,0.58057338
sub-22,150,3,60,20,1414,1714,2914,51,31,31,349.9579329,4447.916266,0.828979512,45,1217.958333,2029.957933,1669,0.880903423,0.819167018,0.786868095
sub-22,151,3,12,60,12500,12680,12800,61,1,1,361.9575018,4002.999168,0.69880573,101,761.0416667,2041.957502,12781,0.630747199,0.732289791,0.733380198
sub-22,152,3,12,40,21800,21920,22100,53,13,13,373.9737285,3630.015395,0.786751767,35,376.0416667,2053.973729,21955,0.736993313,0.82633388,0.796928108
sub-22,153,3,60,20,26923,27223,28423,45,25,25,385.973851,3421.057184,0.611131052,24,155.0833333,2065.973851,27199,0.570710897,0.635133803,0.627548456
sub-22,154,3,12,20,21273,21333,21573,33,13,13,397.9732968,3678.473297,0.75228552,0,400.5,2077.973297,21333,0.636497259,0.971750498,0.648608804
sub-22,155,3,300,60,18200,22700,25700,51,-9,9,409.9724053,3633.514072,0.594278524,22,343.5416667,2089.972405,22722,0.791362107,0.5266366,0.464836866
sub-22,156,3,300,40,12645,15645,20145,54,14,14,421.9725567,3939.472557,0.483331859,79,637.5,2101.972557,15566,0.332550645,0.809746027,0.307698905
sub-22,157,3,300,60,14351,18851,21851,39,-21,21,433.9719489,3817.888616,0.678511739,71,503.9166667,2113.971949,18922,0.724799395,0.67871201,0.632023811
sub-22,158,3,60,20,14390,14690,15890,44,24,24,445.97137,4003.263037,0.652103245,10,677.2916667,2125.97137,14700,0.853619874,0.504358649,0.598331213
sub-22,159,3,60,20,12596,12896,14096,53,33,33,457.9711999,4090.012867,0.754556278,29,752.0416667,2137.9712,12867,0.68969357,0.889180124,0.684795141
sub-22,160,3,12,20,15162,15222,15462,75,55,55,469.9700168,4005.095017,0.781456709,12,655.125,2149.970017,15210,0.925493777,0.715577185,0.703299165
sub-22,161,3,300,40,11085,14085,18585,30,-10,10,481.9703427,4064.470343,0.520194809,5,702.5,2161.970343,14090,0.403320372,0.590262294,0.56700176
sub-22,162,3,12,60,25820,26000,26120,38,-22,22,493.9697189,3580.011386,0.513285508,13,206.0416667,2173.969719,25987,0.514377058,0.487244695,0.53823477
sub-22,163,3,12,60,1602,1782,1902,62,2,2,505.9694135,4601.094414,0.502100398,6,1215.125,2185.969414,1788,0.398957372,0.396219879,0.711123943
sub-22,164,3,12,40,25018,25138,25318,56,16,16,517.9686762,3639.92701,0.429841896,52,241.9583333,2197.968676,25086,0.614161015,0.286262631,0.389102042
sub-22,165,3,12,40,11565,11685,11865,49,9,9,529.968505,4212.468505,0.530226717,12,802.5,2209.968505,11697,0.391443521,0.415040255,0.784196377
sub-22,166,3,300,20,22736,24236,30236,76,56,56,541.9678961,3701.509563,0.460771928,36,279.5416667,2221.967896,24200,0.368221045,0.748072684,0.266022056
sub-22,167,3,300,60,19988,24488,27488,31,-29,29,553.9670437,3703.00871,0.365601301,14,269.0416667,2233.967044,24474,0.381335378,0.4435606,0.271907926
sub-22,168,3,12,60,21800,21980,22100,40,-20,20,565.9664309,3819.508098,0.723965764,2,373.5416667,2245.966431,21978,0.736993313,0.71063894,0.724265039
sub-22,169,3,12,60,26328,26508,26628,55,-5,5,577.9661597,3642.84116,0.668048143,8,184.875,2257.96616,26500,0.570940733,0.527293324,0.905910373
sub-22,170,3,300,80,14066,20066,21566,30,-50,50,589.9662845,3923.257951,0.372727503,9,453.2916667,2269.966285,20075,0.427026987,0.356378973,0.334776551
sub-22,171,3,12,40,21273,21393,21573,38,-2,2,601.9651489,3879.965149,0.748584628,60,398,2281.965149,21333,0.636497259,0.976724505,0.63253212
sub-22,172,3,300,80,18922,24922,26422,63,-17,17,613.9653486,3744.923682,0.55417345,88,250.9583333,2293.965349,24834,0.454499304,0.483178377,0.724842668
sub-22,173,3,12,20,15586,15646,15886,32,12,12,625.9648327,4143.423166,0.922746738,80,637.4583333,2305.964833,15566,0.893184006,0.971495926,0.903560281
sub-22,174,3,300,40,9381,12381,16881,53,13,13,637.9644914,4291.464491,0.459073414,9,773.5,2317.964491,12372,0.434503287,0.471244156,0.4714728
sub-22,175,3,300,40,18922,21922,26422,51,11,11,649.963982,3905.922315,0.563334286,33,375.9583333,2329.963982,21955,0.454499304,0.557501614,0.67800194
sub-22,176,3,12,60,15586,15766,15886,52,-8,8,661.963609,4174.421942,0.91404591,126,632.4583333,2341.963609,15892,0.893184006,0.910675526,0.938278198
sub-22,177,3,300,60,21224,25724,28724,69,9,9,673.963166,3771.504833,0.48686858,55,217.5416667,2353.963166,25779,0.495798409,0.43142432,0.533383012
sub-22,178,3,12,40,15162,15282,15462,73,33,33,685.9626863,4218.587686,0.778266191,9,652.625,2365.962686,15291,0.925493777,0.706873059,0.702431738
sub-22,179,3,60,40,17621,18221,19121,53,13,13,697.9620979,4108.128765,0.401363482,9,530.1666667,2377.962098,18212,0.321571469,0.32369706,0.558821917
sub-22,180,3,300,80,19476,25476,26976,78,-2,2,709.9614711,3817.836471,0.696930011,73,227.875,2389.961471,25549,0.618891299,0.667782605,0.80411613
sub-22,181,4,300,40,20069,23069,27569,67,27,27,1.9775213,4050.144188,0.468692313,19,328.1666667,2521.977521,23050,0.377250761,0.444087029,0.584739149
sub-22,182,4,60,40,1414,2014,2914,59,19,19,13.9769323,4939.435266,0.6707172,14,1205.458333,2533.976932,2028,0.880903423,0.538607776,0.5926404
sub-22,183,4,60,20,9187,9487,10687,33,13,13,25.9766153,4640.059949,0.434174627,137,894.0833333,2545.976615,9350,0.355018765,0.394263268,0.553241849
sub-22,184,4,12,20,23924,23984,24224,30,10,10,37.9757732,4048.01744,0.527502427,1,290.0416667,2557.975773,23983,0.842187762,0.358798593,0.381520927
sub-22,185,4,60,80,1414,2614,2914,78,-2,2,49.9758118,4950.434145,0.893087606,6,1180.458333,2569.975812,2608,0.880903423,0.898732543,0.899626851
sub-22,186,4,12,20,2486,2546,2786,39,19,19,61.9753188,4965.266985,0.86674879,62,1183.291667,2581.975319,2608,0.802486777,0.984086692,0.8136729
sub-22,187,4,12,80,26328,26568,26628,70,-10,10,73.9742685,3976.349269,0.682078063,68,182.375,2593.974269,26500,0.570940733,0.554679751,0.920613706
sub-22,188,4,60,40,10035,10635,11535,36,-4,4,85.9738279,4652.223828,0.48510023,41,846.25,2605.973828,10676,0.404203236,0.632850528,0.418246925
sub-22,189,4,300,40,13557,16557,21057,63,23,23,97.9738595,4417.47386,0.421245933,19,599.5,2617.97386,16538,0.375888646,0.617102027,0.270747125
sub-22,190,4,300,40,10273,13273,17773,65,25,25,109.9730757,4566.306409,0.584628761,175,736.3333333,2629.973076,13098,0.664448321,0.636629224,0.452808738
sub-22,191,4,60,40,11369,11969,12869,60,20,20,121.9721932,4632.63886,0.598558346,17,790.6666667,2641.972193,11952,0.533274829,0.519994318,0.742405891
sub-22,192,4,60,40,4556,5156,6056,36,-4,4,133.9726462,4928.514313,0.507196426,8,1074.541667,2653.972646,5148,0.386306763,0.617104769,0.518177748
sub-22,193,4,12,80,27281,27521,27581,63,-17,17,145.9720582,4008.638725,0.484808634,3,142.6666667,2665.972058,27524,0.663646698,0.356698692,0.434080511
sub-22,194,4,12,80,11565,11805,11865,64,-16,16,157.971802,4675.471802,0.425252527,29,797.5,2677.971802,11776,0.391443521,0.391761363,0.492552698
sub-22,195,4,60,60,16451,17351,17951,38,-22,22,169.9710127,4456.387679,0.515537073,45,566.4166667,2689.971013,17396,0.407732636,0.52406621,0.614812374
sub-22,196,4,300,20,21224,22724,28724,37,17,17,181.9709659,4244.512633,0.506919742,2,342.5416667,2701.970966,22722,0.495798409,0.480357289,0.544603527
sub-22,197,4,300,40,19476,22476,26976,61,21,21,193.9701747,4266.845175,0.596290787,49,352.875,2713.970175,22525,0.618891299,0.515366018,0.654615045
sub-22,198,4,60,40,15628,16228,17128,40,0,0,205.9700048,4539.178338,0.469133109,40,613.2083333,2725.970005,16268,0.333360583,0.796540856,0.277497888
sub-22,199,4,60,60,10035,10935,11535,31,-29,29,217.9694123,4771.719412,0.556123992,10,833.75,2737.969412,10925,0.404203236,0.668247223,0.595921516
sub-22,200,4,60,80,16451,17651,17951,71,-9,9,229.9691066,4503.885773,0.503571322,10,553.9166667,2749.969107,17641,0.407732636,0.547998905,0.554982424
sub-22,201,4,300,80,11085,17085,18585,36,-44,44,241.9684577,4539.468458,0.411512583,96,577.5,2761.968458,16989,0.403320372,0.387581944,0.443635434
sub-22,202,4,12,60,14329,14509,14629,82,22,22,253.9678098,4658.801143,0.697990954,5,684.8333333,2773.96781,14514,0.840943217,0.674068928,0.578960717
sub-22,203,4,300,80,14351,20351,21851,72,-8,8,265.9675633,4427.38423,0.707600872,61,441.4166667,2785.967563,20412,0.724799395,0.658842862,0.739160359
sub-22,204,4,12,40,1602,1722,1902,41,1,1,277.9671254,5215.592125,0.569713354,38,1217.625,2797.967125,1760,0.398957372,0.813810945,0.496371746
sub-22,205,4,300,40,14066,17066,21566,62,22,22,289.9668144,4588.258481,0.344607135,77,578.2916667,2809.966814,16989,0.427026987,0.365407616,0.241386801
sub-22,206,4,300,80,18200,24200,25700,51,-29,29,301.9660405,4303.007707,0.666384419,0,281.0416667,2821.966041,24200,0.791362107,0.576158345,0.631632805
sub-22,207,4,60,80,12596,13796,14096,63,-17,17,313.9656809,4748.507348,0.710163554,21,714.5416667,2833.965681,13775,0.68969357,0.766344666,0.674452424
sub-22,208,4,12,40,2486,2606,2786,42,2,2,325.9655276,5226.757194,0.8548099,2,1180.791667,2845.965528,2608,0.802486777,0.953855455,0.808087468
sub-22,209,4,300,40,2522,5522,10022,50,10,10,337.9650314,5117.256698,0.524214218,111,1059.291667,2857.965031,5633,0.40284428,0.631453753,0.538344622
sub-22,210,4,12,40,29300,29420,29600,67,27,27,349.9648209,4133.506488,0.881912669,33,63.54166667,2869.964821,29453,0.835012972,0.842169046,0.968555987
sub-22,211,4,60,80,4556,5756,6056,65,-15,15,361.9642942,5131.505961,0.54880482,27,1049.541667,2881.964294,5729,0.386306763,0.481833637,0.778274059
sub-22,212,4,60,60,1414,2314,2914,41,-19,19,373.9638394,5286.922173,0.553229103,101,1192.958333,2893.963839,2213,0.880903423,0.367280275,0.411503613
sub-22,213,4,300,60,13458,17958,20958,59,-1,1,385.9630068,4647.088007,0.393604338,3,541.125,2905.963007,17961,0.503550649,0.407887161,0.269375205
sub-22,214,4,300,80,16327,22327,23827,82,2,2,397.9628202,4477.046154,0.80520918,126,359.0833333,2917.96282,22201,0.765540838,0.827244103,0.822842598
sub-22,215,4,300,60,18922,23422,26422,63,3,3,409.9787729,4443.437106,0.562183181,108,313.4583333,2929.978773,23314,0.454499304,0.605599403,0.626450837
sub-22,216,4,12,80,21273,21513,21573,63,-17,17,421.9786178,4534.978618,0.761513889,55,393,2941.978618,21458,0.636497259,0.659675717,0.98836869
sub-22,217,4,60,80,14390,15590,15890,69,-11,11,433.9781639,4793.769831,0.87358437,24,639.7916667,2953.978164,15566,0.853619874,0.872111917,0.895021319
sub-22,218,4,300,80,21224,27224,28724,77,-3,3,445.9778468,4321.019513,0.448277911,25,155.0416667,2965.977847,27199,0.495798409,0.28581816,0.563217163
sub-22,219,4,12,60,13450,13630,13750,64,4,4,457.9772482,4899.435582,0.860371133,1,721.4583333,2977.977248,13631,0.881083906,0.862820923,0.837208569
sub-22,220,4,60,20,10035,10335,11535,38,18,18,469.976407,5048.726407,0.528949112,23,858.75,2989.976407,10312,0.404203236,0.763092279,0.41955182
sub-22,221,4,300,20,9381,10881,16881,47,27,27,481.9761257,5037.976126,0.510910342,25,836,3001.976126,10856,0.434503287,0.649891555,0.448336184
sub-22,222,4,300,20,2522,4022,10022,34,14,14,493.9759247,5335.767591,0.535507907,103,1121.791667,3013.975925,3919,0.40284428,0.566761553,0.636917889
sub-22,223,4,60,80,15628,16828,17128,61,-19,19,505.9752566,4814.18359,0.489119957,95,588.2083333,3025.975257,16733,0.333360583,0.658514261,0.475485027
sub-22,224,4,60,40,13176,13776,14676,42,2,2,517.974608,4953.349608,0.604968309,1,715.375,3037.974608,13775,0.457795978,0.853265524,0.503843427
sub-22,225,4,12,80,12500,12740,12800,61,-19,19,529.9742359,5008.515903,0.690956732,41,758.5416667,3049.974236,12781,0.630747199,0.693621397,0.748501599
sub-22,226,4,60,60,19722,20622,21222,67,7,7,541.9742107,4692.099211,0.376208852,11,430.125,3061.974211,20633,0.266462356,0.304706454,0.557457745
sub-22,227,4,60,80,25202,26402,26702,62,-18,18,553.9738401,4463.265507,0.514002681,6,189.2916667,3073.97384,26408,0.380949736,0.542046428,0.619011879
sub-22,228,4,12,40,4600,4720,4900,39,-1,1,565.9732657,5378.681599,0.743728856,146,1092.708333,3085.973266,4574,0.777784109,0.756530881,0.696871579
sub-22,229,4,300,40,21224,24224,28724,60,20,20,577.9726214,4578.014288,0.461755127,24,280.0416667,3097.972621,24200,0.495798409,0.400327176,0.489139795
sub-22,230,4,300,20,1960,3460,9460,33,13,13,589.9723924,5455.180726,0.416565597,5,1145.208333,3109.972392,3465,0.433283031,0.312170625,0.504243135
sub-22,231,4,12,80,4600,4840,4900,51,-29,29,601.9720662,5409.6804,0.840341111,78,1087.708333,3121.972066,4918,0.777784109,0.808963835,0.934275389
sub-22,232,4,300,40,19988,22988,27488,70,30,30,613.9715009,4665.513168,0.398772667,3,331.5416667,3133.971501,22991,0.381335378,0.467199355,0.347783267
sub-22,233,4,12,60,4600,4780,4900,40,-20,20,625.9707936,5436.179127,0.778728823,138,1090.208333,3145.970794,4918,0.777784109,0.792999804,0.765402555
sub-22,234,4,60,60,25202,26102,26702,39,-21,21,637.9707099,4559.762377,0.469284336,2,201.7916667,3157.97071,26100,0.380949736,0.489343941,0.53755933
sub-22,235,4,300,80,9381,15381,16881,75,-5,5,649.9695234,5018.469523,0.462941974,27,648.5,3169.969523,15408,0.434503287,0.516384661,0.437937975
sub-22,236,4,12,20,25820,25880,26120,32,12,12,661.9694451,4593.011112,0.628588279,11,211.0416667,3181.969445,25891,0.514377058,0.79674089,0.57464689
sub-22,237,4,60,80,19722,20922,21222,68,-12,12,673.9693122,4811.594312,0.439013958,4,417.625,3193.969312,20918,0.266462356,0.252884895,0.797694623
sub-22,238,4,60,60,28296,29196,29796,62,2,2,685.9689853,4478.843985,0.40910688,46,72.875,3205.968985,29242,0.386571616,0.449854881,0.390894145
sub-22,239,4,300,20,19476,20976,26976,51,31,31,697.968526,4833.343526,0.513232261,58,415.375,3217.968526,20918,0.618891299,0.418279558,0.502525926
sub-22,240,4,12,80,25018,25258,25318,40,-40,40,709.9679263,4666.92626,0.451532612,24,236.9583333,3229.967926,25234,0.614161015,0.336739153,0.40369767
