subject,trial,block,trial_in_block,condition,interval_width,target_location,start_frame,target_frame,end_frame,reported_location,signed_error,absolute_error,response_time,confidence_rating,confidence_rt,valid_response
sub-01,1,1,1,2,60,60.0,10035,10935,11535,9.351852,-50.648148,50.648148,141.6057057,4,0.9342379,True
sub-01,2,1,2,1,12,20.0,27281,27341,27581,49.907407,29.907407,29.907407,11.3778054,4,0.5341208,True
sub-01,3,1,3,2,300,60.0,18200,22700,25700,75.277778,15.277778,15.277778,8.3586342,3,1.4348485,True
sub-01,4,1,4,2,300,20.0,19476,20976,26976,19.722222,-0.277778,0.277778,7.6408055,4,1.8683619,True
sub-01,5,1,5,2,300,40.0,1960,4960,9460,64.351852,24.351852,24.351852,7.424316,4,1.0847392,True
sub-01,6,1,6,2,300,60.0,18922,23422,26422,76.759259,16.759259,16.759259,10.0112439,3,0.6341069,True
sub-01,7,1,7,1,60,60.0,1414,2314,2914,69.259259,9.259259,9.259259,6.8906073,4,0.4838201,True
sub-01,8,1,8,1,12,80.0,23864,24105,24165,65.555556,-14.444444,14.444444,6.492762,4,0.3333543,True
sub-01,9,1,9,2,60,80.0,12596,13796,14096,39.351852,-40.648148,40.648148,7.8581736,3,0.8173471,True
sub-01,10,1,10,2,300,60.0,19476,23976,26976,10.37037,-49.62963,49.62963,8.6404912,4,0.5842598,True
sub-01,11,1,11,2,300,80.0,22736,28736,30236,77.037037,-2.962963,2.962963,10.1272746,4,0.2502091,True
sub-01,12,1,12,1,60,60.0,2714,3614,4214,89.907407,29.907407,29.907407,5.0386873,4,1.8684617,True
sub-01,13,1,13,1,60,60.0,22148,23048,23648,81.666667,21.666667,21.666667,8.3413193,4,1.0013609,True
sub-01,14,1,14,2,60,40.0,14390,14990,15890,78.425926,38.425926,38.425926,6.0727754,4,0.3507979,True
sub-01,15,1,15,2,60,60.0,19722,20622,21222,96.388889,36.388889,36.388889,6.2227806,4,0.4001526,True
sub-01,16,1,16,1,60,20.0,5494,5794,6994,73.148148,53.148148,53.148148,19.2530382,3,2.0518882,True
sub-01,17,1,17,1,60,20.0,1414,1714,2914,4.259259,-15.740741,15.740741,5.0082277,4,0.600775,True
sub-01,18,1,18,2,60,80.0,10035,11235,11535,25.462963,-54.537037,54.537037,5.0188007,4,0.5334755,True
sub-01,19,1,19,1,12,80.0,24250,24490,24550,96.851852,16.851852,16.851852,7.5221004,4,0.4003681,True
sub-01,20,1,20,2,300,60.0,13557,18057,21057,37.222222,-22.777778,22.777778,7.8246732,4,0.2167413,True
sub-01,21,1,21,2,300,60.0,13458,17958,20958,64.537037,4.537037,4.537037,4.4377786,2,0.5003992,True
sub-01,22,1,22,2,300,40.0,10273,13273,17773,66.388889,26.388889,26.388889,6.7738768,4,0.4171033,True
sub-01,23,1,23,2,300,60.0,2522,7022,10022,66.296296,6.296296,6.296296,6.4569022,3,0.5170149,True
sub-01,24,1,24,2,300,20.0,21224,22724,28724,39.537037,19.537037,19.537037,8.2252606,3,1.2843525,True
sub-01,25,1,25,2,60,60.0,9187,10087,10687,73.425926,13.425926,13.425926,6.3566411,3,0.3165807,True
sub-01,26,1,26,1,12,20.0,14329,14389,14629,17.407407,-2.592593,2.592593,9.3425193,4,0.0665676,True
sub-01,27,1,27,2,60,20.0,23865,24165,25365,67.314815,47.314815,47.314815,5.1224092,4,0.4173657,True
sub-01,28,1,28,1,12,20.0,6414,6474,6714,9.444444,-10.555556,10.555556,5.4383961,4,0.4173078,True
sub-01,29,1,29,2,300,20.0,1638,3138,9138,22.5,2.5,2.5,6.6732375,4,0.367009,True
sub-01,30,1,30,2,300,40.0,5739,8739,13239,24.259259,-15.740741,15.740741,7.7243915,4,0.4170619,True
sub-01,31,1,31,2,60,20.0,17621,17921,19121,2.592593,-17.407407,17.407407,5.6558516,4,1.0514208,True
sub-01,32,1,32,1,12,60.0,17600,17780,17900,95.462963,35.462963,35.462963,8.0080179,4,0.8175034,True
sub-01,33,1,33,2,300,80.0,20069,26069,27569,84.074074,4.074074,4.074074,9.7096169,4,0.951164,True
sub-01,34,1,34,1,12,20.0,16152,16212,16452,4.907407,-15.092593,15.092593,8.9088058,4,0.8678574,True
sub-01,35,1,35,1,12,40.0,2393,2513,2693,7.592593,-32.407407,32.407407,6.5737732,4,0.4674057,True
sub-01,36,1,36,1,12,80.0,16152,16392,16452,97.222222,17.222222,17.222222,2.9371887,4,0.7837513,True
sub-01,37,1,37,1,60,60.0,6042,6942,7542,95.925926,35.925926,35.925926,6.2729466,4,0.5173238,True
sub-01,38,1,38,2,300,80.0,11153,17153,18653,13.888889,-66.111111,66.111111,4.7050756,2,1.7520153,True
sub-01,39,1,39,1,60,60.0,4556,5456,6056,72.592593,12.592593,12.592593,5.2716468,4,0.3330277,True
sub-01,40,1,40,2,60,40.0,28296,28896,29796,35.092593,-4.907407,4.907407,4.9720112,4,0.166609,True
sub-01,41,1,41,2,300,20.0,14066,15566,21566,70.462963,50.462963,50.462963,8.9425456,3,0.6509135,True
sub-01,42,1,42,2,300,20.0,17351,18851,24851,37.87037,17.87037,17.87037,13.0295188,2,2.2520572,True
sub-01,43,1,43,2,300,60.0,10518,15018,18018,31.851852,-28.148148,28.148148,10.0264901,3,0.7838892,True
sub-01,44,1,44,1,60,20.0,15628,15928,17128,8.055556,-11.944444,11.944444,7.8083026,4,0.0830592,True
sub-01,45,1,45,2,300,80.0,1960,7960,9460,34.537037,-45.462963,45.462963,3.9870685,4,0.3337426,True
sub-01,46,1,46,1,60,80.0,1414,2614,2914,97.037037,17.037037,17.037037,4.972204,4,0.2667817,True
sub-01,47,1,47,1,12,60.0,29300,29480,29600,75.37037,15.37037,15.37037,15.8658578,3,0.333262,True
sub-01,48,1,48,1,12,80.0,26328,26568,26628,97.5,17.5,17.5,4.2210126,4,0.216636,True
sub-01,49,1,49,1,60,40.0,20386,20986,21886,76.018519,36.018519,36.018519,3.5872844,4,1.4343404,True
sub-01,50,1,50,1,12,80.0,4600,4840,4900,97.685185,17.685185,17.685185,6.823317,4,0.1835503,True
sub-01,51,1,51,2,300,80.0,9381,15381,16881,72.87037,-7.12963,7.12963,8.3751887,2,0.5172075,True
sub-01,52,1,52,1,60,20.0,6042,6342,7542,73.888889,53.888889,53.888889,4.9552686,3,0.5835154,True
sub-01,53,1,53,2,300,20.0,11153,12653,18653,8.888889,-11.111111,11.111111,8.6617591,4,0.2336386,True
sub-01,54,1,54,1,12,80.0,15162,15402,15462,91.666667,11.666667,11.666667,5.9733008,4,0.4673776,True
sub-01,55,1,55,2,300,60.0,1638,6138,9138,70.555556,10.555556,10.555556,5.6364393,4,0.1831822,True
sub-01,56,1,56,1,60,80.0,6042,7242,7542,87.685185,7.685185,7.685185,3.1204671,4,0.3501279,True
sub-01,57,1,57,1,12,80.0,21273,21513,21573,97.592593,17.592593,17.592593,3.2868531,4,0.3004762,True
sub-01,58,1,58,2,300,20.0,10273,11773,17773,70.648148,50.648148,50.648148,7.9919222,3,0.4674735,True
sub-01,59,1,59,1,60,40.0,2714,3314,4214,28.333333,-11.666667,11.666667,4.7249853,4,0.5167378,True
sub-01,60,1,60,2,60,80.0,9187,10387,10687,73.888889,-6.111111,6.111111,7.3053093,2,1.1179967,True
sub-01,61,1,61,1,12,40.0,9950,10070,10250,3.518519,-36.481481,36.481481,3.6538118,4,0.4173795,True
sub-01,62,1,62,1,12,40.0,29300,29420,29600,71.388889,31.388889,31.388889,3.5202723,3,0.5837654,True
sub-01,63,1,63,1,12,60.0,15162,15342,15462,68.888889,8.888889,8.888889,6.1426777,4,0.3841289,True
sub-01,64,1,64,2,300,60.0,11153,15653,18653,40.925926,-19.074074,19.074074,9.9463826,4,0.2165599,True
sub-01,65,1,65,1,12,80.0,17600,17840,17900,97.5,17.5,17.5,6.1201637,4,1.8521761,True
sub-01,66,1,66,2,300,80.0,16072,22072,23572,84.62963,4.62963,4.62963,6.4573308,4,0.4673753,True
sub-01,67,1,67,2,60,60.0,25202,26102,26702,74.722222,14.722222,14.722222,8.7919445,3,0.5338519,True
sub-01,68,1,68,1,12,40.0,24250,24370,24550,19.074074,-20.925926,20.925926,3.9540699,4,0.3499148,True
sub-01,69,1,69,2,300,60.0,14066,18566,21566,79.814815,19.814815,19.814815,6.4268273,3,0.4172334,True
sub-01,70,1,70,2,60,60.0,11369,12269,12869,72.685185,12.685185,12.685185,8.9261762,3,0.3504546,True
sub-01,71,1,71,1,12,60.0,10400,10580,10700,93.703704,33.703704,33.703704,4.2215799,4,0.2834743,True
sub-01,72,1,72,2,300,20.0,11085,12585,18585,30.648148,10.648148,10.648148,3.6380141,1,0.53419,True
sub-01,73,1,73,2,60,80.0,17621,18821,19121,93.240741,13.240741,13.240741,3.4847076,4,0.4502833,True
sub-01,74,1,74,1,12,40.0,15586,15706,15886,24.814815,-15.185185,15.185185,5.3888028,4,0.1333972,True
sub-01,75,1,75,2,60,80.0,14390,15590,15890,92.314815,12.314815,12.314815,3.0234071,4,0.266945,True
sub-01,76,1,76,1,12,20.0,3739,3799,4039,13.055556,-6.944444,6.944444,3.1032054,3,0.8844475,True
sub-01,77,1,77,2,60,40.0,3650,4250,5150,13.333333,-26.666667,26.666667,3.5541349,4,0.5840838,True
sub-01,78,1,78,1,12,20.0,29300,29360,29600,32.222222,12.222222,12.222222,4.3014064,3,0.2663959,True
sub-01,79,1,79,1,12,20.0,9950,10010,10250,33.888889,13.888889,13.888889,5.1580907,3,0.2172292,True
sub-01,80,1,80,1,60,80.0,13176,14376,14676,69.074074,-10.925926,10.925926,3.6536536,1,0.4338169,True
sub-01,81,1,81,2,300,20.0,5739,7239,13239,15.092593,-4.907407,4.907407,3.8176562,4,0.1666615,True
sub-01,82,1,82,1,60,40.0,22148,22748,23648,74.814815,34.814815,34.814815,5.7720516,4,0.4169913,True
sub-01,83,1,83,2,300,60.0,12645,17145,20145,36.759259,-23.240741,23.240741,3.5204619,4,0.2838732,True
sub-01,84,1,84,2,300,40.0,21224,24224,28724,70.925926,30.925926,30.925926,7.7413075,4,0.3336859,True
sub-01,85,1,85,2,300,40.0,20069,23069,27569,61.574074,21.574074,21.574074,6.1433075,3,0.3168671,True
sub-01,86,1,86,2,300,80.0,19476,25476,26976,75.462963,-4.537037,4.537037,5.7863805,4,0.25004,True
sub-01,87,1,87,2,60,40.0,11369,11969,12869,38.796296,-1.203704,1.203704,4.3878374,3,0.650613,True
sub-01,88,1,88,1,12,20.0,21273,21333,21573,3.148148,-16.851852,16.851852,2.98626,4,0.6675467,True
sub-01,89,1,89,2,300,40.0,17351,20351,24851,80.555556,40.555556,40.555556,7.293971,3,0.3001987,True
sub-01,90,1,90,2,300,40.0,16072,19072,23572,81.018519,41.018519,41.018519,5.4528789,4,0.183294,True
sub-01,91,1,91,2,300,20.0,18922,20422,26422,39.166667,19.166667,19.166667,6.5609704,2,0.3841914,True
sub-01,92,1,92,2,300,80.0,19988,25988,27488,20.833333,-59.166667,59.166667,6.6073841,3,0.3338377,True
sub-01,93,1,93,2,60,20.0,14390,14690,15890,27.037037,7.037037,7.037037,3.0004313,4,0.3502399,True
sub-01,94,1,94,1,12,60.0,6414,6594,6714,96.666667,36.666667,36.666667,5.9564579,4,0.1165827,True
sub-01,95,1,95,2,300,60.0,16072,20572,23572,82.5,22.5,22.5,4.9382063,4,0.1497899,True
sub-01,96,1,96,1,60,80.0,15628,16828,17128,96.018519,16.018519,16.018519,3.2371955,4,0.4169787,True
sub-01,97,1,97,1,12,60.0,2393,2573,2693,4.351852,-55.648148,55.648148,3.6370509,4,0.3005948,True
sub-01,98,1,98,1,12,40.0,21800,21920,22100,9.259259,-30.740741,30.740741,5.0390913,4,0.30011,True
sub-01,99,1,99,2,60,40.0,21629,22229,23129,31.296296,-8.703704,8.703704,6.2566105,3,0.2332184,True
sub-01,100,1,100,1,12,40.0,1602,1722,1902,81.388889,41.388889,41.388889,37.3211814,1,1.9853485,True
sub-01,101,2,1,1,60,20.0,20386,20686,21886,25.648148,5.648148,5.648148,4.6119245,4,1.6682735,True
sub-01,102,2,2,2,300,20.0,22736,24236,30236,73.981481,53.981481,53.981481,7.8245036,4,0.2839728,True
sub-01,103,2,3,1,12,80.0,1602,1842,1902,90.277778,10.277778,10.277778,3.6738315,4,0.183615,True
sub-01,104,2,4,1,12,40.0,6414,6534,6714,27.407407,-12.592593,12.592593,3.1840483,4,0.2834348,True
sub-01,105,2,5,2,300,20.0,19988,21488,27488,31.944444,11.944444,11.944444,5.976277,4,0.2003912,True
sub-01,106,2,6,2,60,80.0,25202,26402,26702,84.537037,4.537037,4.537037,8.1228025,4,0.1667503,True
sub-01,107,2,7,1,12,60.0,24250,24430,24550,68.425926,8.425926,8.425926,5.7094555,4,0.1837868,True
sub-01,108,2,8,1,12,40.0,4600,4720,4900,12.037037,-27.962963,27.962963,3.9347308,4,0.2672343,True
sub-01,109,2,9,1,12,20.0,24970,25030,25270,3.703704,-16.296296,16.296296,4.5713723,4,0.4340788,True
sub-01,110,2,10,1,12,60.0,12500,12680,12800,28.148148,-31.851852,31.851852,7.3240628,4,0.1665589,True
sub-01,111,2,11,2,60,80.0,25895,27095,27395,79.444444,-0.555556,0.555556,3.0533567,4,0.0667495,True
sub-01,112,2,12,2,60,60.0,16451,17351,17951,75.462963,15.462963,15.462963,4.6214749,3,0.9511448,True
sub-01,113,2,13,1,12,40.0,10400,10520,10700,13.148148,-26.851852,26.851852,5.959721,4,0.2668555,True
sub-01,114,2,14,1,12,60.0,23864,24045,24165,90.092593,30.092593,30.092593,8.7232044,4,0.3837124,True
sub-01,115,2,15,2,300,40.0,22736,25736,30236,23.888889,-16.111111,16.111111,5.1884739,4,0.3170532,True
sub-01,117,2,17,2,300,40.0,13557,16557,21057,7.12963,-32.87037,32.87037,5.5591328,4,0.3666794,True
sub-01,118,2,18,1,60,20.0,22148,22448,23648,16.111111,-3.888889,3.888889,5.8367422,4,0.1665466,True
sub-01,119,2,19,1,12,60.0,3739,3919,4039,92.407407,32.407407,32.407407,7.4408271,4,0.7674799,True
sub-01,120,2,20,1,12,80.0,3739,3979,4039,96.759259,16.759259,16.759259,3.5703695,4,0.8006474,True
sub-01,121,2,21,1,12,60.0,11500,11680,11800,84.537037,24.537037,24.537037,13.9140211,4,0.0832153,True
sub-01,122,2,22,2,300,80.0,5739,11739,13239,21.296296,-58.703704,58.703704,3.9707599,3,0.2168744,True
sub-01,123,2,23,1,12,60.0,27281,27461,27581,97.037037,37.037037,37.037037,4.1579809,4,0.4174028,True
sub-01,124,2,24,1,12,20.0,1602,1662,1902,16.203704,-3.796296,3.796296,9.9906968,4,0.7677111,True
sub-01,125,2,25,1,12,60.0,24970,25150,25270,97.314815,37.314815,37.314815,3.8238219,4,0.9677108,True
sub-01,126,2,26,1,12,80.0,2393,2633,2693,97.592593,17.592593,17.592593,5.1526329,4,0.7339122,True
sub-01,127,2,27,1,12,80.0,25820,26060,26120,20.092593,-59.907407,59.907407,3.336724,4,0.3667131,True
sub-01,128,2,28,2,300,80.0,1638,7638,9138,23.148148,-56.851852,56.851852,6.0057778,4,25.0909258,True
sub-01,130,2,30,2,300,80.0,2522,8522,10022,82.87037,2.87037,2.87037,5.7556526,4,0.1332508,True
sub-01,131,2,31,1,12,20.0,15162,15222,15462,10.833333,-9.166667,9.166667,5.3584885,3,0.2002651,True
sub-01,132,2,32,1,12,80.0,2486,2726,2786,93.518519,13.518519,13.518519,2.88328,4,0.2837073,True
sub-01,133,2,33,2,60,20.0,19722,20022,21222,10.185185,-9.814815,9.814815,2.4184551,4,0.0663276,True
sub-01,134,2,34,1,60,80.0,4556,5756,6056,78.425926,-1.574074,1.574074,2.4694245,4,0.4673838,True
sub-01,135,2,35,2,300,40.0,14351,17351,21851,76.574074,36.574074,36.574074,4.8717716,2,0.8837158,True
sub-01,136,2,36,1,12,60.0,1602,1782,1902,95.37037,35.37037,35.37037,4.0035424,4,0.4839228,True
sub-01,137,2,37,2,300,80.0,21224,27224,28724,75.740741,-4.259259,4.259259,4.9244503,4,0.1839643,True
sub-01,138,2,38,2,60,80.0,3650,4850,5150,88.611111,8.611111,8.611111,4.6690316,4,0.25011,True
sub-01,139,2,39,1,12,40.0,15162,15282,15462,67.777778,27.777778,27.777778,4.1243747,4,0.3842921,True
sub-01,140,2,40,2,60,20.0,12596,12896,14096,27.962963,7.962963,7.962963,2.1494872,4,0.5671587,True
sub-01,141,2,41,1,60,40.0,6042,6642,7542,80.833333,40.833333,40.833333,4.7214567,4,0.2336613,True
sub-01,142,2,42,1,60,80.0,13942,15142,15442,60.555556,-19.444444,19.444444,5.8091511,4,0.5004154,True
sub-01,143,2,43,2,300,60.0,17351,21851,24851,75.185185,15.185185,15.185185,3.7213171,2,0.6002554,True
sub-01,144,2,44,1,12,40.0,23864,23985,24165,78.333333,38.333333,38.333333,6.6737106,3,0.3002325,True
sub-01,145,2,45,1,12,80.0,24970,25210,25270,97.592593,17.592593,17.592593,2.9505271,4,0.4998741,True
sub-01,146,2,46,2,300,80.0,13557,19557,21057,69.537037,-10.462963,10.462963,4.1543486,4,0.2500884,True
sub-01,147,2,47,2,60,80.0,19722,20922,21222,95.092593,15.092593,15.092593,1.8186769,4,0.3167725,True
sub-01,148,2,48,2,300,60.0,22736,27236,30236,76.203704,16.203704,16.203704,7.507539,4,0.5171536,True
sub-01,149,2,49,2,60,40.0,23865,24465,25365,32.5,-7.5,7.5,5.6923562,4,0.1502454,True
sub-01,150,2,50,2,300,20.0,12645,14145,20145,38.703704,18.703704,18.703704,2.8164744,4,1.6685928,True
sub-01,151,2,51,2,300,20.0,13557,15057,21057,17.592593,-2.407407,2.407407,5.5026795,4,0.2005624,True
sub-01,152,2,52,2,300,20.0,9381,10881,16881,11.203704,-8.796296,8.796296,6.6735617,3,0.4840864,True
sub-01,153,2,53,1,12,80.0,6414,6654,6714,97.037037,17.037037,17.037037,3.3028581,4,0.3502157,True
sub-01,154,2,54,2,300,40.0,19476,22476,26976,26.203704,-13.796296,13.796296,4.8546105,3,0.3165541,True
sub-01,155,2,55,1,60,20.0,4556,4856,6056,15.648148,-4.351852,4.351852,2.8055765,4,0.5674009,True
sub-01,156,2,56,2,300,80.0,18200,24200,25700,64.444444,-15.555556,15.555556,9.0062574,4,0.6338627,True
sub-01,157,2,57,2,60,40.0,10035,10635,11535,71.574074,31.574074,31.574074,3.9906847,2,0.6004089,True
sub-01,158,2,58,2,300,60.0,14351,18851,21851,69.444444,9.444444,9.444444,5.255794,1,0.5502908,True
sub-01,159,2,59,2,60,40.0,12596,13196,14096,66.388889,26.388889,26.388889,2.7665126,4,0.4841618,True
sub-01,160,2,60,1,12,80.0,9950,10190,10250,74.722222,-5.277778,5.277778,2.5190368,4,0.1167263,True
sub-01,161,2,61,1,60,40.0,13942,14542,15442,24.814815,-15.185185,15.185185,3.0561929,4,0.4670945,True
sub-01,162,2,62,1,12,40.0,21273,21393,21573,2.685185,-37.314815,37.314815,2.2996502,4,0.5172423,True
sub-01,163,2,63,1,12,20.0,17600,17660,17900,29.537037,9.537037,9.537037,3.5236577,4,0.3505382,True
sub-01,164,2,64,2,300,60.0,1960,6460,9460,77.222222,17.222222,17.222222,5.3367237,4,0.1834539,True
sub-01,165,2,65,1,12,80.0,10400,10640,10700,18.518519,-61.481481,61.481481,4.1738559,4,0.2168306,True
sub-01,166,2,66,1,12,60.0,26328,26508,26628,96.666667,36.666667,36.666667,2.3331868,4,0.4332597,True
sub-01,167,2,67,1,12,20.0,2486,2546,2786,3.796296,-16.203704,16.203704,2.0184847,4,0.3009859,True
sub-01,168,2,68,2,60,40.0,25895,26495,27395,19.166667,-20.833333,20.833333,4.2715014,4,0.3669252,True
sub-01,169,2,69,2,60,40.0,9187,9787,10687,33.888889,-6.111111,6.111111,9.2095713,3,0.3668362,True
sub-01,170,2,70,2,300,40.0,11085,14085,18585,18.425926,-21.574074,21.574074,6.1063986,4,0.6512915,True
sub-01,171,2,71,1,60,60.0,26923,27823,28423,93.703704,33.703704,33.703704,3.053855,4,0.3337815,True
sub-01,172,2,72,1,12,60.0,21273,21453,21573,3.703704,-56.296296,56.296296,2.252059,4,0.2831883,True
sub-01,173,2,73,2,60,40.0,17621,18221,19121,67.685185,27.685185,27.685185,8.1946476,1,0.583873,True
sub-01,174,2,74,1,60,20.0,2714,3014,4214,10.185185,-9.814815,9.814815,3.3672637,4,0.4837938,True
sub-01,175,2,75,1,12,20.0,12500,12560,12800,12.037037,-7.962963,7.962963,2.756035,4,0.3169266,True
sub-01,176,2,76,2,300,20.0,16072,17572,23572,25.092593,5.092593,5.092593,2.6339326,3,0.4502865,True
sub-01,177,2,77,1,60,60.0,13176,14076,14676,85.555556,25.555556,25.555556,3.0400293,4,0.3000613,True
sub-01,178,2,78,2,60,20.0,25202,25502,26702,29.537037,9.537037,9.537037,1.66669,4,0.9340958,True
sub-01,179,2,79,2,300,20.0,7365,8865,14865,69.814815,49.814815,49.814815,2.5855641,4,1.1847826,True
sub-01,180,2,80,2,300,40.0,7365,10365,14865,76.111111,36.111111,36.111111,2.5696602,4,0.4000242,True
sub-01,181,2,81,2,300,20.0,14351,15851,21851,27.5,7.5,7.5,4.5251576,3,0.1161397,True
sub-01,182,2,82,2,300,20.0,20069,21569,27569,43.425926,23.425926,23.425926,5.0350356,3,0.3168697,True
sub-01,183,2,83,2,300,20.0,16327,17827,23827,40.555556,20.555556,20.555556,7.0233337,4,0.1502324,True
sub-01,184,2,84,1,12,20.0,15586,15646,15886,25.37037,5.37037,5.37037,3.8374961,4,0.2339576,True
sub-01,185,2,85,2,60,20.0,9187,9487,10687,10.833333,-9.166667,9.166667,3.2401986,4,0.5006731,True
sub-01,186,2,86,1,60,40.0,26923,27523,28423,78.425926,38.425926,38.425926,2.116197,4,0.3335932,True
sub-01,187,2,87,2,60,80.0,16451,17651,17951,71.388889,-8.611111,8.611111,2.5888082,4,0.1832395,True
sub-01,188,2,88,2,300,40.0,18922,21922,26422,68.333333,28.333333,28.333333,2.5499901,3,0.2669984,True
sub-01,189,2,89,2,300,80.0,12645,18645,20145,38.703704,-41.296296,41.296296,2.5227103,3,0.1835387,True
sub-01,190,2,90,1,12,40.0,11500,11620,11800,25.740741,-14.259259,14.259259,11.4755645,4,0.2997193,True
sub-01,191,2,91,1,60,60.0,13942,14842,15442,27.87037,-32.12963,32.12963,3.5570052,4,0.1506272,True
sub-01,192,2,92,2,300,80.0,14066,20066,21566,32.037037,-47.962963,47.962963,3.1676129,4,0.2668817,True
sub-01,193,2,93,1,60,80.0,26923,28123,28423,73.425926,-6.574074,6.574074,2.3391959,4,0.5003894,True
sub-01,194,2,94,2,60,20.0,11369,11669,12869,15.185185,-4.814815,4.814815,2.9332821,4,0.2670368,True
sub-01,195,2,95,2,300,40.0,16327,19327,23827,28.055556,-11.944444,11.944444,1.7055485,4,0.3171163,True
sub-01,196,2,96,2,300,80.0,10273,16273,17773,27.12963,-52.87037,52.87037,3.1840818,4,0.1837179,True
sub-01,197,2,97,1,60,80.0,5494,6694,6994,80.555556,0.555556,0.555556,3.6402016,4,0.3336688,True
sub-01,198,2,98,2,60,20.0,25895,26195,27395,26.666667,6.666667,6.666667,1.9322166,3,0.2498199,True
sub-01,199,2,99,1,12,60.0,16152,16332,16452,21.759259,-38.240741,38.240741,3.2063795,4,0.2168802,True
sub-01,200,2,100,2,300,80.0,11085,17085,18585,37.5,-42.5,42.5,3.7851313,3,0.2829536,True
sub-01,201,3,1,2,60,80.0,11369,12569,12869,89.074074,9.074074,9.074074,6.5137921,4,0.5169043,True
sub-01,202,3,2,1,60,80.0,2714,3914,4214,94.259259,14.259259,14.259259,4.5216507,4,0.3674067,True
sub-01,203,3,3,1,60,60.0,15628,16528,17128,23.333333,-36.666667,36.666667,2.6059868,4,0.2838125,True
sub-01,204,3,4,2,60,80.0,28296,29496,29796,36.851852,-43.148148,43.148148,7.2050534,4,0.3002385,True
sub-01,205,3,5,1,12,80.0,11500,11740,11800,94.814815,14.814815,14.814815,4.5083205,4,0.6340529,True
sub-01,206,3,6,2,300,80.0,17351,23351,24851,85.092593,5.092593,5.092593,7.2378876,4,0.1671,True
sub-01,207,3,7,2,300,60.0,16327,20827,23827,24.074074,-35.925926,35.925926,2.1891202,4,0.1668955,True
sub-01,208,3,8,1,60,20.0,13176,13476,14676,6.481481,-13.518519,13.518519,2.6499176,4,0.2336754,True
sub-01,209,3,9,2,60,60.0,21629,22529,23129,73.703704,13.703704,13.703704,3.1743252,4,0.2001706,True
sub-01,210,3,10,2,300,60.0,11085,15585,18585,39.259259,-20.740741,20.740741,7.6384155,4,0.1668302,True
sub-01,211,3,11,1,60,60.0,20386,21286,21886,27.87037,-32.12963,32.12963,4.1241329,4,0.317102,True
sub-01,212,3,12,1,12,20.0,2393,2453,2693,27.037037,7.037037,7.037037,4.8528419,4,0.050206,True
sub-01,213,3,13,2,300,40.0,19988,22988,27488,71.851852,31.851852,31.851852,6.9265779,4,0.3670283,True
sub-01,214,3,14,1,12,60.0,15586,15766,15886,70.925926,10.925926,10.925926,4.7529527,4,0.1337767,True
sub-01,215,3,15,2,300,40.0,14066,17066,21566,36.666667,-3.333333,3.333333,2.118647,3,0.3502355,True
sub-01,216,3,16,2,300,40.0,1638,4638,9138,76.203704,36.203704,36.203704,3.9037957,4,0.1167501,True
sub-01,217,3,17,1,12,40.0,12500,12620,12800,69.444444,29.444444,29.444444,2.0720034,4,0.2335078,True
sub-01,218,3,18,1,12,60.0,2486,2666,2786,91.851852,31.851852,31.851852,2.951182,4,1.4180593,True
sub-01,219,3,19,1,12,20.0,26328,26388,26628,77.592593,57.592593,57.592593,3.2866796,4,0.3671409,True
sub-01,220,3,20,1,12,60.0,14329,14509,14629,91.666667,31.666667,31.666667,3.8872265,4,0.4003089,True
sub-01,221,3,21,2,300,20.0,2522,4022,10022,17.87037,-2.12963,2.12963,2.1190492,3,0.2835236,True
sub-01,222,3,22,2,300,20.0,1960,3460,9460,29.814815,9.814815,9.814815,3.470569,3,0.4671752,True
sub-01,223,3,23,1,12,40.0,14329,14449,14629,28.055556,-11.944444,11.944444,4.2915764,4,0.5505469,True
sub-01,224,3,24,2,300,60.0,21224,25724,28724,33.981481,-26.018519,26.018519,2.3835625,4,0.8507279,True
sub-01,225,3,25,1,12,20.0,4600,4660,4900,12.12963,-7.87037,7.87037,3.3860088,4,0.4833513,True
sub-01,226,3,26,2,300,40.0,13458,16458,20958,25.648148,-14.351852,14.351852,4.1208842,3,0.3167132,True
sub-01,227,3,27,1,12,80.0,12500,12740,12800,68.518519,-11.481481,11.481481,5.9260437,4,0.1333924,True
sub-01,228,3,28,2,300,20.0,13458,14958,20958,25.37037,5.37037,5.37037,1.9826571,3,0.3001648,True
sub-01,229,3,29,2,60,40.0,25202,25802,26702,20.37037,-19.62963,19.62963,3.5734115,4,0.2837235,True
sub-01,230,3,30,2,60,20.0,28296,28596,29796,31.018519,11.018519,11.018519,7.1209448,4,0.2670678,True
sub-01,231,3,31,2,300,40.0,11153,14153,18653,29.444444,-10.555556,10.555556,7.4915232,4,0.3168663,True
sub-01,232,3,32,1,60,60.0,5494,6394,6994,70.833333,10.833333,10.833333,7.0905128,3,0.4838484,True
sub-01,233,3,33,2,300,80.0,7365,13365,14865,68.611111,-11.388889,11.388889,3.5368608,4,0.4507673,True
sub-01,234,3,34,1,60,40.0,13176,13776,14676,23.518519,-16.481481,16.481481,2.9695594,4,0.3504838,True
sub-01,235,3,35,2,60,60.0,17621,18521,19121,77.314815,17.314815,17.314815,1.688574,2,0.384214,True
sub-01,236,3,36,1,60,40.0,4556,5156,6056,69.259259,29.259259,29.259259,2.6133024,4,0.2495963,True
sub-01,237,3,37,1,12,60.0,25820,26000,26120,14.814815,-45.185185,45.185185,3.0542359,4,0.4336254,True
sub-01,238,3,38,1,60,20.0,13942,14242,15442,19.166667,-0.833333,0.833333,1.6521158,4,0.2667416,True
sub-01,239,3,39,2,300,60.0,10273,14773,17773,31.759259,-28.240741,28.240741,3.8868827,4,0.2838931,True
sub-01,240,3,40,2,300,40.0,9381,12381,16881,35.0,-5.0,5.0,3.4533125,4,0.1329513,True
sub-01,241,3,41,2,60,20.0,21629,21929,23129,13.981481,-6.018519,6.018519,10.8279668,4,0.2001887,True
sub-01,242,3,42,2,300,40.0,2522,5522,10022,26.203704,-13.796296,13.796296,2.0326551,4,0.1166173,True
sub-01,243,3,43,1,60,40.0,5494,6094,6994,31.018519,-8.981481,8.981481,2.2025957,4,0.4504806,True
sub-01,244,3,44,2,300,60.0,5739,10239,13239,27.685185,-32.314815,32.314815,5.7559204,3,0.1673256,True
sub-01,245,3,45,2,300,60.0,20069,24569,27569,69.074074,9.074074,9.074074,3.9239249,1,0.4503133,True
sub-01,246,3,46,2,300,80.0,14351,20351,21851,61.203704,-18.796296,18.796296,2.7703138,3,0.3502844,True
sub-01,247,3,47,2,60,60.0,14390,15290,15890,36.111111,-23.888889,23.888889,5.5197616,4,0.1000446,True
sub-01,248,3,48,1,12,40.0,2486,2606,2786,19.62963,-20.37037,20.37037,4.7378724,4,0.617423,True
sub-01,249,3,49,1,12,80.0,27281,27521,27581,97.222222,17.222222,17.222222,4.5045983,4,0.3173573,True
sub-01,250,3,50,2,300,80.0,16327,22327,23827,96.388889,16.388889,16.388889,4.1539933,4,0.0665154,True
sub-01,251,3,51,1,12,60.0,9950,10130,10250,14.722222,-45.277778,45.277778,2.5526075,4,0.1499749,True
sub-01,252,3,52,2,60,60.0,28296,29196,29796,77.777778,17.777778,17.777778,3.7205453,1,0.8839818,True
sub-01,253,3,53,1,12,60.0,4600,4780,4900,73.796296,13.796296,13.796296,6.6606402,3,0.1494777,True
sub-01,254,3,54,1,12,80.0,14329,14569,14629,95.37037,15.37037,15.37037,3.2007592,4,0.100073,True
sub-01,255,3,55,1,60,40.0,15628,16228,17128,27.592593,-12.407407,12.407407,2.0355821,3,0.1167977,True
sub-01,256,3,56,1,60,80.0,20386,21586,21886,83.611111,3.611111,3.611111,3.1730415,4,0.1838462,True
sub-01,257,3,57,2,300,60.0,7365,11865,14865,31.018519,-28.981481,28.981481,6.3213689,4,0.18337,True
sub-01,258,3,58,1,60,20.0,26923,27223,28423,4.074074,-15.925926,15.925926,4.0376151,4,0.4005494,True
sub-01,259,3,59,2,300,40.0,18200,21200,25700,10.277778,-29.722222,29.722222,2.3024399,3,0.1164611,True
sub-01,260,3,60,1,12,40.0,26328,26448,26628,94.444444,54.444444,54.444444,4.2039676,4,0.1332545,True
sub-01,261,3,61,1,12,20.0,10400,10460,10700,6.574074,-13.425926,13.425926,3.1064635,4,0.0329521,True
sub-01,262,3,62,2,60,40.0,16451,17051,17951,23.703704,-16.296296,16.296296,2.4667232,4,0.2331192,True
sub-01,263,3,63,1,12,20.0,11500,11560,11800,15.092593,-4.907407,4.907407,3.3736969,3,0.2666092,True
sub-01,264,3,64,2,60,80.0,21629,22829,23129,82.12963,2.12963,2.12963,3.3839437,4,0.5002567,True
sub-01,265,3,65,1,12,20.0,23864,23925,24165,12.407407,-7.592593,7.592593,2.0388143,4,0.2333927,True
sub-01,266,3,66,1,12,20.0,21800,21860,22100,70.185185,50.185185,50.185185,2.1163263,3,0.4498602,True
sub-01,267,3,67,2,60,20.0,3650,3950,5150,22.592593,2.592593,2.592593,2.7731186,4,0.7673125,True
sub-01,268,3,68,2,300,80.0,13458,19458,20958,30.185185,-49.814815,49.814815,3.7182843,3,0.2501364,True
sub-01,269,3,69,2,300,60.0,19988,24488,27488,26.666667,-33.333333,33.333333,3.7072672,2,0.5479766,True
sub-01,270,3,70,2,60,40.0,19722,20322,21222,80.648148,40.648148,40.648148,2.3356461,4,0.2500311,True
sub-01,271,3,71,1,12,80.0,15586,15826,15886,93.888889,13.888889,13.888889,3.9238981,4,0.2499981,True
sub-01,272,3,72,1,12,40.0,13450,13570,13750,88.888889,48.888889,48.888889,8.7589582,4,0.4174621,True
sub-01,273,3,73,1,12,80.0,29300,29540,29600,76.203704,-3.796296,3.796296,2.3163901,3,0.3005346,True
sub-01,274,3,74,1,12,40.0,3739,3859,4039,25.0,-15.0,15.0,4.5713737,4,0.0664278,True
sub-01,275,3,75,1,60,40.0,1414,2014,2914,21.574074,-18.425926,18.425926,5.892052,4,0.8012617,True
sub-01,276,3,76,2,300,80.0,10518,16518,18018,67.5,-12.5,12.5,5.3691967,3,0.2169165,True
sub-01,277,3,77,1,12,40.0,24970,25090,25270,92.037037,52.037037,52.037037,5.8258155,4,0.2333199,True
sub-01,278,3,78,2,300,20.0,10518,12018,18018,13.611111,-6.388889,6.388889,2.8834684,3,0.1500004,True
sub-01,279,3,79,2,300,60.0,9381,13881,16881,76.296296,16.296296,16.296296,4.9413551,2,0.4170551,True
sub-01,280,3,80,2,300,80.0,18922,24922,26422,59.351852,-20.648148,20.648148,4.5853789,4,0.834114,True
sub-01,281,3,81,1,12,20.0,13450,13510,13750,27.685185,7.685185,7.685185,8.6953331,3,0.3002839,True
sub-01,282,3,82,2,60,80.0,23865,25065,25365,72.592593,-7.407407,7.407407,5.6029897,4,0.1333033,True
sub-01,283,3,83,2,300,20.0,18200,19700,25700,24.722222,4.722222,4.722222,1.7888888,3,0.1838772,True
sub-01,284,3,84,1,12,40.0,25820,25940,26120,18.055556,-21.944444,21.944444,3.1175146,2,0.7177013,True
sub-01,285,3,85,1,60,80.0,22148,23348,23648,87.314815,7.314815,7.314815,2.706309,4,0.1497409,True
sub-01,286,3,86,2,300,40.0,12645,15645,20145,15.925926,-24.074074,24.074074,2.6003255,3,0.2503776,True
sub-01,287,3,87,1,12,20.0,24250,24310,24550,71.574074,51.574074,51.574074,4.5409165,4,0.18329,True
sub-01,288,3,88,2,60,20.0,16451,16751,17951,19.351852,-0.648148,0.648148,2.2656876,3,0.1498575,True
sub-01,289,3,89,1,12,40.0,16152,16272,16452,15.925926,-24.074074,24.074074,5.041558,4,0.2000249,True
sub-01,290,3,90,2,60,60.0,23865,24765,25365,67.222222,7.222222,7.222222,2.6667247,3,0.6507821,True
sub-01,291,3,91,2,60,60.0,12596,13496,14096,77.037037,17.037037,17.037037,3.4733752,4,0.3839116,True
sub-01,292,3,92,1,12,60.0,13450,13630,13750,96.666667,36.666667,36.666667,4.7855399,4,0.1332664,True
sub-01,293,3,93,1,12,80.0,21800,22040,22100,97.592593,17.592593,17.592593,3.6202524,4,0.3005826,True
sub-01,294,3,94,1,12,80.0,13450,13690,13750,95.648148,15.648148,15.648148,3.0702815,4,0.5507822,True
sub-01,295,3,95,2,60,60.0,25895,26795,27395,19.907407,-40.092593,40.092593,8.1087528,3,0.7337887,True
sub-01,296,3,96,1,12,40.0,27281,27401,27581,74.722222,34.722222,34.722222,6.1894753,3,0.4005435,True
sub-01,297,3,97,2,60,60.0,3650,4550,5150,86.018519,26.018519,26.018519,3.323713,4,0.2500991,True
sub-01,298,3,98,2,300,40.0,10518,13518,18018,31.111111,-8.888889,8.888889,4.2186663,3,0.5337228,True
sub-01,299,3,99,1,12,40.0,17600,17720,17900,11.759259,-28.240741,28.240741,3.4397424,2,1.0345787,True
sub-01,300,3,100,2,60,20.0,10035,10335,11535,64.444444,44.444444,44.444444,5.1190952,3,0.2165111,True
sub-02,1,1,1,2,300,80.0,1960,7960,9460,46.296296,-33.703704,33.703704,5.81188250001287,3,2.56942229997366,True
sub-02,2,1,2,1,12,40.0,27281,27401,27581,63.981481,23.981481,23.981481,5.15600200003245,3,0.600848700036294,True
sub-02,3,1,3,1,60,80.0,13942,15142,15442,58.055556,-21.944444,21.944444,6.25362099998164,2,0.883914999954868,True
sub-02,4,1,4,2,60,60.0,25895,26795,27395,10.740741,-49.259259,49.259259,6.25687409995589,3,0.717521800019312,True
sub-02,5,1,5,2,60,20.0,3650,3950,5150,71.481481,51.481481,51.481481,8.50860000000102,3,0.517075299983844,True
sub-02,6,1,6,2,60,20.0,19722,20022,21222,5.648148,-14.351852,14.351852,4.07101180002791,3,0.903609899978619,True
sub-02,7,1,7,1,60,20.0,1414,1714,2914,17.87037,-2.12963,2.12963,5.72014319995651,3,1.06756709999172,True
sub-02,8,1,8,2,300,40.0,20069,23069,27569,49.722222,9.722222,9.722222,3.87046669999836,2,0.617346599989105,True
sub-02,9,1,9,2,60,20.0,25895,26195,27395,18.796296,-1.203704,1.203704,3.78709290002007,3,0.984312599990516,True
sub-02,10,1,10,2,300,40.0,14066,17066,21566,37.222222,-2.777778,2.777778,6.55617739999434,2,0.933943799987901,True
sub-02,11,1,11,2,300,60.0,18200,22700,25700,65.0,5.0,5.0,7.37410590000217,3,1.23484980000648,True
sub-02,12,1,12,2,300,80.0,18200,24200,25700,81.944444,1.944444,1.944444,7.774682999996,2,0.750546499970369,True
sub-02,13,1,13,1,12,60.0,21800,21980,22100,89.814815,29.814815,29.814815,6.12274770002113,3,0.533487399981822,True
sub-02,14,1,14,2,300,80.0,11153,17153,18653,39.074074,-40.925926,40.925926,7.89126910001505,3,0.883955599972978,True
sub-02,15,1,15,2,300,20.0,21224,22724,28724,33.333333,13.333333,13.333333,6.1064651000197,3,1.16829089995007,True
sub-02,16,1,16,2,60,80.0,21629,22829,23129,83.796296,3.796296,3.796296,4.18766319996211,3,0.450764100009109,True
sub-02,17,1,17,1,60,80.0,26923,28123,28423,46.481481,-33.518519,33.518519,3.93723699997644,4,0.800609500030987,True
sub-02,18,1,18,2,60,80.0,28296,29496,29796,66.944444,-13.055556,13.055556,4.68785310001112,3,1.13451709999935,True
sub-02,19,1,19,1,60,60.0,22148,23048,23648,34.537037,-25.462963,25.462963,6.69044779997784,2,0.600526499969419,True
sub-02,20,1,20,2,300,20.0,10518,12018,18018,18.888889,-1.111111,1.111111,4.98864269995829,2,0.450389500008896,True
sub-02,21,1,21,2,300,60.0,22736,27236,30236,37.685185,-22.314815,22.314815,9.17606079997494,2,0.501119499967899,True
sub-02,22,1,22,2,300,80.0,10273,16273,17773,83.888889,3.888889,3.888889,7.19062369997846,3,0.43364920001477,True
sub-02,23,1,23,1,60,80.0,22148,23348,23648,77.685185,-2.314815,2.314815,2.58627109997905,3,0.550721900013741,True
sub-02,24,1,24,2,60,80.0,16451,17651,17951,96.296296,16.296296,16.296296,3.57023969996953,4,1.45143030001781,True
sub-02,25,1,25,1,12,20.0,14329,14389,14629,56.481481,36.481481,36.481481,4.75430909998249,3,0.58380170003511,True
sub-02,26,1,26,1,12,40.0,1602,1722,1902,44.722222,4.722222,4.722222,3.33694820001255,2,0.500031900010071,True
sub-02,27,1,27,2,60,40.0,9187,9787,10687,30.925926,-9.074074,9.074074,7.640770900005,3,0.383536699984688,True
sub-02,28,1,28,2,300,20.0,16072,17572,23572,34.537037,14.537037,14.537037,3.50435650005238,3,0.700660899979993,True
sub-02,29,1,29,1,12,20.0,21800,21860,22100,39.907407,19.907407,19.907407,5.53896390000591,3,0.449960699945222,True
sub-02,30,1,30,1,60,20.0,5494,5794,6994,35.833333,15.833333,15.833333,4.90515960002085,3,0.400017000036314,True
sub-02,31,1,31,2,300,60.0,2522,7022,10022,68.425926,8.425926,8.425926,5.32538319996092,3,0.333914700022432,True
sub-02,32,1,32,1,12,40.0,23864,23985,24165,28.148148,-11.851852,11.851852,5.27323529997374,2,0.867408599995542,True
sub-02,33,1,33,2,60,20.0,9187,9487,10687,13.611111,-6.388889,6.388889,3.61829369998304,3,0.550880299997516,True
sub-02,34,1,34,1,12,60.0,24250,24430,24550,48.425926,-11.574074,11.574074,3.48709969996707,1,0.83428799995454,True
sub-02,35,1,35,1,12,80.0,4600,4840,4900,68.518519,-11.481481,11.481481,3.92083590000402,4,0.450336200010497,True
sub-02,36,1,36,2,60,80.0,14390,15590,15890,74.907407,-5.092593,5.092593,4.15426979999756,3,0.500032700016163,True
sub-02,37,1,37,2,300,20.0,10273,11773,17773,18.796296,-1.203704,1.203704,3.23651210003299,3,0.200314299960155,True
sub-02,38,1,38,2,300,40.0,11085,14085,18585,30.0,-10.0,10.0,3.00316580000799,3,0.350641899975016,True
sub-02,39,1,39,1,12,80.0,29300,29540,29600,62.037037,-17.962963,17.962963,4.63830350001808,3,0.317124599998351,True
sub-02,40,1,40,1,12,40.0,2486,2606,2786,11.018519,-28.981481,28.981481,5.13850300002377,4,0.400076599966269,True
sub-02,41,1,41,1,12,60.0,9950,10130,10250,30.092593,-29.907407,29.907407,4.05409839999629,2,0.350416600005701,True
sub-02,42,1,42,1,60,60.0,6042,6942,7542,67.314815,7.314815,7.314815,2.636634399998,3,0.384038500022143,True
sub-02,43,1,43,2,300,40.0,13557,16557,21057,17.407407,-22.592593,22.592593,5.85577319998992,3,0.984636300010606,True
sub-02,44,1,44,1,12,80.0,10400,10640,10700,55.185185,-24.814815,24.814815,3.78711530001601,2,0.317184399988036,True
sub-02,45,1,45,1,60,80.0,4556,5756,6056,67.962963,-12.037037,12.037037,4.04135829996084,3,0.466653199982829,True
sub-02,46,1,46,1,12,60.0,12500,12680,12800,52.222222,-7.777778,7.777778,4.87261970003601,3,0.584137099969666,True
sub-02,47,1,47,2,60,40.0,28296,28896,29796,35.555556,-4.444444,4.444444,3.83479510003235,3,0.333740500034764,True
sub-02,48,1,48,1,12,20.0,27281,27341,27581,42.5,22.5,22.5,4.23816690000239,2,1.00083730003098,True
sub-02,49,1,49,1,12,20.0,15586,15646,15886,34.722222,14.722222,14.722222,4.73826040001586,4,0.550536499998997,True
sub-02,50,1,50,2,300,20.0,17351,18851,24851,54.722222,34.722222,34.722222,5.33873760001733,2,0.466748800012283,True
sub-02,51,1,51,1,60,20.0,13942,14242,15442,11.388889,-8.611111,8.611111,5.02192069997545,3,0.383714700001291,True
sub-02,52,1,52,2,300,40.0,21224,24224,28724,74.814815,34.814815,34.814815,4.25433999998495,3,0.400222300027962,True
sub-02,53,1,53,1,12,40.0,24250,24370,24550,35.740741,-4.259259,4.259259,5.22200399998109,3,0.367009900044649,True
sub-02,54,1,54,1,12,60.0,6414,6594,6714,46.018519,-13.981481,13.981481,4.78844849998131,3,0.300622899958398,True
sub-02,55,1,55,2,300,80.0,20069,26069,27569,49.259259,-30.740741,30.740741,7.12372119998326,2,0.550494400027673,True
sub-02,56,1,56,2,60,60.0,10035,10935,11535,44.62963,-15.37037,15.37037,6.99032949999673,3,0.433684699994046,True
sub-02,57,1,57,1,60,40.0,13176,13776,14676,25.0,-15.0,15.0,4.35442819999298,3,0.500030800001695,True
sub-02,58,1,58,2,60,40.0,11369,11969,12869,44.537037,4.537037,4.537037,4.80507050000596,3,0.617394800006877,True
sub-02,59,1,59,1,60,80.0,15628,16828,17128,34.907407,-45.092593,45.092593,3.76019839994842,3,0.317927099997177,True
sub-02,60,1,60,2,300,20.0,13458,14958,20958,20.555556,0.555556,0.555556,4.63153179996879,3,1.18826369999442,True
sub-02,61,1,61,2,300,60.0,11085,15585,18585,32.5,-27.5,27.5,6.04940179997356,3,0.934037300001364,True
sub-02,62,1,62,2,300,40.0,2522,5522,10022,28.703704,-11.296296,11.296296,4.75462479999987,3,0.333437799999956,True
sub-02,63,1,63,1,12,40.0,21273,21393,21573,26.296296,-13.703704,13.703704,3.66994859999977,3,0.350439600006211,True
sub-02,64,1,64,1,12,20.0,11500,11560,11800,36.018519,16.018519,16.018519,6.37350799998967,3,0.300125799956731,True
sub-02,65,1,65,2,300,20.0,16327,17827,23827,30.37037,10.37037,10.37037,5.68897499999729,3,0.733856999955605,True
sub-02,66,1,66,2,60,80.0,19722,20922,21222,66.759259,-13.240741,13.240741,3.37025330000324,1,0.967647600045893,True
sub-02,67,1,67,1,12,60.0,26328,26508,26628,40.648148,-19.351852,19.351852,8.69198109995341,3,0.41726539999945,True
sub-02,68,1,68,2,300,60.0,10518,15018,18018,36.574074,-23.425926,23.425926,9.10947200004011,3,0.33331439999165,True
sub-02,69,1,69,1,12,20.0,4600,4660,4900,31.759259,11.759259,11.759259,3.8874380000052,3,0.100053499976638,True
sub-02,70,1,70,2,300,80.0,9381,15381,16881,39.722222,-40.277778,40.277778,4.65483339998172,1,0.619894200004637,True
sub-02,71,1,71,1,12,80.0,9950,10190,10250,48.981481,-31.018519,31.018519,3.25395389995537,2,0.600680500036105,True
sub-02,72,1,72,2,300,20.0,14066,15566,21566,39.814815,19.814815,19.814815,4.47250530001474,2,0.417290200013667,True
sub-02,73,1,73,1,12,60.0,16152,16332,16452,40.740741,-19.259259,19.259259,8.72328859998378,3,0.734135700040496,True
sub-02,74,1,74,2,300,40.0,1960,4960,9460,30.740741,-9.259259,9.259259,5.28909020003629,3,0.367516400001477,True
sub-02,75,1,75,1,60,40.0,26923,27523,28423,70.833333,30.833333,30.833333,4.18739039998035,3,0.400491099979262,True
sub-02,76,1,76,2,300,80.0,13458,19458,20958,57.037037,-22.962963,22.962963,2.82001819997094,1,0.550527900049928,True
sub-02,77,1,77,1,60,20.0,20386,20686,21886,46.018519,26.018519,26.018519,5.98932590003823,3,0.46712089999346,True
sub-02,78,1,78,1,12,60.0,21273,21453,21573,32.777778,-27.222222,27.222222,4.25440859998343,3,0.283997599966824,True
sub-02,79,1,79,1,12,60.0,15162,15342,15462,52.037037,-7.962963,7.962963,4.3380474000005,2,0.68405400001211,True
sub-02,80,1,80,1,12,20.0,23864,23925,24165,29.907407,9.907407,9.907407,4.97168349998537,3,0.133731399953831,True
sub-02,81,1,81,1,12,20.0,26328,26388,26628,51.111111,31.111111,31.111111,3.3871388999978,3,0.833737899956759,True
sub-02,82,1,82,2,300,40.0,17351,20351,24851,52.5,12.5,12.5,5.07213990000309,3,1.33456809999188,True
sub-02,83,1,83,2,300,40.0,19988,22988,27488,52.222222,12.222222,12.222222,5.58894540002802,2,0.550220900040585,True
sub-02,84,1,84,2,60,20.0,17621,17921,19121,23.333333,3.333333,3.333333,2.61960820003878,3,0.501048400008585,True
sub-02,85,1,85,1,60,60.0,26923,27823,28423,57.777778,-2.222222,2.222222,3.75413449999177,4,0.416575299983378,True
sub-02,86,1,86,2,60,40.0,10035,10635,11535,45.0,5.0,5.0,2.17260669998358,2,0.550976699974853,True
sub-02,87,1,87,1,12,40.0,11500,11620,11800,50.462963,10.462963,10.462963,4.17175140004837,3,0.400186499988194,True
sub-02,88,1,88,1,60,80.0,5494,6694,6994,39.722222,-40.277778,40.277778,3.23724649997893,2,0.367514099983964,True
sub-02,89,1,89,2,60,60.0,9187,10087,10687,42.407407,-17.592593,17.592593,2.95106180000584,2,0.550840499985497,True
sub-02,90,1,90,1,12,60.0,15586,15766,15886,42.777778,-17.222222,17.222222,3.18697340000653,3,0.400461299985181,True
sub-02,91,1,91,2,60,20.0,25202,25502,26702,37.037037,17.037037,17.037037,3.87043670000275,3,0.63691620004829,True
sub-02,92,1,92,1,12,80.0,16152,16392,16452,78.240741,-1.759259,1.759259,3.37142169999424,3,0.300271000014618,True
sub-02,93,1,93,1,12,60.0,13450,13630,13750,43.425926,-16.574074,16.574074,3.92118020000634,2,0.884071200038306,True
sub-02,94,1,94,2,300,60.0,19476,23976,26976,43.703704,-16.296296,16.296296,2.15321530000073,1,0.46702570002526,True
sub-02,95,1,95,2,300,80.0,11085,17085,18585,53.518519,-26.481481,26.481481,7.80829419998917,2,0.934594899998046,True
sub-02,96,1,96,1,12,60.0,2393,2573,2693,40.833333,-19.166667,19.166667,4.48871130001498,3,0.584041399997659,True
sub-02,97,1,97,1,12,20.0,9950,10010,10250,27.962963,7.962963,7.962963,3.87089560000458,3,0.70120340003632,True
sub-02,98,1,98,1,12,80.0,23864,24105,24165,46.203704,-33.796296,33.796296,2.85364600003231,3,0.383569600002374,True
sub-02,99,1,99,2,300,80.0,14351,20351,21851,82.407407,2.407407,2.407407,6.18671540002105,4,0.817329299985431,True
sub-02,100,1,100,2,300,20.0,14351,15851,21851,32.962963,12.962963,12.962963,4.754628100025,3,0.80077800003346,True
sub-02,101,2,1,1,12,20.0,17600,17660,17900,44.907407,24.907407,24.907407,4.54489249998005,3,2.51956780004547,True
sub-02,102,2,2,2,300,60.0,16072,20572,23572,52.5,-7.5,7.5,3.0392334999633,2,1.38433660002192,True
sub-02,103,2,3,2,300,80.0,2522,8522,10022,41.296296,-38.703704,38.703704,2.93386039999313,3,0.333512799988966,True
sub-02,104,2,4,2,60,40.0,14390,14990,15890,48.888889,8.888889,8.888889,4.0706676999689,3,0.784268899995368,True
sub-02,105,2,5,1,60,60.0,13942,14842,15442,36.759259,-23.240741,23.240741,3.23682809999445,3,0.350143099960405,True
sub-02,106,2,6,1,12,20.0,16152,16212,16452,36.481481,16.481481,16.481481,3.55345529998885,3,0.300159000034909,True
sub-02,107,2,7,2,60,40.0,17621,18221,19121,45.0,5.0,5.0,4.0041954999906,1,0.550491399946622,True
sub-02,108,2,8,1,12,80.0,26328,26568,26628,53.425926,-26.574074,26.574074,4.07081180001841,3,0.317291000043042,True
sub-02,109,2,9,2,60,20.0,16451,16751,17951,20.555556,0.555556,0.555556,3.43694370001321,3,0.250338500016368,True
sub-02,110,2,10,2,300,40.0,5739,8739,13239,31.111111,-8.888889,8.888889,6.03946950001409,3,0.384063999983482,True
sub-02,111,2,11,1,12,80.0,2393,2633,2693,76.388889,-3.611111,3.611111,3.10339210001984,3,0.183538899989798,True
sub-02,112,2,12,1,12,40.0,4600,4720,4900,61.574074,21.574074,21.574074,2.9367682999582,3,0.133372699958272,True
sub-02,113,2,13,1,12,20.0,10400,10460,10700,31.296296,11.296296,11.296296,7.14095120003912,2,0.317309100006241,True
sub-02,114,2,14,1,12,60.0,10400,10580,10700,41.111111,-18.888889,18.888889,2.50229710002895,2,0.416950999991968,True
sub-02,115,2,15,1,12,80.0,27281,27521,27581,63.518519,-16.481481,16.481481,2.9895516000106,3,0.250128999992739,True
sub-02,116,2,16,2,60,60.0,25202,26102,26702,37.12963,-22.87037,22.87037,3.32040229998528,3,0.900719199969898,True
sub-02,117,2,17,2,300,60.0,18922,23422,26422,67.222222,7.222222,7.222222,4.00466770003549,3,0.416956699977163,True
sub-02,118,2,18,2,300,40.0,18922,21922,26422,46.481481,6.481481,6.481481,4.37157070002285,3,0.633686000015586,True
sub-02,119,2,19,1,12,20.0,25820,25880,26120,42.87037,22.87037,22.87037,3.83746740000788,1,0.467475600016769,True
sub-02,120,2,20,2,60,80.0,25895,27095,27395,76.018519,-3.981481,3.981481,4.18828990001929,2,0.867484999995213,True
sub-02,121,2,21,1,12,20.0,13450,13510,13750,33.796296,13.796296,13.796296,3.03408790001412,3,0.467240899975877,True
sub-02,122,2,22,1,60,40.0,5494,6094,6994,43.148148,3.148148,3.148148,3.9368453999632,2,1.4681076000561,True
sub-02,123,2,23,2,60,40.0,25895,26495,27395,38.611111,-1.388889,1.388889,4.20414019998861,3,0.617035899951588,True
sub-02,124,2,24,2,300,60.0,16327,20827,23827,55.37037,-4.62963,4.62963,2.53580529999453,3,0.366589299985207,True
sub-02,125,2,25,1,12,60.0,2486,2666,2786,66.203704,6.203704,6.203704,4.47141870000632,3,0.200121100002434,True
sub-02,126,2,26,2,300,40.0,11153,14153,18653,18.148148,-21.851852,21.851852,3.45366100000683,2,0.35065839998424,True
sub-02,127,2,27,1,12,40.0,25820,25940,26120,25.0,-15.0,15.0,4.62117529998067,2,0.300394000019878,True
sub-02,128,2,28,2,300,40.0,1638,4638,9138,34.444444,-5.555556,5.555556,3.18662460002815,1,0.400804400036577,True
sub-02,129,2,29,1,12,40.0,15586,15706,15886,49.444444,9.444444,9.444444,3.68686220003291,3,0.450896099966485,True
sub-02,130,2,30,2,300,20.0,18200,19700,25700,48.425926,28.425926,28.425926,4.02174339996418,1,0.500578200037125,True
sub-02,131,2,31,2,300,40.0,14351,17351,21851,48.518519,8.518519,8.518519,2.90348879998782,2,0.501018500013742,True
sub-02,132,2,32,1,12,80.0,6414,6654,6714,56.296296,-23.703704,23.703704,2.26879120001103,3,0.283616800035815,True
sub-02,133,2,33,1,12,20.0,21273,21333,21573,46.851852,26.851852,26.851852,2.91941600001882,3,0.133447100000921,True
sub-02,134,2,34,1,12,20.0,2393,2453,2693,44.259259,24.259259,24.259259,2.53581570001551,2,1.3681528000161,True
sub-02,135,2,35,1,60,40.0,4556,5156,6056,43.425926,3.425926,3.425926,4.7045273000258,3,0.483975699986331,True
sub-02,136,2,36,2,300,60.0,17351,21851,24851,50.740741,-9.259259,9.259259,4.08760490000713,2,0.350222199980635,True
sub-02,137,2,37,1,12,40.0,2393,2513,2693,36.481481,-3.518519,3.518519,4.55483269999967,3,0.150122399965766,True
sub-02,138,2,38,1,12,80.0,24970,25210,25270,73.333333,-6.666667,6.666667,3.82105620001675,3,0.384008700028061,True
sub-02,139,2,39,1,12,40.0,14329,14449,14629,63.611111,23.611111,23.611111,5.05494180001551,3,0.400339399988297,True
sub-02,140,2,40,1,12,40.0,13450,13570,13750,63.240741,23.240741,23.240741,3.26992370001971,3,0.217070299957413,True
sub-02,141,2,41,2,300,80.0,12645,18645,20145,58.240741,-21.759259,21.759259,3.6706952000386,2,0.334169299982022,True
sub-02,142,2,42,2,300,80.0,22736,28736,30236,29.814815,-50.185185,50.185185,3.63683249999303,2,0.534195000014733,True
sub-02,143,2,43,2,300,60.0,5739,10239,13239,34.074074,-25.925926,25.925926,4.72143879998475,3,0.333120599971152,True
sub-02,144,2,44,2,60,60.0,12596,13496,14096,46.666667,-13.333333,13.333333,4.7049780000234,2,0.75026090000756,True
sub-02,145,2,45,1,12,60.0,11500,11680,11800,47.777778,-12.222222,12.222222,7.09043609997024,3,0.700722399982623,True
sub-02,146,2,46,1,12,20.0,24970,25030,25270,39.62963,19.62963,19.62963,2.71977959998184,3,0.300471199967432,True
sub-02,147,2,47,1,12,60.0,29300,29480,29600,39.62963,-20.37037,20.37037,5.67191940004704,3,0.300219000026118,True
sub-02,148,2,48,1,60,20.0,2714,3014,4214,43.518519,23.518519,23.518519,3.00309880002168,3,0.200264199986122,True
sub-02,149,2,49,2,300,80.0,13557,19557,21057,40.277778,-39.722222,39.722222,4.80485489999409,3,0.299906100030057,True
sub-02,150,2,50,2,300,60.0,21224,25724,28724,52.037037,-7.962963,7.962963,3.43715599999995,2,0.433740900014527,True
sub-02,151,2,51,2,60,60.0,3650,4550,5150,46.574074,-13.425926,13.425926,5.83965690003242,3,0.551129599974956,True
sub-02,152,2,52,1,60,40.0,2714,3314,4214,50.277778,10.277778,10.277778,2.51943430001847,3,0.517125700018368,True
sub-02,153,2,53,2,300,80.0,14066,20066,21566,72.87037,-7.12963,7.12963,4.03677280002739,3,0.634154500032309,True
sub-02,154,2,54,1,12,60.0,14329,14509,14629,64.722222,4.722222,4.722222,4.1209530000342,4,0.417440599994733,True
sub-02,155,2,55,1,60,80.0,13176,14376,14676,58.148148,-21.851852,21.851852,4.50443279999308,3,0.850459100038278,True
sub-02,156,2,56,1,12,40.0,12500,12620,12800,52.777778,12.777778,12.777778,3.35337630001595,3,0.383299999986775,True
sub-02,157,2,57,2,300,20.0,5739,7239,13239,20.185185,0.185185,0.185185,4.28786310000577,3,0.36718479997944,True
sub-02,158,2,58,1,60,60.0,4556,5456,6056,49.537037,-10.462963,10.462963,1.9019452999928,3,0.434097299992572,True
sub-02,159,2,59,2,300,40.0,13458,16458,20958,67.87037,27.87037,27.87037,3.70364750002045,2,0.600351300032343,True
sub-02,160,2,60,2,300,40.0,10273,13273,17773,39.907407,-0.092593,0.092593,4.42108090000692,2,0.333528499992098,True
sub-02,161,2,61,2,60,80.0,12596,13796,14096,38.333333,-41.666667,41.666667,2.58627430000342,1,0.616778900031931,True
sub-02,162,2,62,1,60,40.0,15628,16228,17128,42.777778,2.777778,2.777778,3.67037750000599,3,0.533143499982543,True
sub-02,163,2,63,2,300,60.0,14351,18851,21851,61.666667,1.666667,1.666667,2.91993249999359,3,0.183867899992037,True
sub-02,164,2,64,1,12,80.0,21800,22040,22100,76.203704,-3.796296,3.796296,4.97193439997499,3,0.249675299972295,True
sub-02,165,2,65,2,60,80.0,10035,11235,11535,41.759259,-38.240741,38.240741,5.18873259995598,3,0.350171099998988,True
sub-02,166,2,66,2,300,40.0,16072,19072,23572,47.87037,7.87037,7.87037,3.60398680000798,3,0.717160600004717,True
sub-02,167,2,67,2,300,60.0,1960,6460,9460,48.981481,-11.018519,11.018519,5.27206230000592,3,0.333758299995679,True
sub-02,168,2,68,1,12,40.0,10400,10520,10700,68.518519,28.518519,28.518519,7.25714010000228,3,0.700740200001746,True
sub-02,169,2,69,2,60,40.0,19722,20322,21222,58.055556,18.055556,18.055556,3.55363650002982,3,0.316610600042622,True
sub-02,170,2,70,1,60,80.0,1414,2614,2914,73.425926,-6.574074,6.574074,3.10337199998321,4,0.400452800036873,True
sub-02,171,2,71,2,300,20.0,7365,8865,14865,31.203704,11.203704,11.203704,4.20482520002406,3,0.917884599999524,True
sub-02,172,2,72,1,60,40.0,1414,2014,2914,28.796296,-11.203704,11.203704,3.35342310002306,3,0.300160899991169,True
sub-02,173,2,73,2,60,20.0,14390,14690,15890,34.166667,14.166667,14.166667,5.68908630002988,3,0.416982800001278,True
sub-02,174,2,74,1,12,40.0,26328,26448,26628,51.296296,11.296296,11.296296,3.38651360000949,3,0.35027659998741,True
sub-02,175,2,75,2,300,80.0,10518,16518,18018,31.203704,-48.796296,48.796296,4.8217272000038,2,0.532852800039108,True
sub-02,176,2,76,1,12,20.0,29300,29360,29600,55.648148,35.648148,35.648148,1.85197720001451,3,0.984501100028865,True
sub-02,177,2,77,2,300,40.0,18200,21200,25700,65.277778,25.277778,25.277778,3.38653479999629,2,0.367217399994842,True
sub-02,178,2,78,2,60,80.0,11369,12569,12869,36.759259,-43.240741,43.240741,4.08756910002557,2,1.08401109999977,True
sub-02,179,2,79,2,300,80.0,21224,27224,28724,72.037037,-7.962963,7.962963,3.23639159998856,3,0.433550800022203,True
sub-02,180,2,80,2,60,20.0,11369,11669,12869,31.388889,11.388889,11.388889,2.08520239999052,3,0.716966899984981,True
sub-02,181,2,81,1,60,20.0,26923,27223,28423,39.166667,19.166667,19.166667,4.55474490002961,3,0.483922199986409,True
sub-02,182,2,82,2,60,60.0,23865,24765,25365,50.740741,-9.259259,9.259259,3.95486300002085,1,0.784278100007213,True
sub-02,183,2,83,2,60,20.0,21629,21929,23129,44.907407,24.907407,24.907407,3.57011679996503,3,0.333200199995189,True
sub-02,184,2,84,1,60,40.0,13942,14542,15442,59.166667,19.166667,19.166667,3.03629780001938,2,0.516983199981041,True
sub-02,185,2,85,2,300,60.0,11153,15653,18653,39.907407,-20.092593,20.092593,4.12082730000838,2,0.467206900008022,True
sub-02,186,2,86,1,12,80.0,24250,24490,24550,80.462963,0.462963,0.462963,2.75291510001989,3,0.266657600004691,True
sub-02,187,2,87,2,300,20.0,20069,21569,27569,39.722222,19.722222,19.722222,2.21951949998037,2,0.866972900053951,True
sub-02,188,2,88,1,12,40.0,3739,3859,4039,48.888889,8.888889,8.888889,4.17113460000837,4,0.500244499999098,True
sub-02,189,2,89,1,12,40.0,6414,6534,6714,39.62963,-0.37037,0.37037,2.93644949997542,3,0.282915999996475,True
sub-02,190,2,90,1,12,20.0,15162,15222,15462,46.018519,26.018519,26.018519,4.70750930003123,3,0.500597500009462,True
sub-02,191,2,91,1,12,80.0,21273,21513,21573,57.5,-22.5,22.5,4.80531949998112,3,0.23393779998878,True
sub-02,192,2,92,1,12,60.0,23864,24045,24165,48.611111,-11.388889,11.388889,2.98702300002332,2,0.434149100037757,True
sub-02,193,2,93,2,60,40.0,12596,13196,14096,50.277778,10.277778,10.277778,2.78711930004647,2,0.400746900006197,True
sub-02,194,2,94,2,60,40.0,25202,25802,26702,38.981481,-1.018519,1.018519,2.18626330001279,3,1.28487840003799,True
sub-02,195,2,95,2,60,60.0,17621,18521,19121,70.648148,10.648148,10.648148,2.65049500000895,3,0.550601900031324,True
sub-02,196,2,96,2,300,40.0,7365,10365,14865,34.166667,-5.833333,5.833333,7.47407890000613,2,0.350663300021551,True
sub-02,197,2,97,2,300,60.0,10273,14773,17773,53.425926,-6.574074,6.574074,3.15301499998895,3,0.316945500031579,True
sub-02,198,2,98,1,60,20.0,4556,4856,6056,34.259259,14.259259,14.259259,2.71950329997343,3,0.116833799984306,True
sub-02,199,2,99,2,60,80.0,23865,25065,25365,52.87037,-27.12963,27.12963,7.19092329998966,1,0.450349299993831,True
sub-02,200,2,100,2,60,60.0,28296,29196,29796,43.148148,-16.851852,16.851852,4.20479779999004,1,1.16766460001235,True
sub-02,201,3,1,1,12,40.0,15162,15282,15462,47.87037,7.87037,7.87037,5.71034040005179,3,2.76926719996845,True
sub-02,202,3,2,1,12,80.0,11500,11740,11800,67.314815,-12.685185,12.685185,2.78646329999901,3,0.166979199973866,True
sub-02,203,3,3,2,300,20.0,19988,21488,27488,41.851852,21.851852,21.851852,6.37274299998534,2,0.833732599974609,True
sub-02,204,3,4,1,60,80.0,20386,21586,21886,65.37037,-14.62963,14.62963,5.3884125999757,3,0.317327200027648,True
sub-02,205,3,5,1,60,40.0,6042,6642,7542,42.222222,2.222222,2.222222,5.02166170004056,2,0.366322600049898,True
sub-02,206,3,6,2,300,40.0,12645,15645,20145,55.648148,15.648148,15.648148,8.17495239997515,3,0.300583200005348,True
sub-02,207,3,7,1,12,20.0,2486,2546,2786,23.888889,3.888889,3.888889,3.25312180002219,3,0.433378400048241,True
sub-02,208,3,8,1,60,60.0,15628,16528,17128,36.388889,-23.611111,23.611111,3.78768140001921,3,0.317244299978483,True
sub-02,209,3,9,1,60,60.0,5494,6394,6994,65.092593,5.092593,5.092593,4.10433180001564,3,1.06749809999018,True
sub-02,210,3,10,1,12,80.0,13450,13690,13750,73.888889,-6.111111,6.111111,4.62216440000338,3,0.36692340002628,True
sub-02,211,3,11,2,60,80.0,17621,18821,19121,74.537037,-5.462963,5.462963,5.65661400003591,3,0.150198100018315,True
sub-02,212,3,12,2,300,20.0,18922,20422,26422,31.851852,11.851852,11.851852,4.93816950003383,3,0.534022799984086,True
sub-02,213,3,13,2,300,60.0,7365,11865,14865,43.148148,-16.851852,16.851852,5.03836750000482,3,0.60059220000403,True
sub-02,214,3,14,2,300,80.0,16327,22327,23827,70.0,-10.0,10.0,8.37473590002628,3,0.2670378999901,True
sub-02,215,3,15,1,12,60.0,24970,25150,25270,69.814815,9.814815,9.814815,4.02048239996656,3,0.384069999970961,True
sub-02,216,3,16,2,300,40.0,9381,12381,16881,29.62963,-10.37037,10.37037,8.10780900000827,1,0.833749599987641,True
sub-02,217,3,17,2,300,20.0,13557,15057,21057,22.777778,2.777778,2.777778,6.90732920001028,3,0.400562199996784,True
sub-02,218,3,18,1,60,20.0,15628,15928,17128,32.592593,12.592593,12.592593,2.73620039998786,3,0.366701700026169,True
sub-02,219,3,19,2,60,60.0,21629,22529,23129,58.796296,-1.203704,1.203704,5.15519590000622,3,0.383484999998472,True
sub-02,220,3,20,2,300,60.0,13557,18057,21057,54.444444,-5.555556,5.555556,5.28852140001254,2,0.600676900008693,True
sub-02,221,3,21,1,12,80.0,1602,1842,1902,63.148148,-16.851852,16.851852,4.08739190001506,3,0.366590299992822,True
sub-02,222,3,22,1,12,40.0,17600,17720,17900,34.537037,-5.462963,5.462963,4.87161080003716,2,0.366865299991332,True
sub-02,223,3,23,1,60,40.0,22148,22748,23648,59.444444,19.444444,19.444444,4.65505199995823,2,0.533669300028123,True
sub-02,224,3,24,2,300,40.0,22736,25736,30236,35.092593,-4.907407,4.907407,6.45678119995864,3,0.283683899964671,True
sub-02,225,3,25,1,12,80.0,15586,15826,15886,53.611111,-26.388889,26.388889,3.32021939998958,3,0.434039799962192,True
sub-02,226,3,26,2,300,40.0,19476,22476,26976,65.37037,25.37037,25.37037,6.6068774999585,2,1.78494729998055,True
sub-02,227,3,27,1,12,40.0,24970,25090,25270,35.555556,-4.444444,4.444444,5.25519950001034,3,0.350323099992238,True
sub-02,228,3,28,1,60,20.0,6042,6342,7542,44.722222,24.722222,24.722222,2.70271839998895,2,0.2666999999783,True
sub-02,229,3,29,2,60,60.0,14390,15290,15890,46.574074,-13.425926,13.425926,4.12393760000122,2,0.784300300001632,True
sub-02,230,3,30,2,300,40.0,16327,19327,23827,53.055556,13.055556,13.055556,5.60596150002675,1,0.383842499984893,True
sub-02,231,3,31,2,300,80.0,17351,23351,24851,67.685185,-12.314815,12.314815,5.28948799998033,3,0.166953499952796,True
sub-02,232,3,32,1,60,40.0,20386,20986,21886,63.888889,23.888889,23.888889,2.77024329995038,3,0.266792699985671,True
sub-02,233,3,33,2,300,80.0,19988,25988,27488,57.222222,-22.777778,22.777778,7.90519649995258,3,0.116545800003223,True
sub-02,234,3,34,1,60,60.0,2714,3614,4214,67.222222,7.222222,7.222222,4.6416378999711,3,0.167023800022434,True
sub-02,235,3,35,1,60,20.0,22148,22448,23648,29.537037,9.537037,9.537037,3.48446100001456,3,1.11795889999484,True
sub-02,236,3,36,1,60,80.0,2714,3914,4214,76.666667,-3.333333,3.333333,3.01949980005156,3,0.334003900003153,True
sub-02,237,3,37,2,300,60.0,20069,24569,27569,31.944444,-28.055556,28.055556,4.70477090001804,2,0.233642300008796,True
sub-02,238,3,38,2,300,80.0,1638,7638,9138,73.981481,-6.018519,6.018519,9.17592230002628,2,0.46712759998627,True
sub-02,239,3,39,2,60,20.0,28296,28596,29796,31.944444,11.944444,11.944444,4.32147239998448,3,0.467667200020514,True
sub-02,240,3,40,1,12,80.0,15162,15402,15462,48.333333,-31.666667,31.666667,2.56901049998123,3,0.634315399976912,True
sub-02,241,3,41,1,12,40.0,16152,16272,16452,26.944444,-13.055556,13.055556,3.75379260000772,2,0.650677600002382,True
sub-02,242,3,42,2,300,40.0,10518,13518,18018,51.944444,11.944444,11.944444,5.82262589997844,3,0.267309199960436,True
sub-02,243,3,43,2,300,80.0,5739,11739,13239,45.555556,-34.444444,34.444444,5.15525529999285,2,0.850661900010891,True
sub-02,244,3,44,1,60,60.0,1414,2314,2914,46.944444,-13.055556,13.055556,5.05484820000128,3,0.617378199996892,True
sub-02,245,3,45,1,60,60.0,13176,14076,14676,71.666667,11.666667,11.666667,8.8245732000214,3,0.367589200031943,True
sub-02,246,3,46,1,12,40.0,9950,10070,10250,36.759259,-3.240741,3.240741,4.45455540000693,3,0.249876699992455,True
sub-02,247,3,47,1,12,40.0,21800,21920,22100,55.648148,15.648148,15.648148,3.68699259997811,3,0.366898500011302,True
sub-02,248,3,48,2,300,20.0,9381,10881,16881,23.055556,3.055556,3.055556,7.44074819999514,3,0.550592500017955,True
sub-02,249,3,49,1,12,20.0,12500,12560,12800,33.055556,13.055556,13.055556,3.95373250002739,3,0.316913799964822,True
sub-02,250,3,50,1,12,80.0,17600,17840,17900,79.62963,-0.37037,0.37037,2.21896650001872,3,0.417063999979291,True
sub-02,251,3,51,2,300,80.0,7365,13365,14865,73.518519,-6.481481,6.481481,5.67227189999539,3,0.433925699966494,True
sub-02,252,3,52,1,12,80.0,25820,26060,26120,40.925926,-39.074074,39.074074,6.99019399995449,3,0.434165100043173,True
sub-02,253,3,53,1,12,40.0,29300,29420,29600,56.851852,16.851852,16.851852,1.9025638999883,3,0.300739200029056,True
sub-02,254,3,54,1,12,80.0,2486,2726,2786,65.648148,-14.351852,14.351852,7.60786009998992,3,0.734276700008194,True
sub-02,255,3,55,1,60,20.0,13176,13476,14676,38.425926,18.425926,18.425926,3.55406749999383,3,1.7516993000172,True
sub-02,256,3,56,1,12,60.0,3739,3919,4039,61.759259,1.759259,1.759259,5.43913630000315,3,0.216867299983277,True
sub-02,257,3,57,1,12,60.0,25820,26000,26120,58.240741,-1.759259,1.759259,5.93932589999167,3,0.299672299996018,True
sub-02,258,3,58,2,300,80.0,19476,25476,26976,70.462963,-9.537037,9.537037,4.95479360001627,2,0.367159500019624,True
sub-02,259,3,59,1,12,20.0,3739,3799,4039,40.0,20.0,20.0,3.87046389997703,3,0.333403300028294,True
sub-02,260,3,60,2,60,80.0,3650,4850,5150,61.111111,-18.888889,18.888889,6.65678479999769,3,0.417370199982542,True
sub-02,261,3,61,1,12,80.0,3739,3979,4039,71.296296,-8.703704,8.703704,3.37005999998655,3,0.367346499988343,True
sub-02,262,3,62,2,300,60.0,13458,17958,20958,58.981481,-1.018519,1.018519,4.90516399999614,1,0.667156099982094,True
sub-02,263,3,63,2,300,20.0,1960,3460,9460,35.833333,15.833333,15.833333,6.77402240002993,3,0.333698200003709,True
sub-02,264,3,64,2,60,60.0,11369,12269,12869,51.759259,-8.240741,8.240741,6.52336650004144,3,0.250306400004774,True
sub-02,265,3,65,2,60,20.0,12596,12896,14096,45.833333,25.833333,25.833333,7.32420769997406,3,0.250292200013063,True
sub-02,266,3,66,2,60,20.0,23865,24165,25365,33.333333,13.333333,13.333333,4.43774910003412,1,0.433822399994824,True
sub-02,267,3,67,1,12,60.0,17600,17780,17900,68.518519,8.518519,8.518519,2.83648580004228,3,0.266828900028485,True
sub-02,268,3,68,1,12,20.0,24250,24310,24550,32.685185,12.685185,12.685185,3.33733080001547,3,0.336020399990957,True
sub-02,269,3,69,2,300,60.0,14066,18566,21566,63.611111,3.611111,3.611111,4.96928449999541,3,0.683559599972795,True
sub-02,270,3,70,1,60,80.0,6042,7242,7542,73.518519,-6.481481,6.481481,2.06888750003417,3,0.333422399999108,True
sub-02,271,3,71,2,300,60.0,9381,13881,16881,55.648148,-4.351852,4.351852,7.89095940004335,2,0.317003400006797,True
sub-02,272,3,72,1,12,60.0,27281,27461,27581,82.222222,22.222222,22.222222,9.04267669998807,3,0.217030500003602,True
sub-02,273,3,73,1,12,20.0,1602,1662,1902,47.12963,27.12963,27.12963,10.8444056999869,1,1.06753190001472,True
sub-02,274,3,74,2,300,80.0,18922,24922,26422,77.222222,-2.777778,2.777778,6.03926059999503,3,0.25050620001275,True
sub-02,275,3,75,1,60,60.0,20386,21286,21886,45.925926,-14.074074,14.074074,7.19085449998965,3,0.216959799989126,True
sub-02,276,3,76,2,60,80.0,9187,10387,10687,58.333333,-21.666667,21.666667,5.30546609999146,3,0.083300500002224,True
sub-02,277,3,77,2,300,60.0,12645,17145,20145,68.518519,8.518519,8.518519,3.60362210002494,2,0.400659500039182,True
sub-02,278,3,78,2,300,60.0,19988,24488,27488,57.685185,-2.314815,2.314815,3.9040824000258,2,0.333445099997334,True
sub-02,279,3,79,2,60,20.0,10035,10335,11535,32.685185,12.685185,12.685185,3.50362749997293,3,0.58405030000722,True
sub-02,280,3,80,2,60,40.0,3650,4250,5150,47.222222,7.222222,7.222222,5.72257040004478,3,0.417166900006122,True
sub-02,281,3,81,1,12,80.0,12500,12740,12800,31.944444,-48.055556,48.055556,2.35269059997517,3,0.100012499955482,True
sub-02,282,3,82,1,12,20.0,6414,6474,6714,39.537037,19.537037,19.537037,3.3532093000249,3,0.38310429995181,True
sub-02,283,3,83,2,300,60.0,1638,6138,9138,43.425926,-16.574074,16.574074,3.8534780999762,3,0.783905300020705,True
sub-02,284,3,84,1,12,80.0,14329,14569,14629,73.796296,-6.203704,6.203704,4.78841019998071,3,0.416806900000665,True
sub-02,285,3,85,2,60,60.0,19722,20622,21222,42.5,-17.5,17.5,3.00341629999456,3,0.249666800023987,True
sub-02,286,3,86,2,300,20.0,2522,4022,10022,28.055556,8.055556,8.055556,8.4286046999623,3,0.300343300041276,True
sub-02,287,3,87,1,12,60.0,4600,4780,4900,60.925926,0.925926,0.925926,4.3019838000182,3,0.0170249000075273,True
sub-02,288,3,88,2,60,40.0,21629,22229,23129,70.925926,30.925926,30.925926,5.15522090002195,3,0.183487100002821,True
sub-02,289,3,89,2,300,20.0,19476,20976,26976,39.722222,19.722222,19.722222,6.35636899998644,3,0.283319599984679,True
sub-02,290,3,90,2,300,20.0,11085,12585,18585,48.611111,28.611111,28.611111,6.2732710999553,1,0.50062710000202,True
sub-02,291,3,91,2,60,40.0,16451,17051,17951,50.833333,10.833333,10.833333,3.28641180001432,2,0.250444200006313,True
sub-02,292,3,92,2,300,20.0,22736,24236,30236,47.12963,27.12963,27.12963,4.68805040000006,3,0.467223800020292,True
sub-02,293,3,93,2,300,20.0,1638,3138,9138,37.037037,17.037037,17.037037,6.58966440003132,3,0.667364099994301,True
sub-02,294,3,94,2,300,80.0,16072,22072,23572,70.37037,-9.62963,9.62963,8.12487040000269,3,0.350494700018316,True
sub-02,295,3,95,2,60,60.0,16451,17351,17951,51.203704,-8.796296,8.796296,11.3983380999998,2,0.416661199997179,True
sub-02,296,3,96,2,300,20.0,11153,12653,18653,33.055556,13.055556,13.055556,7.77513620001263,3,0.333462800015695,True
sub-02,297,3,97,1,12,60.0,1602,1782,1902,65.648148,5.648148,5.648148,3.56761099997675,4,0.433739400003105,True
sub-02,298,3,98,2,60,40.0,23865,24465,25365,54.814815,14.814815,14.814815,5.4061359000043,3,0.300090500037185,True
sub-02,299,3,99,2,300,20.0,12645,14145,20145,31.851852,11.851852,11.851852,5.00532679999014,3,0.700622299977112,True
sub-02,300,3,100,2,60,80.0,25202,26402,26702,69.444444,-10.555556,10.555556,4.53781759995035,3,0.43400389997987,True
sub-03,1,1,1,2,300,60.0,1638,6138,9138,70.092593,10.092593,10.092593,7.74169920000713,3,1.31824019999476,True
sub-03,2,1,2,2,60,80.0,17621,18821,19121,67.962963,-12.037037,12.037037,5.8059774999856,2,0.600753100006841,True
sub-03,3,1,3,2,300,80.0,9381,15381,16881,47.87037,-32.12963,32.12963,15.9657261999673,2,1.16750720003619,True
sub-03,4,1,4,1,12,40.0,25820,25940,26120,40.0,0.0,0.0,6.57332299998961,2,1.76836649997858,True
sub-03,5,1,5,1,12,20.0,14329,14389,14629,14.259259,-5.740741,5.740741,7.84143380000023,3,0.984374099993147,True
sub-03,6,1,6,1,60,60.0,13942,14842,15442,78.611111,18.611111,18.611111,3.10319200000958,3,1.38473200000589,True
sub-03,7,1,7,2,300,80.0,18922,24922,26422,70.740741,-9.259259,9.259259,12.9795567999826,2,1.40123679995303,True
sub-03,8,1,8,1,12,40.0,21800,21920,22100,65.833333,25.833333,25.833333,6.32328690000576,4,0.500298800005111,True
sub-03,9,1,9,2,300,60.0,11085,15585,18585,81.203704,21.203704,21.203704,4.87142640003003,2,0.900883900001645,True
sub-03,10,1,10,1,12,60.0,13450,13630,13750,81.851852,21.851852,21.851852,5.92219040001509,2,3.26988099998561,True
sub-03,11,1,11,1,12,40.0,12500,12620,12800,33.425926,-6.574074,6.574074,6.05549249995965,2,0.58380570000736,True
sub-03,12,1,12,2,300,40.0,13458,16458,20958,31.759259,-8.240741,8.240741,11.1782301999628,2,0.967726000002585,True
sub-03,13,1,13,2,300,80.0,17351,23351,24851,71.018519,-8.981481,8.981481,13.2133218999952,1,1.86870050005381,True
sub-03,14,1,14,2,300,40.0,20069,23069,27569,76.759259,36.759259,36.759259,11.2112556999782,2,0.933977000007871,True
sub-03,15,1,15,2,300,40.0,11085,14085,18585,44.444444,4.444444,4.444444,7.60751469997922,2,0.700203799991868,True
sub-03,16,1,16,1,60,80.0,2714,3914,4214,93.796296,13.796296,13.796296,7.34109739999985,3,1.28369919996475,True
sub-03,17,1,17,1,60,20.0,13176,13476,14676,35.277778,15.277778,15.277778,4.2413513000356,4,0.583679899980779,True
sub-03,18,1,18,2,300,40.0,7365,10365,14865,74.351852,34.351852,34.351852,5.12277309998171,3,0.800982699962332,True
sub-03,19,1,19,2,60,20.0,3650,3950,5150,44.351852,24.351852,24.351852,5.33621099998708,2,1.0000674999901,True
sub-03,20,1,20,1,12,80.0,15586,15826,15886,68.888889,-11.111111,11.111111,4.93830340000568,2,0.63401049998356,True
sub-03,21,1,21,1,60,20.0,22148,22448,23648,41.203704,21.203704,21.203704,5.77287250000517,2,0.800566200050525,True
sub-03,22,1,22,1,12,80.0,24250,24490,24550,84.074074,4.074074,4.074074,5.03827000001911,2,0.767330700007733,True
sub-03,23,1,23,1,12,20.0,15586,15646,15886,49.537037,29.537037,29.537037,4.23794059996726,3,0.584333099948708,True
sub-03,24,1,24,1,12,40.0,6414,6534,6714,49.259259,9.259259,9.259259,5.45553380000637,1,1.18430129997432,True
sub-03,25,1,25,1,12,80.0,11500,11740,11800,68.240741,-11.759259,11.759259,4.88837790000252,3,0.534081600024364,True
sub-03,26,1,26,2,300,60.0,16327,20827,23827,61.018519,1.018519,1.018519,6.42309599998407,2,0.416826999979093,True
sub-03,27,1,27,1,12,80.0,16152,16392,16452,82.407407,2.407407,2.407407,4.87145409994991,2,0.784151999978348,True
sub-03,28,1,28,2,60,40.0,9187,9787,10687,30.833333,-9.166667,9.166667,5.17515839997213,3,1.11784139997325,True
sub-03,29,1,29,1,60,20.0,2714,3014,4214,39.537037,19.537037,19.537037,6.09019529999932,3,0.650523199990857,True
sub-03,30,1,30,1,12,40.0,17600,17720,17900,43.333333,3.333333,3.333333,13.8146667000255,2,0.483929799986071,True
sub-03,31,1,31,1,60,40.0,2714,3314,4214,45.555556,5.555556,5.555556,4.95231980003882,1,0.583733399980701,True
sub-03,32,1,32,2,300,40.0,17351,20351,24851,45.462963,5.462963,5.462963,4.67142100003548,1,0.500439500028733,True
sub-03,33,1,33,1,12,60.0,2393,2573,2693,59.444444,-0.555556,0.555556,8.37521560001187,2,1.30070680001517,True
sub-03,34,1,34,1,60,40.0,6042,6642,7542,67.777778,27.777778,27.777778,3.77044280001428,2,0.450193000026047,True
sub-03,35,1,35,2,300,80.0,14351,20351,21851,59.074074,-20.925926,20.925926,9.22553930000867,2,2.53577849996509,True
sub-03,36,1,36,1,60,20.0,1414,1714,2914,42.12963,22.12963,22.12963,6.07251879997784,3,1.06741859996691,True
sub-03,37,1,37,1,12,80.0,21800,22040,22100,83.240741,3.240741,3.240741,2.63581639999756,4,0.600357200019061,True
sub-03,38,1,38,1,60,20.0,26923,27223,28423,42.777778,22.777778,22.777778,7.15711740002734,2,0.800781500001903,True
sub-03,39,1,39,1,12,20.0,9950,10010,10250,66.574074,46.574074,46.574074,7.64094869996188,1,0.616830199956893,True
sub-03,40,1,40,1,12,20.0,23864,23925,24165,30.37037,10.37037,10.37037,4.98815940000349,2,0.734124200011137,True
sub-03,41,1,41,2,60,80.0,19722,20922,21222,70.092593,-9.907407,9.907407,4.82138539996231,4,1.05101669998839,True
sub-03,42,1,42,1,60,20.0,13942,14242,15442,41.944444,21.944444,21.944444,3.35349639999913,3,0.617291100032161,True
sub-03,43,1,43,2,60,80.0,21629,22829,23129,74.444444,-5.555556,5.555556,6.55675749998772,3,0.517120500036981,True
sub-03,44,1,44,2,300,80.0,5739,11739,13239,58.425926,-21.574074,21.574074,4.20421939995139,2,0.517251500044949,True
sub-03,45,1,45,1,12,40.0,4600,4720,4900,54.074074,14.074074,14.074074,6.47274359996663,1,1.36749060003785,True
sub-03,46,1,46,2,60,20.0,11369,11669,12869,35.0,15.0,15.0,2.81937490002019,3,0.367115999979432,True
sub-03,47,1,47,2,300,80.0,20069,26069,27569,77.5,-2.5,2.5,8.02476629999,2,0.900692499999422,True
sub-03,48,1,48,1,12,60.0,14329,14509,14629,62.777778,2.777778,2.777778,4.97162710002157,2,0.400557300017681,True
sub-03,49,1,49,1,12,20.0,27281,27341,27581,47.314815,27.314815,27.314815,6.30604820000007,1,0.683761599997524,True
sub-03,50,1,50,2,300,80.0,13557,19557,21057,65.0,-15.0,15.0,6.22270129999378,2,0.817583399999421,True
sub-03,51,1,51,2,300,40.0,21224,24224,28724,36.111111,-3.888889,3.888889,8.7590262000449,1,0.783928599965293,True
sub-03,52,1,52,2,60,60.0,23865,24765,25365,65.092593,5.092593,5.092593,6.03949729999294,2,0.701082800049334,True
sub-03,53,1,53,2,300,60.0,20069,24569,27569,68.333333,8.333333,8.333333,5.77204539999365,2,0.717527500004507,True
sub-03,54,1,54,2,300,80.0,12645,18645,20145,61.666667,-18.333333,18.333333,3.38711700000567,1,0.433976200001779,True
sub-03,55,1,55,1,12,80.0,27281,27521,27581,88.148148,8.148148,8.148148,7.89103880000766,2,0.500250299985054,True
sub-03,56,1,56,2,60,60.0,25202,26102,26702,66.759259,6.759259,6.759259,3.93736039998475,3,0.467121699999552,True
sub-03,57,1,57,2,300,60.0,22736,27236,30236,59.351852,-0.648148,0.648148,7.75779149995651,2,0.383668700000271,True
sub-03,58,1,58,1,60,40.0,4556,5156,6056,82.314815,42.314815,42.314815,5.58890510001219,2,0.550607200013473,True
sub-03,59,1,59,1,12,60.0,17600,17780,17900,39.537037,-20.462963,20.462963,8.35843349999049,2,0.550461900013033,True
sub-03,60,1,60,1,12,80.0,3739,3979,4039,57.777778,-22.222222,22.222222,4.32436139998026,3,0.500795100000686,True
sub-03,61,1,61,2,300,60.0,19988,24488,27488,55.462963,-4.537037,4.537037,4.95223070000065,2,0.617015500029083,True
sub-03,62,1,62,2,300,20.0,17351,18851,24851,54.259259,34.259259,34.259259,4.38757820002501,1,0.400455499999225,True
sub-03,63,1,63,1,60,80.0,26923,28123,28423,67.87037,-12.12963,12.12963,9.67638300004182,1,0.634077800030354,True
sub-03,64,1,64,1,12,60.0,2486,2666,2786,82.685185,22.685185,22.685185,7.21064400003524,3,0.983930599992163,True
sub-03,65,1,65,1,12,20.0,24250,24310,24550,71.203704,51.203704,51.203704,4.28785389999393,1,0.484602599986828,True
sub-03,66,1,66,2,300,40.0,5739,8739,13239,70.925926,30.925926,30.925926,3.10348270001122,2,0.86742750002304,True
sub-03,67,1,67,2,60,80.0,28296,29496,29796,72.962963,-7.037037,7.037037,8.12206409999635,4,0.6010069999611,True
sub-03,68,1,68,1,12,80.0,23864,24105,24165,68.703704,-11.296296,11.296296,4.02082780003547,1,0.417016000021249,True
sub-03,69,1,69,1,60,40.0,13176,13776,14676,39.537037,-0.462963,0.462963,3.67057049996219,3,1.26810769998701,True
sub-03,70,1,70,1,12,20.0,29300,29360,29600,61.851852,41.851852,41.851852,2.9732151000062,2,0.583951200009323,True
sub-03,71,1,71,2,60,60.0,19722,20622,21222,72.777778,12.777778,12.777778,5.03602699999464,2,0.917712499969638,True
sub-03,72,1,72,1,12,60.0,23864,24045,24165,35.185185,-24.814815,24.814815,2.66950399999041,3,1.68479629995999,True
sub-03,73,1,73,1,60,40.0,5494,6094,6994,64.259259,24.259259,24.259259,5.40556340001057,4,0.667036900005769,True
sub-03,74,1,74,1,12,80.0,17600,17840,17900,78.611111,-1.388889,1.388889,3.4366880999878,3,1.11795539996819,True
sub-03,75,1,75,2,60,60.0,11369,12269,12869,72.12963,12.12963,12.12963,8.4252686999971,3,0.567054399987682,True
sub-03,76,1,76,2,300,80.0,7365,13365,14865,66.944444,-13.055556,13.055556,19.919615599967,2,1.01723559998208,True
sub-03,77,1,77,1,12,80.0,9950,10190,10250,71.759259,-8.240741,8.240741,4.30436009995173,2,0.834222200035583,True
sub-03,78,1,78,1,60,60.0,20386,21286,21886,59.166667,-0.833333,0.833333,5.35574379999889,2,1.73481570003787,True
sub-03,79,1,79,2,300,40.0,13557,16557,21057,36.018519,-3.981481,3.981481,10.7110609999508,3,0.433483999979216,True
sub-03,80,1,80,1,12,20.0,17600,17660,17900,38.888889,18.888889,18.888889,8.57510050002019,2,1.55115020001539,True
sub-03,81,1,81,1,60,40.0,1414,2014,2914,46.759259,6.759259,6.759259,2.60257160000037,2,0.483774799969978,True
sub-03,82,1,82,2,300,20.0,19988,21488,27488,53.518519,33.518519,33.518519,5.15565789997344,1,0.517048700014129,True
sub-03,83,1,83,1,60,80.0,13942,15142,15442,65.462963,-14.537037,14.537037,1.81845720001729,3,0.817294499953277,True
sub-03,84,1,84,2,300,20.0,1638,3138,9138,58.333333,38.333333,38.333333,6.23958200000925,2,0.767194900021422,True
sub-03,85,1,85,2,300,20.0,16072,17572,23572,51.388889,31.388889,31.388889,4.37101230002008,1,1.00087799999164,True
sub-03,86,1,86,2,300,80.0,19988,25988,27488,73.518519,-6.481481,6.481481,10.1103091000113,3,0.316394399967975,True
sub-03,87,1,87,1,60,80.0,22148,23348,23648,61.296296,-18.703704,18.703704,2.8527815999696,3,0.366935099998954,True
sub-03,88,1,88,2,60,20.0,25202,25502,26702,43.703704,23.703704,23.703704,3.12300359999062,2,0.400359299965202,True
sub-03,89,1,89,1,12,80.0,12500,12740,12800,60.462963,-19.537037,19.537037,6.32063209998887,3,1.11743530002422,True
sub-03,90,1,90,2,300,80.0,11153,17153,18653,65.37037,-14.62963,14.62963,3.52281699999002,1,0.366582700051367,True
sub-03,91,1,91,1,12,60.0,15586,15766,15886,41.203704,-18.796296,18.796296,4.08738330000778,3,0.416981799993664,True
sub-03,92,1,92,1,60,40.0,13942,14542,15442,43.148148,3.148148,3.148148,3.87060510000446,1,0.283748199988622,True
sub-03,93,1,93,1,12,80.0,29300,29540,29600,68.240741,-11.759259,11.759259,2.71940489998087,2,0.416896799986716,True
sub-03,94,1,94,2,60,60.0,16451,17351,17951,59.62963,-0.37037,0.37037,2.78580449998844,3,0.617322399979457,True
sub-03,95,1,95,1,12,20.0,25820,25880,26120,40.833333,20.833333,20.833333,4.15416949999053,2,0.717415999970398,True
sub-03,96,1,96,2,60,60.0,9187,10087,10687,62.407407,2.407407,2.407407,3.80394119996344,1,1.16829040000448,True
sub-03,97,1,97,1,12,20.0,24970,25030,25270,38.148148,18.148148,18.148148,6.03911879996303,2,0.316746100026648,True
sub-03,98,1,98,1,12,40.0,15586,15706,15886,41.759259,1.759259,1.759259,4.27107389998855,2,0.83438010001555,True
sub-03,99,1,99,2,300,40.0,2522,5522,10022,54.351852,14.351852,14.351852,7.39083129999926,1,0.416936200053896,True
sub-03,100,1,100,2,300,40.0,18200,21200,25700,59.259259,19.259259,19.259259,9.42667929996969,1,0.717341900046449,True
sub-03,101,2,1,1,12,40.0,16152,16272,16452,53.611111,13.611111,13.611111,12.4708027999731,2,0.65054240002064,True
sub-03,102,2,2,1,12,40.0,9950,10070,10250,47.12963,7.12963,7.12963,7.72509459999855,2,0.584062899986747,True
sub-03,103,2,3,1,60,60.0,4556,5456,6056,55.740741,-4.259259,4.259259,5.00536060001468,3,0.483463899989146,True
sub-03,104,2,4,2,60,20.0,23865,24165,25365,65.833333,45.833333,45.833333,6.9074012999772,2,0.416658899979665,True
sub-03,105,2,5,1,12,80.0,26328,26568,26628,57.87037,-22.12963,22.12963,3.56997450004564,2,0.800761500024236,True
sub-03,106,2,6,1,60,80.0,1414,2614,2914,71.851852,-8.148148,8.148148,7.87521199998445,3,0.333765100047457,True
sub-03,107,2,7,1,12,20.0,1602,1662,1902,37.314815,17.314815,17.314815,3.65399800002342,3,0.300624099967535,True
sub-03,108,2,8,2,60,80.0,3650,4850,5150,60.740741,-19.259259,19.259259,4.55508970003575,2,0.867188300006091,True
sub-03,109,2,9,2,300,40.0,10273,13273,17773,35.555556,-4.444444,4.444444,8.43935319996671,2,0.450282700010575,True
sub-03,110,2,10,1,12,80.0,21273,21513,21573,75.092593,-4.907407,4.907407,5.90578410000307,3,0.350459499983117,True
sub-03,111,2,11,2,60,80.0,12596,13796,14096,56.296296,-23.703704,23.703704,5.98988540004938,2,0.450755400001071,True
sub-03,112,2,12,2,300,60.0,14351,18851,21851,58.055556,-1.944444,1.944444,6.20962739997776,1,0.383439199998974,True
sub-03,113,2,13,2,300,40.0,16072,19072,23572,41.296296,1.296296,1.296296,3.5512361000292,2,0.316347200016025,True
sub-03,114,2,14,2,60,40.0,16451,17051,17951,44.537037,4.537037,4.537037,8.12442279997048,2,0.383540899958461,True
sub-03,115,2,15,1,12,40.0,27281,27401,27581,58.611111,18.611111,18.611111,7.05689760000677,2,0.583861599967349,True
sub-03,116,2,16,1,12,20.0,2393,2453,2693,63.055556,43.055556,43.055556,4.32105389999924,3,0.334028999961446,True
sub-03,117,2,17,2,300,40.0,19988,22988,27488,40.462963,0.462963,0.462963,9.00911360001191,3,0.333759000001009,True
sub-03,118,2,18,1,12,20.0,13450,13510,13750,65.925926,45.925926,45.925926,3.45369529997697,3,0.700613799970597,True
sub-03,119,2,19,2,300,60.0,5739,10239,13239,45.185185,-14.814815,14.814815,5.00536179996561,2,0.717212199990171,True
sub-03,120,2,20,2,300,20.0,11153,12653,18653,38.240741,18.240741,18.240741,5.68894340004771,3,1.46785459999227,True
sub-03,121,2,21,1,12,80.0,13450,13690,13750,62.12963,-17.87037,17.87037,2.66909879999002,3,0.383596199972089,True
sub-03,122,2,22,2,60,60.0,12596,13496,14096,45.740741,-14.259259,14.259259,7.24062980001326,2,0.416727100033313,True
sub-03,123,2,23,2,300,20.0,22736,24236,30236,61.388889,41.388889,41.388889,7.77460650005377,3,0.366892500023823,True
sub-03,124,2,24,1,60,20.0,5494,5794,6994,56.574074,36.574074,36.574074,5.98928460001479,2,0.349829200014937,True
sub-03,125,2,25,2,300,60.0,14066,18566,21566,59.814815,-0.185185,0.185185,4.62125289998948,1,1.0175718999817,True
sub-03,126,2,26,2,300,20.0,21224,22724,28724,65.555556,45.555556,45.555556,4.15391460002865,2,0.800517000025138,True
sub-03,127,2,27,2,60,80.0,25202,26402,26702,86.296296,6.296296,6.296296,4.47105799999553,3,0.667062600026838,True
sub-03,128,2,28,2,300,20.0,11085,12585,18585,52.5,32.5,32.5,3.9041336000082,1,0.550659600005019,True
sub-03,129,2,29,2,300,20.0,19476,20976,26976,39.351852,19.351852,19.351852,10.8108850999851,2,0.533982600027229,True
sub-03,130,2,30,2,60,80.0,14390,15590,15890,71.111111,-8.888889,8.888889,5.25557599996682,3,0.34990299999481,True
sub-03,131,2,31,2,60,20.0,16451,16751,17951,40.185185,20.185185,20.185185,10.0768180000013,2,0.41681329999119,True
sub-03,132,2,32,1,60,60.0,13176,14076,14676,57.12963,-2.87037,2.87037,5.65556019998621,2,0.717521500017028,True
sub-03,133,2,33,1,12,60.0,21800,21980,22100,66.851852,6.851852,6.851852,7.72439270000904,3,0.633707800006959,True
sub-03,134,2,34,1,12,80.0,10400,10640,10700,38.888889,-41.111111,41.111111,7.9915016000159,2,0.367301999998744,True
sub-03,135,2,35,1,12,40.0,3739,3859,4039,61.388889,21.388889,21.388889,5.172350000008,2,0.750794599996879,True
sub-03,136,2,36,1,12,60.0,11500,11680,11800,25.462963,-34.537037,34.537037,8.87506249995203,3,0.61810099997092,True
sub-03,137,2,37,1,12,80.0,2393,2633,2693,72.222222,-7.777778,7.777778,2.6526479999884,3,0.450120599998626,True
sub-03,138,2,38,1,12,20.0,11500,11560,11800,32.12963,12.12963,12.12963,1.96876650000922,2,0.417046800022944,True
sub-03,139,2,39,2,300,40.0,12645,15645,20145,55.0,15.0,15.0,3.45387439994374,1,0.917611000011675,True
sub-03,140,2,40,1,12,60.0,16152,16332,16452,41.388889,-18.611111,18.611111,5.62230329995509,2,1.2679146999726,True
sub-03,141,2,41,1,12,60.0,12500,12680,12800,58.611111,-1.388889,1.388889,5.5224206999992,2,0.783309000020381,True
sub-03,142,2,42,2,60,60.0,17621,18521,19121,63.333333,3.333333,3.333333,5.70566840004175,2,0.433376899978611,True
sub-03,143,2,43,1,12,40.0,1602,1722,1902,67.962963,27.962963,27.962963,11.7112672000075,3,0.700570800050627,True
sub-03,144,2,44,1,60,40.0,26923,27523,28423,64.537037,24.537037,24.537037,5.62223999999696,3,0.417286800045985,True
sub-03,145,2,45,1,12,20.0,15162,15222,15462,26.666667,6.666667,6.666667,7.3908743999782,2,0.317034199950285,True
sub-03,146,2,46,2,300,60.0,17351,21851,24851,51.574074,-8.425926,8.425926,4.98844539996935,1,0.800783200014848,True
sub-03,147,2,47,1,12,40.0,24970,25090,25270,38.518519,-1.481481,1.481481,4.47120259999064,1,0.867442500020843,True
sub-03,148,2,48,2,300,20.0,18922,20422,26422,54.444444,34.444444,34.444444,4.72146129998145,2,0.517083199985791,True
sub-03,149,2,49,2,60,40.0,12596,13196,14096,55.462963,15.462963,15.462963,3.33676149998791,3,0.733935499971266,True
sub-03,150,2,50,2,60,40.0,3650,4250,5150,31.296296,-8.703704,8.703704,9.94345809996593,3,0.784155300003476,True
sub-03,151,2,51,1,12,80.0,24970,25210,25270,77.12963,-2.87037,2.87037,2.58580839994829,2,0.266956700012087,True
sub-03,152,2,52,2,300,80.0,2522,8522,10022,59.814815,-20.185185,20.185185,9.42610410001361,2,0.783869499980937,True
sub-03,153,2,53,2,300,80.0,1960,7960,9460,66.574074,-13.425926,13.425926,7.45721239998238,2,0.467099700006656,True
sub-03,154,2,54,1,12,20.0,2486,2546,2786,37.685185,17.685185,17.685185,2.93663280003238,3,0.349985699984245,True
sub-03,155,2,55,2,60,40.0,25895,26495,27395,61.666667,21.666667,21.666667,3.95424410002306,3,0.917807000048924,True
sub-03,156,2,56,2,60,80.0,23865,25065,25365,50.740741,-29.259259,29.259259,2.16915349999908,1,0.633968500012997,True
sub-03,157,2,57,1,12,60.0,4600,4780,4900,40.185185,-19.814815,19.814815,7.607359000016,2,0.650717600015923,True
sub-03,158,2,58,2,300,40.0,1638,4638,9138,61.851852,21.851852,21.851852,5.3392227999866,2,0.383819000038784,True
sub-03,159,2,59,2,300,40.0,1960,4960,9460,62.777778,22.777778,22.777778,3.03608260001055,3,0.80061629996635,True
sub-03,160,2,60,1,12,60.0,26328,26508,26628,76.944444,16.944444,16.944444,2.36960279999766,2,0.884155799984,True
sub-03,161,2,61,1,12,40.0,2486,2606,2786,51.851852,11.851852,11.851852,5.60559400002239,2,0.469946899975184,True
sub-03,162,2,62,2,60,60.0,21629,22529,23129,62.037037,2.037037,2.037037,6.39092670002719,2,0.367077700037043,True
sub-03,163,2,63,2,60,20.0,12596,12896,14096,40.555556,20.555556,20.555556,5.55270450003445,3,0.36699910002062,True
sub-03,164,2,64,2,60,40.0,21629,22229,23129,58.981481,18.981481,18.981481,2.6025428000139,2,0.400348199997097,True
sub-03,165,2,65,2,300,60.0,18922,23422,26422,59.166667,-0.833333,0.833333,6.05643200001213,2,1.06786009995266,True
sub-03,166,2,66,1,60,40.0,20386,20986,21886,42.12963,2.12963,2.12963,7.8749035000219,2,0.283661500026937,True
sub-03,167,2,67,2,300,20.0,5739,7239,13239,35.462963,15.462963,15.462963,2.75280570000177,3,0.350250699964817,True
sub-03,168,2,68,2,60,20.0,17621,17921,19121,44.814815,24.814815,24.814815,6.67384909995598,3,0.499749600014183,True
sub-03,169,2,69,2,300,20.0,13458,14958,20958,25.462963,5.462963,5.462963,7.72499910002807,4,0.416458899970166,True
sub-03,170,2,70,1,60,20.0,20386,20686,21886,33.888889,13.888889,13.888889,2.78531369997654,3,1.26743930001975,True
sub-03,171,2,71,1,60,80.0,6042,7242,7542,61.944444,-18.055556,18.055556,2.10218260000692,4,0.81739209999796,True
sub-03,172,2,72,2,300,80.0,10273,16273,17773,42.685185,-37.314815,37.314815,3.90405319997807,2,0.366869399964343,True
sub-03,173,2,73,2,60,40.0,14390,14990,15890,63.703704,23.703704,23.703704,5.97275730001274,3,0.683947299956344,True
sub-03,174,2,74,2,60,40.0,25202,25802,26702,42.12963,2.12963,2.12963,3.3031535000191,3,0.249907599994912,True
sub-03,175,2,75,1,12,80.0,25820,26060,26120,63.703704,-16.296296,16.296296,5.6557125999825,2,0.299784699978772,True
sub-03,176,2,76,2,300,60.0,18200,22700,25700,54.814815,-5.185185,5.185185,3.68688390002353,2,0.700471899996046,True
sub-03,177,2,77,1,12,60.0,3739,3919,4039,37.314815,-22.685185,22.685185,4.70510730001842,2,0.35021649999544,True
sub-03,178,2,78,1,12,20.0,10400,10460,10700,32.314815,12.314815,12.314815,3.62085139995906,4,0.399911299988161,True
sub-03,179,2,79,1,12,20.0,16152,16212,16452,44.259259,24.259259,24.259259,3.05297359998803,2,0.616796699992846,True
sub-03,180,2,80,2,300,20.0,12645,14145,20145,57.407407,37.407407,37.407407,10.7772893999936,2,0.834042499947827,True
sub-03,181,2,81,1,12,60.0,21273,21453,21573,46.481481,-13.518519,13.518519,3.50347480003256,2,0.316697400005068,True
sub-03,182,2,82,1,12,20.0,26328,26388,26628,58.888889,38.888889,38.888889,4.72143050003796,2,0.617228900024201,True
sub-03,183,2,83,2,60,40.0,10035,10635,11535,39.444444,-0.555556,0.555556,3.18676599999889,2,0.867307199980132,True
sub-03,184,2,84,1,60,80.0,5494,6694,6994,64.259259,-15.740741,15.740741,4.3547438000096,3,0.416733800026122,True
sub-03,185,2,85,2,300,60.0,19476,23976,26976,38.981481,-21.018519,21.018519,6.00637540000025,1,0.383407399989664,True
sub-03,186,2,86,2,300,40.0,14066,17066,21566,69.444444,29.444444,29.444444,6.17268970003351,2,0.700387599994428,True
sub-03,187,2,87,1,12,40.0,23864,23985,24165,56.759259,16.759259,16.759259,5.03880959999514,1,0.583771199977491,True
sub-03,188,2,88,2,60,60.0,10035,10935,11535,42.87037,-17.12963,17.12963,7.70792469999287,2,0.383260500035248,True
sub-03,189,2,89,1,60,60.0,22148,23048,23648,67.5,7.5,7.5,8.49241249996703,3,0.316593700030352,True
sub-03,190,2,90,1,60,20.0,6042,6342,7542,40.185185,20.185185,20.185185,3.21959799999604,2,0.51713930000551,True
sub-03,191,2,91,2,300,60.0,12645,17145,20145,35.740741,-24.259259,24.259259,6.32313319999957,3,0.333788599993567,True
sub-03,192,2,92,1,12,60.0,25820,26000,26120,67.962963,7.962963,7.962963,3.0531442000065,2,14.6980313999811,True
sub-03,193,2,93,1,60,20.0,15628,15928,17128,46.666667,26.666667,26.666667,6.03917659999569,2,0.400511499959975,True
sub-03,194,2,94,2,300,60.0,21224,25724,28724,75.740741,15.740741,15.740741,7.50753600004827,3,0.333735699998214,True
sub-03,195,2,95,1,12,80.0,14329,14569,14629,76.018519,-3.981481,3.981481,7.02389199996832,2,0.400563799950759,True
sub-03,196,2,96,2,300,80.0,10518,16518,18018,57.12963,-22.87037,22.87037,6.94050550000974,1,0.59988469997188,True
sub-03,197,2,97,2,300,80.0,16327,22327,23827,76.203704,-3.796296,3.796296,3.97071099997265,3,0.851429999980609,True
sub-03,198,2,98,1,60,60.0,26923,27823,28423,58.148148,-1.851852,1.851852,3.6901438999921,2,0.733967399981338,True
sub-03,199,2,99,2,300,60.0,16072,20572,23572,62.5,2.5,2.5,3.16791519999969,3,0.850751799996942,True
sub-03,200,2,100,1,12,80.0,4600,4840,4900,65.185185,-14.814815,14.814815,3.1370331000071,3,0.516968399984762,True
sub-03,201,3,1,2,300,20.0,2522,4022,10022,42.87037,22.87037,22.87037,8.51621179998619,2,0.484425399976316,True
sub-03,202,3,2,1,60,60.0,2714,3614,4214,59.074074,-0.925926,0.925926,5.32199909997871,2,0.316951900022104,True
sub-03,203,3,3,1,60,40.0,15628,16228,17128,39.351852,-0.648148,0.648148,6.0726149000111,2,1.25162120000459,True
sub-03,204,3,4,1,12,40.0,26328,26448,26628,60.37037,20.37037,20.37037,4.25423149997368,3,0.767369000008329,True
sub-03,205,3,5,2,60,20.0,19722,20022,21222,44.351852,24.351852,24.351852,3.01966629998059,3,0.450354399974457,True
sub-03,206,3,6,2,60,20.0,9187,9487,10687,40.185185,20.185185,20.185185,2.31920760002685,3,0.417269799974747,True
sub-03,207,3,7,2,300,40.0,19476,22476,26976,65.740741,25.740741,25.740741,3.3203424999956,3,0.467543700011447,True
sub-03,208,3,8,1,60,80.0,15628,16828,17128,58.240741,-21.759259,21.759259,2.51916349999373,2,0.283903300005476,True
sub-03,209,3,9,2,300,20.0,10273,11773,17773,40.37037,20.37037,20.37037,2.7862971999566,2,0.717413800011854,True
sub-03,210,3,10,2,60,20.0,21629,21929,23129,43.425926,23.425926,23.425926,6.83997199998702,3,0.550573100044857,True
sub-03,211,3,11,2,300,80.0,1638,7638,9138,62.5,-17.5,17.5,6.4899688999867,3,0.299917099997401,True
sub-03,212,3,12,2,300,60.0,13458,17958,20958,45.0,-15.0,15.0,4.57117339997785,2,0.450941000017337,True
sub-03,213,3,13,2,300,60.0,11153,15653,18653,58.981481,-1.018519,1.018519,9.05940580001333,2,0.750600500032305,True
sub-03,214,3,14,2,300,40.0,11153,14153,18653,48.981481,8.981481,8.981481,2.75259089999599,2,1.40110670001013,True
sub-03,215,3,15,1,12,60.0,15162,15342,15462,39.444444,-20.555556,20.555556,5.98953070002608,2,0.366818599984981,True
sub-03,216,3,16,2,300,60.0,7365,11865,14865,44.444444,-15.555556,15.555556,5.57196170004317,3,0.484144499991089,True
sub-03,217,3,17,1,60,60.0,1414,2314,2914,58.611111,-1.388889,1.388889,4.68823149998206,2,0.416776900005061,True
sub-03,218,3,18,2,60,80.0,11369,12569,12869,62.685185,-17.314815,17.314815,3.82107860001269,2,0.466985500010196,True
sub-03,219,3,19,2,60,40.0,19722,20322,21222,59.62963,19.62963,19.62963,4.10424659994896,3,0.250263500027358,True
sub-03,220,3,20,2,300,60.0,1960,6460,9460,58.703704,-1.296296,1.296296,5.0720105000073,2,0.366831399966031,True
sub-03,221,3,21,2,60,80.0,10035,11235,11535,55.277778,-24.722222,24.722222,5.78953419998288,2,0.450559400022029,True
sub-03,222,3,22,2,300,60.0,9381,13881,16881,44.907407,-15.092593,15.092593,6.50661879999097,2,0.267105400038417,True
sub-03,223,3,23,1,60,80.0,13176,14376,14676,58.518519,-21.481481,21.481481,8.14176570001291,3,1.10149249999085,True
sub-03,224,3,24,2,300,20.0,18200,19700,25700,33.518519,13.518519,13.518519,12.1457930000033,2,0.350152300030458,True
sub-03,225,3,25,2,60,40.0,11369,11969,12869,46.574074,6.574074,6.574074,2.96953669999493,1,0.383689599984791,True
sub-03,226,3,26,2,60,20.0,10035,10335,11535,55.462963,35.462963,35.462963,4.52155740000307,2,0.450406299962196,True
sub-03,227,3,27,2,60,60.0,28296,29196,29796,57.777778,-2.222222,2.222222,15.048631099984,2,0.934139600023627,True
sub-03,228,3,28,2,60,60.0,3650,4550,5150,50.277778,-9.722222,9.722222,4.82503310003085,2,0.233650899957865,True
sub-03,229,3,29,1,12,80.0,1602,1842,1902,69.537037,-10.462963,10.462963,4.78860440000426,2,0.934342900000046,True
sub-03,230,3,30,2,300,40.0,10518,13518,18018,50.648148,10.648148,10.648148,8.97633709997171,1,0.701157799980137,True
sub-03,231,3,31,2,300,20.0,7365,8865,14865,36.111111,16.111111,16.111111,3.30335460003698,2,0.734125700022559,True
sub-03,232,3,32,2,300,20.0,10518,12018,18018,32.314815,12.314815,12.314815,3.63825160003034,3,1.31798399996478,True
sub-03,233,3,33,2,60,60.0,25895,26795,27395,73.148148,13.148148,13.148148,6.15375090000452,2,0.73433720000321,True
sub-03,234,3,34,1,12,40.0,14329,14449,14629,42.685185,2.685185,2.685185,5.37210350000532,3,0.333112399966921,True
sub-03,235,3,35,2,300,20.0,9381,10881,16881,24.814815,4.814815,4.814815,6.55628819996491,2,0.43368359998567,True
sub-03,236,3,36,1,60,60.0,6042,6942,7542,61.203704,1.203704,1.203704,4.10424580000108,2,0.683960399997886,True
sub-03,237,3,37,2,60,20.0,25895,26195,27395,66.944444,46.944444,46.944444,5.78915790002793,3,0.299986300000455,True
sub-03,238,3,38,2,300,80.0,14066,20066,21566,69.074074,-10.925926,10.925926,4.03755440004169,3,0.433435300015844,True
sub-03,239,3,39,1,60,60.0,5494,6394,6994,60.462963,0.462963,0.462963,4.67137450003065,2,0.500531000026967,True
sub-03,240,3,40,2,300,40.0,14351,17351,21851,67.407407,27.407407,27.407407,5.68935389997204,2,1.11807219998445,True
sub-03,241,3,41,2,60,40.0,23865,24465,25365,57.87037,17.87037,17.87037,7.00688699999591,2,0.333438300003763,True
sub-03,242,3,42,1,12,40.0,11500,11620,11800,40.925926,0.925926,0.925926,4.38760429999092,2,0.467186200025025,True
sub-03,243,3,43,2,60,40.0,28296,28896,29796,43.333333,3.333333,3.333333,1.65182719996664,3,0.434274700004607,True
sub-03,244,3,44,2,300,80.0,11085,17085,18585,60.648148,-19.351852,19.351852,2.08539820002624,2,0.249885400000493,True
sub-03,245,3,45,1,12,80.0,6414,6654,6714,36.574074,-43.425926,43.425926,4.68787259998498,2,0.567201400001067,True
sub-03,246,3,46,2,60,80.0,25895,27095,27395,65.462963,-14.537037,14.537037,2.2357439000043,3,1.11766459996579,True
sub-03,247,3,47,2,60,20.0,28296,28596,29796,59.444444,39.444444,39.444444,2.83622450003167,2,0.299933100002817,True
sub-03,248,3,48,1,12,20.0,6414,6474,6714,45.555556,25.555556,25.555556,2.13555290002841,2,0.366733500035479,True
sub-03,249,3,49,1,12,60.0,9950,10130,10250,49.259259,-10.740741,10.740741,4.72166589996777,1,0.400684099993668,True
sub-03,250,3,50,2,60,80.0,9187,10387,10687,73.796296,-6.203704,6.203704,3.62008560000685,3,0.350594499963335,True
sub-03,251,3,51,1,12,20.0,12500,12560,12800,45.37037,25.37037,25.37037,3.78691650001565,3,0.383837500005029,True
sub-03,252,3,52,1,60,80.0,4556,5756,6056,61.574074,-18.425926,18.425926,5.05542679998325,3,0.350633399968501,True
sub-03,253,3,53,1,12,60.0,24250,24430,24550,44.907407,-15.092593,15.092593,5.99254180002026,2,0.400526400015223,True
sub-03,254,3,54,2,300,20.0,13557,15057,21057,36.018519,16.018519,16.018519,7.85852389998035,3,0.350037300027906,True
sub-03,255,3,55,2,300,60.0,13557,18057,21057,55.37037,-4.62963,4.62963,7.58818919997429,3,0.317161999992094,True
sub-03,256,3,56,1,60,80.0,20386,21586,21886,52.407407,-27.592593,27.592593,4.50428300001658,2,0.350210799952037,True
sub-03,257,3,57,1,12,40.0,29300,29420,29600,66.759259,26.759259,26.759259,2.61933010001666,3,0.0669567000004462,True
sub-03,258,3,58,1,12,60.0,27281,27461,27581,62.314815,2.314815,2.314815,2.68626679998124,3,0.367157900007441,True
sub-03,259,3,59,1,12,60.0,24970,25150,25270,64.166667,4.166667,4.166667,3.83709669997915,2,0.500220700050704,True
sub-03,260,3,60,1,60,60.0,15628,16528,17128,49.351852,-10.648148,10.648148,5.53918179997708,2,0.549834400007966,True
sub-03,261,3,61,2,300,20.0,16327,17827,23827,56.388889,36.388889,36.388889,2.18596020003315,2,0.550428899994585,True
sub-03,262,3,62,2,300,60.0,10273,14773,17773,64.351852,4.351852,4.351852,2.71957090002251,2,0.450907199992798,True
sub-03,263,3,63,2,300,40.0,16327,19327,23827,51.851852,11.851852,11.851852,5.75591510004596,3,0.716864600020926,True
sub-03,264,3,64,1,60,20.0,4556,4856,6056,43.888889,23.888889,23.888889,3.20340509997913,3,0.33377460000338,True
sub-03,265,3,65,1,12,20.0,4600,4660,4900,47.592593,27.592593,27.592593,3.90394429996376,2,0.46688229998108,True
sub-03,266,3,66,1,12,60.0,29300,29480,29600,61.851852,1.851852,1.851852,4.50466040003811,3,1.08470959996338,True
sub-03,267,3,67,1,12,60.0,1602,1782,1902,67.5,7.5,7.5,1.9021246000193,3,0.466594900004565,True
sub-03,268,3,68,1,12,60.0,6414,6594,6714,59.62963,-0.37037,0.37037,1.81861149996984,3,0.617278000048827,True
sub-03,269,3,69,2,300,60.0,2522,7022,10022,55.092593,-4.907407,4.907407,3.98737579997396,2,0.300199399993289,True
sub-03,270,3,70,2,300,80.0,22736,28736,30236,48.055556,-31.944444,31.944444,12.378741500026,2,0.683778000005986,True
sub-03,271,3,71,2,300,60.0,10518,15018,18018,63.055556,3.055556,3.055556,11.9285370999714,2,0.333446199947502,True
sub-03,272,3,72,1,12,40.0,13450,13570,13750,60.185185,20.185185,20.185185,7.47430210001766,3,0.467228599998634,True
sub-03,273,3,73,2,300,80.0,13458,19458,20958,63.796296,-16.203704,16.203704,4.95522489998256,3,0.400042600056622,True
sub-03,274,3,74,2,60,40.0,17621,18221,19121,67.685185,27.685185,27.685185,14.647869700042,2,0.617227900016587,True
sub-03,275,3,75,1,12,80.0,15162,15402,15462,68.888889,-11.111111,11.111111,9.32583599997451,2,0.433614799985662,True
sub-03,276,3,76,1,12,60.0,10400,10580,10700,60.925926,0.925926,0.925926,5.9728345000185,2,0.283520299999509,True
sub-03,277,3,77,2,60,80.0,16451,17651,17951,69.722222,-10.277778,10.277778,3.40277460002107,2,0.483981799974571,True
sub-03,278,3,78,2,300,20.0,20069,21569,27569,48.240741,28.240741,28.240741,8.44232460000785,2,0.550510199973359,True
sub-03,279,3,79,2,60,60.0,14390,15290,15890,66.481481,6.481481,6.481481,2.55258209997555,3,0.366857300046831,True
sub-03,280,3,80,1,12,20.0,21273,21333,21573,40.0,20.0,20.0,5.421881199989,2,0.316643400001339,True
sub-03,281,3,81,2,300,40.0,18922,21922,26422,48.518519,8.518519,8.518519,9.1424542000168,2,0.283447800029534,True
sub-03,282,3,82,1,12,20.0,3739,3799,4039,61.481481,41.481481,41.481481,2.51899000001139,2,0.2664048000006,True
sub-03,283,3,83,1,12,40.0,10400,10520,10700,60.833333,20.833333,20.833333,3.43683780002174,2,0.550291400053538,True
sub-03,284,3,84,2,300,80.0,19476,25476,26976,58.703704,-21.296296,21.296296,2.05197560001397,3,0.450647399993613,True
sub-03,285,3,85,2,300,80.0,21224,27224,28724,66.574074,-13.425926,13.425926,1.63504169997759,3,0.800495599978603,True
sub-03,286,3,86,1,12,20.0,21800,21860,22100,62.87037,42.87037,42.87037,1.85193830000935,3,0.517503299983218,True
sub-03,287,3,87,2,300,40.0,22736,25736,30236,68.425926,28.425926,28.425926,1.98535100003937,2,0.483810500008985,True
sub-03,288,3,88,1,60,40.0,22148,22748,23648,62.407407,22.407407,22.407407,6.54049749998375,2,0.383708199951797,True
sub-03,289,3,89,1,12,80.0,2486,2726,2786,67.5,-12.5,12.5,8.99213019997114,3,0.300538699957542,True
sub-03,290,3,90,2,300,20.0,1960,3460,9460,41.018519,21.018519,21.018519,2.45238779997453,2,0.250557400053367,True
sub-03,291,3,91,1,12,40.0,15162,15282,15462,37.407407,-2.592593,2.592593,7.44041689997538,2,0.450262300029862,True
sub-03,292,3,92,2,300,20.0,14351,15851,21851,59.259259,39.259259,39.259259,3.48681720002787,2,0.817199799988884,True
sub-03,293,3,93,2,300,40.0,9381,12381,16881,19.62963,-20.37037,20.37037,6.95727930002613,2,0.567338599998038,True
sub-03,294,3,94,2,300,80.0,16072,22072,23572,49.166667,-30.833333,30.833333,2.98664180003106,1,0.316916499985381,True
sub-03,295,3,95,1,12,40.0,21273,21393,21573,54.814815,14.814815,14.814815,8.42479100002674,2,0.233388599997852,True
sub-03,296,3,96,2,60,20.0,14390,14690,15890,39.814815,19.814815,19.814815,5.90603600000031,3,1.11806260002776,True
sub-03,297,3,97,2,300,80.0,18200,24200,25700,68.055556,-11.944444,11.944444,7.72461079998174,3,0.617249100003391,True
sub-03,298,3,98,1,12,40.0,24250,24370,24550,63.888889,23.888889,23.888889,1.68478720000712,2,0.400208199978806,True
sub-03,299,3,99,2,300,20.0,14066,15566,21566,35.555556,15.555556,15.555556,5.32241239998256,2,0.249999899999238,True
sub-03,300,3,100,1,12,40.0,2393,2513,2693,60.555556,20.555556,20.555556,3.23632470000302,3,0.283699400024488,True
sub-04,1,1,1,1,60,20.0,6042,6342,7542,2.87037,-17.12963,17.12963,24.7952343999641,3,1.06777199998032,True
sub-04,2,1,2,2,60,40.0,10035,10635,11535,29.166667,-10.833333,10.833333,15.096410099999,1,3.52026699995622,True
sub-04,3,1,3,2,60,80.0,12596,13796,14096,48.333333,-31.666667,31.666667,28.1654741000384,3,2.26899590005632,True
sub-04,4,1,4,2,300,20.0,10273,11773,17773,77.87037,57.87037,57.87037,15.9637754999566,4,0.733823399990797,True
sub-04,5,1,5,2,300,20.0,1638,3138,9138,73.055556,53.055556,53.055556,16.0832625000039,4,0.600728799938224,True
sub-04,6,1,6,1,12,60.0,9950,10130,10250,12.12963,-47.87037,47.87037,13.847372499993,4,0.867600700003095,True
sub-04,7,1,7,1,12,40.0,2486,2606,2786,72.037037,32.037037,32.037037,16.2029880000045,4,0.817124999943189,True
sub-04,8,1,8,2,300,60.0,1638,6138,9138,73.148148,13.148148,13.148148,24.7257742999354,4,1.43429820006713,True
sub-04,9,1,9,2,300,20.0,7365,8865,14865,8.796296,-11.203704,11.203704,13.480516700074,4,0.633965200046077,True
sub-04,10,1,10,2,60,80.0,23865,25065,25365,77.222222,-2.777778,2.777778,23.4883223000215,2,0.834134300006553,True
sub-04,11,1,11,2,300,40.0,22736,25736,30236,53.611111,13.611111,13.611111,13.5174945000326,3,0.700692299986258,True
sub-04,12,1,12,2,60,80.0,19722,20922,21222,95.555556,15.555556,15.555556,10.3745729000074,4,0.667266999953426,True
sub-04,13,1,13,1,12,60.0,25820,26000,26120,16.481481,-43.518519,43.518519,15.5131541000446,4,0.483570100041106,True
sub-04,14,1,14,1,12,80.0,1602,1842,1902,95.462963,15.462963,15.462963,7.24080959998536,4,0.70047619997058,True
sub-04,15,1,15,1,12,20.0,2393,2453,2693,71.111111,51.111111,51.111111,11.4115546999964,4,0.583674099994823,True
sub-04,16,1,16,1,12,80.0,2486,2726,2786,86.944444,6.944444,6.944444,10.1139409000752,4,0.383771099965088,True
sub-04,17,1,17,2,300,60.0,20069,24569,27569,58.425926,-1.574074,1.574074,16.0638137999922,1,0.467428299947641,True
sub-04,18,1,18,2,300,20.0,9381,10881,16881,56.759259,36.759259,36.759259,13.3975154999643,1,0.567236399976536,True
sub-04,19,1,19,2,300,80.0,13557,19557,21057,61.296296,-18.703704,18.703704,15.5490560999605,3,0.667215599911287,True
sub-04,20,1,20,1,12,20.0,3739,3799,4039,33.981481,13.981481,13.981481,17.4176401000004,4,0.600213099969551,True
sub-04,21,1,21,1,12,80.0,14329,14569,14629,91.574074,11.574074,11.574074,11.3784902000334,4,0.567332999897189,True
sub-04,22,1,22,2,300,60.0,9381,13881,16881,63.333333,3.333333,3.333333,9.50941060006152,4,0.500534299993887,True
sub-04,23,1,23,2,60,20.0,28296,28596,29796,40.555556,20.555556,20.555556,13.1831636999268,4,0.734067099983803,True
sub-04,24,1,24,1,12,40.0,2393,2513,2693,73.796296,33.796296,33.796296,15.5333735999884,4,0.567621800000779,True
sub-04,25,1,25,1,12,80.0,25820,26060,26120,45.555556,-34.444444,34.444444,14.9793413999723,4,1.66850949998479,True
sub-04,26,1,26,1,12,40.0,23864,23984,24164,32.962963,-7.037037,7.037037,16.2163827000185,1,0.483633999945595,True
sub-04,27,1,27,1,60,60.0,13942,14842,15442,82.314815,22.314815,22.314815,9.35912989999633,4,0.683920800103806,True
sub-04,28,1,28,2,60,20.0,25202,25502,26702,22.407407,2.407407,2.407407,9.97733320004772,4,1.06765680003445,True
sub-04,29,1,29,2,300,20.0,16327,17827,23827,31.759259,11.759259,11.759259,14.097793099936,3,0.816938200034201,True
sub-04,30,1,30,1,60,60.0,4556,5456,6056,73.055556,13.055556,13.055556,15.4692298000445,4,0.483884199988096,True
sub-04,31,1,31,2,300,80.0,14066,20066,21566,59.351852,-20.648148,20.648148,17.2815666999667,4,0.633577500004321,True
sub-04,32,1,32,2,300,80.0,1960,7960,9460,63.055556,-16.944444,16.944444,37.7045393000589,4,0.567264300072565,True
sub-04,33,1,33,1,12,60.0,16152,16332,16452,53.981481,-6.018519,6.018519,23.356658799923,4,0.499944800045341,True
sub-04,34,1,34,2,60,60.0,17621,18521,19121,51.666667,-8.333333,8.333333,21.0378565000137,4,0.700871100067161,True
sub-04,35,1,35,2,300,20.0,19988,21488,27488,41.666667,21.666667,21.666667,18.4055039000231,4,0.433715700055472,True
sub-04,36,1,36,2,300,20.0,5739,7239,13239,20.833333,0.833333,0.833333,26.9912925000535,4,0.483900999999605,True
sub-04,37,1,37,2,300,80.0,16327,22327,23827,81.203704,1.203704,1.203704,22.4561164999613,4,0.984117100015282,True
sub-04,38,1,38,2,300,60.0,1960,6460,9460,36.759259,-23.240741,23.240741,63.433393000043,4,0.584052599966526,True
sub-04,39,1,39,1,60,40.0,6042,6642,7542,67.222222,27.222222,27.222222,13.0962911000242,4,1.53521070000715,True
sub-04,40,1,40,2,300,80.0,10273,16273,17773,76.759259,-3.240741,3.240741,18.9063546999823,4,1.08473470003809,True
sub-04,41,1,41,1,60,80.0,26923,28123,28423,82.407407,2.407407,2.407407,9.90740400005597,4,0.667142299935221,True
sub-04,42,1,42,2,300,20.0,11153,12653,18653,23.611111,3.611111,3.611111,14.6315340999281,4,0.43366960005369,True
sub-04,43,1,43,2,300,60.0,18922,23422,26422,64.351852,4.351852,4.351852,14.9185203999513,4,0.533787699998356,True
sub-04,44,1,44,1,12,20.0,12500,12560,12800,48.148148,28.148148,28.148148,8.82341239997185,4,0.583953500026837,True
sub-04,45,1,45,1,12,80.0,9950,10190,10250,75.092593,-4.907407,4.907407,9.87980140000581,4,0.484068999998271,True
sub-04,46,1,46,2,60,60.0,3650,4550,5150,47.87037,-12.12963,12.12963,29.6771298999665,4,0.750857000006362,True
sub-04,47,1,47,1,12,20.0,24970,25030,25270,26.203704,6.203704,6.203704,8.39230449998285,4,0.36758760001976,True
sub-04,48,1,48,1,12,40.0,26328,26448,26628,41.574074,1.574074,1.574074,7.15773620002437,4,0.299910000059753,True
sub-04,49,1,49,1,12,60.0,13450,13630,13750,54.444444,-5.555556,5.555556,12.0791652000043,4,0.55086780001875,True
sub-04,51,1,51,2,60,40.0,3650,4250,5150,55.648148,15.648148,15.648148,36.7733192000305,4,0.650920399930328,True
sub-04,52,1,52,2,300,20.0,18922,20422,26422,31.203704,11.203704,11.203704,11.2612441000528,4,1.23440129996743,True
sub-04,53,1,53,2,300,80.0,18922,24922,26422,68.796296,-11.203704,11.203704,18.9031380000524,4,0.300110599957406,True
sub-04,54,1,54,1,12,40.0,21273,21393,21573,53.055556,13.055556,13.055556,16.6172361000208,4,0.550032599945552,True
sub-04,55,1,55,2,60,40.0,16451,17051,17951,65.277778,25.277778,25.277778,17.4707929000724,4,0.533729100017808,True
sub-04,56,1,56,2,300,60.0,16072,20572,23572,56.203704,-3.796296,3.796296,14.9460474000079,4,0.56721699994523,True
sub-04,57,1,57,2,300,20.0,16072,17572,23572,31.296296,11.296296,11.296296,6.3398387999041,4,0.583454599953256,True
sub-04,58,1,58,1,60,80.0,20386,21586,21886,72.222222,-7.777778,7.777778,8.22562010004185,4,0.266524199978448,True
sub-04,59,1,59,2,300,40.0,2522,5522,10022,71.481481,31.481481,31.481481,50.2535839999327,4,0.533461099956184,True
sub-04,60,1,60,2,300,20.0,14351,15851,21851,14.259259,-5.740741,5.740741,21.1215241999598,3,2.10215519997291,True
sub-04,61,1,61,2,60,60.0,9187,10087,10687,36.111111,-23.888889,23.888889,10.9313977999845,3,0.851024999981746,True
sub-04,62,1,62,2,60,60.0,19722,20622,21222,46.759259,-13.240741,13.240741,9.04025000007823,4,0.366666799993254,True
sub-04,63,1,63,1,12,40.0,21800,21920,22100,82.592593,42.592593,42.592593,18.2355198999866,4,1.38445429992862,True
sub-04,64,1,64,1,12,20.0,13450,13510,13750,39.074074,19.074074,19.074074,7.87462020001839,4,1.16779450001195,True
sub-04,65,1,65,2,300,60.0,10518,15018,18018,44.444444,-15.555556,15.555556,20.0872193999821,4,0.333830799907445,True
sub-04,66,1,66,1,60,20.0,13942,14242,15442,82.407407,62.407407,62.407407,30.8643476000288,4,0.467091900063678,True
sub-04,67,1,67,2,300,40.0,14351,17351,21851,41.944444,1.944444,1.944444,24.2913671999704,4,0.334064399939961,True
sub-04,68,1,68,1,60,60.0,13176,14076,14676,70.277778,10.277778,10.277778,17.317449199967,4,0.717406700015999,True
sub-04,69,1,69,2,300,60.0,18200,22700,25700,67.407407,7.407407,7.407407,28.8457309999503,3,0.834236299968324,True
sub-04,70,1,70,1,12,20.0,17600,17660,17900,70.185185,50.185185,50.185185,17.4378103000344,4,0.566797300009056,True
sub-04,71,1,71,2,300,60.0,11153,15653,18653,77.87037,17.87037,17.87037,33.8983291999902,3,0.917729299981147,True
sub-04,72,1,72,1,12,20.0,1602,1662,1902,37.777778,17.777778,17.777778,23.2227936000563,3,0.450296199996955,True
sub-04,73,1,73,1,12,40.0,24250,24370,24550,51.944444,11.944444,11.944444,11.9456185000017,4,0.78406440000981,True
sub-04,74,1,74,1,12,60.0,29300,29480,29600,46.111111,-13.888889,13.888889,9.42677999997977,4,0.300679699983447,True
sub-04,75,1,75,1,60,40.0,13176,13776,14676,41.203704,1.203704,1.203704,5.55906569992657,4,0.250426899990998,True
sub-04,76,1,76,1,60,20.0,5494,5794,6994,16.296296,-3.703704,3.703704,15.1823821999132,4,0.701207400066778,True
sub-04,77,1,77,2,300,20.0,14066,15566,21566,32.87037,12.87037,12.87037,4.75512409990187,4,0.417397400015033,True
sub-04,78,1,78,2,300,80.0,16072,22072,23572,60.462963,-19.537037,19.537037,4.29131170001346,4,0.333237300044856,True
sub-04,79,1,79,1,12,40.0,14329,14449,14629,63.888889,23.888889,23.888889,17.0980909999925,4,0.500504299998283,True
sub-04,80,1,80,1,12,20.0,29300,29360,29600,27.777778,7.777778,7.777778,6.10688029997982,4,0.484018999966792,True
sub-04,81,1,81,1,60,60.0,5494,6394,6994,32.87037,-27.12963,27.12963,10.711452199961,1,0.617193299927748,True
sub-04,82,1,82,2,60,40.0,25895,26495,27395,74.62963,34.62963,34.62963,16.9338403999572,4,0.0669272999512031,True
sub-04,83,1,83,1,12,80.0,26328,26568,26628,90.092593,10.092593,10.092593,13.5137669999385,4,0.350363400066271,True
sub-04,84,1,84,2,60,60.0,21629,22529,23129,76.666667,16.666667,16.666667,11.2484075999818,4,0.350383799988776,True
sub-04,85,1,85,1,60,80.0,13176,14376,14676,66.574074,-13.425926,13.425926,7.78874450002331,4,1.06765139999333,True
sub-04,86,1,86,2,300,40.0,13458,16458,20958,32.685185,-7.314815,7.314815,8.09177040006034,4,0.350427099969238,True
sub-04,87,1,87,2,300,20.0,21224,22724,28724,44.351852,24.351852,24.351852,9.05947659991216,4,0.700980799971148,True
sub-04,88,1,88,2,300,60.0,16327,20827,23827,54.722222,-5.277778,5.277778,7.3906281000236,4,0.316727699944749,True
sub-04,89,1,89,2,60,60.0,25895,26795,27395,87.12963,27.12963,27.12963,13.7006752999732,4,0.433719900087453,True
sub-04,90,1,90,2,300,40.0,19988,22988,27488,56.666667,16.666667,16.666667,10.5579475000267,3,3.58659660001285,True
sub-04,91,1,91,1,12,60.0,24970,25150,25270,66.388889,6.388889,6.388889,4.54138079995755,4,0.132937900023534,True
sub-04,92,1,92,2,60,40.0,17621,18221,19121,72.962963,32.962963,32.962963,12.7775255999295,4,0.700836000032723,True
sub-04,93,1,93,1,12,60.0,15586,15766,15886,62.407407,2.407407,2.407407,18.2184482000302,4,0.0831873000133782,True
sub-04,94,1,94,2,60,20.0,19722,20022,21222,49.074074,29.074074,29.074074,16.4831877000397,4,0.433951999992132,True
sub-04,95,1,95,2,300,40.0,7365,10365,14865,24.722222,-15.277778,15.277778,11.2112699999706,4,0.633406699984334,True
sub-04,96,1,96,2,300,40.0,10518,13518,18018,39.814815,-0.185185,0.185185,7.77847389993257,4,0.600266300025396,True
sub-04,97,1,97,2,300,20.0,19476,20976,26976,32.407407,12.407407,12.407407,8.28927910001948,3,4.88796199997887,True
sub-04,98,1,98,2,300,80.0,19476,25476,26976,65.833333,-14.166667,14.166667,8.30870129994582,4,0.183190500014461,True
sub-04,99,1,99,1,12,80.0,15162,15402,15462,64.166667,-15.833333,15.833333,18.6557714999653,4,0.366758599993772,True
sub-04,100,1,100,1,60,80.0,2714,3914,4214,70.462963,-9.537037,9.537037,5.73642029997427,4,0.267182399984449,True
sub-04,101,2,1,2,300,80.0,22736,28736,30236,64.351852,-15.648148,15.648148,17.9181994999526,3,1.43493599991779,True
sub-04,102,2,2,2,300,20.0,13557,15057,21057,22.685185,2.685185,2.685185,9.55904529988765,3,0.783831299981102,True
sub-04,103,2,3,2,300,80.0,20069,26069,27569,61.388889,-18.611111,18.611111,14.3978474999312,4,0.416793500073254,True
sub-04,104,2,4,2,300,80.0,5739,11739,13239,31.666667,-48.333333,48.333333,11.778556000092,2,1.10106309992261,True
sub-04,105,2,5,2,300,40.0,12645,15645,20145,43.796296,3.796296,3.796296,11.478201800026,3,1.26801730005536,True
sub-04,106,2,6,1,60,60.0,2714,3614,4214,47.87037,-12.12963,12.12963,6.37714580004103,4,1.50116869993507,True
sub-04,107,2,7,2,300,40.0,9381,12381,16881,63.703704,23.703704,23.703704,18.6166651000967,4,0.249972900026477,True
sub-04,108,2,8,1,12,80.0,27281,27521,27581,68.888889,-11.111111,11.111111,16.0354894999181,4,0.216840400011278,True
sub-04,109,2,9,2,300,60.0,19476,23976,26976,17.962963,-42.037037,42.037037,26.8243592999642,1,0.466941100079566,True
sub-04,110,2,10,1,12,60.0,10400,10580,10700,43.796296,-16.203704,16.203704,9.25967960001435,1,0.183809799957089,True
sub-04,111,2,11,1,12,20.0,25820,25880,26120,32.037037,12.037037,12.037037,7.60798620001878,2,1.16796699992846,True
sub-04,112,2,12,1,12,40.0,16152,16272,16452,34.537037,-5.462963,5.462963,5.9726686000358296,4,0.283669400028884,True
sub-04,113,2,13,1,12,60.0,17600,17780,17900,82.037037,22.037037,22.037037,12.6323091000085,4,0.784229399985633,True
sub-04,114,2,14,2,300,20.0,20069,21569,27569,30.462963,10.462963,10.462963,10.2745901000453,4,0.26651500002481,True
sub-04,115,2,15,2,60,80.0,10035,11235,11535,61.574074,-18.425926,18.425926,25.5926194000057,4,0.167091800016351,True
sub-04,116,2,16,1,60,40.0,22148,22748,23648,64.351852,24.351852,24.351852,9.2257845000131,3,2.00205989996902,True
sub-04,117,2,17,1,12,60.0,2486,2666,2786,67.222222,7.222222,7.222222,6.35624110000208,4,0.6672006000299,True
sub-04,118,2,18,1,12,80.0,10400,10640,10700,63.611111,-16.388889,16.388889,4.98662440001498,3,1.70170299999881,True
sub-04,119,2,19,2,300,40.0,17351,20351,24851,72.685185,32.685185,32.685185,13.4470085999928,3,0.917375199962407,True
sub-04,120,2,20,2,300,40.0,5739,8739,13239,11.666667,-28.333333,28.333333,4.98833620001096,4,1.33487390005029,True
sub-04,121,2,21,2,60,40.0,19722,20322,21222,61.759259,21.759259,21.759259,13.6836659999098,4,0.834560699993744,True
sub-04,122,2,22,2,300,80.0,10518,16518,18018,60.277778,-19.722222,19.722222,15.9306642999872,4,0.349688400048762,True
sub-04,123,2,23,1,60,40.0,2714,3314,4214,63.981481,23.981481,23.981481,4.22164539992809,3,1.53447199997026,True
sub-04,124,2,24,2,300,20.0,1960,3460,9460,32.314815,12.314815,12.314815,14.9023007999639,3,0.150153300026431,True
sub-04,125,2,25,1,60,80.0,15628,16828,17128,89.814815,9.814815,9.814815,7.47466049995273,4,0.133807100006379,True
sub-04,126,2,26,1,12,40.0,13450,13570,13750,67.592593,27.592593,27.592593,6.62725180003326,4,0.466456800000742,True
sub-04,127,2,27,2,60,60.0,12596,13496,14096,44.814815,-15.185185,15.185185,16.6477404999313,3,0.367053599911741,True
sub-04,128,2,28,2,60,20.0,3650,3950,5150,30.092593,10.092593,10.092593,3.40702629997395,4,2.11904959997627,True
sub-04,129,2,29,2,300,80.0,1638,7638,9138,64.907407,-15.092593,15.092593,12.36354140006,4,0.517560599953867,True
sub-04,130,2,30,2,300,40.0,18922,21922,26422,43.148148,3.148148,3.148148,17.2818568999646,4,0.834104700013995,True
sub-04,131,2,31,2,60,20.0,16451,16751,17951,66.203704,46.203704,46.203704,6.59350339998491,4,0.283860400086268,True
sub-04,132,2,32,2,60,60.0,10035,10935,11535,35.0,-25.0,25.0,7.1049280000152,4,0.31733890005853,True
sub-04,133,2,33,2,300,40.0,1638,4638,9138,35.833333,-4.166667,4.166667,4.98905949993059,4,0.317138099926523,True
sub-04,134,2,34,1,12,40.0,10400,10520,10700,21.574074,-18.425926,18.425926,10.0641740000573,4,0.300311099970713,True
sub-04,135,2,35,1,12,20.0,27281,27341,27581,56.388889,36.388889,36.388889,6.45427960006054,4,0.500648099929094,True
sub-04,136,2,36,2,60,60.0,25202,26102,26702,72.314815,12.314815,12.314815,13.8974006000207,4,0.550884299911558,True
sub-04,137,2,37,1,60,20.0,13176,13476,14676,35.092593,15.092593,15.092593,6.42697859997861,4,0.200378299923613,True
sub-04,138,2,38,1,12,60.0,15162,15342,15462,55.0,-5.0,5.0,6.03735530003905,4,0.350460800109431,True
sub-04,139,2,39,1,60,60.0,6042,6942,7542,66.018519,6.018519,6.018519,11.7620364000322,4,0.350415099994279,True
sub-04,140,2,40,2,300,80.0,17351,23351,24851,68.518519,-11.481481,11.481481,9.09342299995478,4,0.617580700083635,True
sub-04,141,2,41,2,60,60.0,23865,24765,25365,57.962963,-2.037037,2.037037,16.4668560000136,2,15.2149340000469,True
sub-04,142,2,42,2,300,80.0,2522,8522,10022,58.611111,-21.388889,21.388889,11.6784250000491,3,0.533576300018467,True
sub-04,143,2,43,2,60,40.0,23865,24465,25365,73.796296,33.796296,33.796296,4.99192339996807,4,0.200546200037933,True
sub-04,144,2,44,1,60,40.0,1414,2014,2914,40.185185,0.185185,0.185185,4.10168880003038,4,0.0998809000011533,True
sub-04,145,2,45,1,12,20.0,6414,6474,6714,44.351852,24.351852,24.351852,10.5646363000851,4,0.484010700020007,True
sub-04,146,2,46,1,60,80.0,6042,7242,7542,78.796296,-1.203704,1.203704,12.8137000999413,4,0.317250399966724,True
sub-04,147,2,47,1,12,40.0,27281,27401,27581,60.0,20.0,20.0,5.78721859992947,4,0.300614200066775,True
sub-04,148,2,48,2,60,20.0,23865,24165,25365,49.814815,29.814815,29.814815,6.44006619998253,4,0.100083100027404,True
sub-04,149,2,49,2,300,20.0,17351,18851,24851,31.296296,11.296296,11.296296,6.09284210007172,4,0.350453999941237,True
sub-04,150,2,50,2,300,60.0,13557,18057,21057,33.703704,-26.296296,26.296296,7.08842610009014,4,0.70079919998534,True
sub-04,151,2,51,1,60,20.0,4556,4856,6056,34.62963,14.62963,14.62963,8.27790380001533,4,0.801047399989329,True
sub-04,152,2,52,1,12,20.0,9950,10010,10250,26.388889,6.388889,6.388889,6.95480599999427,3,1.40115039993543,True
sub-04,153,2,53,2,300,60.0,12645,17145,20145,45.185185,-14.814815,14.814815,11.3451800999464,3,0.417041499982588,True
sub-04,154,2,54,1,12,60.0,27281,27461,27581,57.12963,-2.87037,2.87037,4.73861010000109,4,0.483513299957849,True
sub-04,155,2,55,1,12,60.0,14329,14509,14629,63.240741,3.240741,3.240741,5.39237779995892,4,0.383224999997764,True
sub-04,156,2,56,1,60,60.0,26923,27823,28423,68.796296,8.796296,8.796296,5.32029679999686,4,0.216730800108052,True
sub-04,157,2,57,2,300,80.0,14351,20351,21851,60.277778,-19.722222,19.722222,4.48815210000611,4,0.166422699927352,True
sub-04,158,2,58,2,300,60.0,14066,18566,21566,56.666667,-3.333333,3.333333,10.3275693999603,4,0.517064099898561,True
sub-04,159,2,59,2,300,60.0,2522,7022,10022,38.518519,-21.481481,21.481481,8.96192809997592,4,0.434034900041297,True
sub-04,160,2,60,1,12,20.0,16152,16212,16452,50.648148,30.648148,30.648148,4.61906500009354,4,0.366893899976275,True
sub-04,161,2,61,1,12,20.0,26328,26388,26628,32.962963,12.962963,12.962963,5.97641689993906,4,0.400625000009313,True
sub-04,162,2,62,1,12,40.0,4600,4720,4900,50.555556,10.555556,10.555556,35.7001908000092,4,0.366834999993443,True
sub-04,163,2,63,2,60,80.0,25895,27095,27395,70.37037,-9.62963,9.62963,9.94355239998549,4,0.10011219989974,True
sub-04,164,2,64,2,300,20.0,13458,14958,20958,29.166667,9.166667,9.166667,12.496070299996,3,0.633843299932777,True
sub-04,165,2,65,2,60,80.0,14390,15590,15890,70.462963,-9.537037,9.537037,3.95411369996145,4,0.416998800006695,True
sub-04,166,2,66,1,60,20.0,15628,15928,17128,40.0,20.0,20.0,5.63887419993989,4,0.584144499967806,True
sub-04,167,2,67,2,60,80.0,28296,29496,29796,61.944444,-18.055556,18.055556,11.6650851999875,4,0.517378499964252,True
sub-04,168,2,68,1,12,40.0,15162,15282,15462,44.722222,4.722222,4.722222,5.06951639999169,4,0.0835727000376209,True
sub-04,169,2,69,1,12,40.0,12500,12620,12800,46.944444,6.944444,6.944444,10.397688099998,4,0.199875200050883,True
sub-04,170,2,70,2,300,20.0,11085,12585,18585,33.055556,13.055556,13.055556,11.9262437999714,2,2.31913089996669,True
sub-04,171,2,71,2,300,40.0,19476,22476,26976,51.666667,11.666667,11.666667,25.7595882000168,3,1.40103990002535,True
sub-04,172,2,72,1,12,40.0,6414,6534,6714,35.555556,-4.444444,4.444444,8.91268050007056,4,2.15192910004407,True
sub-04,173,2,73,2,60,80.0,11369,12569,12869,39.722222,-40.277778,40.277778,11.1614336000056,4,0.333588300039991,True
sub-04,174,2,74,2,60,20.0,9187,9487,10687,29.166667,9.166667,9.166667,4.28776089998427,4,1.40155500010587,True
sub-04,175,2,75,1,12,80.0,3739,3979,4039,56.944444,-23.055556,23.055556,6.04337530001066,4,0.0329858999466523,True
sub-04,176,2,76,2,60,40.0,11369,11969,12869,45.925926,5.925926,5.925926,15.1463636000407,4,0.149746599956415,True
sub-04,177,2,77,1,12,80.0,12500,12740,12800,57.685185,-22.314815,22.314815,8.74583309993613,4,0.367116400040686,True
sub-04,178,2,78,2,60,60.0,16451,17351,17951,54.62963,-5.37037,5.37037,16.7015415000496,3,0.567243100027553,True
sub-04,179,2,79,1,12,20.0,15162,15222,15462,27.5,7.5,7.5,5.41987209999933,3,0.233508800039999,True
sub-04,180,2,80,1,60,80.0,5494,6694,6994,82.87037,2.87037,2.87037,7.72833020007237,4,0.366442000027745,True
sub-04,181,2,81,1,12,20.0,14329,14389,14629,53.148148,33.148148,33.148148,5.93786289996933,4,0.0835097000235691,True
sub-04,182,2,82,1,12,80.0,24250,24490,24550,32.222222,-47.777778,47.777778,3.47015670000109,4,0.133607099996879,True
sub-04,183,2,83,1,60,60.0,20386,21286,21886,66.018519,6.018519,6.018519,5.69232120004016,4,0.233332799980416,True
sub-04,184,2,84,1,12,60.0,1602,1782,1902,67.777778,7.777778,7.777778,7.34474169998429,4,0.350423900061287,True
sub-04,185,2,85,2,300,40.0,20069,23069,27569,60.37037,20.37037,20.37037,7.30495619995053,4,0.183371999999508,True
sub-04,186,2,86,2,60,80.0,17621,18821,19121,63.333333,-16.666667,16.666667,5.77265699999406,3,0.400396000011824,True
sub-04,187,2,87,1,12,20.0,21800,21860,22100,49.722222,29.722222,29.722222,4.50789520004764,4,0.300409600022248,True
sub-04,188,2,88,2,300,40.0,16327,19327,23827,48.703704,8.703704,8.703704,6.33749100007116,3,0.266907999990507,True
sub-04,189,2,89,1,12,60.0,11500,11680,11800,73.055556,13.055556,13.055556,15.5529674999415,4,0.116185699938796,True
sub-04,190,2,90,2,300,60.0,7365,11865,14865,13.425926,-46.574074,46.574074,14.7493971000658,4,0.717285900027491,True
sub-04,191,2,91,1,60,60.0,15628,16528,17128,62.777778,2.777778,2.777778,4.9892758000642,4,0.717182800057344,True
sub-04,192,2,92,1,12,80.0,21273,21513,21573,67.685185,-12.314815,12.314815,4.33538730000145,4,0.0333738001063466,True
sub-04,193,2,93,1,60,20.0,22148,22448,23648,56.296296,36.296296,36.296296,2.07244800007902,4,0.0503548999549821,True
sub-04,194,2,94,1,60,80.0,13942,15142,15442,65.648148,-14.351852,14.351852,10.1373353999806,4,0.366733300033956,True
sub-04,195,2,95,2,60,60.0,14390,15290,15890,68.055556,8.055556,8.055556,6.32683130004443,4,0.383912599994801,True
sub-04,196,2,96,1,12,80.0,11500,11740,11800,69.351852,-10.648148,10.648148,10.9082877000328,4,0.183797699981369,True
sub-04,197,2,97,2,300,20.0,12645,14145,20145,27.407407,7.407407,7.407407,6.34034729993436,4,0.283880800008773,True
sub-04,198,2,98,1,12,80.0,13450,13690,13750,42.5,-37.5,37.5,10.7143497000215,4,0.033513700007461,True
sub-04,199,2,99,1,60,40.0,26923,27523,28423,70.740741,30.740741,30.740741,5.87060220004059,4,0.41710179997608,True
sub-04,200,2,100,2,60,80.0,9187,10387,10687,27.87037,-52.12963,52.12963,6.42720090004149,4,0.0497848000377416,True
sub-05,1,1,1,1,60,60.0,4556,5456,6056,69.166667,9.166667,9.166667,10.8445425999816,3,1.10105829988606,True
sub-05,2,1,2,1,12,80.0,26328,26568,26628,79.814815,-0.185185,0.185185,8.60906710010022,3,0.884216799982823,True
sub-05,3,1,3,1,12,60.0,12500,12680,12800,51.759259,-8.240741,8.240741,11.1312482999637,2,0.901150399935431,True
sub-05,4,1,4,1,12,60.0,15162,15342,15462,68.703704,8.703704,8.703704,9.12706510000862,3,0.917618999956175,True
sub-05,5,1,5,2,300,60.0,10518,15018,18018,44.537037,-15.462963,15.462963,13.0299469999736,2,1.38454170001205,True
sub-05,6,1,6,1,12,60.0,17600,17780,17900,59.074074,-0.925926,0.925926,4.95578790002036,3,0.567178900004364,True
sub-05,7,1,7,1,12,60.0,24250,24430,24550,54.351852,-5.648148,5.648148,6.08727730007376,2,1.75150270003359,True
sub-05,8,1,8,1,12,80.0,10400,10640,10700,66.574074,-13.425926,13.425926,8.62581869994755,1,0.967943700030446,True
sub-05,9,1,9,1,12,80.0,14329,14569,14629,46.481481,-33.518519,33.518519,9.31009549996815,2,0.93423689994961,True
sub-05,10,1,10,1,12,40.0,25820,25940,26120,33.333333,-6.666667,6.666667,5.82276040001306,3,0.600269299931824,True
sub-05,11,1,11,2,300,40.0,14066,17066,21566,47.592593,7.592593,7.592593,6.40974549995735,3,1.18446640006732,True
sub-05,12,1,12,2,300,20.0,20069,21569,27569,55.0,35.0,35.0,6.33762670005671,3,1.00136900006327,True
sub-05,13,1,13,1,12,80.0,24970,25210,25270,93.518519,13.518519,13.518519,6.39025149994995,4,1.50129939999897,True
sub-05,14,1,14,1,60,80.0,26923,28123,28423,61.111111,-18.888889,18.888889,6.03936980001162,3,0.516898000030778,True
sub-05,15,1,15,1,12,60.0,15586,15766,15886,95.0,35.0,35.0,5.45576539996545,4,0.700538900098763,True
sub-05,16,1,16,2,60,80.0,25895,27095,27395,52.962963,-27.037037,27.037037,6.0227692000335,3,0.817481799982488,True
sub-05,17,1,17,1,12,40.0,29300,29420,29600,68.611111,28.611111,28.611111,8.90916649997234,3,0.850619400036521,True
sub-05,18,1,18,1,12,60.0,24970,25150,25270,87.222222,27.222222,27.222222,4.68805260001681,4,1.13506859994959,True
sub-05,19,1,19,1,12,80.0,15586,15826,15886,78.796296,-1.203704,1.203704,8.37558000010904,4,0.817334300023503,True
sub-05,20,1,20,2,300,80.0,14351,20351,21851,55.555556,-24.444444,24.444444,12.3296355999773,2,1.41862449992913,True
sub-05,21,1,21,1,12,20.0,23864,23925,24165,46.574074,26.574074,26.574074,11.5449373000301,1,1.01757449994329,True
sub-05,22,1,22,2,300,40.0,19988,22988,27488,52.037037,12.037037,12.037037,6.82403889996931,3,0.733911800081841,True
sub-05,23,1,23,2,300,40.0,2522,5522,10022,48.425926,8.425926,8.425926,7.70805030001793,3,0.50021669990383,True
sub-05,24,1,24,1,60,80.0,5494,6694,6994,78.611111,-1.388889,1.388889,5.38918599998578,4,0.583564600092358,True
sub-05,25,1,25,1,12,20.0,1602,1662,1902,32.5,12.5,12.5,5.1391452999087,4,0.533481300109997,True
sub-05,26,1,26,2,60,80.0,19722,20922,21222,90.648148,10.648148,10.648148,7.04054020007606,4,0.667398000019602,True
sub-05,27,1,27,1,60,80.0,13942,15142,15442,68.148148,-11.851852,11.851852,3.32025430002249,3,0.45055389998015,True
sub-05,28,1,28,2,60,60.0,9187,10087,10687,49.537037,-10.462963,10.462963,5.00521530001424,2,0.450199299957603,True
sub-05,29,1,29,2,300,80.0,1960,7960,9460,49.907407,-30.092593,30.092593,5.03855759999714,3,0.800737799960188,True
sub-05,30,1,30,1,60,20.0,22148,22448,23648,24.351852,4.351852,4.351852,5.40574190008919,4,0.767049100017175,True
sub-05,31,1,31,1,12,80.0,1602,1842,1902,82.12963,2.12963,2.12963,3.47396699991077,4,1.0010411000112,True
sub-05,32,1,32,1,12,20.0,6414,6474,6714,14.907407,-5.092593,5.092593,3.72176190000027,4,0.450919599970802,True
sub-05,33,1,33,2,300,40.0,11153,14153,18653,48.425926,8.425926,8.425926,10.5445866000372,3,0.500742799951694,True
sub-05,34,1,34,2,300,20.0,19476,20976,26976,61.481481,41.481481,41.481481,7.20871029992122,3,1.25129699998069,True
sub-05,35,1,35,1,12,60.0,11500,11680,11800,92.87037,32.87037,32.87037,8.77305329998489,3,1.18465100007597,True
sub-05,36,1,36,2,60,20.0,14390,14690,15890,31.111111,11.111111,11.111111,5.27233269996941,3,0.81756590004079,True
sub-05,37,1,37,2,300,20.0,1638,3138,9138,41.388889,21.388889,21.388889,7.94180109992157,3,1.63491620006971,True
sub-05,38,1,38,2,300,40.0,7365,10365,14865,72.685185,32.685185,32.685185,4.82138229999691,3,0.4838198000798,True
sub-05,39,1,39,2,300,40.0,5739,8739,13239,14.537037,-25.462963,25.462963,9.07598670001607,3,1.06747620005626,True
sub-05,40,1,40,1,12,80.0,21273,21513,21573,96.851852,16.851852,16.851852,3.10354409995488,4,0.983754500048235,True
sub-05,41,1,41,2,60,40.0,11369,11969,12869,48.055556,8.055556,8.055556,5.0886606000131,1,1.41757569997571,True
sub-05,42,1,42,1,60,60.0,26923,27823,28423,46.574074,-13.425926,13.425926,3.93751129996962,3,0.51723600004334,True
sub-05,43,1,43,1,12,80.0,2486,2726,2786,72.407407,-7.592593,7.592593,6.07299249991774,3,0.767534300102852,True
sub-05,44,1,44,1,12,40.0,16152,16272,16452,53.518519,13.518519,13.518519,7.80781490006484,3,0.56754690001253,True
sub-05,45,1,45,2,60,60.0,3650,4550,5150,54.62963,-5.37037,5.37037,4.85481359995901,3,0.617443000082857,True
sub-05,46,1,46,1,12,80.0,15162,15402,15462,53.796296,-26.203704,26.203704,7.27468169992789,3,0.767195000080391,True
sub-05,47,1,47,1,60,80.0,2714,3914,4214,79.62963,-0.37037,0.37037,6.7241746999789,3,0.649594200076535,True
sub-05,48,1,48,2,60,40.0,23865,24465,25365,58.240741,18.240741,18.240741,8.64661799999885,3,0.604211600031703,True
sub-05,49,1,49,1,12,60.0,14329,14509,14629,15.462963,-44.537037,44.537037,4.58512339997105,3,0.867583599989302,True
sub-05,50,1,50,2,300,80.0,19988,25988,27488,67.314815,-12.685185,12.685185,9.64347160002216,3,0.884496700018644,True
sub-05,51,1,51,2,60,80.0,9187,10387,10687,52.962963,-27.037037,27.037037,8.17549740010872,3,0.416876000002957,True
sub-05,52,1,52,2,300,20.0,10273,11773,17773,15.833333,-4.166667,4.166667,3.82050440006423,3,0.750213299994356,True
sub-05,53,1,53,2,60,40.0,16451,17051,17951,72.314815,32.314815,32.314815,8.57595830003265,3,2.88623810000717,True
sub-05,54,1,54,2,300,20.0,22736,24236,30236,53.055556,33.055556,33.055556,9.79370969999581,1,0.901166500058025,True
sub-05,55,1,55,2,60,20.0,12596,12896,14096,29.814815,9.814815,9.814815,3.82083480001892,3,0.550702000036835,True
sub-05,56,1,56,2,60,80.0,16451,17651,17951,76.574074,-3.425926,3.425926,6.490053000045,3,0.783937600092031,True
sub-05,57,1,57,2,300,60.0,19988,24488,27488,48.425926,-11.574074,11.574074,5.942380100023,3,0.682110999943688,True
sub-05,58,1,58,2,300,20.0,11085,12585,18585,27.037037,7.037037,7.037037,8.45913189998827,3,0.650410900008864,True
sub-05,59,1,59,2,300,60.0,16072,20572,23572,66.944444,6.944444,6.944444,7.67423180001787,3,0.650348600000143,True
sub-05,60,1,60,1,60,80.0,6042,7242,7542,79.907407,-0.092593,0.092593,4.33830699999816,3,0.550506899948231,True
sub-05,61,1,61,2,300,80.0,16072,22072,23572,75.925926,-4.074074,4.074074,3.10675789997912,3,0.516919199959375,True
sub-05,62,1,62,2,300,80.0,9381,15381,16881,61.574074,-18.425926,18.425926,6.8877331999829,3,0.483678400050848,True
sub-05,63,1,63,1,12,60.0,23864,24045,24165,54.814815,-5.185185,5.185185,5.09246780001558,1,0.63415719999466,True
sub-05,64,1,64,2,300,20.0,17351,18851,24851,51.203704,31.203704,31.203704,11.7626199999358,1,0.550497299991548,True
sub-05,65,1,65,1,60,60.0,20386,21286,21886,40.833333,-19.166667,19.166667,10.6452858999837,3,0.400198100018315,True
sub-05,66,1,66,2,300,20.0,18922,20422,26422,49.074074,29.074074,29.074074,7.67527150001842,3,0.450421799905598,True
sub-05,67,1,67,2,60,80.0,23865,25065,25365,56.018519,-23.981481,23.981481,8.15584179991856,3,0.750674999901093,True
sub-05,68,1,68,2,300,60.0,21224,25724,28724,50.833333,-9.166667,9.166667,9.47657830000389,2,0.700633300002664,True
sub-05,69,1,69,2,60,80.0,14390,15590,15890,73.425926,-6.574074,6.574074,3.90728649997618,3,0.751442799926735,True
sub-05,70,1,70,1,60,40.0,15628,16228,17128,16.111111,-23.888889,23.888889,5.95405219995882,3,0.519330199924297,True
sub-05,71,1,71,1,12,40.0,2486,2606,2786,52.12963,12.12963,12.12963,4.60235890001058,3,0.650851599988527,True
sub-05,72,1,72,1,12,20.0,4600,4660,4900,17.314815,-2.685185,2.685185,4.55492409993894,4,0.484242300037294,True
sub-05,73,1,73,1,12,40.0,2393,2513,2693,55.555556,15.555556,15.555556,3.4200532999821,3,0.384048299980349,True
sub-05,74,1,74,1,12,40.0,13450,13570,13750,56.944444,16.944444,16.944444,6.95688119996339,3,0.417357600061222,True
sub-05,75,1,75,1,60,60.0,13176,14076,14676,71.666667,11.666667,11.666667,9.09275800001341,3,0.333241200074553,True
sub-05,76,1,76,1,12,60.0,2393,2573,2693,70.925926,10.925926,10.925926,6.24014500004705,3,1.18457780010066,True
sub-05,77,1,77,1,12,40.0,10400,10520,10700,17.962963,-22.037037,22.037037,8.74547339999117,3,0.417301999987103,True
sub-05,78,1,78,1,60,20.0,13942,14242,15442,18.981481,-1.018519,1.018519,3.71804720000363,3,0.483652799972333,True
sub-05,79,1,79,2,300,40.0,17351,20351,24851,50.092593,10.092593,10.092593,4.4045882000355,2,0.434062200016342,True
sub-05,80,1,80,2,300,60.0,13557,18057,21057,49.166667,-10.833333,10.833333,6.806504300097,2,0.350225399946793,True
sub-05,81,1,81,1,60,60.0,22148,23048,23648,77.87037,17.87037,17.87037,6.24010900000575,3,0.183305100072175,True
sub-05,82,1,82,1,60,20.0,13176,13476,14676,7.407407,-12.592593,12.592593,3.98788000002969,4,0.366988800000399,True
sub-05,83,1,83,2,60,20.0,17621,17921,19121,19.814815,-0.185185,0.185185,3.00336199998855,3,0.550561500014737,True
sub-05,84,1,84,2,60,20.0,21629,21929,23129,13.981481,-6.018519,6.018519,7.85839269997086,4,1.15127920010127,True
sub-05,85,1,85,2,300,80.0,13557,19557,21057,51.481481,-28.518519,28.518519,5.8428244999377,2,0.383485600003041,True
sub-05,86,1,86,1,12,20.0,27281,27341,27581,51.296296,31.296296,31.296296,5.82328330003656,3,0.417049299925565,True
sub-05,87,1,87,2,300,20.0,21224,22724,28724,51.851852,31.851852,31.851852,4.40229529992211,3,0.767388699925504,True
sub-05,88,1,88,2,60,60.0,23865,24765,25365,50.0,-10.0,10.0,21.0714588999981,1,0.484278899966739,True
sub-05,89,1,89,2,300,40.0,13458,16458,20958,31.481481,-8.518519,8.518519,7.84164790005888,3,0.449953300063498,True
sub-05,90,1,90,1,12,20.0,15586,15646,15886,22.87037,2.87037,2.87037,6.25666739989537,4,0.517209099954925,True
sub-05,91,1,91,1,12,60.0,6414,6594,6714,33.888889,-26.111111,26.111111,2.56947619991842,3,0.367041499936021,True
sub-05,92,1,92,2,300,40.0,22736,25736,30236,47.777778,7.777778,7.777778,8.75887169991619,2,0.317500400007702,True
sub-05,93,1,93,2,60,80.0,21629,22829,23129,77.222222,-2.777778,2.777778,4.17444580001756,3,0.850929000065662,True
sub-05,94,1,94,2,60,40.0,21629,22229,23129,54.444444,14.444444,14.444444,12.0431040999246,3,0.433388000004924,True
sub-05,95,1,95,2,300,60.0,7365,11865,14865,30.648148,-29.351852,29.351852,5.92287759995088,2,0.333541400032117,True
sub-05,96,1,96,1,12,60.0,16152,16332,16452,78.611111,18.611111,18.611111,8.56178380001802,3,0.317033900064416,True
sub-05,97,1,97,2,300,40.0,16327,19327,23827,70.277778,30.277778,30.277778,6.00377700000535,2,0.333231500000692,True
sub-05,98,1,98,1,60,60.0,2714,3614,4214,64.722222,4.722222,4.722222,4.17122650006786,3,0.41707550000865,True
sub-05,99,1,99,1,12,40.0,21273,21393,21573,51.203704,11.203704,11.203704,6.47693400003481,3,3.97029189998284,True
sub-05,100,1,100,2,60,20.0,25202,25502,26702,37.87037,17.87037,17.87037,3.92142979998607,2,0.584044300019741,True
sub-05,101,2,1,2,300,40.0,14351,17351,21851,50.833333,10.833333,10.833333,11.7285841000266,2,0.400529599981382,True
sub-05,102,2,2,2,60,80.0,28296,29496,29796,51.759259,-28.240741,28.240741,5.25542350008618,1,0.433941600029356,True
sub-05,103,2,3,1,12,60.0,29300,29480,29600,71.203704,11.203704,11.203704,8.077837800025,3,0.233087200089357,True
sub-05,104,2,4,1,12,20.0,21273,21333,21573,2.12963,-17.87037,17.87037,3.91836570005398,4,0.484041599906049,True
sub-05,105,2,5,1,12,40.0,9950,10070,10250,24.907407,-15.092593,15.092593,8.99239689996466,2,0.15036670002155,True
sub-05,106,2,6,2,300,80.0,5739,11739,13239,17.407407,-62.592593,62.592593,4.071074699983,3,0.183379299938678,True
sub-05,107,2,7,1,12,20.0,3739,3799,4039,50.740741,30.740741,30.740741,7.22405929991509,3,0.550172299961559,True
sub-05,108,2,8,2,60,20.0,28296,28596,29796,27.777778,7.777778,7.777778,9.27635120006743,3,0.217066599987447,True
sub-05,109,2,9,2,60,40.0,17621,18221,19121,51.296296,11.296296,11.296296,5.79294970002956,2,0.299913299968466,True
sub-05,110,2,10,2,300,80.0,21224,27224,28724,57.12963,-22.87037,22.87037,5.85337580007035,2,0.317480899975635,True
sub-05,111,2,11,1,60,80.0,4556,5756,6056,76.481481,-3.518519,3.518519,4.4879987000022,3,0.300284500000998,True
sub-05,112,2,12,1,12,80.0,16152,16392,16452,91.574074,11.574074,11.574074,4.79183460003696,3,0.166941399918869,True
sub-05,113,2,13,1,60,40.0,13942,14542,15442,27.685185,-12.314815,12.314815,5.15602210001088,3,0.934585200040601,True
sub-05,114,2,14,1,12,20.0,16152,16212,16452,40.37037,20.37037,20.37037,3.40102630003821,2,0.300797699950635,True
sub-05,115,2,15,2,300,80.0,13458,19458,20958,56.203704,-23.796296,23.796296,4.44149609992746,1,0.717380399932153,True
sub-05,116,2,16,2,300,60.0,16327,20827,23827,70.925926,10.925926,10.925926,4.5858859999571,3,0.617134199943393,True
sub-05,117,2,17,1,60,20.0,20386,20686,21886,20.740741,0.740741,0.740741,2.5695600999752,3,1.4682116000913,True
sub-05,118,2,18,2,300,60.0,9381,13881,16881,72.777778,12.777778,12.777778,6.05676149995997,3,0.283862099982798,True
sub-05,119,2,19,2,60,80.0,11369,12569,12869,85.277778,5.277778,5.277778,12.7825610999716,1,0.600391399930231,True
sub-05,120,2,20,2,60,60.0,19722,20622,21222,87.222222,27.222222,27.222222,6.30414709995966,3,0.300473800045438,True
sub-05,121,2,21,1,60,20.0,6042,6342,7542,67.407407,47.407407,47.407407,4.95846600004006,1,0.35015640000347,True
sub-05,122,2,22,1,12,40.0,4600,4720,4900,50.833333,10.833333,10.833333,4.2017738999566,2,0.133494799956679,True
sub-05,123,2,23,1,12,80.0,21800,22040,22100,97.592593,17.592593,17.592593,4.87196409993339,4,0.700578800053335,True
sub-05,124,2,24,1,60,40.0,2714,3314,4214,71.851852,31.851852,31.851852,4.9387107999064,3,0.283613799954764,True
sub-05,125,2,25,2,300,40.0,9381,12381,16881,67.5,27.5,27.5,4.88807059999089,1,0.416657099965959,True
sub-05,126,2,26,1,12,20.0,29300,29360,29600,20.925926,0.925926,0.925926,3.92104390007443,3,0.283608000027015,True
sub-05,127,2,27,1,60,20.0,4556,4856,6056,35.740741,15.740741,15.740741,7.10780910006724,3,0.516956800012849,True
sub-05,128,2,28,1,60,60.0,15628,16528,17128,28.981481,-31.018519,31.018519,7.40796880004927,3,0.116678899968974,True
sub-05,129,2,29,2,300,40.0,18200,21200,25700,72.962963,32.962963,32.962963,7.04104230005759,3,1.55195849994197,True
sub-05,130,2,30,2,60,20.0,10035,10335,11535,15.277778,-4.722222,4.722222,7.34115530003327,3,0.266902599949389,True
sub-05,131,2,31,2,300,40.0,10518,13518,18018,50.185185,10.185185,10.185185,5.90649389999453,2,0.983792299986816,True
sub-05,132,2,32,1,60,80.0,13176,14376,14676,92.592593,12.592593,12.592593,3.63748209993354,3,0.650897699990309,True
sub-05,133,2,33,2,60,40.0,28296,28896,29796,24.722222,-15.277778,15.277778,4.88863549998495,3,0.116577199893072,True
sub-05,134,2,34,1,12,40.0,15162,15282,15462,96.574074,56.574074,56.574074,5.22235630010254,4,1.08444930007681,True
sub-05,135,2,35,2,300,20.0,1960,3460,9460,56.944444,36.944444,36.944444,6.29307430004701,1,0.249881600029766,True
sub-05,136,2,36,2,300,80.0,19476,25476,26976,55.37037,-24.62963,24.62963,5.23637140006758,1,0.200676999986171,True
sub-05,137,2,37,1,12,20.0,2486,2546,2786,73.703704,53.703704,53.703704,5.30542270001024,3,0.517069200053811,True
sub-05,138,2,38,1,12,40.0,3739,3859,4039,49.166667,9.166667,9.166667,3.75777259992901,2,0.233562999987043,True
sub-05,139,2,39,2,60,60.0,16451,17351,17951,45.185185,-14.814815,14.814815,6.77441050007473,3,0.300453700008802,True
sub-05,140,2,40,2,300,80.0,10273,16273,17773,66.666667,-13.333333,13.333333,4.80252819997258,2,0.784015099983662,True
sub-05,141,2,41,2,300,60.0,5739,10239,13239,53.333333,-6.666667,6.666667,8.69531940005254,2,0.384151299949735,True
sub-05,142,2,42,1,12,20.0,17600,17660,17900,38.240741,18.240741,18.240741,6.48700589989312,3,0.100034700008109,True
sub-05,143,2,43,2,300,20.0,9381,10881,16881,26.388889,6.388889,6.388889,6.17654439993202,1,0.400814700056798,True
sub-05,144,2,44,1,12,40.0,27281,27401,27581,52.222222,12.222222,12.222222,7.07123729994054,3,0.0832963000284507,True
sub-05,145,2,45,1,60,40.0,22148,22748,23648,75.648148,35.648148,35.648148,7.97805679996963,3,0.817583100055344,True
sub-05,146,2,46,1,60,40.0,1414,2014,2914,25.092593,-14.907407,14.907407,5.73947079991921,3,0.550347000011242,True
sub-05,147,2,47,1,60,60.0,5494,6394,6994,45.740741,-14.259259,14.259259,9.34026109997648,3,0.266898000030778,True
sub-05,148,2,48,1,12,60.0,25820,26000,26120,37.314815,-22.685185,22.685185,6.67345380003098,3,0.583894800045527,True
sub-05,149,2,49,2,300,40.0,21224,24224,28724,57.407407,17.407407,17.407407,7.30757049995008,2,0.416973200044594,True
sub-05,150,2,50,2,300,40.0,19476,22476,26976,53.240741,13.240741,13.240741,4.42136720009148,2,0.350140700000338,True
sub-05,151,2,51,2,300,40.0,13557,16557,21057,33.981481,-6.018519,6.018519,4.67204239999409,2,1.63496930000837,True
sub-05,152,2,52,2,60,80.0,17621,18821,19121,76.944444,-3.055556,3.055556,7.22436519991606,3,0.232986400020308,True
sub-05,153,2,53,2,300,40.0,16072,19072,23572,34.444444,-5.555556,5.555556,6.25976129993796,3,0.233792100101709,True
sub-05,154,2,54,1,12,80.0,12500,12740,12800,63.703704,-16.296296,16.296296,4.36870749993249,2,0.167265699943527,True
sub-05,155,2,55,2,60,60.0,28296,29196,29796,55.462963,-4.537037,4.537037,7.49111830000765,3,0.300226200022734,True
sub-05,156,2,56,2,300,80.0,11085,17085,18585,67.87037,-12.12963,12.12963,7.96148870000615,3,0.667662900057621,True
sub-05,157,2,57,2,300,20.0,5739,7239,13239,25.740741,5.740741,5.740741,5.51996539998799,3,0.683991700061596,True
sub-05,158,2,58,2,300,80.0,14066,20066,21566,79.62963,-0.37037,0.37037,9.20940419996623,3,0.150089799892157,True
sub-05,159,2,59,1,12,40.0,23864,23985,24165,54.814815,14.814815,14.814815,4.87515069998335,1,0.266695600003004,True
sub-05,160,2,60,1,60,60.0,13942,14842,15442,45.833333,-14.166667,14.166667,12.2267032000236,3,0.416645399993285,True
sub-05,161,2,61,2,300,60.0,18922,23422,26422,51.666667,-8.333333,8.333333,9.71317670005373,3,0.133437899989075,True
sub-05,162,2,62,2,60,20.0,3650,3950,5150,26.944444,6.944444,6.944444,16.8813404999673,3,0.466915299999527,True
sub-05,163,2,63,2,300,60.0,20069,24569,27569,54.722222,-5.277778,5.277778,7.32783379999455,3,0.0837647999869659,True
sub-05,164,2,64,1,12,20.0,15162,15222,15462,20.185185,0.185185,0.185185,2.93410199997015,3,0.9007174000144,True
sub-05,165,2,65,2,300,80.0,12645,18645,20145,44.259259,-35.740741,35.740741,5.67276410001795,2,0.133571999962441,True
sub-05,166,2,66,2,60,20.0,23865,24165,25365,56.851852,36.851852,36.851852,5.32193709991406,1,0.517196499975398,True
sub-05,167,2,67,1,60,20.0,2714,3014,4214,49.814815,29.814815,29.814815,3.52080569998361,3,1.28489479993004,True
sub-05,168,2,68,1,12,40.0,6414,6534,6714,5.925926,-34.074074,34.074074,3.30404729989822,4,0.617193600046448,True
sub-05,169,2,69,1,12,20.0,24250,24310,24550,26.574074,6.574074,6.574074,4.30456299998331,3,0.300009600003249,True
sub-05,170,2,70,1,12,80.0,27281,27521,27581,74.722222,-5.277778,5.277778,4.77165610005613,3,0.48402089998126,True
sub-05,171,2,71,2,300,60.0,13458,17958,20958,50.0,-10.0,10.0,6.66062229999806,2,0.333941100048832,True
sub-05,172,2,72,1,12,60.0,13450,13630,13750,47.962963,-12.037037,12.037037,5.01929969992488,3,0.300375899998471,True
sub-05,173,2,73,2,60,80.0,25202,26402,26702,76.944444,-3.055556,3.055556,3.70398520003072,3,0.233384900027886,True
sub-05,174,2,74,2,300,20.0,7365,8865,14865,11.759259,-8.240741,8.240741,11.1115711999591,3,0.0668916999129578,True
sub-05,175,2,75,2,300,80.0,18200,24200,25700,76.388889,-3.611111,3.611111,9.46337080001831,3,0.466902900021523,True
sub-05,176,2,76,2,300,20.0,11153,12653,18653,36.111111,16.111111,16.111111,4.48538319999352,2,0.0168111999519169,True
sub-05,177,2,77,2,60,60.0,14390,15290,15890,50.925926,-9.074074,9.074074,4.25808609998785,3,0.0335345999337732,True
sub-05,178,2,78,2,300,60.0,19476,23976,26976,62.12963,2.12963,2.12963,5.88701269996818,3,0.734303499921225,True
sub-05,179,2,79,1,60,40.0,6042,6642,7542,49.444444,9.444444,9.444444,4.94188790000043,2,0.450712599908001,True
sub-05,180,2,80,1,12,60.0,10400,10580,10700,43.148148,-16.851852,16.851852,3.00051789998542,1,0.65055330004543,True
sub-05,181,2,81,1,12,60.0,9950,10130,10250,33.333333,-26.666667,26.666667,6.53995600005146,3,0.0502512999810278,True
sub-05,182,2,82,2,300,80.0,22736,28736,30236,38.796296,-41.203704,41.203704,7.54133739997632,3,0.350648600026033,True
sub-05,183,2,83,1,12,20.0,26328,26388,26628,78.240741,58.240741,58.240741,3.95734600001014,3,0.0999611999141052,True
sub-05,184,2,84,1,12,20.0,14329,14389,14629,48.796296,28.796296,28.796296,5.56952339992858,3,0.200186899979598,True
sub-05,185,2,85,2,300,60.0,14351,18851,21851,53.981481,-6.018519,6.018519,6.1066722999094,2,0.267280700034461,True
sub-05,186,2,86,2,60,60.0,25202,26102,26702,48.148148,-11.851852,11.851852,2.88664589996915,2,1.11779119994025,True
sub-05,187,2,87,2,300,60.0,11153,15653,18653,62.592593,2.592593,2.592593,6.97724749997723,3,0.133265699958428,True
sub-05,188,2,88,1,12,40.0,1602,1722,1902,31.851852,-8.148148,8.148148,8.10524049995001,2,0.433307400089688,True
sub-05,189,2,89,1,12,80.0,29300,29540,29600,68.055556,-11.944444,11.944444,6.40700899995863,3,0.117028700071386,True
sub-05,190,2,90,2,300,80.0,17351,23351,24851,66.018519,-13.981481,13.981481,5.8395325000165,2,0.183419400011189,True
sub-05,191,2,91,1,12,20.0,10400,10460,10700,21.481481,1.481481,1.481481,7.24073469999712,2,0.166693300008773,True
sub-05,192,2,92,1,12,20.0,9950,10010,10250,13.518519,-6.481481,6.481481,4.45462940004654,3,0.98440750001464,True
sub-05,193,2,93,1,60,80.0,20386,21586,21886,52.037037,-27.962963,27.962963,6.02647039992734,3,0.817290100036189,True
sub-05,194,2,94,1,60,40.0,13176,13776,14676,41.851852,1.851852,1.851852,7.82193580002058,3,0.183396699954755,True
sub-05,195,2,95,2,300,60.0,10273,14773,17773,60.092593,0.092593,0.092593,6.29299959994386,3,0.167084399960003,True
sub-05,196,2,96,2,300,40.0,12645,15645,20145,58.518519,18.518519,18.518519,6.20415360003244,3,0.41732430004049,True
sub-05,197,2,97,2,300,80.0,18922,24922,26422,60.925926,-19.074074,19.074074,2.92273610003758,1,0.550744799897074,True
sub-05,198,2,98,1,12,60.0,26328,26508,26628,56.481481,-3.518519,3.518519,3.93534960004035,3,0.150325800059363,True
sub-05,199,2,99,1,60,40.0,26923,27523,28423,60.277778,20.277778,20.277778,4.40863179997541,3,0.500673300004564,True
sub-05,200,2,100,1,60,80.0,1414,2614,2914,52.685185,-27.314815,27.314815,3.5846277999226,3,0.183552899979986,True
sub-05,201,3,1,1,60,20.0,5494,5794,6994,40.833333,20.833333,20.833333,7.95818699989467,3,0.600964899989776,True
sub-05,202,3,2,1,60,40.0,4556,5156,6056,50.648148,10.648148,10.648148,6.32342569995671,3,0.45061539998278,True
sub-05,203,3,3,1,12,80.0,4600,4840,4900,66.759259,-13.240741,13.240741,6.02694270003121,3,0.333700999966822,True
sub-05,204,3,4,1,12,40.0,14329,14449,14629,30.092593,-9.907407,9.907407,5.43607199995312,3,0.50038870004937,True
sub-05,205,3,5,2,60,80.0,10035,11235,11535,34.351852,-45.648148,45.648148,10.080491199973,2,0.167098300065845,True
sub-05,206,3,6,2,300,60.0,2522,7022,10022,41.296296,-18.703704,18.703704,8.47321630001533,2,0.133376299985684,True
sub-05,207,3,7,2,300,20.0,14351,15851,21851,56.574074,36.574074,36.574074,7.02738630003295,2,0.216726200073026,True
sub-05,208,3,8,2,300,20.0,10518,12018,18018,24.62963,4.62963,4.62963,6.28765969991218,3,0.333280800026841,True
sub-05,209,3,9,1,12,40.0,17600,17720,17900,49.166667,9.166667,9.166667,7.49398370005656,3,0.400457700015977,True
sub-05,210,3,10,2,60,40.0,12596,13196,14096,66.018519,26.018519,26.018519,5.45336419995874,3,0.0664831000613048,True
sub-05,211,3,11,2,300,40.0,11085,14085,18585,51.851852,11.851852,11.851852,3.32054350001271,1,1.20091620006132,True
sub-05,212,3,12,2,60,60.0,11369,12269,12869,55.648148,-4.351852,4.351852,5.80896739999298,2,0.217227799934335,True
sub-05,213,3,13,2,300,20.0,19988,21488,27488,54.351852,34.351852,34.351852,5.75360389996785,2,0.500086699961684,True
sub-05,214,3,14,2,300,20.0,16072,17572,23572,35.462963,15.462963,15.462963,3.93730320001486,3,0.400476800044998,True
sub-05,215,3,15,1,12,40.0,24250,24370,24550,48.888889,8.888889,8.888889,4.89188779995311,3,0.400869700009934,True
sub-05,216,3,16,2,300,80.0,11153,17153,18653,57.87037,-22.12963,22.12963,12.2267600999912,1,1.00076439999975,True
sub-05,217,3,17,2,300,40.0,20069,23069,27569,63.981481,23.981481,23.981481,6.99343039991799,3,0.215601800009608,True
sub-05,218,3,18,1,12,20.0,11500,11560,11800,16.481481,-3.518519,3.518519,6.80473970004823,3,0.116962800035253,True
sub-05,219,3,19,1,12,60.0,1602,1782,1902,63.703704,3.703704,3.703704,4.95835949992761,3,0.0671004999894648,True
sub-05,220,3,20,2,300,60.0,14066,18566,21566,57.87037,-2.12963,2.12963,9.34030749998055,1,0.300419099978171,True
sub-05,221,3,21,2,300,80.0,7365,13365,14865,70.925926,-9.074074,9.074074,4.99189969990402,3,0.266786399995908,True
sub-05,222,3,22,2,300,20.0,13458,14958,20958,20.277778,0.277778,0.277778,4.23568719998002,3,0.249991900054737,True
sub-05,223,3,23,1,60,60.0,6042,6942,7542,87.777778,27.777778,27.777778,3.72415690007619,3,0.233476700028404,True
sub-05,224,3,24,1,12,60.0,2486,2666,2786,91.851852,31.851852,31.851852,5.98711919994093,3,0.283379500033333,True
sub-05,225,3,25,2,60,40.0,25202,25802,26702,51.111111,11.111111,11.111111,5.2554599000141,2,0.233601799933239,True
sub-05,226,3,26,1,12,40.0,15586,15706,15886,51.388889,11.388889,11.388889,10.2808027999708,3,0.367795799975283,True
sub-05,227,3,27,2,60,40.0,3650,4250,5150,37.592593,-2.407407,2.407407,5.45303560001775,3,0.266687799943611,True
sub-05,228,3,28,2,60,20.0,11369,11669,12869,26.111111,6.111111,6.111111,3.18997239996679,3,0.0999409999931231,True
sub-05,229,3,29,2,300,40.0,1638,4638,9138,52.314815,12.314815,12.314815,5.77021139999851,2,0.09973039990291,True
sub-05,230,3,30,1,12,60.0,4600,4780,4900,33.518519,-26.481481,26.481481,4.09093850001227,3,0.0333985000615939,True
sub-05,231,3,31,2,60,40.0,9187,9787,10687,24.907407,-15.092593,15.092593,4.50251490005757,3,0.233389400062151,True
sub-05,232,3,32,2,60,60.0,10035,10935,11535,38.796296,-21.203704,21.203704,7.6111892000772,2,0.199785999953746,True
sub-05,233,3,33,2,60,20.0,19722,20022,21222,16.203704,-3.796296,3.796296,4.9861940999981,3,0.0837573999306187,True
sub-05,234,3,34,2,300,40.0,1960,4960,9460,50.462963,10.462963,10.462963,4.3577740000328,3,0.133813800057396,True
sub-05,235,3,35,2,300,20.0,16327,17827,23827,29.074074,9.074074,9.074074,5.03598619997501,3,0.117075500078499,True
sub-05,236,3,36,2,300,20.0,13557,15057,21057,22.5,2.5,2.5,8.09199730004184,3,0.0498253999976441,True
sub-05,237,3,37,1,12,60.0,21273,21453,21573,52.314815,-7.685185,7.685185,4.05507820006459,3,0.0498008999275043,True
sub-05,238,3,38,1,12,20.0,12500,12560,12800,48.518519,28.518519,28.518519,3.82073420006781,2,0.516822200035676,True
sub-05,239,3,39,2,60,40.0,10035,10635,11535,21.574074,-18.425926,18.425926,5.18869330000598,2,0.167317899991758,True
sub-05,240,3,40,1,60,40.0,5494,6094,6994,34.259259,-5.740741,5.740741,5.80644010007381,3,0.150050300057046,True
sub-05,241,3,41,1,12,40.0,21800,21920,22100,48.796296,8.796296,8.796296,7.89147790009155,3,0.95120000001043,True
sub-05,242,3,42,1,12,40.0,11500,11620,11800,71.851852,31.851852,31.851852,4.87191690003965,3,0.249929800047539,True
sub-05,243,3,43,1,60,80.0,22148,23348,23648,68.888889,-11.111111,11.111111,4.63860860001295,3,0.216430899919942,True
sub-05,244,3,44,1,12,80.0,13450,13690,13750,70.277778,-9.722222,9.722222,5.23871760000474,3,0.217045800061896,True
sub-05,245,3,45,2,60,60.0,25895,26795,27395,37.685185,-22.314815,22.314815,11.3955268999561,2,0.0498880000086501,True
sub-05,246,3,46,1,12,80.0,23864,24105,24165,56.203704,-23.796296,23.796296,4.88852729997597,1,0.584074100013822,True
sub-05,247,3,47,1,12,60.0,21800,21980,22100,49.351852,-10.648148,10.648148,4.4716057999758,3,0.183505799970589,True
sub-05,248,3,48,2,300,20.0,18200,19700,25700,54.907407,34.907407,34.907407,7.34155190002638,1,1.08473350002896,True
sub-05,249,3,49,2,300,60.0,18200,22700,25700,48.333333,-11.666667,11.666667,2.98682950006332,1,0.567237699986435,True
sub-05,250,3,50,2,60,60.0,12596,13496,14096,73.518519,13.518519,13.518519,7.30768289999105,3,0.0337722999975085,True
sub-05,251,3,51,2,60,40.0,19722,20322,21222,51.203704,11.203704,11.203704,5.85577350005041,3,0.250234200037084,True
sub-05,252,3,52,1,12,40.0,12500,12620,12800,31.574074,-8.425926,8.425926,5.85625820001587,3,0.233391699963249,True
sub-05,253,3,53,1,12,20.0,25820,25880,26120,29.444444,9.444444,9.444444,5.87305779999587,3,0.133849999983795,True
sub-05,254,3,54,2,300,20.0,14066,15566,21566,30.648148,10.648148,10.648148,7.70841169997584,3,0.13330310001038,True
sub-05,255,3,55,2,300,60.0,11085,15585,18585,54.166667,-5.833333,5.833333,4.3045853000367,2,0.567543299985118,True
sub-05,256,3,56,1,12,80.0,3739,3979,4039,85.0,5.0,5.0,3.52066439995542,4,0.517240300076082,True
sub-05,257,3,57,2,60,40.0,25895,26495,27395,35.092593,-4.907407,4.907407,6.27321440004743,3,0.083123099990189,True
sub-05,258,3,58,2,60,60.0,21629,22529,23129,48.518519,-11.481481,11.481481,6.20674699998926,3,0.133271500002592,True
sub-05,259,3,59,1,12,20.0,2393,2453,2693,30.0,10.0,10.0,7.30769279995001,3,0.200208600028418,True
sub-05,260,3,60,2,60,80.0,3650,4850,5150,47.222222,-32.777778,32.777778,5.99002339993603,3,0.249715799931436,True
sub-05,261,3,61,2,300,60.0,12645,17145,20145,53.518519,-6.481481,6.481481,4.97213949996512,2,0.95094260002952,True
sub-05,262,3,62,1,60,60.0,1414,2314,2914,43.333333,-16.666667,16.666667,4.63824150001164,3,0.216510799946263,True
sub-05,263,3,63,2,60,60.0,17621,18521,19121,45.740741,-14.259259,14.259259,12.32918780006,1,0.601125400047749,True
sub-05,264,3,64,2,300,60.0,1638,6138,9138,52.685185,-7.314815,7.314815,7.25780620006844,3,0.467596300062723,True
sub-05,265,3,65,2,60,20.0,25895,26195,27395,30.648148,10.648148,10.648148,10.0433053000597,3,0.0332688000053167,True
sub-05,266,3,66,1,12,60.0,27281,27461,27581,64.907407,4.907407,4.907407,6.90738540003076,3,0.100106199970468,True
sub-05,267,3,67,2,60,20.0,9187,9487,10687,15.740741,-4.259259,4.259259,3.77060659998096,3,0.133666099980473,True
sub-05,268,3,68,2,300,20.0,2522,4022,10022,34.444444,14.444444,14.444444,12.9967955999309,3,0.3501663999632,True
sub-05,269,3,69,2,300,60.0,17351,21851,24851,50.0,-10.0,10.0,9.17932060000021,2,0.599597700056619,True
sub-05,270,3,70,1,12,80.0,2393,2633,2693,91.296296,11.296296,11.296296,4.15207050007302,4,0.583915200084447,True
sub-05,271,3,71,2,300,80.0,16327,22327,23827,55.185185,-24.814815,24.814815,5.02185709995683,2,0.316803500056266,True
sub-05,272,3,72,1,12,60.0,3739,3919,4039,49.814815,-10.185185,10.185185,4.02078809996601,3,0.0337293000193312,True
sub-05,273,3,73,2,60,40.0,14390,14990,15890,49.444444,9.444444,9.444444,6.05664269998669,3,0.116980700055137,True
sub-05,274,3,74,2,300,80.0,2522,8522,10022,60.185185,-19.814815,19.814815,5.62300680007319,3,0.0498989999759942,True
sub-05,275,3,75,2,300,60.0,22736,27236,30236,68.518519,8.518519,8.518519,11.0283399999607,3,0.567379999905824,True
sub-05,276,3,76,2,300,80.0,10518,16518,18018,61.851852,-18.148148,18.148148,13.346873100032,2,0.300570199964568,True
sub-05,277,3,77,2,60,20.0,16451,16751,17951,61.203704,41.203704,41.203704,8.25867470004595,3,0.150173800066113,True
sub-05,278,3,78,2,300,40.0,10273,13273,17773,61.851852,21.851852,21.851852,13.5335366000654,2,0.0834108999697491,True
sub-05,279,3,79,1,60,20.0,15628,15928,17128,17.962963,-2.037037,2.037037,5.73677429999224,3,0.100190500030294,True
sub-05,280,3,80,2,300,40.0,18922,21922,26422,35.648148,-4.351852,4.351852,8.55899470008444,3,0.383655800018459,True
sub-05,281,3,81,1,12,80.0,6414,6654,6714,64.444444,-15.555556,15.555556,4.93867930001579,3,0.567225700011476,True
sub-05,282,3,82,1,60,80.0,15628,16828,17128,67.037037,-12.962963,12.962963,3.47073069994803,3,0.40087770007085,True
sub-05,283,3,83,2,60,80.0,12596,13796,14096,47.222222,-32.777778,32.777778,7.25758630002383,2,0.100434900028631,True
sub-05,284,3,84,1,12,80.0,17600,17840,17900,85.277778,5.277778,5.277778,4.48813959991093,3,0.433805600041523,True
sub-05,285,3,85,2,300,80.0,1638,7638,9138,60.740741,-19.259259,19.259259,4.13782440009526,3,0.0837691000197082,True
sub-05,286,3,86,1,12,80.0,9950,10190,10250,64.62963,-15.37037,15.37037,3.13658639998175,2,0.183325199992395,True
sub-05,287,3,87,2,300,80.0,20069,26069,27569,66.481481,-13.518519,13.518519,10.6613232999807,2,0.53373509994708,True
sub-05,288,3,88,1,12,80.0,11500,11740,11800,80.277778,0.277778,0.277778,6.99047759990207,3,0.116859500063583,True
sub-05,289,3,89,1,60,40.0,20386,20986,21886,35.925926,-4.074074,4.074074,7.30811400001402,3,0.299859500024467,True
sub-05,290,3,90,2,300,20.0,12645,14145,20145,13.888889,-6.111111,6.111111,9.41293510003015,3,0.550833199988119,True
sub-05,291,3,91,1,60,20.0,1414,1714,2914,39.166667,19.166667,19.166667,4.652101600077,3,0.517102099955081,True
sub-05,292,3,92,1,60,20.0,26923,27223,28423,29.722222,9.722222,9.722222,4.63792500004638,3,0.317031100043095,True
sub-05,293,3,93,1,12,20.0,13450,13510,13750,41.111111,21.111111,21.111111,3.82092560001183,3,0.117475899984128,True
sub-05,294,3,94,1,12,20.0,21800,21860,22100,24.722222,4.722222,4.722222,4.82155240001156,3,0.417085099965333,True
sub-05,295,3,95,1,12,40.0,24970,25090,25270,33.796296,-6.203704,6.203704,5.13873649993911,2,0.0840963000664487,True
sub-05,296,3,96,1,12,20.0,24970,25030,25270,20.185185,0.185185,0.185185,2.33603389991913,3,0.583388099912554,True
sub-05,297,3,97,1,12,80.0,24250,24490,24550,88.055556,8.055556,8.055556,5.60568549996241,3,0.183439499931409,True
sub-05,298,3,98,1,12,40.0,26328,26448,26628,84.62963,44.62963,44.62963,3.40356550004798,3,0.150276300031691,True
sub-05,299,3,99,2,300,60.0,1960,6460,9460,54.259259,-5.740741,5.740741,5.7562507999828,3,0.133263700059615,True
sub-05,300,3,100,1,12,80.0,25820,26060,26120,57.962963,-22.037037,22.037037,10.2774027999257,3,0.116796900052577,True
sub-06,1,1,1,1,12,40.0,1602,1722,1902,52.037037,12.037037,12.037037,7.64461890002712,3,3.90363539999816,True
sub-06,2,1,2,1,60,60.0,6042,6942,7542,75.925926,15.925926,15.925926,6.44063749990891,3,2.28561119991354,True
sub-06,3,1,3,1,60,40.0,22148,22748,23648,57.222222,17.222222,17.222222,8.29258770006708,3,3.01949820003937,True
sub-06,4,1,4,2,300,20.0,14066,15566,21566,18.796296,-1.203704,1.203704,8.71038699999917,2,1.03420769993681,True
sub-06,5,1,5,2,60,40.0,9187,9787,10687,13.055556,-26.944444,26.944444,7.77486839995253,3,2.83615900005679,True
sub-06,6,1,6,1,12,40.0,15162,15282,15462,41.944444,1.944444,1.944444,10.3608264999929,3,0.884195200051181,True
sub-06,7,1,7,2,300,20.0,10518,12018,18018,62.037037,42.037037,42.037037,11.4755594000453,1,2.9868528000079,True
sub-06,8,1,8,2,300,40.0,7365,10365,14865,75.185185,35.185185,35.185185,7.50730990001466,3,1.15103569999337,True
sub-06,9,1,9,2,300,40.0,11153,14153,18653,55.0,15.0,15.0,5.48882580001372,2,1.35147230001166,True
sub-06,10,1,10,1,12,20.0,4600,4660,4900,53.981481,33.981481,33.981481,5.98957370000425,3,1.4512927000178,True
sub-06,11,1,11,1,60,80.0,5494,6694,6994,71.481481,-8.518519,8.518519,5.98920289997477,3,0.96777300001122,True
sub-06,12,1,12,1,60,40.0,15628,16228,17128,31.388889,-8.611111,8.611111,7.44066229998134,2,0.967485500033944,True
sub-06,13,1,13,1,60,40.0,2714,3314,4214,35.648148,-4.351852,4.351852,10.2108307000016,3,1.61818400002084,True
sub-06,14,1,14,1,12,20.0,17600,17660,17900,44.907407,24.907407,24.907407,5.9392424999969,2,1.05137000000104,True
sub-06,15,1,15,1,12,80.0,9950,10190,10250,67.12963,-12.87037,12.87037,8.54143390001263,2,2.01884560007601,True
sub-06,16,1,16,1,60,80.0,15628,16828,17128,77.314815,-2.685185,2.685185,6.12304859992582,3,2.03510519990231,True
sub-06,17,1,17,2,300,60.0,10518,15018,18018,61.203704,1.203704,1.203704,3.35350830003153,1,1.41784760006703,True
sub-06,18,1,18,2,60,60.0,17621,18521,19121,47.314815,-12.685185,12.685185,6.45637680008076,2,0.983953399932943,True
sub-06,19,1,19,1,12,40.0,2486,2606,2786,44.259259,4.259259,4.259259,7.52444069995544,3,0.867776300059631,True
sub-06,20,1,20,2,300,80.0,10518,16518,18018,32.314815,-47.685185,47.685185,4.07076499995309,2,0.800599699956364,True
sub-06,21,1,21,2,60,80.0,23865,25065,25365,41.851852,-38.148148,38.148148,5.02192470000591,2,1.40170489996671,True
sub-06,22,1,22,1,12,80.0,29300,29540,29600,82.685185,2.685185,2.685185,4.37097259995061,3,0.633955300087109,True
sub-06,23,1,23,2,300,80.0,21224,27224,28724,78.796296,-1.203704,1.203704,4.28752810007426,3,0.800698800012469,True
sub-06,24,1,24,2,60,40.0,14390,14990,15890,54.537037,14.537037,14.537037,3.58705680002458,2,1.76853829994797,True
sub-06,25,1,25,1,12,60.0,24970,25150,25270,68.055556,8.055556,8.055556,6.62337629997637,3,0.567069000098854,True
sub-06,26,1,26,1,12,20.0,12500,12560,12800,43.796296,23.796296,23.796296,7.49123079993296,2,0.50084509991575,True
sub-06,27,1,27,1,12,20.0,29300,29360,29600,38.888889,18.888889,18.888889,3.17005529999732,3,0.650449200067669,True
sub-06,28,1,28,2,300,40.0,9381,12381,16881,38.425926,-1.574074,1.574074,2.46896890003699,1,0.76772040000651,True
sub-06,29,1,29,2,300,20.0,21224,22724,28724,39.259259,19.259259,19.259259,8.80891229992266,2,0.80114350002259,True
sub-06,30,1,30,2,60,40.0,23865,24465,25365,59.537037,19.537037,19.537037,4.99183859990444,2,0.801249700016342,True
sub-06,31,1,31,1,12,60.0,23864,24045,24165,32.592593,-27.407407,27.407407,8.84255739999935,3,1.26756050006952,True
sub-06,32,1,32,1,12,20.0,24970,25030,25270,20.37037,0.37037,0.37037,7.15839170000981,3,1.93516679992899,True
sub-06,33,1,33,1,12,80.0,14329,14569,14629,77.777778,-2.222222,2.222222,6.09004170005209,3,1.7505026999861,True
sub-06,34,1,34,1,12,20.0,27281,27341,27581,72.407407,52.407407,52.407407,12.3260281999828,3,0.734220700105652,True
sub-06,35,1,35,1,60,80.0,22148,23348,23648,73.148148,-6.851852,6.851852,5.20515009993687,2,0.583671500091441,True
sub-06,36,1,36,2,60,60.0,19722,20622,21222,55.0,-5.0,5.0,14.1475596999516,2,1.73495740001089,True
sub-06,37,1,37,2,300,80.0,16072,22072,23572,49.907407,-30.092593,30.092593,5.50553379999473,3,1.35135020001325,True
sub-06,38,1,38,1,60,40.0,4556,5156,6056,47.685185,7.685185,7.685185,6.60712499998044,2,1.58468279999215,True
sub-06,39,1,39,2,60,20.0,28296,28596,29796,29.722222,9.722222,9.722222,10.4437677999958,3,0.53369680000469,True
sub-06,40,1,40,2,60,80.0,25202,26402,26702,69.814815,-10.185185,10.185185,7.74126709997654,3,0.951221400056965,True
sub-06,41,1,41,1,60,60.0,4556,5456,6056,64.62963,4.62963,4.62963,6.87332180002704,3,0.650932000018656,True
sub-06,42,1,42,1,60,60.0,2714,3614,4214,47.962963,-12.037037,12.037037,1.96870149997994,2,0.917790799983777,True
sub-06,43,1,43,2,300,20.0,19476,20976,26976,39.444444,19.444444,19.444444,6.97374439996201,2,1.00107050000224,True
sub-06,44,1,44,2,60,40.0,21629,22229,23129,72.962963,32.962963,32.962963,7.80808290001004,2,0.934119399986229,True
sub-06,45,1,45,1,60,20.0,20386,20686,21886,45.37037,25.37037,25.37037,3.77046290005091,3,0.750993499998003,True
sub-06,46,1,46,1,12,40.0,23864,23985,24165,39.259259,-0.740741,0.740741,1.90243550005834,2,0.617201799992471,True
sub-06,47,1,47,2,60,40.0,3650,4250,5150,65.0,25.0,25.0,5.63916490005794,3,0.917368399910628,True
sub-06,48,1,48,2,300,40.0,18922,21922,26422,56.574074,16.574074,16.574074,7.22409989999141,1,1.66788169997744,True
sub-06,49,1,49,2,60,80.0,9187,10387,10687,70.0,-10.0,10.0,8.27510820003226,3,0.600843899999745,True
sub-06,50,1,50,2,60,40.0,10035,10635,11535,62.314815,22.314815,22.314815,3.75401430006604,1,0.650379800004884,True
sub-06,51,1,51,1,60,80.0,13942,15142,15442,80.185185,0.185185,0.185185,6.13938389997929,3,0.667500899988226,True
sub-06,52,1,52,2,300,60.0,19476,23976,26976,56.296296,-3.703704,3.703704,1.8021604999667,3,0.617492999997921,True
sub-06,53,1,53,2,60,40.0,28296,28896,29796,24.722222,-15.277778,15.277778,3.003380500013,3,1.0006824999582,True
sub-06,54,1,54,1,12,60.0,29300,29480,29600,68.240741,8.240741,8.240741,7.24063270003534,3,0.900899500004015,True
sub-06,55,1,55,2,300,40.0,20069,23069,27569,45.833333,5.833333,5.833333,1.31861880002543,2,1.03437819995451,True
sub-06,56,1,56,2,300,80.0,10273,16273,17773,26.111111,-53.888889,53.888889,6.12261369999032,2,1.48458889999892,True
sub-06,57,1,57,1,12,60.0,1602,1782,1902,64.907407,4.907407,4.907407,6.70701940008439,3,0.600623899954371,True
sub-06,58,1,58,1,12,80.0,4600,4840,4900,66.111111,-13.888889,13.888889,11.8623860999941,3,0.450017799972556,True
sub-06,59,1,59,2,300,20.0,18922,20422,26422,66.018519,46.018519,46.018519,3.08621360000688,2,1.35132280003745,True
sub-06,60,1,60,2,300,20.0,18200,19700,25700,57.592593,37.592593,37.592593,7.22423469997011,1,1.10110619990155,True
sub-06,61,1,61,2,60,20.0,25895,26195,27395,62.962963,42.962963,42.962963,12.4292757000075,2,2.23573850002139,True
sub-06,62,1,62,1,12,60.0,14329,14509,14629,67.777778,7.777778,7.777778,4.70471810002345,3,0.80059970007278,True
sub-06,63,1,63,1,60,60.0,13176,14076,14676,51.111111,-8.888889,8.888889,1.31823149998672,2,0.80072239995934,True
sub-06,64,1,64,2,300,20.0,1960,3460,9460,62.5,42.5,42.5,2.81947919994127,3,2.652675399906,True
sub-06,65,1,65,1,60,40.0,6042,6642,7542,62.685185,22.685185,22.685185,6.67373820010107,3,4.05405510007403,True
sub-06,66,1,66,1,12,20.0,11500,11560,11800,53.611111,33.611111,33.611111,4.0375571999466,2,0.767277000006288,True
sub-06,67,1,67,2,300,80.0,11153,17153,18653,47.962963,-32.037037,32.037037,2.68585150002036,2,1.16757589997723,True
sub-06,68,1,68,1,12,80.0,15162,15402,15462,68.703704,-11.296296,11.296296,5.68902269995305,3,2.18595100007951,True
sub-06,69,1,69,1,12,20.0,15586,15646,15886,18.425926,-1.574074,1.574074,5.95623590005561,3,1.50164789997506,True
sub-06,70,1,70,1,60,60.0,20386,21286,21886,57.87037,-2.12963,2.12963,6.12282709998544,3,0.950895600020885,True
sub-06,71,1,71,1,12,60.0,16152,16332,16452,32.685185,-27.314815,27.314815,5.55568119999952,2,0.884093300090171,True
sub-06,72,1,72,2,300,40.0,19476,22476,26976,61.111111,21.111111,21.111111,8.97541670000646,3,0.700962599948979,True
sub-06,73,1,73,1,60,80.0,13176,14376,14676,48.888889,-31.111111,31.111111,7.02353490004316,2,1.38504369999282,True
sub-06,74,1,74,2,300,40.0,11085,14085,18585,46.666667,6.666667,6.666667,5.32248799991793,2,1.95187619992066,True
sub-06,75,1,75,1,12,80.0,1602,1842,1902,49.62963,-30.37037,30.37037,5.7221128999954,3,0.583888600114733,True
sub-06,76,1,76,2,300,20.0,16072,17572,23572,55.648148,35.648148,35.648148,4.25502509996295,1,0.817682900000363,True
sub-06,77,1,77,2,60,80.0,11369,12569,12869,55.462963,-24.537037,24.537037,9.77603289997205,2,1.03460540005471,True
sub-06,78,1,78,1,60,20.0,15628,15928,17128,33.240741,13.240741,13.240741,1.50141310004983,2,0.716940599959343,True
sub-06,79,1,79,2,300,40.0,1960,4960,9460,46.018519,6.018519,6.018519,5.62251440004911,2,2.98670330003369,True
sub-06,80,1,80,1,12,80.0,24970,25210,25270,62.962963,-17.037037,17.037037,5.12186189997009,3,0.717152099939994,True
sub-06,81,1,81,1,12,80.0,23864,24105,24165,60.555556,-19.444444,19.444444,4.85470050002913,2,2.56877929996699,True
sub-06,82,1,82,1,60,80.0,1414,2614,2914,66.296296,-13.703704,13.703704,5.65579580003395,3,0.53412309999112,True
sub-06,83,1,83,1,12,80.0,15586,15826,15886,66.203704,-13.796296,13.796296,1.20139299996662,3,0.56715510005597,True
sub-06,84,1,84,1,12,60.0,13450,13630,13750,75.925926,15.925926,15.925926,9.52618639997672,2,1.00106969999615,True
sub-06,85,1,85,1,12,20.0,14329,14389,14629,58.425926,38.425926,38.425926,9.65977770008612,2,1.15102119999937,True
sub-06,86,1,86,2,300,60.0,16327,20827,23827,52.12963,-7.87037,7.87037,2.78610569995362,2,1.1506328000687,True
sub-06,87,1,87,2,300,60.0,9381,13881,16881,46.574074,-13.425926,13.425926,6.70655040000565,1,1.36778920004144,True
sub-06,88,1,88,2,300,60.0,17351,21851,24851,47.037037,-12.962963,12.962963,6.69292200007475,2,1.10090670001227,True
sub-06,89,1,89,2,60,80.0,3650,4850,5150,56.851852,-23.148148,23.148148,13.6611202999483,3,1.46799749997444,True
sub-06,90,1,90,2,60,40.0,25202,25802,26702,42.685185,2.685185,2.685185,6.10664259991608,3,2.4856293000048,True
sub-06,91,1,91,2,300,40.0,10273,13273,17773,42.037037,2.037037,2.037037,4.40437820006627,1,1.26774969999678,True
sub-06,92,1,92,1,60,80.0,4556,5756,6056,72.87037,-7.12963,7.12963,11.6451476999791,3,0.917519700014963,True
sub-06,93,1,93,1,12,80.0,26328,26568,26628,60.925926,-19.074074,19.074074,3.0364517000271,3,0.800734300049953,True
sub-06,94,1,94,1,12,60.0,9950,10130,10250,59.62963,-0.37037,0.37037,9.80989190004766,2,1.36832589993719,True
sub-06,95,1,95,1,60,20.0,6042,6342,7542,29.814815,9.814815,9.814815,3.98726900003384,3,1.23485540004912,True
sub-06,96,1,96,2,300,40.0,16327,19327,23827,63.703704,23.703704,23.703704,8.40818149992264,2,1.1681320000207,True
sub-06,97,1,97,2,300,20.0,2522,4022,10022,72.777778,52.777778,52.777778,6.77376439992804,2,1.51830449991393,True
sub-06,98,1,98,2,300,60.0,10273,14773,17773,69.166667,9.166667,9.166667,3.42031439999118,2,1.18446999997831,True
sub-06,99,1,99,1,12,40.0,17600,17720,17900,35.555556,-4.444444,4.444444,8.7257572999224,2,1.01758550002705,True
sub-06,100,1,100,2,300,20.0,14351,15851,21851,31.666667,11.666667,11.666667,11.3146922000451,2,1.41827240004204,True
sub-06,101,2,1,2,300,40.0,19988,22988,27488,55.740741,15.740741,15.740741,10.734985899995,2,1.28440040000714,True
sub-06,102,2,2,1,12,40.0,29300,29420,29600,71.851852,31.851852,31.851852,8.00801009999122,3,0.651008400018326,True
sub-06,103,2,3,2,300,80.0,19988,25988,27488,66.944444,-13.055556,13.055556,7.02399599994532,2,2.16920180001761,True
sub-06,104,2,4,2,300,40.0,21224,24224,28724,60.185185,20.185185,20.185185,3.8211346999742,2,1.08417469996493,True
sub-06,105,2,5,1,12,40.0,6414,6534,6714,58.425926,18.425926,18.425926,11.6948537999996,3,0.650796400033868,True
sub-06,106,2,6,1,12,60.0,11500,11680,11800,61.388889,1.388889,1.388889,11.9454073000233,3,1.26831969991326,True
sub-06,107,2,7,1,12,80.0,21800,22040,22100,92.407407,12.407407,12.407407,8.70830479997675,3,3.43655579991173,True
sub-06,108,2,8,1,12,80.0,13450,13690,13750,65.555556,-14.444444,14.444444,2.63622780004516,3,0.499924000003375,True
sub-06,109,2,9,1,12,40.0,2393,2513,2693,61.759259,21.759259,21.759259,3.77043690008576,3,0.466734300018288,True
sub-06,110,2,10,2,60,60.0,23865,24765,25365,52.777778,-7.222222,7.222222,4.58744010003283,2,0.66725070006214,True
sub-06,111,2,11,2,300,20.0,20069,21569,27569,48.055556,28.055556,28.055556,5.55518040002789,2,0.533938299980945,True
sub-06,112,2,12,2,60,60.0,16451,17351,17951,32.962963,-27.037037,27.037037,6.43944109999574,2,1.1344760999782,True
sub-06,113,2,13,1,12,60.0,4600,4780,4900,38.703704,-21.296296,21.296296,5.95609460002742,3,0.901361600030213,True
sub-06,114,2,14,2,300,20.0,19988,21488,27488,58.148148,38.148148,38.148148,7.85799729998689,2,1.18434149993117,True
sub-06,115,2,15,2,60,20.0,17621,17921,19121,45.648148,25.648148,25.648148,4.75477240001782,3,0.617213499965146,True
sub-06,116,2,16,2,300,20.0,12645,14145,20145,67.12963,47.12963,47.12963,7.99133840005379,2,0.984043399919755,True
sub-06,117,2,17,2,300,60.0,2522,7022,10022,65.092593,5.092593,5.092593,3.00298059999477,2,0.583722899900749,True
sub-06,118,2,18,2,300,40.0,1638,4638,9138,63.888889,23.888889,23.888889,8.82490420003887,3,0.767506799893453,True
sub-06,119,2,19,1,12,60.0,3739,3919,4039,50.185185,-9.814815,9.814815,9.10929299995768,3,0.800463499967008,True
sub-06,120,2,20,2,300,60.0,18922,23422,26422,58.981481,-1.018519,1.018519,2.31884359999094,2,1.10099860001355,True
sub-06,121,2,21,2,300,80.0,22736,28736,30236,57.777778,-22.222222,22.222222,7.95772129995748,2,1.1535260999808,True
sub-06,122,2,22,2,60,60.0,12596,13496,14096,66.018519,6.018519,6.018519,5.60618240002077,2,1.1013748999685,True
sub-06,123,2,23,1,12,40.0,13450,13570,13750,55.0,15.0,15.0,3.2335736999521,3,3.92033309990074,True
sub-06,124,2,24,2,60,40.0,19722,20322,21222,68.148148,28.148148,28.148148,7.05643500003498,3,0.717337100068107,True
sub-06,125,2,25,1,12,60.0,6414,6594,6714,65.277778,5.277778,5.277778,1.98492900002747,3,0.617286900058388,True
sub-06,126,2,26,2,300,20.0,13458,14958,20958,40.092593,20.092593,20.092593,8.89273429999593,2,0.917712799971923,True
sub-06,127,2,27,2,300,40.0,16072,19072,23572,65.0,25.0,25.0,4.88793860003352,2,0.934437299962155,True
sub-06,128,2,28,2,60,80.0,10035,11235,11535,43.425926,-36.574074,36.574074,11.4111947000492,2,1.45139140007086,True
sub-06,129,2,29,2,60,20.0,3650,3950,5150,58.055556,38.055556,38.055556,6.5734589000931,3,0.967531200032681,True
sub-06,130,2,30,2,60,40.0,25895,26495,27395,39.814815,-0.185185,0.185185,4.18711249995976,3,0.566923100035637,True
sub-06,131,2,31,2,300,60.0,20069,24569,27569,,,,,1,3.43676459998823,False
sub-06,132,2,32,1,60,60.0,26923,27823,28423,33.333333,-26.666667,26.666667,10.3939193999394,3,0.50003769993782,True
sub-06,133,2,33,2,60,20.0,12596,12896,14096,60.37037,40.37037,40.37037,4.27103399997577,3,3.6699885999551,True
sub-06,134,2,34,1,12,20.0,15162,15222,15462,64.074074,44.074074,44.074074,3.72047800000291,3,1.70112119999248,True
sub-06,135,2,35,1,12,40.0,10400,10520,10700,34.259259,-5.740741,5.740741,13.3305027999449,3,0.683788800030015,True
sub-06,136,2,36,2,60,40.0,17621,18221,19121,41.759259,1.759259,1.759259,4.28790249989833,2,1.35127810004632,True
sub-06,137,2,37,2,60,20.0,9187,9487,10687,36.574074,16.574074,16.574074,5.80533190001733,3,0.617142400005832,True
sub-06,138,2,38,1,12,40.0,4600,4720,4900,54.722222,14.722222,14.722222,8.775297199958,3,0.633583799935877,True
sub-06,139,2,39,2,60,80.0,12596,13796,14096,51.944444,-28.055556,28.055556,9.12609140004497,1,1.50188440002966,True
sub-06,140,2,40,2,300,80.0,12645,18645,20145,67.592593,-12.407407,12.407407,10.6436432999325,3,0.734226600034162,True
sub-06,141,2,41,1,12,80.0,27281,27521,27581,70.185185,-9.814815,9.814815,5.40528279996942,3,0.76701840001624,True
sub-06,142,2,42,2,60,20.0,11369,11669,12869,25.648148,5.648148,5.648148,9.24270400009118,3,0.984217199962586,True
sub-06,143,2,43,1,12,40.0,16152,16272,16452,37.592593,-2.407407,2.407407,4.68825630005449,2,0.734319200040772,True
sub-06,144,2,44,2,60,60.0,10035,10935,11535,34.444444,-25.555556,25.555556,0.884704099968075,2,0.817754299961961,True
sub-06,145,2,45,2,300,60.0,11085,15585,18585,63.240741,3.240741,3.240741,10.1602494999533,2,2.13529789994936,True
sub-06,146,2,46,1,12,60.0,12500,12680,12800,51.203704,-8.796296,8.796296,5.70578169997315,3,0.617142199887894,True
sub-06,147,2,47,1,60,20.0,1414,1714,2914,46.111111,26.111111,26.111111,5.95573289995081,3,1.38482749997638,True
sub-06,148,2,48,1,12,60.0,15162,15342,15462,65.277778,5.277778,5.277778,3.68739540001843,2,0.567185799940489,True
sub-06,149,2,49,1,12,40.0,24250,24370,24550,67.685185,27.685185,27.685185,8.64242319995537,3,0.567299699992872,True
sub-06,150,2,50,1,60,60.0,15628,16528,17128,64.259259,4.259259,4.259259,2.55241419991944,2,1.35114200005773,True
sub-06,151,2,51,1,12,20.0,9950,10010,10250,34.62963,14.62963,14.62963,2.53630540007725,2,0.71738499996718,True
sub-06,152,2,52,1,12,80.0,24250,24490,24550,70.833333,-9.166667,9.166667,4.68771790002938,3,0.783692499971948,True
sub-06,153,2,53,1,12,40.0,15586,15706,15886,57.314815,17.314815,17.314815,1.5852511000121,3,0.516979100066237,True
sub-06,154,2,54,1,12,40.0,24970,25090,25270,52.685185,12.685185,12.685185,1.11798079998698,1,2.8023322999943,True
sub-06,155,2,55,1,12,60.0,21273,21453,21573,34.444444,-25.555556,25.555556,4.22105489997193,3,0.933985400013625,True
sub-06,156,2,56,2,300,20.0,9381,10881,16881,71.574074,51.574074,51.574074,4.87147539993748,2,0.633429699926637,True
sub-06,157,2,57,2,300,80.0,19476,25476,26976,77.777778,-2.222222,2.222222,2.11880409996956,2,0.817395400023087,True
sub-06,158,2,58,2,300,80.0,17351,23351,24851,36.018519,-43.981481,43.981481,2.95286580000538,2,0.667392799980007,True
sub-06,159,2,59,1,60,60.0,5494,6394,6994,64.814815,4.814815,4.814815,9.60994399990886,3,0.650814400054514,True
sub-06,160,2,60,2,60,80.0,28296,29496,29796,37.222222,-42.777778,42.777778,5.92279019998386,2,0.817940499982796,True
sub-06,161,2,61,1,12,60.0,10400,10580,10700,31.574074,-28.425926,28.425926,6.13909790001343,3,1.60133540001697,True
sub-06,162,2,62,1,60,40.0,26923,27523,28423,48.611111,8.611111,8.611111,8.04120830004103,2,2.25240240001585,True
sub-06,163,2,63,2,300,80.0,16327,22327,23827,69.907407,-10.092593,10.092593,6.70654600008856,2,0.633947500027716,True
sub-06,164,2,64,2,60,80.0,25895,27095,27395,60.37037,-19.62963,19.62963,7.92506919999141,3,0.483367300010286,True
sub-06,165,2,65,2,300,20.0,7365,8865,14865,56.666667,36.666667,36.666667,4.75514200003817,2,1.26804760005325,True
sub-06,166,2,66,2,60,80.0,19722,20922,21222,62.777778,-17.222222,17.222222,3.32038970000576,3,1.73493640008382,True
sub-06,167,2,67,1,12,20.0,25820,25880,26120,26.851852,6.851852,6.851852,5.95614389993716,3,2.11893380002584,True
sub-06,168,2,68,1,12,40.0,14329,14449,14629,60.092593,20.092593,20.092593,5.38874019996728,3,0.416757900035008,True
sub-06,169,2,69,1,60,40.0,5494,6094,6994,61.296296,21.296296,21.296296,5.77271940000355,3,0.867519599967636,True
sub-06,170,2,70,1,12,40.0,3739,3859,4039,49.722222,9.722222,9.722222,4.93798019993118,3,0.934345599962398,True
sub-06,171,2,71,2,300,80.0,14351,20351,21851,69.907407,-10.092593,10.092593,8.12459789996501,2,1.05049659998621,True
sub-06,172,2,72,2,300,60.0,14066,18566,21566,58.796296,-1.203704,1.203704,6.50984990003053,3,0.416627299971878,True
sub-06,173,2,73,2,300,80.0,11085,17085,18585,55.0,-25.0,25.0,3.63746390002779,2,0.483541300054639,True
sub-06,174,2,74,1,12,20.0,10400,10460,10700,34.259259,14.259259,14.259259,1.9026404999895,3,0.567409200011752,True
sub-06,175,2,75,2,300,80.0,20069,26069,27569,58.055556,-21.944444,21.944444,6.32356549997348,2,0.917588599957525,True
sub-06,176,2,76,1,60,20.0,2714,3014,4214,41.574074,21.574074,21.574074,3.87128169997595,3,1.08410080010071,True
sub-06,177,2,77,2,60,60.0,9187,10087,10687,69.444444,9.444444,9.444444,6.97105219995137,3,0.617471099947579,True
sub-06,178,2,78,2,300,40.0,14351,17351,21851,66.388889,26.388889,26.388889,3.03605710004922,2,0.767111900029704,True
sub-06,179,2,79,2,60,20.0,23865,24165,25365,39.722222,19.722222,19.722222,1.60194379999302,3,0.7176133999601,True
sub-06,180,2,80,2,60,60.0,25895,26795,27395,44.537037,-15.462963,15.462963,7.840907100006,3,0.650814900058321,True
sub-06,181,2,81,1,60,80.0,6042,7242,7542,80.0,0.0,0.0,4.88822490000166,3,0.650797500042244,True
sub-06,182,2,82,2,300,80.0,18922,24922,26422,61.851852,-18.148148,18.148148,2.86989109998103,2,1.13432970002759,True
sub-06,183,2,83,2,60,20.0,19722,20022,21222,23.611111,3.611111,3.611111,4.93829249998088,3,0.483888999908231,True
sub-06,184,2,84,1,60,40.0,13942,14542,15442,48.981481,8.981481,8.981481,5.4557754000416,3,1.11826040002051,True
sub-06,185,2,85,1,12,20.0,24250,24310,24550,74.907407,54.907407,54.907407,9.22558949992526,3,0.600827499991282,True
sub-06,186,2,86,2,300,20.0,16327,17827,23827,29.259259,9.259259,9.259259,3.58658440003637,2,1.38457240001298,True
sub-06,187,2,87,1,12,40.0,21800,21920,22100,60.277778,20.277778,20.277778,5.87262519996147,4,1.35121029999572,True
sub-06,188,2,88,1,12,80.0,3739,3979,4039,72.777778,-7.222222,7.222222,4.83821379998698,4,0.700865600025281,True
sub-06,189,2,89,2,300,20.0,1638,3138,9138,57.962963,37.962963,37.962963,2.75264179997611,2,3.40258340002037,True
sub-06,190,2,90,1,60,40.0,13176,13776,14676,54.259259,14.259259,14.259259,3.36987960000988,1,0.817380300024524,True
sub-06,191,2,91,2,300,80.0,7365,13365,14865,52.222222,-27.777778,27.777778,3.53732359991408,2,1.03470419999212,True
sub-06,192,2,92,2,60,80.0,16451,17651,17951,65.555556,-14.444444,14.444444,3.74049420002847,3,1.43445679999422,True
sub-06,193,2,93,2,300,60.0,7365,11865,14865,31.481481,-28.518519,28.518519,4.57204750005621,3,1.10135830007493,True
sub-06,194,2,94,2,300,40.0,18200,21200,25700,63.240741,23.240741,23.240741,1.11827370000537,2,0.733648799941875,True
sub-06,195,2,95,1,12,20.0,23864,23925,24165,37.12963,17.12963,17.12963,1.16500829998403,3,0.700449600000865,True
sub-06,196,2,96,2,300,80.0,9381,15381,16881,59.907407,-20.092593,20.092593,3.73655679996591,2,0.817038599983789,True
sub-06,197,2,97,1,12,20.0,1602,1662,1902,31.111111,11.111111,11.111111,4.90462499996647,3,1.66869570000562,True
sub-06,198,2,98,2,300,60.0,13458,17958,20958,40.555556,-19.444444,19.444444,1.78842180001083,2,0.516960600041784,True
sub-06,199,2,99,1,12,80.0,2393,2633,2693,88.981481,8.981481,8.981481,8.65594419999979,3,0.683636999921873,True
sub-06,200,2,100,2,300,40.0,13458,16458,20958,66.203704,26.203704,26.203704,2.86942859995178,2,0.968237800057977,True
sub-06,201,3,1,1,12,60.0,17600,17780,17900,39.351852,-20.648148,20.648148,3.94459070009179,2,0.950853399932384,True
sub-06,202,3,2,1,60,20.0,5494,5794,6994,39.814815,19.814815,19.814815,9.77645819995086,3,0.934524900047108,True
sub-06,203,3,3,2,300,60.0,21224,25724,28724,42.962963,-17.037037,17.037037,6.19021959998644,2,0.934212100110016,True
sub-06,204,3,4,2,300,20.0,22736,24236,30236,60.462963,40.462963,40.462963,4.12106339994352,3,0.950743199908174,True
sub-06,205,3,5,2,300,60.0,11153,15653,18653,66.481481,6.481481,6.481481,7.8414216999663,2,2.6859272000147,True
sub-06,206,3,6,1,60,40.0,1414,2014,2914,57.87037,17.87037,17.87037,9.7763598000165,3,0.834111599950119,True
sub-06,207,3,7,1,12,80.0,11500,11740,11800,83.518519,3.518519,3.518519,3.52058810007292,3,0.63405660004355,True
sub-06,208,3,8,1,12,20.0,16152,16212,16452,70.37037,50.37037,50.37037,4.03716479998547,2,0.61777070001699,True
sub-06,209,3,9,1,12,20.0,2486,2546,2786,35.925926,15.925926,15.925926,6.42311129998415,3,0.517154100001789,True
sub-06,210,3,10,2,300,60.0,16072,20572,23572,78.518519,18.518519,18.518519,5.08889420004561,3,0.634654499939642,True
sub-06,211,3,11,2,300,60.0,1638,6138,9138,59.814815,-0.185185,0.185185,4.60483389999717,2,1.11765579995699,True
sub-06,212,3,12,2,60,40.0,12596,13196,14096,61.759259,21.759259,21.759259,2.5859446999384,2,0.583940499927848,True
sub-06,213,3,13,2,60,80.0,21629,22829,23129,34.62963,-45.37037,45.37037,2.01910849998239,2,2.1690910999896,True
sub-06,214,3,14,2,60,20.0,14390,14690,15890,56.388889,36.388889,36.388889,5.8256953000091,3,1.0007966000121,True
sub-06,215,3,15,2,300,40.0,2522,5522,10022,65.740741,25.740741,25.740741,2.2998047999572,2,0.734023900004103,True
sub-06,216,3,16,1,12,40.0,9950,10070,10250,41.666667,1.666667,1.666667,3.27057950000744,3,0.9509829999879,True
sub-06,217,3,17,1,12,60.0,26328,26508,26628,74.259259,14.259259,14.259259,6.74063300003763,3,0.867304699961096,True
sub-06,218,3,18,1,60,80.0,20386,21586,21886,71.388889,-8.611111,8.611111,11.5451288999756,3,0.53402530006133,True
sub-06,219,3,19,1,12,40.0,12500,12620,12800,67.222222,27.222222,27.222222,2.6360964999767,3,0.800565000041388,True
sub-06,220,3,20,2,300,40.0,13557,16557,21057,50.185185,10.185185,10.185185,5.05530030000954,2,0.56682519998867,True
sub-06,221,3,21,2,60,20.0,10035,10335,11535,31.203704,11.203704,11.203704,9.45916030008811,3,1.15077980002388,True
sub-06,222,3,22,2,300,60.0,14351,18851,21851,78.055556,18.055556,18.055556,6.07306850003078,2,0.917427700012922,True
sub-06,223,3,23,1,60,80.0,26923,28123,28423,56.111111,-23.888889,23.888889,5.20503889990504,3,1.26843300007749,True
sub-06,224,3,24,2,300,60.0,18200,22700,25700,54.722222,-5.277778,5.277778,2.61890789994504,1,1.5849515000591,True
sub-06,225,3,25,2,300,80.0,14066,20066,21566,70.648148,-9.351852,9.351852,13.7833536999532,3,1.43503070005681,True
sub-06,226,3,26,1,12,20.0,21800,21860,22100,66.018519,46.018519,46.018519,0.967892199987545,2,1.50151920004282,True
sub-06,227,3,27,1,60,20.0,4556,4856,6056,28.703704,8.703704,8.703704,9.97718649997841,3,1.03399920009542,True
sub-06,228,3,28,1,12,80.0,21273,21513,21573,66.203704,-13.796296,13.796296,8.05867140006739,3,0.984092099941335,True
sub-06,229,3,29,1,60,20.0,13176,13476,14676,53.240741,33.240741,33.240741,10.3411990000167,2,0.600737900007516,True
sub-06,230,3,30,1,12,80.0,16152,16392,16452,77.685185,-2.314815,2.314815,5.12176120001822,3,0.867583899991586,True
sub-06,231,3,31,1,12,60.0,2393,2573,2693,67.685185,7.685185,7.685185,5.15563669998664,3,0.383974199998192,True
sub-06,232,3,32,2,300,40.0,12645,15645,20145,60.277778,20.277778,20.277778,10.2606044000713,2,0.650849899975583,True
sub-06,233,3,33,2,300,60.0,22736,27236,30236,47.962963,-12.037037,12.037037,8.5585186999524,2,0.784051000024192,True
sub-06,234,3,34,1,12,80.0,2486,2726,2786,75.925926,-4.074074,4.074074,16.9334520999109,3,0.50081780005712,True
sub-06,235,3,35,2,300,80.0,1638,7638,9138,68.703704,-11.296296,11.296296,2.16860960004851,3,2.50212590000592,True
sub-06,236,3,36,1,60,60.0,13942,14842,15442,65.185185,5.185185,5.185185,10.4276487999595,2,1.30171189992688,True
sub-06,237,3,37,2,60,60.0,3650,4550,5150,60.555556,0.555556,0.555556,3.2070821999805,3,0.817241400014609,True
sub-06,238,3,38,2,300,40.0,10518,13518,18018,48.518519,8.518519,8.518519,3.41719890001695,2,1.71840839996002,True
sub-06,239,3,39,1,60,60.0,1414,2314,2914,38.425926,-21.574074,21.574074,2.70281379995867,3,0.684486999991349,True
sub-06,240,3,40,2,60,20.0,21629,21929,23129,58.703704,38.703704,38.703704,10.9773108999943,2,3.15313420002348,True
sub-06,241,3,41,1,60,20.0,22148,22448,23648,69.907407,49.907407,49.907407,1.8685325999977,3,0.700552899972535,True
sub-06,242,3,42,1,60,60.0,22148,23048,23648,38.888889,-21.111111,21.111111,8.1580175999552,3,1.0678898000624,True
sub-06,243,3,43,1,60,80.0,2714,3914,4214,81.203704,1.203704,1.203704,5.07221769995521,3,0.917684799991548,True
sub-06,244,3,44,2,60,20.0,16451,16751,17951,41.203704,21.203704,21.203704,4.33812219998799,2,0.650455299997702,True
sub-06,245,3,45,2,60,60.0,21629,22529,23129,64.62963,4.62963,4.62963,3.82061980001162,3,1.51802720001433,True
sub-06,246,3,46,1,60,40.0,20386,20986,21886,69.444444,29.444444,29.444444,8.87576169997919,3,1.4182241000235,True
sub-06,247,3,47,2,60,60.0,11369,12269,12869,57.222222,-2.777778,2.777778,4.88861889997497,1,1.58472589997109,True
sub-06,248,3,48,1,12,20.0,6414,6474,6714,27.962963,7.962963,7.962963,5.73954600002616,3,0.65073360002134,True
sub-06,249,3,49,2,60,60.0,25202,26102,26702,44.259259,-15.740741,15.740741,8.20866800006479,3,0.851125400047749,True
sub-06,250,3,50,1,12,80.0,12500,12740,12800,48.055556,-31.944444,31.944444,3.53699119994416,3,0.96775189996697,True
sub-06,251,3,51,2,300,80.0,5739,11739,13239,55.0,-25.0,25.0,4.35438190004788,2,1.4012853000313,True
sub-06,252,3,52,2,300,60.0,19988,24488,27488,55.648148,-4.351852,4.351852,4.15421830001287,2,1.05096090002916,True
sub-06,253,3,53,2,300,20.0,5739,7239,13239,87.037037,67.037037,67.037037,4.37056280008982,3,2.91986629995517,True
sub-06,254,3,54,2,60,60.0,28296,29196,29796,47.314815,-12.685185,12.685185,6.37304459989536,1,1.06779889995232,True
sub-06,255,3,55,1,12,40.0,26328,26448,26628,70.833333,30.833333,30.833333,5.85599690000526,3,0.633848000084981,True
sub-06,256,3,56,1,12,80.0,25820,26060,26120,37.314815,-42.685185,42.685185,7.04058259993325,3,19.2857369000557,True
sub-06,257,3,57,2,300,40.0,14066,17066,21566,44.537037,4.537037,4.537037,3.16999850003048,2,0.65044759993907,True
sub-06,258,3,58,2,300,40.0,5739,8739,13239,29.166667,-10.833333,10.833333,15.3318870000075,3,0.600239500054158,True
sub-06,259,3,59,2,60,80.0,17621,18821,19121,66.666667,-13.333333,13.333333,1.98533359996508,3,1.78481599991209,True
sub-06,260,3,60,1,12,80.0,17600,17840,17900,80.185185,0.185185,0.185185,4.32073280005715,2,1.48506650002673,True
sub-06,261,3,61,2,300,20.0,11153,12653,18653,35.833333,15.833333,15.833333,12.5293522999854,2,2.16839770006481,True
sub-06,262,3,62,1,12,60.0,15586,15766,15886,63.796296,3.796296,3.796296,5.83926090004388,3,0.667561099980957,True
sub-06,263,3,63,2,300,60.0,5739,10239,13239,46.574074,-13.425926,13.425926,9.39258470002096,2,0.517044499982148,True
sub-06,264,3,64,1,12,60.0,25820,26000,26120,62.685185,2.685185,2.685185,12.5626758999424,3,0.95110740000382,True
sub-06,265,3,65,2,300,80.0,2522,8522,10022,50.555556,-29.444444,29.444444,5.2889827999752,2,0.834001800045371,True
sub-06,266,3,66,2,60,60.0,14390,15290,15890,47.962963,-12.037037,12.037037,5.92260309995617,2,1.00072089990135,True
sub-06,267,3,67,1,12,20.0,3739,3799,4039,48.148148,28.148148,28.148148,4.45456889993511,3,0.550817300099879,True
sub-06,268,3,68,1,60,20.0,13942,14242,15442,50.555556,30.555556,30.555556,4.80495899997185,3,1.41829179995693,True
sub-06,269,3,69,1,12,40.0,11500,11620,11800,51.944444,11.944444,11.944444,11.2447521999711,3,1.15119689994025,True
sub-06,270,3,70,2,300,20.0,10273,11773,17773,49.537037,29.537037,29.537037,4.95552249997854,1,0.70061749999877,True
sub-06,271,3,71,2,300,20.0,11085,12585,18585,51.851852,31.851852,31.851852,3.40366970002651,1,3.72041990002617,True
sub-06,272,3,72,2,300,60.0,12645,17145,20145,38.611111,-21.388889,21.388889,3.38667929999064,2,0.650273000006564,True
sub-06,273,3,73,1,12,60.0,2486,2666,2786,64.62963,4.62963,4.62963,5.60585579997859,3,0.717304399935528,True
sub-06,274,3,74,1,12,20.0,13450,13510,13750,51.018519,31.018519,31.018519,6.12265390006359,3,0.90108190011233,True
sub-06,275,3,75,2,300,20.0,17351,18851,24851,65.185185,45.185185,45.185185,1.06834559992421,1,4.08763700001873,True
sub-06,276,3,76,2,300,60.0,1960,6460,9460,42.314815,-17.685185,17.685185,11.2611378000583,3,0.800648499978706,True
sub-06,277,3,77,1,12,20.0,21273,21333,21573,26.481481,6.481481,6.481481,8.14129970001522,3,0.549883499974384,True
sub-06,278,3,78,1,12,60.0,24250,24430,24550,57.592593,-2.407407,2.407407,4.07091450004372,2,0.784014499979093,True
sub-06,279,3,79,2,300,80.0,13458,19458,20958,64.074074,-15.925926,15.925926,7.74096880003344,3,2.58546470000874,True
sub-06,280,3,80,1,12,80.0,6414,6654,6714,73.240741,-6.759259,6.759259,4.5708227000432,3,0.433522200095467,True
sub-06,281,3,81,2,60,20.0,25202,25502,26702,35.0,15.0,15.0,10.3439744999632,3,0.533444299944676,True
sub-06,282,3,82,2,300,20.0,13557,15057,21057,20.740741,0.740741,0.740741,12.7624770000111,2,3.13605420000385,True
sub-06,283,3,83,2,300,80.0,18200,24200,25700,34.351852,-45.648148,45.648148,2.31916489999275,2,1.21786239999346,True
sub-06,284,3,84,2,60,40.0,11369,11969,12869,40.555556,0.555556,0.555556,3.05340530001558,2,0.984452900011092,True
sub-06,285,3,85,2,60,80.0,14390,15590,15890,76.018519,-3.981481,3.981481,5.62244950002059,3,0.700479099992662,True
sub-06,286,3,86,2,300,40.0,22736,25736,30236,43.703704,3.703704,3.703704,6.15590180002618,1,0.500474900007247,True
sub-06,287,3,87,1,12,20.0,26328,26388,26628,38.055556,18.055556,18.055556,6.24000740004703,3,0.783929100027307,True
sub-06,288,3,88,2,300,80.0,1960,7960,9460,70.185185,-9.814815,9.814815,7.54128729994408,3,0.567591600003652,True
sub-06,289,3,89,1,12,60.0,27281,27461,27581,59.62963,-0.37037,0.37037,1.21873760002199,3,0.583470699959434,True
sub-06,290,3,90,1,60,20.0,26923,27223,28423,25.555556,5.555556,5.555556,3.32036079990211,3,0.917511800071224,True
sub-06,291,3,91,2,300,80.0,13557,19557,21057,60.648148,-19.351852,19.351852,6.62078439991455,3,0.783645799965597,True
sub-06,292,3,92,1,12,80.0,10400,10640,10700,29.444444,-50.555556,50.555556,5.83925900002941,3,0.617006300017237,True
sub-06,293,3,93,2,300,60.0,13557,18057,21057,46.666667,-13.333333,13.333333,1.96823620004579,1,0.717192800017073,True
sub-06,294,3,94,1,12,40.0,27281,27401,27581,67.314815,27.314815,27.314815,5.20518269995227,3,0.500336299999617,True
sub-06,295,3,95,1,12,40.0,25820,25940,26120,45.277778,5.277778,5.277778,3.87069110001903,3,1.05098649999126,True
sub-06,296,3,96,2,300,40.0,17351,20351,24851,64.259259,24.259259,24.259259,2.3022741000168,1,0.733856200007721,True
sub-06,297,3,97,1,12,40.0,21273,21393,21573,42.592593,2.592593,2.592593,7.1740580999758,3,0.483696299954317,True
sub-06,298,3,98,2,60,40.0,16451,17051,17951,62.777778,22.777778,22.777778,2.33568290004041,2,1.20112410001456,True
sub-06,299,3,99,1,12,60.0,21800,21980,22100,86.203704,26.203704,26.203704,10.3773933999473,3,0.867511000018566,True
sub-06,300,3,100,1,12,20.0,2393,2453,2693,65.925926,45.925926,45.925926,1.91812569997273,3,0.850698299938812,True
sub-07,1,1,1,1,12,40.0,17600,17720,17900,50.648148,10.648148,10.648148,6.35194620001129,4,1.90181100007612,True
sub-07,2,1,2,2,300,20.0,17351,18851,24851,58.611111,38.611111,38.611111,6.74292989994864,2,0.500524199916981,True
sub-07,3,1,3,2,60,40.0,10035,10635,11535,38.703704,-1.296296,1.296296,10.908693699981,1,0.800609200028702,True
sub-07,4,1,4,2,60,20.0,9187,9487,10687,9.814815,-10.185185,10.185185,7.30722840002272,4,0.633820899995043,True
sub-07,5,1,5,1,12,80.0,29300,29540,29600,48.518519,-31.481481,31.481481,5.05456080008298,4,0.467197899939492,True
sub-07,6,1,6,1,12,60.0,2393,2573,2693,74.814815,14.814815,14.814815,5.43881630001124,4,0.550539799965918,True
sub-07,7,1,7,1,12,40.0,2486,2606,2786,25.277778,-14.722222,14.722222,9.59336960001383,3,0.467264899984002,True
sub-07,8,1,8,2,300,40.0,9381,12381,16881,75.0,35.0,35.0,9.35967809997964,3,0.584007299970835,True
sub-07,9,1,9,2,300,80.0,14351,20351,21851,74.907407,-5.092593,5.092593,6.45668459997978,4,0.817001500050537,True
sub-07,10,1,10,2,60,60.0,25895,26795,27395,47.777778,-12.222222,12.222222,14.6810858000535,2,0.550347800017334,True
sub-07,11,1,11,2,300,40.0,19988,22988,27488,90.925926,50.925926,50.925926,7.92501320003066,4,0.517490400001406,True
sub-07,12,1,12,2,300,20.0,10273,11773,17773,19.722222,-0.277778,0.277778,10.5603315000189,3,0.4003442999674,True
sub-07,13,1,13,2,300,60.0,19476,23976,26976,76.666667,16.666667,16.666667,12.027927899966,3,0.400529400096274,True
sub-07,14,1,14,1,60,40.0,26923,27523,28423,77.5,37.5,37.5,4.68811639992054,4,2.01852379995398,True
sub-07,15,1,15,2,60,40.0,17621,18221,19121,51.851852,11.851852,11.851852,12.6462054000003,2,0.48426759999711,True
sub-07,16,1,16,1,12,40.0,27281,27401,27581,54.537037,14.537037,14.537037,12.0619093000423,3,0.550493399961851,True
sub-07,17,1,17,2,300,20.0,14066,15566,21566,20.925926,0.925926,0.925926,10.530237799976,3,0.417547299992293,True
sub-07,18,1,18,1,12,80.0,24970,25210,25270,95.833333,15.833333,15.833333,14.0304662999697,4,0.450960699934512,True
sub-07,19,1,19,2,60,80.0,23865,25065,25365,46.296296,-33.703704,33.703704,14.1308469999348,1,0.533621500013396,True
sub-07,20,1,20,1,12,20.0,10400,10460,10700,54.62963,34.62963,34.62963,12.8653543000109,3,0.433476600097492,True
sub-07,21,1,21,2,60,20.0,3650,3950,5150,48.333333,28.333333,28.333333,6.38755129999481,3,2.15204870002344,True
sub-07,22,1,22,1,12,80.0,17600,17840,17900,87.314815,7.314815,7.314815,10.5435367999598,3,0.483643899904564,True
sub-07,23,1,23,2,60,40.0,3650,4250,5150,30.462963,-9.537037,9.537037,10.1762429999653,3,0.55024869996123,True
sub-07,24,1,24,2,60,20.0,28296,28596,29796,56.203704,36.203704,36.203704,10.1271746999118,3,0.967669299920089,True
sub-07,25,1,25,2,300,60.0,2522,7022,10022,78.888889,18.888889,18.888889,5.78926700004376,3,0.366281399969011,True
sub-07,26,1,26,1,12,40.0,26328,26448,26628,51.481481,11.481481,11.481481,10.1600516999606,3,0.650171099929139,True
sub-07,27,1,27,1,12,20.0,2486,2546,2786,16.203704,-3.796296,3.796296,6.94045410002581,3,0.950987900025211,True
sub-07,28,1,28,1,12,20.0,26328,26388,26628,49.351852,29.351852,29.351852,7.04022490000352,3,1.10044220008421,True
sub-07,29,1,29,1,12,60.0,27281,27461,27581,60.462963,0.462963,0.462963,5.62174999993294,3,0.400416400050744,True
sub-07,30,1,30,2,60,20.0,19722,20022,21222,25.277778,5.277778,5.277778,6.52109719999134,3,0.383767900057137,True
sub-07,31,1,31,1,60,80.0,26923,28123,28423,67.592593,-12.407407,12.407407,9.74617619998753,3,1.01768419996369,True
sub-07,32,1,32,1,60,60.0,1414,2314,2914,35.833333,-24.166667,24.166667,5.53688869997859,3,0.516950599965639,True
sub-07,33,1,33,2,300,20.0,13458,14958,20958,27.87037,7.87037,7.87037,14.3643233999609,3,0.88407010002993,True
sub-07,34,1,34,2,60,20.0,25202,25502,26702,61.388889,41.388889,41.388889,5.98951340001076,3,0.500436600064858,True
sub-07,35,1,35,2,300,60.0,10273,14773,17773,82.314815,22.314815,22.314815,6.20619599998462,4,1.36788110004272,True
sub-07,36,1,36,2,300,20.0,19476,20976,26976,59.722222,39.722222,39.722222,6.08974530000705,3,0.80059490003623,True
sub-07,37,1,37,1,60,60.0,15628,16528,17128,45.462963,-14.537037,14.537037,7.42430930002592,1,0.833768000011332,True
sub-07,38,1,38,1,12,40.0,24250,24370,24550,51.666667,11.666667,11.666667,3.88699829997494,3,0.86717199999839,True
sub-07,39,1,39,1,12,20.0,14329,14389,14629,50.462963,30.462963,30.462963,10.0963237000396,3,0.4506530999206,True
sub-07,40,1,40,1,12,60.0,26328,26508,26628,50.648148,-9.351852,9.351852,5.63704129995312,3,1.00089329993352,True
sub-07,41,1,41,1,12,20.0,11500,11560,11800,49.537037,29.537037,29.537037,7.97508400003425,4,0.650598900043405,True
sub-07,42,1,42,2,60,80.0,25202,26402,26702,71.759259,-8.240741,8.240741,7.30999330000486,3,0.684179600095376,True
sub-07,43,1,43,2,60,20.0,25895,26195,27395,50.740741,30.740741,30.740741,6.19035169994458,3,0.783942700014449,True
sub-07,44,1,44,1,12,60.0,11500,11680,11800,49.074074,-10.925926,10.925926,4.15487620001658,3,0.500205599935725,True
sub-07,45,1,45,2,300,40.0,7365,10365,14865,83.888889,43.888889,43.888889,5.73645389999728,4,0.984054900007322,True
sub-07,46,1,46,1,12,80.0,13450,13690,13750,52.314815,-27.685185,27.685185,4.33803770004306,4,0.43314899993129,True
sub-07,47,1,47,2,300,80.0,13458,19458,20958,73.888889,-6.111111,6.111111,8.85853820003103,3,0.500305800000205,True
sub-07,48,1,48,1,60,60.0,22148,23048,23648,51.666667,-8.333333,8.333333,4.23756829998455,3,0.783955399994738,True
sub-07,49,1,49,1,12,60.0,21273,21453,21573,51.851852,-8.148148,8.148148,4.9715533000417,4,0.400526700075715,True
sub-07,50,1,50,2,300,20.0,9381,10881,16881,26.111111,6.111111,6.111111,14.4641500000143,1,1.48507439997047,True
sub-07,51,1,51,1,12,80.0,15586,15826,15886,54.259259,-25.740741,25.740741,3.03973730001598,4,0.667003700044006,True
sub-07,52,1,52,1,12,40.0,11500,11620,11800,52.685185,12.685185,12.685185,6.7739837000845,4,0.483137400005944,True
sub-07,53,1,53,2,300,40.0,13458,16458,20958,41.388889,1.388889,1.388889,12.1763557000085,3,0.366232399945147,True
sub-07,54,1,54,2,60,60.0,21629,22529,23129,76.574074,16.574074,16.574074,8.69210940005723,3,0.350283999927341,True
sub-07,55,1,55,1,12,40.0,21800,21920,22100,50.555556,10.555556,10.555556,11.3948740999912,3,0.600784500013105,True
sub-07,56,1,56,1,12,80.0,12500,12740,12800,60.833333,-19.166667,19.166667,9.2784749000566,2,0.517121899989433,True
sub-07,57,1,57,2,60,80.0,9187,10387,10687,77.314815,-2.685185,2.685185,6.63784130010753,3,0.467104000039398,True
sub-07,58,1,58,1,60,40.0,5494,6094,6994,48.518519,8.518519,8.518519,6.890017000027,3,0.417063200031407,True
sub-07,59,1,59,1,12,20.0,9950,10010,10250,49.722222,29.722222,29.722222,9.5631891998928,2,0.583713800064288,True
sub-07,60,1,60,2,60,80.0,14390,15590,15890,82.5,2.5,2.5,4.01817610010039,3,0.684210299979895,True
sub-07,61,1,61,2,300,80.0,1638,7638,9138,68.055556,-11.944444,11.944444,7.84096980001777,2,0.467041499912738,True
sub-07,62,1,62,2,300,60.0,9381,13881,16881,49.907407,-10.092593,10.092593,11.0610223000403,1,0.516842700075358,True
sub-07,63,1,63,1,60,80.0,5494,6694,6994,77.5,-2.5,2.5,5.08902290009427,3,0.366659000050276,True
sub-07,64,1,64,2,300,40.0,18922,21922,26422,20.462963,-19.537037,19.537037,5.23853730002883,3,0.417602000059559,True
sub-07,65,1,65,2,300,20.0,7365,8865,14865,22.037037,2.037037,2.037037,7.19021969998721,3,1.85226620000321,True
sub-07,66,1,66,1,12,40.0,16152,16272,16452,50.185185,10.185185,10.185185,5.38896200002636,3,1.10075250000227,True
sub-07,67,1,67,2,300,80.0,16072,22072,23572,71.203704,-8.796296,8.796296,7.72427890007384,3,0.400622299988754,True
sub-07,68,1,68,2,300,20.0,13557,15057,21057,22.222222,2.222222,2.222222,6.39012640004511,3,0.367059800075367,True
sub-07,69,1,69,2,300,80.0,19988,25988,27488,72.407407,-7.592593,7.592593,7.22379969991743,3,0.483748500002548,True
sub-07,70,1,70,2,300,20.0,16072,17572,23572,38.240741,18.240741,18.240741,10.3604065000545,2,0.617107100086286,True
sub-07,71,1,71,1,12,40.0,24970,25090,25270,54.259259,14.259259,14.259259,10.0265373999718,1,2.51905320002697,True
sub-07,72,1,72,2,300,80.0,17351,23351,24851,70.833333,-9.166667,9.166667,4.93830030004028,2,1.28452019998803,True
sub-07,73,1,73,1,12,80.0,4600,4840,4900,52.87037,-27.12963,27.12963,5.67533070000354,3,0.367395999957807,True
sub-07,74,1,74,1,12,20.0,29300,29360,29600,56.944444,36.944444,36.944444,10.5914588000159,3,0.500567200011573,True
sub-07,75,1,75,2,300,80.0,18200,24200,25700,48.425926,-31.574074,31.574074,9.2758126000408,2,0.400706600048579,True
sub-07,76,1,76,2,300,60.0,13458,17958,20958,68.148148,8.148148,8.148148,7.57515200006309,2,1.60151179996319,True
sub-07,77,1,77,1,12,20.0,21273,21333,21573,32.12963,12.12963,12.12963,6.79024250002112,3,0.233612000010907,True
sub-07,78,1,78,1,60,60.0,4556,5456,6056,64.166667,4.166667,4.166667,11.7284265999915,3,0.316857600002549,True
sub-07,79,1,79,2,300,20.0,11085,12585,18585,66.574074,46.574074,46.574074,8.59447430004365,2,0.417103299987502,True
sub-07,80,1,80,2,300,60.0,18200,22700,25700,51.203704,-8.796296,8.796296,10.0912551000947,1,0.550282499985769,True
sub-07,81,1,81,2,300,20.0,21224,22724,28724,39.62963,19.62963,19.62963,9.57625699997879,2,0.734288499923422,True
sub-07,82,1,82,1,12,40.0,25820,25940,26120,33.703704,-6.296296,6.296296,8.00866469996981,3,0.416869699954986,True
sub-07,83,1,83,2,300,20.0,1960,3460,9460,31.018519,11.018519,11.018519,4.84145269996952,3,0.683958699926734,True
sub-07,84,1,84,2,300,60.0,13557,18057,21057,53.333333,-6.666667,6.666667,15.683387099998,3,0.567244400037452,True
sub-07,85,1,85,2,60,40.0,9187,9787,10687,27.314815,-12.685185,12.685185,5.10363110003527,3,0.166852900059893,True
sub-07,86,1,86,2,300,60.0,16327,20827,23827,72.87037,12.87037,12.87037,5.68910900002811,3,0.500258399988524,True
sub-07,87,1,87,2,300,80.0,11153,17153,18653,24.62963,-55.37037,55.37037,4.77188550005666,2,0.383710399968549,True
sub-07,88,1,88,1,12,20.0,15162,15222,15462,54.722222,34.722222,34.722222,6.44022669992409,3,0.517406800063327,True
sub-07,89,1,89,2,60,60.0,19722,20622,21222,75.925926,15.925926,15.925926,5.52209770004265,3,0.400563100003637,True
sub-07,90,1,90,1,60,20.0,13176,13476,14676,28.796296,8.796296,8.796296,6.88996279996354,2,2.60261559998616,True
sub-07,91,1,91,2,60,60.0,25202,26102,26702,45.462963,-14.537037,14.537037,11.3114649999188,3,1.55173189996276,True
sub-07,92,1,92,1,12,60.0,12500,12680,12800,68.148148,8.148148,8.148148,7.67492380004841,3,1.15089950000401,True
sub-07,93,1,93,1,12,60.0,25820,26000,26120,39.722222,-20.277778,20.277778,5.10779789998196,2,0.483559999964199,True
sub-07,94,1,94,1,60,60.0,13942,14842,15442,65.092593,5.092593,5.092593,8.75668500002939,3,0.100064199999906,True
sub-07,95,1,95,2,300,80.0,14066,20066,21566,78.611111,-1.388889,1.388889,7.1237096999539,3,0.41674590006005,True
sub-07,96,1,96,2,300,20.0,2522,4022,10022,65.0,45.0,45.0,5.98947110003791,3,1.0510916999774,True
sub-07,97,1,97,1,12,60.0,14329,14509,14629,50.740741,-9.259259,9.259259,5.60494889994151,3,0.516896799905225,True
sub-07,98,1,98,2,60,20.0,16451,16751,17951,35.833333,15.833333,15.833333,8.94225349999033,2,0.317000999930314,True
sub-07,99,1,99,1,60,40.0,22148,22748,23648,68.703704,28.703704,28.703704,5.00820529996417,3,0.0664636000292375,True
sub-07,100,1,100,2,60,60.0,16451,17351,17951,50.555556,-9.444444,9.444444,11.0092742999549,1,0.983788300072774,True
sub-07,101,2,1,2,60,40.0,19722,20322,21222,63.981481,23.981481,23.981481,6.3128282999387,3,1.40136369992978,True
sub-07,102,2,2,1,12,60.0,4600,4780,4900,51.296296,-8.703704,8.703704,2.78582779993303,4,0.500447000027634,True
sub-07,103,2,3,2,300,40.0,2522,5522,10022,52.12963,12.12963,12.12963,7.79169729992281,2,0.467133800033479,True
sub-07,104,2,4,1,12,60.0,15162,15342,15462,50.185185,-9.814815,9.814815,16.9030520999804,3,0.600176099920645,True
sub-07,105,2,5,1,12,60.0,29300,29480,29600,65.555556,5.555556,5.555556,4.75286669994238,3,0.46684740006458,True
sub-07,106,2,6,2,300,80.0,13557,19557,21057,67.777778,-12.222222,12.222222,6.99398750008549,3,1.21758689999114,True
sub-07,107,2,7,2,300,60.0,14066,18566,21566,56.018519,-3.981481,3.981481,8.6565311999293,2,1.70160070003476,True
sub-07,108,2,8,1,60,20.0,6042,6342,7542,46.944444,26.944444,26.944444,7.46059639996383,2,0.484036599984392,True
sub-07,109,2,9,1,12,80.0,9950,10190,10250,51.759259,-28.240741,28.240741,3.55150430009234,2,0.483755900058895,True
sub-07,110,2,10,1,12,40.0,1602,1722,1902,52.12963,12.12963,12.12963,4.20434439997188,3,0.366675799945369,True
sub-07,111,2,11,1,60,20.0,2714,3014,4214,33.240741,13.240741,13.240741,7.45722280000336,3,0.366963200038298,True
sub-07,112,2,12,1,12,40.0,4600,4720,4900,45.833333,5.833333,5.833333,2.81957539997529,3,0.867263799998909,True
sub-07,113,2,13,1,60,80.0,20386,21586,21886,73.981481,-6.018519,6.018519,7.22393910004757,4,0.867433000006713,True
sub-07,114,2,14,1,12,20.0,6414,6474,6714,36.666667,16.666667,16.666667,6.05628469993826,3,0.533603199990466,True
sub-07,115,2,15,2,300,60.0,17351,21851,24851,47.777778,-12.222222,12.222222,6.65639250003732,1,0.500405099941417,True
sub-07,116,2,16,2,60,80.0,17621,18821,19121,75.462963,-4.537037,4.537037,8.01075369992759,2,0.900835999986156,True
sub-07,117,2,17,2,60,80.0,16451,17651,17951,72.87037,-7.12963,7.12963,6.37328059994615,3,0.500361799960956,True
sub-07,118,2,18,2,300,60.0,5739,10239,13239,36.388889,-23.611111,23.611111,8.48967769998125,3,0.3499235000927,True
sub-07,119,2,19,2,300,60.0,19988,24488,27488,67.314815,7.314815,7.314815,10.1437206000555,2,0.517115799942985,True
sub-07,120,2,20,1,12,40.0,23864,23985,24165,35.37037,-4.62963,4.62963,10.8439052000176,1,0.534061499987728,True
sub-07,121,2,21,2,60,40.0,21629,22229,23129,62.314815,22.314815,22.314815,9.34245050000026,2,0.534086900064721,True
sub-07,122,2,22,1,12,20.0,23864,23925,24165,33.888889,13.888889,13.888889,4.97193040000274,3,0.449926399975083,True
sub-07,123,2,23,1,60,20.0,20386,20686,21886,26.481481,6.481481,6.481481,4.18986669997684,3,0.383569700061343,True
sub-07,124,2,24,1,12,20.0,24970,25030,25270,30.740741,10.740741,10.740741,8.17549619998317,3,0.367214300087653,True
sub-07,125,2,25,1,12,20.0,13450,13510,13750,49.259259,29.259259,29.259259,3.2177125000162,3,0.534651100053452,True
sub-07,126,2,26,1,12,20.0,21800,21860,22100,75.0,55.0,55.0,10.8136202000314,4,1.11741139995865,True
sub-07,127,2,27,1,12,80.0,21273,21513,21573,81.296296,1.296296,1.296296,7.35770779999438,4,0.33357610006351,True
sub-07,128,2,28,1,60,40.0,20386,20986,21886,35.0,-5.0,5.0,6.82411390007473,3,0.400602100067771,True
sub-07,129,2,29,2,300,40.0,20069,23069,27569,71.388889,31.388889,31.388889,11.1923625000054,3,0.467424700036644,True
sub-07,130,2,30,1,60,60.0,5494,6394,6994,43.240741,-16.759259,16.759259,7.35712729999795,3,1.73468839994166,True
sub-07,131,2,31,1,60,80.0,15628,16828,17128,82.12963,2.12963,2.12963,11.9619552999502,3,0.333602800033986,True
sub-07,132,2,32,1,60,40.0,4556,5156,6056,65.555556,25.555556,25.555556,6.17301670007873,3,0.300348100019618,True
sub-07,133,2,33,2,300,20.0,11153,12653,18653,31.296296,11.296296,11.296296,6.03916990000288,3,0.483642700011841,True
sub-07,134,2,34,1,12,80.0,26328,26568,26628,47.12963,-32.87037,32.87037,3.87364160001743,3,0.451039499952457,True
sub-07,135,2,35,2,300,80.0,19476,25476,26976,74.62963,-5.37037,5.37037,7.82172729994636,3,1.35108950000721,True
sub-07,136,2,36,2,300,80.0,16327,22327,23827,83.055556,3.055556,3.055556,6.40922240004874,3,0.350244600092992,True
sub-07,137,2,37,1,12,40.0,3739,3859,4039,59.537037,19.537037,19.537037,6.77176319994032,3,0.450632599997334,True
sub-07,138,2,38,1,12,40.0,9950,10070,10250,46.574074,6.574074,6.574074,10.2102913999697,2,0.433327700011432,True
sub-07,139,2,39,1,12,80.0,3739,3979,4039,82.314815,2.314815,2.314815,3.00354030006565,4,0.533992999931797,True
sub-07,140,2,40,1,60,60.0,6042,6942,7542,61.666667,1.666667,1.666667,6.4234822000144,3,0.934252299950458,True
sub-07,141,2,41,2,300,60.0,10518,15018,18018,67.777778,7.777778,7.777778,13.3327434000093,2,2.55250969994813,True
sub-07,142,2,42,2,60,60.0,11369,12269,12869,52.037037,-7.962963,7.962963,7.93891629995778,2,0.383575300103984,True
sub-07,143,2,43,2,300,60.0,16072,20572,23572,71.111111,11.111111,11.111111,7.79116400005295,3,0.333763099974021,True
sub-07,144,2,44,2,300,80.0,20069,26069,27569,76.203704,-3.796296,3.796296,6.92658670002128,3,0.284100699936971,True
sub-07,145,2,45,1,12,80.0,27281,27521,27581,69.444444,-10.555556,10.555556,4.65524550003465,4,0.984469800023362,True
sub-07,146,2,46,2,300,80.0,18922,24922,26422,69.537037,-10.462963,10.462963,10.3776104000862,3,0.550557899987325,True
sub-07,147,2,47,2,300,40.0,16327,19327,23827,65.833333,25.833333,25.833333,7.07446150004398,3,0.317031699931249,True
sub-07,148,2,48,2,300,20.0,12645,14145,20145,55.925926,35.925926,35.925926,7.37124360003508,2,0.517326300032436,True
sub-07,149,2,49,1,12,60.0,15586,15766,15886,56.574074,-3.425926,3.425926,2.85234680003486,4,0.433830599999055,True
sub-07,150,2,50,2,60,80.0,21629,22829,23129,77.962963,-2.037037,2.037037,9.2952277000295,3,0.900480499956756,True
sub-07,151,2,51,1,12,80.0,6414,6654,6714,71.111111,-8.888889,8.888889,6.57061329996213,4,0.367133099935017,True
sub-07,152,2,52,2,60,40.0,14390,14990,15890,65.092593,25.092593,25.092593,15.1482994999969,3,0.366838300018571,True
sub-07,153,2,53,2,300,80.0,5739,11739,13239,29.814815,-50.185185,50.185185,7.00691219989676,3,0.61682750005275,True
sub-07,154,2,54,1,12,20.0,24250,24310,24550,67.037037,47.037037,47.037037,4.85756019991822,3,0.767605599947273,True
sub-07,155,2,55,2,60,20.0,11369,11669,12869,27.222222,7.222222,7.222222,6.73779759998433,3,0.667413299903273,True
sub-07,156,2,56,1,12,40.0,2393,2513,2693,63.703704,23.703704,23.703704,7.19085520005319,3,0.76736349996645,True
sub-07,157,2,57,2,300,80.0,7365,13365,14865,79.62963,-0.37037,0.37037,5.28861249994952,3,0.600417300011031,True
sub-07,158,2,58,2,300,60.0,11153,15653,18653,73.703704,13.703704,13.703704,16.5497068000258,3,0.617168699973262,True
sub-07,159,2,59,2,300,40.0,22736,25736,30236,47.777778,7.777778,7.777778,9.12611449998803,3,0.600255300058051,True
sub-07,160,2,60,1,12,40.0,15162,15282,15462,51.851852,11.851852,11.851852,6.42272090003825,3,1.05096919997595,True
sub-07,161,2,61,1,60,80.0,13176,14376,14676,71.944444,-8.055556,8.055556,10.2600189000368,3,0.333006600034423,True
sub-07,162,2,62,1,12,80.0,15162,15402,15462,50.185185,-29.814815,29.814815,4.02067769994027,3,0.400032900040969,True
sub-07,163,2,63,2,300,40.0,18200,21200,25700,56.759259,16.759259,16.759259,7.49384000001009,2,0.470834499923512,True
sub-07,164,2,64,1,60,40.0,15628,16228,17128,40.185185,0.185185,0.185185,4.7030994000379,2,0.417162699974142,True
sub-07,165,2,65,1,12,20.0,2393,2453,2693,45.648148,25.648148,25.648148,6.70676939992699,3,0.950784899992868,True
sub-07,166,2,66,2,300,80.0,10518,16518,18018,72.12963,-7.87037,7.87037,9.846137000015,3,0.400455800001509,True
sub-07,167,2,67,2,60,20.0,17621,17921,19121,51.944444,31.944444,31.944444,9.04009119991678,2,0.516915600048378,True
sub-07,168,2,68,2,300,40.0,17351,20351,24851,67.12963,27.12963,27.12963,5.0386453999672,2,0.366898900014348,True
sub-07,169,2,69,1,12,60.0,3739,3919,4039,71.574074,11.574074,11.574074,3.23655289993621,3,0.282868599984794,True
sub-07,170,2,70,2,300,80.0,12645,18645,20145,73.888889,-6.111111,6.111111,6.94066710001789,3,0.332998599973507,True
sub-07,171,2,71,1,12,60.0,9950,10130,10250,67.5,7.5,7.5,11.1280740000074,1,0.617474599974229,True
sub-07,172,2,72,1,12,80.0,16152,16392,16452,91.666667,11.666667,11.666667,6.40645160002168,3,1.46792510000523,True
sub-07,173,2,73,1,12,40.0,13450,13570,13750,60.833333,20.833333,20.833333,11.8113144999369,3,0.350115500041283,True
sub-07,174,2,74,2,300,40.0,19476,22476,26976,71.388889,31.388889,31.388889,5.82236330001615,3,0.60054160002619,True
sub-07,175,2,75,1,60,60.0,26923,27823,28423,66.944444,6.944444,6.944444,4.35475320008117,3,0.299973899964243,True
sub-07,176,2,76,2,300,60.0,1960,6460,9460,36.018519,-23.981481,23.981481,8.50883609999436,3,0.984385599964298,True
sub-07,177,2,77,1,12,40.0,6414,6534,6714,37.777778,-2.222222,2.222222,7.27352909999899,3,0.483588999952189,True
sub-07,178,2,78,2,300,20.0,18200,19700,25700,56.851852,36.851852,36.851852,12.0287494999356,2,0.38377399998717,True
sub-07,179,2,79,1,12,60.0,24970,25150,25270,65.0,5.0,5.0,3.43667169997934,3,0.316780900000594,True
sub-07,180,2,80,2,300,80.0,1960,7960,9460,51.481481,-28.518519,28.518519,5.03818319994024,2,0.566835000063292,True
sub-07,181,2,81,2,300,60.0,22736,27236,30236,58.333333,-1.666667,1.666667,5.00863610010128,2,0.516931500053033,True
sub-07,182,2,82,2,60,80.0,28296,29496,29796,49.166667,-30.833333,30.833333,9.02359390002675,2,0.383653900003992,True
sub-07,183,2,83,1,60,80.0,22148,23348,23648,74.074074,-5.925926,5.925926,3.23656550003215,3,1.13442330004181,True
sub-07,184,2,84,1,60,60.0,13176,14076,14676,53.703704,-6.296296,6.296296,5.78894720005337,3,0.4669714999618,True
sub-07,185,2,85,1,12,80.0,11500,11740,11800,41.851852,-38.148148,38.148148,7.574446399929,3,0.7006358000217,True
sub-07,186,2,86,1,60,80.0,4556,5756,6056,65.740741,-14.259259,14.259259,4.37114569998811,3,0.500497599947266,True
sub-07,187,2,87,2,60,40.0,23865,24465,25365,50.462963,10.462963,10.462963,8.1420088999439,1,0.467659899964928,True
sub-07,188,2,88,1,12,80.0,14329,14569,14629,57.592593,-22.407407,22.407407,7.3745788000524,3,0.267057099961675,True
sub-07,189,2,89,2,60,80.0,12596,13796,14096,70.740741,-9.259259,9.259259,9.0921419999795,3,0.24999589996878,True
sub-07,190,2,90,2,300,40.0,16072,19072,23572,62.962963,22.962963,22.962963,8.86146889999508,2,1.40142669994384,True
sub-07,191,2,91,1,12,20.0,4600,4660,4900,38.796296,18.796296,18.796296,4.91950540000107,3,1.2510040999623,True
sub-07,192,2,92,1,60,20.0,26923,27223,28423,50.277778,30.277778,30.277778,9.34554000000935,3,0.567266499972902,True
sub-07,193,2,93,2,60,60.0,23865,24765,25365,52.037037,-7.962963,7.962963,6.80744909995701,1,0.450606000027619,True
sub-07,194,2,94,1,12,20.0,17600,17660,17900,53.055556,33.055556,33.055556,5.00574290007352,3,0.633854300016537,True
sub-07,195,2,95,2,300,40.0,10273,13273,17773,63.888889,23.888889,23.888889,7.14103280007839,2,0.450214799959212,True
sub-07,196,2,96,1,60,80.0,6042,7242,7542,56.574074,-23.425926,23.425926,13.5783223999897,3,0.533511899993754,True
sub-07,197,2,97,2,300,20.0,18922,20422,26422,34.722222,14.722222,14.722222,8.60825659998226,3,0.366703599924221,True
sub-07,198,2,98,1,60,80.0,13942,15142,15442,68.796296,-11.203704,11.203704,6.70682829990983,3,1.15103529999032,True
sub-07,199,2,99,1,12,40.0,14329,14449,14629,57.5,17.5,17.5,4.93879119993653,3,1.76863659999798,True
sub-07,200,2,100,2,300,40.0,13557,16557,21057,32.12963,-7.87037,7.87037,11.4119359001051,3,0.566978399991057,True
sub-07,201,3,1,1,12,80.0,10400,10640,10700,68.425926,-11.574074,11.574074,8.74879560002591,3,0.934426399995572,True
sub-07,202,3,2,1,12,20.0,16152,16212,16452,44.259259,24.259259,24.259259,5.00512790004722,3,0.800516600022092,True
sub-07,203,3,3,1,12,60.0,23864,24045,24165,68.703704,8.703704,8.703704,5.64185140002518,1,0.450682199909351,True
sub-07,204,3,4,2,300,40.0,11085,14085,18585,47.037037,7.037037,7.037037,8.0727951999288,2,0.467171199969016,True
sub-07,205,3,5,2,60,40.0,11369,11969,12869,49.074074,9.074074,9.074074,16.2328459999989,2,0.500167699996382,True
sub-07,206,3,6,1,12,80.0,1602,1842,1902,63.796296,-16.203704,16.203704,4.17119590006768,3,0.333753600018098,True
sub-07,207,3,7,1,12,80.0,25820,26060,26120,59.537037,-20.462963,20.462963,16.4495264999568,3,0.90074569999706,True
sub-07,208,3,8,1,60,60.0,2714,3614,4214,66.481481,6.481481,6.481481,4.18769699998665,3,0.366767000057734,True
sub-07,209,3,9,2,300,20.0,22736,24236,30236,64.62963,44.62963,44.62963,9.31247350003104,3,0.383758600102737,True
sub-07,210,3,10,1,12,60.0,1602,1782,1902,64.62963,4.62963,4.62963,2.95080620003864,3,0.900928499992005,True
sub-07,211,3,11,2,300,80.0,2522,8522,10022,66.203704,-13.796296,13.796296,14.3979132000822,3,0.333731499966233,True
sub-07,212,3,12,2,300,60.0,11085,15585,18585,41.574074,-18.425926,18.425926,12.9128312000539,2,0.349991500028409,True
sub-07,213,3,13,2,300,80.0,21224,27224,28724,68.055556,-11.944444,11.944444,4.37166539998725,3,0.250617200043052,True
sub-07,214,3,14,2,300,60.0,1638,6138,9138,56.851852,-3.148148,3.148148,9.57696419989224,2,1.36779980000574,True
sub-07,215,3,15,2,300,20.0,14351,15851,21851,34.444444,14.444444,14.444444,9.34290529997088,3,0.283231099951081,True
sub-07,216,3,16,1,12,60.0,21800,21980,22100,67.037037,7.037037,7.037037,7.00691690004896,3,0.249984199996106,True
sub-07,217,3,17,2,60,60.0,9187,10087,10687,67.5,7.5,7.5,13.3966836000327,3,0.316437799949198,True
sub-07,218,3,18,2,60,20.0,14390,14690,15890,38.055556,18.055556,18.055556,4.9883021999849,3,0.350387100013904,True
sub-07,219,3,19,1,60,20.0,22148,22448,23648,49.537037,29.537037,29.537037,5.05535909999162,3,0.250142800039611,True
sub-07,220,3,20,2,300,60.0,18922,23422,26422,65.37037,5.37037,5.37037,11.4478432999458,3,0.267061999998986,True
sub-07,221,3,21,2,300,20.0,19988,21488,27488,40.555556,20.555556,20.555556,5.28893889999017,3,0.667431500041857,True
sub-07,222,3,22,1,12,40.0,10400,10520,10700,52.87037,12.87037,12.87037,7.28851889993529,3,0.316629699897021,True
sub-07,223,3,23,2,300,40.0,10518,13518,18018,68.148148,28.148148,28.148148,8.50827810005284,3,0.667176599963568,True
sub-07,224,3,24,2,60,40.0,25202,25802,26702,50.37037,10.37037,10.37037,3.13931869994848,3,0.383659500046633,True
sub-07,225,3,25,1,12,60.0,17600,17780,17900,68.425926,8.425926,8.425926,10.9115830999799,3,0.300521200057119,True
sub-07,226,3,26,1,12,60.0,6414,6594,6714,65.833333,5.833333,5.833333,8.772791699972,3,0.667030600016005,True
sub-07,227,3,27,2,300,80.0,9381,15381,16881,59.166667,-20.833333,20.833333,9.24277400004211,2,0.416940200026147,True
sub-07,228,3,28,2,300,60.0,14351,18851,21851,65.833333,5.833333,5.833333,9.57663930009584,3,0.250199300004169,True
sub-07,229,3,29,2,60,80.0,10035,11235,11535,48.333333,-31.666667,31.666667,7.67465180007275,3,0.367159500019624,True
sub-07,230,3,30,2,60,80.0,11369,12569,12869,47.314815,-32.685185,32.685185,9.35960880003403,1,1.96820090000983,True
sub-07,231,3,31,1,12,20.0,3739,3799,4039,50.462963,30.462963,30.462963,6.05602650006767,3,1.06773699994664,True
sub-07,232,3,32,1,12,80.0,23864,24105,24165,64.814815,-15.185185,15.185185,9.29560020007193,2,0.800702100037597,True
sub-07,233,3,33,2,60,20.0,21629,21929,23129,61.296296,41.296296,41.296296,5.90622649993747,3,0.350294100004248,True
sub-07,234,3,34,2,60,40.0,16451,17051,17951,32.685185,-7.314815,7.314815,6.10695040004793,2,1.63504520000424,True
sub-07,235,3,35,1,12,60.0,13450,13630,13750,52.962963,-7.037037,7.037037,2.21686679997947,3,0.284288999973796,True
sub-07,236,3,36,2,60,80.0,19722,20922,21222,74.351852,-5.648148,5.648148,5.20528019999619,3,0.449772499967366,True
sub-07,237,3,37,1,12,40.0,12500,12620,12800,68.888889,28.888889,28.888889,7.89180260000284,3,0.467458699946291,True
sub-07,238,3,38,2,60,20.0,12596,12896,14096,37.5,17.5,17.5,14.7648516999324,3,0.300074000027962,True
sub-07,239,3,39,2,300,60.0,7365,11865,14865,30.648148,-29.351852,29.351852,6.30667239998001,3,0.283606400014832,True
sub-07,240,3,40,1,60,40.0,13942,14542,15442,68.796296,28.796296,28.796296,8.44202040007803,3,0.316483299946412,True
sub-07,241,3,41,2,300,80.0,10273,16273,17773,73.888889,-6.111111,6.111111,7.50738569989334,3,0.266806300031021,True
sub-07,242,3,42,2,300,80.0,22736,28736,30236,49.444444,-30.555556,30.555556,4.62148870003875,3,0.34970310004428,True
sub-07,243,3,43,1,12,40.0,29300,29420,29600,58.055556,18.055556,18.055556,5.49139810004271,3,0.333918799995444,True
sub-07,244,3,44,1,60,40.0,2714,3314,4214,68.981481,28.981481,28.981481,6.13694170000962,3,0.249820399913005,True
sub-07,245,3,45,1,12,20.0,15586,15646,15886,27.037037,7.037037,7.037037,3.41991099994629,4,0.483514600084163,True
sub-07,246,3,46,2,300,20.0,1638,3138,9138,55.185185,35.185185,35.185185,9.1594833000563,2,0.350287999957799,True
sub-07,247,3,47,2,300,60.0,20069,24569,27569,54.166667,-5.833333,5.833333,9.0086967999814,2,0.40029450005386,True
sub-07,248,3,48,2,60,80.0,3650,4850,5150,63.425926,-16.574074,16.574074,11.8284787000156,2,1.73524509998969,True
sub-07,249,3,49,1,60,20.0,4556,4856,6056,38.055556,18.055556,18.055556,4.55500089994166,3,0.28320510010235,True
sub-07,250,3,50,1,60,40.0,1414,2014,2914,73.518519,33.518519,33.518519,10.2270091000245,3,0.283444400061853,True
sub-07,251,3,51,2,300,40.0,1638,4638,9138,52.5,12.5,12.5,4.30453850002959,2,0.367033899994567,True
sub-07,252,3,52,1,12,20.0,1602,1662,1902,55.092593,35.092593,35.092593,17.1027590000303,3,1.01770129997748,True
sub-07,253,3,53,1,12,20.0,27281,27341,27581,56.944444,36.944444,36.944444,9.72763039998244,3,0.45069559989497,True
sub-07,254,3,54,2,60,40.0,28296,28896,29796,36.944444,-3.055556,3.055556,10.1081277999328,3,0.733853799989447,True
sub-07,255,3,55,2,300,40.0,12645,15645,20145,62.407407,22.407407,22.407407,4.88781069999095,1,0.550476799951866,True
sub-07,256,3,56,1,60,80.0,2714,3914,4214,84.166667,4.166667,4.166667,10.0434884000569,4,0.66729040001519,True
sub-07,257,3,57,2,300,20.0,20069,21569,27569,36.759259,16.759259,16.759259,7.50747039995621,3,1.66791990003548,True
sub-07,258,3,58,2,60,20.0,23865,24165,25365,52.592593,32.592593,32.592593,8.6587867999915,1,0.550659899949096,True
sub-07,259,3,59,1,12,80.0,2393,2633,2693,85.185185,5.185185,5.185185,5.33848979999311,4,0.56689669995103,True
sub-07,260,3,60,1,12,20.0,12500,12560,12800,50.648148,30.648148,30.648148,6.72293100005481,3,0.53397730004508,True
sub-07,261,3,61,2,300,40.0,14066,17066,21566,58.796296,18.796296,18.796296,9.7101268999977,1,0.533710599993355,True
sub-07,262,3,62,1,12,40.0,15586,15706,15886,55.092593,15.092593,15.092593,4.2710131999338,3,0.333567499998025,True
sub-07,263,3,63,2,60,60.0,14390,15290,15890,57.685185,-2.314815,2.314815,8.80937960010487,3,0.500835699960589,True
sub-07,264,3,64,2,300,20.0,5739,7239,13239,31.388889,11.388889,11.388889,3.13647279993165,4,0.216595100006088,True
sub-07,265,3,65,2,60,80.0,25895,27095,27395,65.37037,-14.62963,14.62963,7.14016579999588,3,0.383691899944096,True
sub-07,266,3,66,2,60,60.0,12596,13496,14096,69.907407,9.907407,9.907407,17.266980000073,3,0.416707700002007,True
sub-07,267,3,67,1,12,60.0,16152,16332,16452,52.5,-7.5,7.5,3.05292919999919,3,0.484079299960285,True
sub-07,268,3,68,1,12,60.0,2486,2666,2786,67.314815,7.314815,7.314815,8.85931870003696,3,0.550410600029863,True
sub-07,269,3,69,1,60,40.0,6042,6642,7542,56.296296,16.296296,16.296296,16.2662816999945,2,0.967420400003902,True
sub-07,270,3,70,2,60,60.0,10035,10935,11535,34.351852,-25.648148,25.648148,4.15428849996533,3,0.366634799982421,True
sub-07,271,3,71,2,60,60.0,28296,29196,29796,45.555556,-14.444444,14.444444,6.07548260001931,1,0.367126299999654,True
sub-07,272,3,72,1,60,40.0,13176,13776,14676,54.351852,14.351852,14.351852,3.67073729995172,3,0.316751900012604,True
sub-07,273,3,73,1,60,20.0,5494,5794,6994,46.574074,26.574074,26.574074,5.83671840000897,3,0.500524200033396,True
sub-07,274,3,74,2,300,60.0,21224,25724,28724,64.444444,4.444444,4.444444,4.94097939995117,3,0.633658799924887,True
sub-07,275,3,75,1,60,80.0,1414,2614,2914,74.62963,-5.37037,5.37037,3.68543940002564,3,0.717246200074441,True
sub-07,276,3,76,1,60,20.0,13942,14242,15442,40.740741,20.740741,20.740741,12.5792900000233,3,0.416924400022253,True
sub-07,277,3,77,2,300,80.0,11085,17085,18585,66.759259,-13.240741,13.240741,8.0748670999892,2,0.349605900002643,True
sub-07,278,3,78,1,60,20.0,15628,15928,17128,56.666667,36.666667,36.666667,5.33832620002795,1,0.43384650000371,True
sub-07,279,3,79,2,300,20.0,16327,17827,23827,43.796296,23.796296,23.796296,6.25901569996494,2,0.417261000024154,True
sub-07,280,3,80,2,300,40.0,11153,14153,18653,51.018519,11.018519,11.018519,7.58890109998174,1,0.483566100010648,True
sub-07,281,3,81,2,300,40.0,1960,4960,9460,52.407407,12.407407,12.407407,9.96031710004899,2,0.500371600035578,True
sub-07,282,3,82,2,60,60.0,3650,4550,5150,56.759259,-3.240741,3.240741,5.30539110000245,3,0.349950399948284,True
sub-07,283,3,83,2,300,20.0,10518,12018,18018,31.203704,11.203704,11.203704,5.98950520006474,3,0.634150799945928,True
sub-07,284,3,84,2,60,40.0,25895,26495,27395,47.12963,7.12963,7.12963,7.71058940002694,3,0.266750200069509,True
sub-07,285,3,85,2,300,40.0,21224,24224,28724,65.555556,25.555556,25.555556,3.20385000004898,3,0.650826100027188,True
sub-07,286,3,86,1,60,20.0,1414,1714,2914,33.518519,13.518519,13.518519,10.1913230000063,3,0.383572300081141,True
sub-07,287,3,87,1,12,80.0,24250,24490,24550,68.240741,-11.759259,11.759259,2.50272450002376,3,0.33378480002284,True
sub-07,288,3,88,1,12,80.0,2486,2726,2786,63.055556,-16.944444,16.944444,5.62217889993917,3,0.333317499957047,True
sub-07,289,3,89,2,60,40.0,12596,13196,14096,62.87037,22.87037,22.87037,4.17142510006669,3,0.367144899908453,True
sub-07,290,3,90,1,12,80.0,21800,22040,22100,85.277778,5.277778,5.277778,6.34324850002303,3,0.717636200017295,True
sub-07,291,3,91,2,60,20.0,10035,10335,11535,35.925926,15.925926,15.925926,6.95487790007609,3,0.617402900010347,True
sub-07,292,3,92,1,12,20.0,25820,25880,26120,56.666667,36.666667,36.666667,5.8564184999559,1,0.43408489995636,True
sub-07,293,3,93,1,12,40.0,21273,21393,21573,46.851852,6.851852,6.851852,3.77054189995396,3,0.266243700054474,True
sub-07,294,3,94,2,300,40.0,5739,8739,13239,30.092593,-9.907407,9.907407,4.43759410001803,3,0.516646799980662,True
sub-07,295,3,95,2,60,60.0,17621,18521,19121,55.0,-5.0,5.0,5.80555990000721,3,0.482870600069873,True
sub-07,296,3,96,2,300,40.0,14351,17351,21851,44.814815,4.814815,4.814815,4.8880794000579,2,0.533351300051435,True
sub-07,297,3,97,2,300,60.0,12645,17145,20145,37.592593,-22.407407,22.407407,3.3034051998984,1,0.867142200004309,True
sub-07,298,3,98,1,12,60.0,24250,24430,24550,54.444444,-5.555556,5.555556,2.53884529997594,3,0.350506799994036,True
sub-07,299,3,99,1,12,60.0,10400,10580,10700,47.962963,-12.037037,12.037037,5.2529910999583,3,0.567479099961929,True
sub-07,300,3,100,1,60,60.0,20386,21286,21886,41.111111,-18.888889,18.888889,5.90901980001945,3,0.318274600082077,True
sub-08,1,1,1,1,12,80.0,15162,15402,15462,68.055556,-11.944444,11.944444,7.27649910002946,3,0.950586899998597,True
sub-08,2,1,2,1,12,80.0,14329,14569,14629,93.888889,13.888889,13.888889,8.75896000000648,3,0.68407069996465,True
sub-08,3,1,3,2,300,80.0,10273,16273,17773,24.074074,-55.925926,55.925926,12.5459337999345,2,0.700417199986986,True
sub-08,4,1,4,2,60,80.0,17621,18821,19121,51.574074,-28.425926,28.425926,6.81028350000269,3,0.950886399950832,True
sub-08,5,1,5,1,12,80.0,2486,2726,2786,79.351852,-0.648148,0.648148,4.535303200013,3,1.63472419988829,True
sub-08,6,1,6,1,12,60.0,4600,4780,4900,14.259259,-45.740741,45.740741,6.73992119997274,3,1.16742770001292,True
sub-08,7,1,7,2,300,40.0,2522,5522,10022,75.555556,35.555556,35.555556,8.49152959999628,3,0.783635100000537,True
sub-08,8,1,8,2,60,40.0,10035,10635,11535,27.314815,-12.685185,12.685185,8.4252510999795,3,0.583775400067679,True
sub-08,9,1,9,1,60,60.0,13942,14842,15442,75.0,15.0,15.0,5.23838300001807,3,0.700664600008167,True
sub-08,10,1,10,1,60,80.0,4556,5756,6056,62.314815,-17.685185,17.685185,8.52821779996156,3,0.900911599979735,True
sub-08,11,1,11,2,300,60.0,10518,15018,18018,45.0,-15.0,15.0,8.25621030002366,2,0.616899300017394,True
sub-08,12,1,12,2,300,80.0,11085,17085,18585,37.407407,-42.592593,42.592593,5.87265639996621,3,0.817402199958451,True
sub-08,13,1,13,1,12,20.0,24250,24310,24550,3.240741,-16.759259,16.759259,4.69072179996874,3,0.93436960002873,True
sub-08,14,1,14,1,12,20.0,25820,25880,26120,16.666667,-3.333333,3.333333,8.82289409998338,3,0.633800399955362,True
sub-08,15,1,15,2,300,60.0,19476,23976,26976,38.611111,-21.388889,21.388889,12.2624202999286,2,0.817408400005661,True
sub-08,16,1,16,1,12,80.0,21800,22040,22100,95.648148,15.648148,15.648148,5.73897950001992,3,1.01747189997695,True
sub-08,17,1,17,2,60,60.0,23865,24765,25365,69.259259,9.259259,9.259259,6.94022710004355,2,0.56704529991839,True
sub-08,18,1,18,2,300,40.0,13458,16458,20958,46.111111,6.111111,6.111111,8.50837990001309,2,2.96941610006615,True
sub-08,19,1,19,1,60,20.0,13176,13476,14676,7.777778,-12.222222,12.222222,3.45308240002486,3,0.750469700084067,True
sub-08,20,1,20,1,60,60.0,4556,5456,6056,25.648148,-34.351852,34.351852,5.32180929998867,3,0.617424999945797,True
sub-08,21,1,21,2,300,60.0,9381,13881,16881,74.166667,14.166667,14.166667,10.9439778999658,3,0.583940800046548,True
sub-08,22,1,22,2,300,20.0,14066,15566,21566,26.481481,6.481481,6.481481,4.53765740001108,3,0.600505899987183,True
sub-08,23,1,23,1,12,60.0,2393,2573,2693,76.481481,16.481481,16.481481,7.84080639993771,3,0.617206999915652,True
sub-08,24,1,24,1,12,80.0,24250,24490,24550,70.925926,-9.074074,9.074074,7.00710789998993,3,0.68397879996337,True
sub-08,25,1,25,2,300,60.0,19988,24488,27488,33.981481,-26.018519,26.018519,6.8907620999962,2,0.683864200022071,True
sub-08,26,1,26,2,300,40.0,17351,20351,24851,63.888889,23.888889,23.888889,8.99230979999993,2,0.533686700044199,True
sub-08,27,1,27,1,12,60.0,21800,21980,22100,72.592593,12.592593,12.592593,6.62611210008617,3,1.13433820009231,True
sub-08,28,1,28,2,300,20.0,13557,15057,21057,21.203704,1.203704,1.203704,8.8599812000757,3,0.784562599961645,True
sub-08,29,1,29,1,60,40.0,22148,22748,23648,70.740741,30.740741,30.740741,5.67022680002264,3,0.634000399964861,True
sub-08,30,1,30,1,60,80.0,1414,2614,2914,85.833333,5.833333,5.833333,4.03713980002794,3,0.483672700007446,True
sub-08,31,1,31,1,12,40.0,15162,15282,15462,80.092593,40.092593,40.092593,8.56160979997366,3,0.717351900064386,True
sub-08,32,1,32,1,60,40.0,20386,20986,21886,73.796296,33.796296,33.796296,4.25492099998518,3,0.584747999906539,True
sub-08,33,1,33,2,60,40.0,19722,20322,21222,60.0,20.0,20.0,6.77133579994551,3,0.600542099913582,True
sub-08,34,1,34,1,12,40.0,15586,15706,15886,18.055556,-21.944444,21.944444,4.2405649999855,3,0.600762300076894,True
sub-08,35,1,35,2,300,60.0,5739,10239,13239,36.944444,-23.055556,23.055556,5.73950030002743,3,0.617226499947719,True
sub-08,36,1,36,2,60,20.0,14390,14690,15890,34.62963,14.62963,14.62963,7.65781470004003,3,0.733664100058376,True
sub-08,37,1,37,1,12,40.0,1602,1722,1902,66.111111,26.111111,26.111111,8.99278980004601,3,0.417457100003957,True
sub-08,38,1,38,1,12,40.0,13450,13570,13750,32.592593,-7.407407,7.407407,6.70799480006098,3,0.867538999998942,True
sub-08,39,1,39,1,12,80.0,17600,17840,17900,73.240741,-6.759259,6.759259,5.25310129998251,3,0.617777699953876,True
sub-08,40,1,40,1,12,80.0,6414,6654,6714,59.166667,-20.833333,20.833333,6.12272039998788,3,0.450316500035114,True
sub-08,41,1,41,1,60,20.0,20386,20686,21886,70.833333,50.833333,50.833333,4.25716719997581,3,0.667623299988918,True
sub-08,42,1,42,1,60,60.0,15628,16528,17128,60.185185,0.185185,0.185185,5.0225687000202,2,0.501289500040002,True
sub-08,43,1,43,2,300,80.0,5739,11739,13239,38.796296,-41.203704,41.203704,7.68863670004066,3,0.450005199993029,True
sub-08,44,1,44,2,300,80.0,13458,19458,20958,60.462963,-19.537037,19.537037,3.85357040003873,3,0.617203600006178,True
sub-08,45,1,45,1,60,20.0,15628,15928,17128,18.981481,-1.018519,1.018519,6.07574120000936,3,0.76759669999592,True
sub-08,46,1,46,2,60,20.0,25895,26195,27395,65.092593,45.092593,45.092593,8.64257290004752,3,0.617630399996414,True
sub-08,47,1,47,1,12,60.0,24970,25150,25270,68.425926,8.425926,8.425926,5.67309459997341,3,0.350337799987755,True
sub-08,48,1,48,1,12,20.0,10400,10460,10700,7.407407,-12.592593,12.592593,5.05273570003919,3,0.633626999915577,True
sub-08,49,1,49,2,300,20.0,7365,8865,14865,23.425926,3.425926,3.425926,5.25564650003798,3,0.567161199986003,True
sub-08,50,1,50,2,300,40.0,11085,14085,18585,29.907407,-10.092593,10.092593,6.07264940009918,3,0.399984899908304,True
sub-08,51,1,51,2,300,20.0,22736,24236,30236,68.518519,48.518519,48.518519,6.50643690000288,2,0.416957499925047,True
sub-08,52,1,52,2,300,40.0,7365,10365,14865,38.703704,-1.296296,1.296296,6.90690179995726,3,0.533785599982366,True
sub-08,53,1,53,1,60,20.0,1414,1714,2914,68.425926,48.425926,48.425926,5.05470239999704,3,0.566996400011703,True
sub-08,54,1,54,2,60,80.0,21629,22829,23129,81.666667,1.666667,1.666667,4.78853759996127,3,0.650622799992561,True
sub-08,55,1,55,1,60,80.0,22148,23348,23648,56.296296,-23.703704,23.703704,6.22605400008615,2,0.783938799984753,True
sub-08,56,1,56,2,300,20.0,5739,7239,13239,29.907407,9.907407,9.907407,2.76693070004694,3,0.533750399947166,True
sub-08,57,1,57,2,60,60.0,28296,29196,29796,72.314815,12.314815,12.314815,5.05544939998071,2,0.617123399977572,True
sub-08,58,1,58,2,300,80.0,16072,22072,23572,38.055556,-41.944444,41.944444,6.13980909995734,3,0.517026699963025,True
sub-08,59,1,59,1,12,20.0,2486,2546,2786,75.092593,55.092593,55.092593,5.64203079999424,3,0.417255399981513,True
sub-08,60,1,60,2,300,40.0,10273,13273,17773,29.351852,-10.648148,10.648148,3.78492190001998,3,0.484235200099647,True
sub-08,61,1,61,1,60,40.0,15628,16228,17128,22.407407,-17.592593,17.592593,3.33959139999933,3,0.433835399919189,True
sub-08,62,1,62,2,300,40.0,1960,4960,9460,64.444444,24.444444,24.444444,4.7215317999944,3,0.384016099967993,True
sub-08,63,1,63,2,300,40.0,5739,8739,13239,36.666667,-3.333333,3.333333,4.15199749998282,3,0.550007199984975,True
sub-08,64,1,64,1,12,60.0,23865,24045,24165,59.351852,-0.648148,0.648148,19.6692695999518,2,0.734171000076457,True
sub-08,65,1,65,2,300,80.0,19988,25988,27488,74.722222,-5.277778,5.277778,5.3084336000029,3,0.500838999985717,True
sub-08,66,1,66,2,300,80.0,22736,28736,30236,38.333333,-41.666667,41.666667,6.28763060003984,3,0.500707000028342,True
sub-08,67,1,67,2,300,40.0,18922,21922,26422,36.018519,-3.981481,3.981481,3.25334150006528,3,0.484136800048872,True
sub-08,68,1,68,2,300,80.0,10518,16518,18018,44.259259,-35.740741,35.740741,8.82562490005511,2,0.366894399980083,True
sub-08,69,1,69,2,300,20.0,16327,17827,23827,39.62963,19.62963,19.62963,4.03719539998564,3,0.51699039991945,True
sub-08,70,1,70,2,300,60.0,22736,27236,30236,34.351852,-25.648148,25.648148,3.38671130000147,3,0.55054999992717,True
sub-08,71,1,71,2,300,80.0,9381,15381,16881,32.12963,-47.87037,47.87037,2.75515039998572,3,0.550360599998384,True
sub-08,72,1,72,1,12,40.0,9950,10070,10250,30.740741,-9.259259,9.259259,5.55591860006097,3,0.4164895999711,True
sub-08,73,1,73,1,60,80.0,2714,3914,4214,75.833333,-4.166667,4.166667,4.55564649996813,3,0.465034499997273,True
sub-08,74,1,74,2,300,80.0,14351,20351,21851,60.833333,-19.166667,19.166667,4.55453850002959,3,0.483873000019229,True
sub-08,75,1,75,2,60,60.0,11369,12269,12869,31.481481,-28.518519,28.518519,5.40570920007303,3,0.399814600008539,True
sub-08,76,1,76,1,60,60.0,20386,21286,21886,71.296296,11.296296,11.296296,3.68710630002897,3,0.383702100021764,True
sub-08,77,1,77,2,60,20.0,12596,12896,14096,68.518519,48.518519,48.518519,4.87142059998586,3,0.366629200056195,True
sub-08,78,1,78,2,300,60.0,11085,15585,18585,49.907407,-10.092593,10.092593,4.07059680006932,3,0.567088599898852,True
sub-08,79,1,79,1,60,60.0,5494,6394,6994,55.740741,-4.259259,4.259259,8.10839970002416,3,0.55071959993802,True
sub-08,80,1,80,1,12,80.0,12500,12740,12800,65.925926,-14.074074,14.074074,5.5883571000304,3,0.31718039989937,True
sub-08,81,1,81,2,60,20.0,21629,21929,23129,65.740741,45.740741,45.740741,3.15641970001161,3,0.316854699980467,True
sub-08,82,1,82,2,300,80.0,18200,24200,25700,39.537037,-40.462963,40.462963,4.02174610004294,2,0.533925299998372,True
sub-08,83,1,83,1,12,40.0,21273,21393,21573,35.555556,-4.444444,4.444444,5.03958450001664,3,0.767237299936823,True
sub-08,84,1,84,1,12,60.0,27281,27461,27581,79.444444,19.444444,19.444444,2.36968300002627,3,0.317064400063827,True
sub-08,85,1,85,2,300,80.0,2522,8522,10022,58.981481,-21.018519,21.018519,5.63675329997204,3,0.450379599933512,True
sub-08,86,1,86,2,300,60.0,14066,18566,21566,63.611111,3.611111,3.611111,8.3420661999844,3,0.383534000022336,True
sub-08,87,1,87,2,60,80.0,14390,15590,15890,71.944444,-8.055556,8.055556,4.45703980000689,3,0.750972999958321,True
sub-08,88,1,88,1,60,60.0,1414,2314,2914,68.333333,8.333333,8.333333,3.30120940005872,3,0.366712799994275,True
sub-08,89,1,89,1,60,40.0,13942,14542,15442,56.851852,16.851852,16.851852,3.92373899999074,3,0.533990200026892,True
sub-08,90,1,90,2,60,20.0,23865,24165,25365,51.944444,31.944444,31.944444,3.98841470002662,2,0.717513300012797,True
sub-08,91,1,91,2,300,20.0,1638,3138,9138,36.111111,16.111111,16.111111,6.60754589992575,3,0.817375699989497,True
sub-08,92,1,92,2,60,40.0,25895,26495,27395,64.444444,24.444444,24.444444,7.28817059996072,3,0.283792500034905,True
sub-08,93,1,93,2,300,40.0,9381,12381,16881,65.092593,25.092593,25.092593,3.94039110001176,2,1.05085530003998,True
sub-08,94,1,94,2,300,80.0,17351,23351,24851,66.296296,-13.703704,13.703704,4.38544590002857,3,0.316807399969548,True
sub-08,95,1,95,2,300,60.0,20069,24569,27569,65.925926,5.925926,5.925926,3.20361129997763,3,0.317079400061629,True
sub-08,96,1,96,1,60,80.0,20386,21586,21886,65.833333,-14.166667,14.166667,2.31959149998147,3,0.433804800035432,True
sub-08,97,1,97,2,300,80.0,16327,22327,23827,63.611111,-16.388889,16.388889,6.49273810000158,3,1.33405349997337,True
sub-08,98,1,98,2,300,80.0,7365,13365,14865,64.259259,-15.740741,15.740741,2.56683859997428,3,1.40126250009052,True
sub-08,99,1,99,2,300,80.0,1638,7638,9138,40.277778,-39.722222,39.722222,15.1847457999829,3,0.817848799983039,True
sub-08,100,1,100,1,12,20.0,21800,21860,22100,65.740741,45.740741,45.740741,6.00389560009352,3,0.38347929995507,True
sub-08,101,2,1,2,60,80.0,23865,25065,25365,27.314815,-52.685185,52.685185,6.39406259998213,2,0.88446119998116,True
sub-08,102,2,2,1,12,60.0,21273,21453,21573,14.074074,-45.925926,45.925926,6.52383950003422,3,0.517797800013795,True
sub-08,103,2,3,1,60,40.0,6042,6642,7542,46.296296,6.296296,6.296296,4.1711309000384,3,1.46731790003832,True
sub-08,104,2,4,2,300,20.0,1960,3460,9460,45.833333,25.833333,25.833333,7.2077011000365,3,1.15102180000394,True
sub-08,105,2,5,2,60,80.0,25202,26402,26702,83.518519,3.518519,3.518519,4.10419240000192,3,0.500185400014743,True
sub-08,106,2,6,2,300,60.0,1960,6460,9460,51.388889,-8.611111,8.611111,3.47032549988944,3,0.633960100007243,True
sub-08,107,2,7,1,12,20.0,24970,25030,25270,27.314815,7.314815,7.314815,4.14059129997622,3,0.567063699942082,True
sub-08,108,2,8,1,12,80.0,25820,26060,26120,28.425926,-51.574074,51.574074,3.88514420005958,3,0.600523800007067,True
sub-08,109,2,9,2,60,20.0,16451,16751,17951,31.203704,11.203704,11.203704,6.68995549995452,3,0.734088000026531,True
sub-08,110,2,10,1,12,60.0,15586,15766,15886,73.888889,13.888889,13.888889,4.93798669998068,3,0.750614800024777,True
sub-08,111,2,11,1,12,60.0,29300,29480,29600,75.833333,15.833333,15.833333,3.87063300004228,3,0.650428000022657,True
sub-08,112,2,12,2,300,80.0,11153,17153,18653,35.648148,-44.351852,44.351852,4.7406795999268,3,0.467191700008697,True
sub-08,113,2,13,1,12,40.0,16152,16272,16452,31.666667,-8.333333,8.333333,4.02170990000013,3,0.784412700100801,True
sub-08,114,2,14,2,300,60.0,13458,17958,20958,67.407407,7.407407,7.407407,3.4680350999115,2,0.660454099997878,True
sub-08,115,2,15,2,300,60.0,7365,11865,14865,48.240741,-11.759259,11.759259,4.04031089995987,3,0.450833300012163,True
sub-08,116,2,16,1,12,80.0,3739,3979,4039,83.796296,3.796296,3.796296,3.23714989994186,3,0.516783199971541,True
sub-08,117,2,17,1,60,20.0,13942,14242,15442,30.462963,10.462963,10.462963,3.7012615998974,3,0.416780599975027,True
sub-08,118,2,18,2,300,40.0,22736,25736,30236,30.092593,-9.907407,9.907407,6.85719710006378,3,0.550174399977549,True
sub-08,119,2,19,2,300,20.0,19988,21488,27488,28.796296,8.796296,8.796296,4.82430510001722,3,0.450251100002788,True
sub-08,120,2,20,2,300,40.0,10518,13518,18018,37.222222,-2.777778,2.777778,3.2837978999596,3,0.500221899943426,True
sub-08,121,2,21,2,300,20.0,17351,18851,24851,40.925926,20.925926,20.925926,3.35683910001534,3,0.367175600025802,True
sub-08,122,2,22,2,300,20.0,11153,12653,18653,44.722222,24.722222,24.722222,5.30298300005961,2,0.651097299996763,True
sub-08,123,2,23,1,12,60.0,25820,26000,26120,39.62963,-20.37037,20.37037,2.45552630000747,3,0.984018199960701,True
sub-08,124,2,24,2,300,80.0,13557,19557,21057,62.592593,-17.407407,17.407407,3.58433379989583,3,0.867463700007647,True
sub-08,125,2,25,1,12,80.0,23865,24105,24165,69.166667,-10.833333,10.833333,4.87438639998436,3,0.634191500023007,True
sub-08,126,2,26,1,12,60.0,6414,6594,6714,40.37037,-19.62963,19.62963,3.26795869995839,3,0.433861700003035,True
sub-08,127,2,27,1,12,40.0,21800,21920,22100,68.425926,28.425926,28.425926,3.49014110001735,3,0.317621599999256,True
sub-08,128,2,28,1,12,80.0,13450,13690,13750,72.222222,-7.777778,7.777778,2.83368309994693,3,0.399913400062359,True
sub-08,129,2,29,2,300,40.0,14066,17066,21566,41.111111,1.111111,1.111111,4.12078809994272,3,0.350101900054141,True
sub-08,130,2,30,1,12,80.0,26328,26568,26628,68.611111,-11.388889,11.388889,4.03694629995152,3,0.350304499967023,True
sub-08,131,2,31,1,60,40.0,2714,3314,4214,66.944444,26.944444,26.944444,4.57396670000162,3,0.566662100027315,True
sub-08,132,2,32,1,60,60.0,26923,27823,28423,61.018519,1.018519,1.018519,6.24016609997488,3,0.417280100053176,True
sub-08,133,2,33,1,12,40.0,11500,11620,11800,61.388889,21.388889,21.388889,6.30756400001701,3,0.350144199910573,True
sub-08,134,2,34,1,12,60.0,16152,16332,16452,31.203704,-28.796296,28.796296,2.29949759994633,3,0.483836500090546,True
sub-08,135,2,35,1,12,80.0,4600,4840,4900,66.759259,-13.240741,13.240741,5.65874700003769,3,0.316769400029443,True
sub-08,136,2,36,1,12,20.0,21273,21333,21573,10.925926,-9.074074,9.074074,3.15107159991748,3,0.417157600051723,True
sub-08,137,2,37,1,12,80.0,10400,10640,10700,67.685185,-12.314815,12.314815,6.42284020001534,3,0.333564599975943,True
sub-08,138,2,38,1,12,60.0,11500,11680,11800,66.574074,6.574074,6.574074,5.25517789996229,3,0.283276799949817,True
sub-08,139,2,39,2,300,40.0,19476,22476,26976,65.37037,25.37037,25.37037,3.33680869999807,2,0.400063699926249,True
sub-08,140,2,40,2,300,20.0,14351,15851,21851,33.240741,13.240741,13.240741,4.92121919989585,3,0.466676600044593,True
sub-08,141,2,41,2,300,20.0,18200,19700,25700,43.611111,23.611111,23.611111,7.36012929992284,2,0.533628999954089,True
sub-08,142,2,42,2,60,20.0,11369,11669,12869,34.537037,14.537037,14.537037,3.15134550002403,3,0.600584300002083,True
sub-08,143,2,43,1,12,60.0,2486,2666,2786,77.222222,17.222222,17.222222,2.65544540004339,3,0.367361399927176,True
sub-08,144,2,44,2,60,20.0,28296,28596,29796,31.481481,11.481481,11.481481,4.31871809996664,3,0.450167099945247,True
sub-08,145,2,45,2,300,80.0,14066,20066,21566,61.481481,-18.518519,18.518519,5.95593199995346,3,0.3003426999785,True
sub-08,146,2,46,1,12,80.0,27281,27521,27581,76.296296,-3.703704,3.703704,4.62102960003539,3,0.317176099983043,True
sub-08,147,2,47,2,300,20.0,18922,20422,26422,57.407407,37.407407,37.407407,7.39337469998281,3,0.600993199972435,True
sub-08,148,2,48,2,60,60.0,10035,10935,11535,24.722222,-35.277778,35.277778,2.83463880000636,3,0.367037500021979,True
sub-08,149,2,49,1,12,60.0,1602,1782,1902,76.759259,16.759259,16.759259,2.40566719998605,3,0.450500900042243,True
sub-08,150,2,50,1,60,20.0,6042,6342,7542,45.740741,25.740741,25.740741,8.85637199995108,3,0.317348000011406,True
sub-08,151,2,51,2,300,40.0,13557,16557,21057,27.407407,-12.592593,12.592593,5.8421935000224,3,0.533897200017236,True
sub-08,152,2,52,2,60,40.0,25202,25802,26702,25.833333,-14.166667,14.166667,5.92052250006236,3,0.366829399950802,True
sub-08,153,2,53,2,60,80.0,9187,10387,10687,65.462963,-14.537037,14.537037,3.42043659999035,3,0.333551899995654,True
sub-08,154,2,54,1,60,80.0,13176,14376,14676,58.703704,-21.296296,21.296296,3.25339830003213,3,0.516994499950669,True
sub-08,155,2,55,1,12,40.0,25820,25940,26120,35.925926,-4.074074,4.074074,3.37303539994172,3,0.333874800009652,True
sub-08,156,2,56,1,60,60.0,22148,23048,23648,66.666667,6.666667,6.666667,8.37283669994212,2,0.333639199961908,True
sub-08,157,2,57,2,300,60.0,1638,6138,9138,45.925926,-14.074074,14.074074,3.7902600999223,3,0.550431100069545,True
sub-08,158,2,58,2,60,20.0,3650,3950,5150,37.777778,17.777778,17.777778,4.72183619998395,3,1.43500800000038,True
sub-08,159,2,59,2,300,80.0,18922,24922,26422,63.333333,-16.666667,16.666667,2.95094690006226,2,0.33340959995985,True
sub-08,160,2,60,2,300,40.0,14351,17351,21851,50.648148,10.648148,10.648148,3.72066469991114,3,0.383174999966286,True
sub-08,161,2,61,1,12,40.0,29300,29420,29600,81.574074,41.574074,41.574074,1.70491349999792,3,0.417527199955657,True
sub-08,162,2,62,2,300,60.0,16072,20572,23572,64.62963,4.62963,4.62963,4.68570110003929,3,0.300161499995738,True
sub-08,163,2,63,2,60,60.0,17621,18521,19121,49.259259,-10.740741,10.740741,11.4308166999835,3,0.35038339998573,True
sub-08,164,2,64,2,300,80.0,21224,27224,28724,66.759259,-13.240741,13.240741,2.90364280005451,3,0.283731500036083,True
sub-08,165,2,65,2,60,60.0,3650,4550,5150,72.222222,12.222222,12.222222,5.60384610004257,3,0.233318999991752,True
sub-08,166,2,66,1,60,80.0,6042,7242,7542,65.0,-15.0,15.0,3.87055520003195,3,0.550479000085033,True
sub-08,167,2,67,2,60,80.0,11369,12569,12869,64.814815,-15.185185,15.185185,2.9224988999776498,3,0.316572400042787,True
sub-08,168,2,68,1,60,80.0,15628,16828,17128,77.037037,-2.962963,2.962963,4.85218359995633,3,0.934425999992527,True
sub-08,169,2,69,2,60,60.0,12596,13496,14096,57.12963,-2.87037,2.87037,4.89184170006774,3,0.466533900005742,True
sub-08,170,2,70,2,60,40.0,3650,4250,5150,28.333333,-11.666667,11.666667,4.68545230000745,3,0.450170899974182,True
sub-08,171,2,71,2,300,60.0,11153,15653,18653,36.574074,-23.425926,23.425926,2.25243830005638,3,0.300108300056308,True
sub-08,172,2,72,1,12,60.0,10400,10580,10700,55.0,-5.0,5.0,3.85389129992108,3,0.317037399974651,True
sub-08,173,2,73,1,12,40.0,27281,27401,27581,38.425926,-1.574074,1.574074,5.05815309996251,3,0.516864100005477,True
sub-08,174,2,74,1,12,40.0,3739,3859,4039,25.740741,-14.259259,14.259259,3.43441599991638,3,0.416934499982744,True
sub-08,175,2,75,1,12,20.0,4600,4660,4900,30.740741,10.740741,10.740741,2.32172130001708,3,0.450076000066474,True
sub-08,176,2,76,2,300,20.0,9381,10881,16881,38.703704,18.703704,18.703704,6.67117380001582,3,0.300202599959448,True
sub-08,177,2,77,2,60,80.0,12596,13796,14096,58.055556,-21.944444,21.944444,3.1393580000149,3,0.481932999915443,True
sub-08,178,2,78,1,60,60.0,2714,3614,4214,62.685185,2.685185,2.685185,4.47105439996812,3,0.283919099951162,True
sub-08,179,2,79,2,60,40.0,11369,11969,12869,47.87037,7.87037,7.87037,3.57342439994681,3,0.500456000096164,True
sub-08,180,2,80,2,300,80.0,20069,26069,27569,45.833333,-34.166667,34.166667,3.28418179997243,2,0.600796399987302,True
sub-08,181,2,81,2,300,40.0,1638,4638,9138,46.296296,6.296296,6.296296,3.94031209999229,3,1.03425199992489,True
sub-08,182,2,82,1,12,40.0,2486,2606,2786,60.092593,20.092593,20.092593,2.98408580000977,3,0.517320099985227,True
sub-08,183,2,83,2,300,40.0,20069,23069,27569,58.981481,18.981481,18.981481,2.75563230004627,3,0.316627799998968,True
sub-08,184,2,84,2,60,60.0,19722,20622,21222,76.759259,16.759259,16.759259,2.46690330002456,3,0.68351690005511,True
sub-08,185,2,85,1,12,20.0,15586,15646,15886,20.37037,0.37037,0.37037,3.13936659996397,3,0.400013900012709,True
sub-08,186,2,86,1,60,20.0,2714,3014,4214,31.296296,11.296296,11.296296,5.23645520000718,3,0.500272399978712,True
sub-08,187,2,87,2,300,40.0,16327,19327,23827,54.62963,14.62963,14.62963,7.47466150007676,2,0.38319289998617,True
sub-08,188,2,88,2,60,40.0,12596,13196,14096,36.666667,-3.333333,3.333333,2.56926769996061,3,0.516766200074926,True
sub-08,189,2,89,1,12,60.0,12500,12680,12800,61.203704,1.203704,1.203704,3.27282129996456,3,0.350344000034965,True
sub-08,190,2,90,2,60,20.0,10035,10335,11535,24.351852,4.351852,4.351852,3.36792119999881,3,0.499997099977917,True
sub-08,191,2,91,1,60,80.0,5494,6694,6994,62.5,-17.5,17.5,2.57251880003605,3,0.500889900024049,True
sub-08,192,2,92,1,12,40.0,26328,26448,26628,70.833333,30.833333,30.833333,4.00141030002851,3,0.533710899995639,True
sub-08,193,2,93,1,12,20.0,12500,12560,12800,29.166667,9.166667,9.166667,3.17298540007323,3,0.383573699975386,True
sub-08,194,2,94,2,300,60.0,12645,17145,20145,28.148148,-31.851852,31.851852,3.07005960005335,3,0.550663399975746,True
sub-08,195,2,95,1,12,20.0,17600,17660,17900,62.222222,42.222222,42.222222,4.53523859998676,3,0.433505400083959,True
sub-08,196,2,96,2,60,40.0,21629,22229,23129,72.12963,32.12963,32.12963,4.35510349995456,3,0.650575999985449,True
sub-08,197,2,97,1,12,20.0,2393,2453,2693,28.055556,8.055556,8.055556,6.19257870002184,3,0.55017930001486,True
sub-08,198,2,98,2,300,60.0,21224,25724,28724,63.518519,3.518519,3.518519,3.06711629999335,2,0.584124899934977,True
sub-08,199,2,99,1,12,80.0,2393,2633,2693,83.703704,3.703704,3.703704,2.4551092000911,3,0.533946800045669,True
sub-08,200,2,100,2,60,80.0,28296,29496,29796,51.666667,-28.333333,28.333333,2.21626170002855,2,0.583561799954623,True
sub-08,201,3,1,2,300,40.0,19988,22988,27488,35.092593,-4.907407,4.907407,3.67673649999778,2,0.633658499922603,True
sub-08,202,3,2,2,300,20.0,21224,22724,28724,35.648148,15.648148,15.648148,2.35260840004775,3,0.450172099983319,True
sub-08,203,3,3,1,60,20.0,22148,22448,23648,30.925926,10.925926,10.925926,4.24093099997844,3,0.433955000014975,True
sub-08,204,3,4,1,12,60.0,3739,3919,4039,75.740741,15.740741,15.740741,1.89957649994175,3,0.75080399995204,True
sub-08,205,3,5,2,60,80.0,10035,11235,11535,52.87037,-27.12963,27.12963,3.77344070002436,3,0.683957700035534,True
sub-08,206,3,6,2,300,60.0,2522,7022,10022,47.314815,-12.685185,12.685185,4.75295850005932,3,0.533659200067631,True
sub-08,207,3,7,1,60,20.0,4556,4856,6056,33.611111,13.611111,13.611111,3.53984939993824,3,0.450593600049614,True
sub-08,208,3,8,1,12,80.0,1602,1842,1902,75.185185,-4.814815,4.814815,7.17181530001107,3,0.316746699973009,True
sub-08,209,3,9,1,60,40.0,1414,2014,2914,60.0,20.0,20.0,5.62537909997627,3,0.333793799974955,True
sub-08,210,3,10,1,12,20.0,26328,26388,26628,58.888889,38.888889,38.888889,2.88391170010436,3,0.533662799978628,True
sub-08,211,3,11,1,12,40.0,24250,24370,24550,37.407407,-2.592593,2.592593,5.10789390001446,3,0.36745769996196,True
sub-08,212,3,12,1,60,80.0,26923,28123,28423,57.685185,-22.314815,22.314815,2.14971150003839,3,0.41724720003549,True
sub-08,213,3,13,1,60,20.0,5494,5794,6994,49.074074,29.074074,29.074074,3.02277739997953,3,0.433757800026796,True
sub-08,214,3,14,1,60,40.0,5494,6094,6994,51.759259,11.759259,11.759259,2.63382419990375,3,0.317085699993185,True
sub-08,215,3,15,1,12,60.0,17600,17780,17900,67.777778,7.777778,7.777778,2.40588840004056,3,0.300732999923639,True
sub-08,216,3,16,2,60,20.0,9187,9487,10687,16.944444,-3.055556,3.055556,3.41758229990955,3,0.484219299978576,True
sub-08,217,3,17,1,12,80.0,11500,11740,11800,71.574074,-8.425926,8.425926,2.40241480001714,3,0.384078899980522,True
sub-08,218,3,18,2,300,60.0,13557,18057,21057,44.259259,-15.740741,15.740741,4.43785240000579,3,0.31718480004929,True
sub-08,219,3,19,2,60,80.0,3650,4850,5150,69.351852,-10.648148,10.648148,3.9070818000473,3,0.450344100012443,True
sub-08,220,3,20,2,60,40.0,28296,28896,29796,27.5,-12.5,12.5,5.10265290003735,3,0.383684800006449,True
sub-08,221,3,21,1,12,40.0,24970,25090,25270,65.185185,25.185185,25.185185,4.17365050001535,2,0.500862999935634,True
sub-08,222,3,22,1,60,60.0,6042,6942,7542,61.574074,1.574074,1.574074,3.78487960004713,3,0.416995099978521,True
sub-08,223,3,23,1,60,40.0,13176,13776,14676,41.574074,1.574074,1.574074,2.85631130007095,3,0.417149299988523,True
sub-08,224,3,24,2,60,40.0,17621,18221,19121,54.62963,14.62963,14.62963,4.58574940008111,3,0.617301100050099,True
sub-08,225,3,25,1,12,80.0,24970,25210,25270,70.740741,-9.259259,9.259259,1.63824640004895,3,0.299940499942749,True
sub-08,226,3,26,2,300,60.0,17351,21851,24851,63.333333,3.333333,3.333333,5.52333060000091,2,0.550315800006501,True
sub-08,227,3,27,1,12,40.0,10400,10520,10700,17.87037,-22.12963,22.12963,4.35217879991978,3,0.600415099994279,True
sub-08,228,3,28,1,12,40.0,12500,12620,12800,39.351852,-0.648148,0.648148,4.05390189995523,3,1.93511459999717,True
sub-08,229,3,29,2,300,20.0,12645,14145,20145,24.537037,4.537037,4.537037,3.48975139996036,3,0.550872000050731,True
sub-08,230,3,30,1,12,60.0,15162,15342,15462,69.814815,9.814815,9.814815,3.40123149997089,3,0.400410400005057,True
sub-08,231,3,31,1,12,20.0,23865,23925,24165,30.833333,10.833333,10.833333,5.64196259994059,3,0.583845500019379,True
sub-08,232,3,32,1,12,20.0,29300,29360,29600,70.185185,50.185185,50.185185,5.62006340001244,3,0.617345700040459,True
sub-08,233,3,33,1,12,40.0,6414,6534,6714,23.148148,-16.851852,16.851852,2.48909649997949,3,0.533504500053823,True
sub-08,234,3,34,2,300,40.0,21224,24224,28724,40.833333,0.833333,0.833333,5.52004400000441,2,0.333340800018049,True
sub-08,235,3,35,1,12,40.0,17600,17720,17900,46.018519,6.018519,6.018519,3.4737504000077,3,0.517477000015787,True
sub-08,236,3,36,2,300,20.0,16072,17572,23572,37.685185,17.685185,17.685185,4.01814699999522,3,0.449974799994379,True
sub-08,237,3,37,1,60,80.0,13942,15142,15442,78.981481,-1.018519,1.018519,3.82345939998049,3,0.567755999974906,True
sub-08,238,3,38,2,300,80.0,1960,7960,9460,62.12963,-17.87037,17.87037,4.96930250001605,3,0.333539600018411,True
sub-08,239,3,39,2,60,40.0,9187,9787,10687,21.944444,-18.055556,18.055556,3.1060739000095,3,0.501694399979896,True
sub-08,240,3,40,2,60,80.0,19722,20922,21222,68.703704,-11.296296,11.296296,1.81671119993552,3,0.316978799994103,True
sub-08,241,3,41,2,300,80.0,12645,18645,20145,60.648148,-19.351852,19.351852,5.92585160001181,3,0.300126199959777,True
sub-08,242,3,42,2,60,80.0,25895,27095,27395,67.12963,-12.87037,12.87037,2.09945280000101,3,0.116321500041522,True
sub-08,243,3,43,2,300,40.0,12645,15645,20145,35.185185,-4.814815,4.814815,2.37227259995415,3,0.517062700004316,True
sub-08,244,3,44,1,12,20.0,6414,6474,6714,35.833333,15.833333,15.833333,2.09940710000228,3,0.416549599962309,True
sub-08,245,3,45,1,12,80.0,15586,15826,15886,54.166667,-25.833333,25.833333,4.75448789994698,3,0.28325420001056,True
sub-08,246,3,46,2,60,40.0,23865,24465,25365,46.296296,6.296296,6.296296,2.21929979999549,2,0.366700000013224,True
sub-08,247,3,47,2,60,40.0,14390,14990,15890,38.055556,-1.944444,1.944444,3.00623420008923,3,0.350676100002601,True
sub-08,248,3,48,2,300,40.0,11153,14153,18653,33.518519,-6.481481,6.481481,2.56733339990023,3,0.333276199991814,True
sub-08,249,3,49,1,12,20.0,16152,16212,16452,12.037037,-7.962963,7.962963,2.26952199998777,3,0.3832367999712,True
sub-08,250,3,50,2,60,60.0,16451,17351,17951,34.722222,-25.277778,25.277778,1.96862830000463,3,0.333591400063596,True
sub-08,251,3,51,2,300,20.0,2522,4022,10022,29.814815,9.814815,9.814815,2.03520939999725,3,0.350757500040344,True
sub-08,252,3,52,1,12,20.0,1602,1662,1902,14.907407,-5.092593,5.092593,2.9200065000914,3,0.367138299974612,True
sub-08,253,3,53,2,300,20.0,10273,11773,17773,25.185185,5.185185,5.185185,2.93919050006661,3,0.366991300019435,True
sub-08,254,3,54,1,12,60.0,13450,13630,13750,65.092593,5.092593,5.092593,3.25113300001248,3,0.333375800051726,True
sub-08,255,3,55,1,12,20.0,3739,3799,4039,68.518519,48.518519,48.518519,2.50559299997985,3,0.367077499977313,True
sub-08,256,3,56,1,12,40.0,14329,14449,14629,71.296296,31.296296,31.296296,3.76854479999747,3,0.750373500050045,True
sub-08,257,3,57,2,300,40.0,18200,21200,25700,46.111111,6.111111,6.111111,3.22284399997442,2,0.501106900046579,True
sub-08,258,3,58,2,300,20.0,13458,14958,20958,19.259259,-0.740741,0.740741,2.88340769999194,3,0.500240599969402,True
sub-08,259,3,59,1,60,40.0,26923,27523,28423,67.314815,27.314815,27.314815,2.27195189998019,3,0.383656700025312,True
sub-08,260,3,60,1,12,80.0,21273,21513,21573,81.203704,1.203704,1.203704,2.15003489993978,3,0.583696299931034,True
sub-08,261,3,61,1,12,80.0,9950,10190,10250,72.592593,-7.407407,7.407407,2.95614010002464,3,0.466944899992086,True
sub-08,262,3,62,1,12,20.0,15162,15222,15462,78.148148,58.148148,58.148148,2.63382180000189,3,0.400475600035861,True
sub-08,263,3,63,2,60,60.0,14390,15290,15890,60.925926,0.925926,0.925926,2.85289989993907,3,0.383618600084446,True
sub-08,264,3,64,1,60,60.0,13176,14076,14676,66.759259,6.759259,6.759259,2.83629609993658,3,0.367053300025872,True
sub-08,265,3,65,2,300,20.0,19476,20976,26976,45.925926,25.925926,25.925926,2.90579990006517,2,0.833689499995671,True
sub-08,266,3,66,2,300,20.0,10518,12018,18018,30.555556,10.555556,10.555556,2.10013969999272,3,0.517151199979707,True
sub-08,267,3,67,1,60,40.0,4556,5156,6056,24.907407,-15.092593,15.092593,3.10647070000413,3,0.366527099977247,True
sub-08,268,3,68,1,12,40.0,2393,2513,2693,64.166667,24.166667,24.166667,2.04949900007341,3,0.434128900058567,True
sub-08,269,3,69,2,60,80.0,16451,17651,17951,68.981481,-11.018519,11.018519,1.70487609994597,3,0.383871399913914,True
sub-08,270,3,70,2,60,40.0,16451,17051,17951,31.481481,-8.518519,8.518519,1.96663090004585,3,0.40035600005649,True
sub-08,271,3,71,2,300,60.0,16327,20827,23827,46.111111,-13.888889,13.888889,2.83897440007422,2,0.300449700094759,True
sub-08,272,3,72,1,12,20.0,11500,11560,11800,22.777778,2.777778,2.777778,4.30540760001167,3,0.667241499992087,True
sub-08,273,3,73,2,300,60.0,14351,18851,21851,57.037037,-2.962963,2.962963,4.93924239999614,2,0.366641200031153,True
sub-08,274,3,74,1,12,40.0,4600,4720,4900,21.018519,-18.981481,18.981481,2.48404840007424,3,0.333433900028467,True
sub-08,275,3,75,1,12,20.0,14329,14389,14629,49.351852,29.351852,29.351852,3.35629969998262,3,0.533577400026843,True
sub-08,276,3,76,1,12,20.0,27281,27341,27581,34.444444,14.444444,14.444444,2.81719620001968,3,0.55034129996784,True
sub-08,277,3,77,1,12,40.0,23865,23985,24165,33.055556,-6.944444,6.944444,3.02268789999652,3,0.333290999988093,True
sub-08,278,3,78,2,60,20.0,25202,25502,26702,30.925926,10.925926,10.925926,3.46799859998282,3,0.466753000044263,True
sub-08,279,3,79,2,60,60.0,9187,10087,10687,60.185185,0.185185,0.185185,3.53989969997201,3,0.316873400006443,True
sub-08,280,3,80,2,300,60.0,10273,14773,17773,32.87037,-27.12963,27.12963,3.10078789992257,3,0.500697399955242,True
sub-08,281,3,81,2,300,20.0,20069,21569,27569,38.611111,18.611111,18.611111,2.67169519991148,3,0.367280200007371,True
sub-08,282,3,82,1,12,80.0,16152,16392,16452,90.555556,10.555556,10.555556,4.45213230000808,3,0.401047599967569,True
sub-08,283,3,83,1,60,20.0,26923,27223,28423,65.833333,45.833333,45.833333,4.00729239999782,3,0.483912800089456,True
sub-08,284,3,84,2,60,60.0,25895,26795,27395,35.37037,-24.62963,24.62963,5.11939480004366,3,0.533540699980221,True
sub-08,285,3,85,1,12,60.0,9950,10130,10250,28.055556,-31.944444,31.944444,4.24053099995944,3,0.53371510002762,True
sub-08,286,3,86,2,300,40.0,16072,19072,23572,53.796296,13.796296,13.796296,2.78366329998243,2,0.450568999978713,True
sub-08,287,3,87,1,12,60.0,24250,24430,24550,72.592593,12.592593,12.592593,4.85781730001326,3,0.383499099989421,True
sub-08,288,3,88,2,300,20.0,11085,12585,18585,46.388889,26.388889,26.388889,2.31635930004995,2,0.450139999971725,True
sub-08,289,3,89,1,12,20.0,13450,13510,13750,27.592593,7.592593,7.592593,4.42446239991113,3,0.450096699991263,True
sub-08,290,3,90,2,300,80.0,19476,25476,26976,86.851852,6.851852,6.851852,3.9514156000223,3,0.467257599928416,True
sub-08,291,3,91,2,300,60.0,18200,22700,25700,69.074074,9.074074,9.074074,2.97296579997055,3,0.400298899970948,True
sub-08,292,3,92,1,12,60.0,14329,14509,14629,60.0,0.0,0.0,2.8840584999416,3,0.534058699966408,True
sub-08,293,3,93,1,12,20.0,9950,10010,10250,45.0,25.0,25.0,3.05315440008416,3,0.33350700000301,True
sub-08,294,3,94,1,12,60.0,26328,26508,26628,64.907407,4.907407,4.907407,2.78589429997373,3,0.333846900030039,True
sub-08,295,3,95,2,60,20.0,17621,17921,19121,31.481481,11.481481,11.481481,2.53874630003701,3,0.533438100013881,True
sub-08,296,3,96,2,300,60.0,18922,23422,26422,45.462963,-14.537037,14.537037,5.6865880000405,2,0.6171257001115,True
sub-08,297,3,97,2,60,60.0,25202,26102,26702,53.888889,-6.111111,6.111111,3.32299679995048,3,0.366730899899266,True
sub-08,298,3,98,1,12,80.0,29300,29540,29600,69.166667,-10.833333,10.833333,1.43255100003443,3,0.28366359998472,True
sub-08,299,3,99,2,60,20.0,19722,20022,21222,17.777778,-2.222222,2.222222,2.40556440001819,3,0.517234300030395,True
sub-08,300,3,100,2,60,60.0,21629,22529,23129,48.055556,-11.944444,11.944444,6.77115719998255,3,0.333608500077389,True
sub-09,1,1,1,1,12,60.0,9950,10130,10250,49.166667,-10.833333,10.833333,11.947774900007,3,1.31772090005688,True
sub-09,2,1,2,1,12,40.0,23864,23985,24165,69.351852,29.351852,29.351852,14.7647444000467,2,1.88510620000306,True
sub-09,3,1,3,1,12,80.0,15586,15826,15886,46.944444,-33.055556,33.055556,6.17287490004673,3,1.40129480010364,True
sub-09,4,1,4,2,300,60.0,18200,22700,25700,70.092593,10.092593,10.092593,12.4487315999576,2,1.55203439993783,True
sub-09,5,1,5,1,12,60.0,24970,25150,25270,79.537037,19.537037,19.537037,4.60254349990282,3,0.983996099908836,True
sub-09,6,1,6,2,60,60.0,14390,15290,15890,73.240741,13.240741,13.240741,10.3938722000457,4,1.05129259999375,True
sub-09,7,1,7,1,12,80.0,24970,25210,25270,70.185185,-9.814815,9.814815,7.59083779994398,3,1.68462419998832,True
sub-09,8,1,8,1,12,40.0,26328,26448,26628,77.314815,37.314815,37.314815,5.72242529992945,3,1.76885469991248,True
sub-09,9,1,9,1,12,20.0,14329,14389,14629,55.185185,35.185185,35.185185,6.45661209989339,3,0.734212899929843,True
sub-09,10,1,10,2,60,20.0,17621,17921,19121,25.740741,5.740741,5.740741,6.27275780006311,3,1.2510084999958,True
sub-09,11,1,11,1,12,40.0,16152,16272,16452,25.833333,-14.166667,14.166667,9.77622559992596,3,26.0090713999234,True
sub-09,12,1,12,1,12,80.0,12500,12740,12800,49.722222,-30.277778,30.277778,7.00712369999382,3,1.61828769999556,True
sub-09,13,1,13,1,60,60.0,22148,23048,23648,76.018519,16.018519,16.018519,7.14052879996597,3,1.35150880005676,True
sub-09,14,1,14,2,300,40.0,13458,16458,20958,30.740741,-9.259259,9.259259,10.760675999918,2,1.27016880002338,True
sub-09,15,1,15,2,300,80.0,1960,7960,9460,66.851852,-13.148148,13.148148,8.3394144999329,2,1.9522113999119,True
sub-09,16,1,16,1,12,80.0,21800,22040,22100,82.87037,2.87037,2.87037,4.12123170006088,3,0.600536699988879,True
sub-09,17,1,17,1,60,40.0,13176,13776,14676,79.444444,39.444444,39.444444,11.361569300061,3,0.617265500011853,True
sub-09,18,1,18,1,12,80.0,25820,26060,26120,17.87037,-62.12963,62.12963,13.8305309999268,3,0.550321200047619,True
sub-09,19,1,19,2,300,40.0,2522,5522,10022,70.277778,30.277778,30.277778,10.1767704999074,3,0.583805699949152,True
sub-09,20,1,20,1,12,20.0,6414,6474,6714,11.296296,-8.703704,8.703704,4.90508429997134,4,1.70196549990214,True
sub-09,21,1,21,2,300,60.0,13458,17958,20958,55.833333,-4.166667,4.166667,14.0973860999802,2,1.60139359999448,True
sub-09,22,1,22,2,300,40.0,10518,13518,18018,32.222222,-7.777778,7.777778,8.90886099997442,2,0.550289400038309,True
sub-09,23,1,23,2,60,80.0,14390,15590,15890,80.185185,0.185185,0.185185,3.30307849997188,3,1.16725960001349,True
sub-09,24,1,24,1,12,40.0,27281,27401,27581,68.055556,28.055556,28.055556,7.49100550008006,3,0.466991199995391,True
sub-09,25,1,25,2,60,20.0,21629,21929,23129,42.5,22.5,22.5,15.7492347999941,3,0.633954099961556,True
sub-09,26,1,26,1,60,60.0,4556,5456,6056,65.648148,5.648148,5.648148,8.92613509995862,3,0.883787399972789,True
sub-09,27,1,27,2,60,60.0,10035,10935,11535,29.259259,-30.740741,30.740741,12.4458316999953,3,0.867615800001658,True
sub-09,28,1,28,2,60,40.0,21629,22229,23129,68.518519,28.518519,28.518519,5.05503430007956,2,0.850570100010372,True
sub-09,29,1,29,2,60,60.0,25202,26102,26702,48.518519,-11.481481,11.481481,7.27408940007444,3,1.80149589991197,True
sub-09,30,1,30,2,300,80.0,14351,20351,21851,62.592593,-17.407407,17.407407,13.4469317999901,3,1.41786789998877,True
sub-09,31,1,31,2,60,60.0,25895,26795,27395,26.759259,-33.240741,33.240741,10.2935674999607,2,0.934456199989654,True
sub-09,32,1,32,1,12,40.0,2486,2606,2786,53.333333,13.333333,13.333333,7.77444569999352,3,0.967765600071288,True
sub-09,33,1,33,2,300,80.0,5739,11739,13239,16.203704,-63.796296,63.796296,6.22297620004974,3,1.10095240001101,True
sub-09,34,1,34,2,300,80.0,16072,22072,23572,66.296296,-13.703704,13.703704,6.79019009997136,3,0.466921400045976,True
sub-09,35,1,35,1,12,20.0,24970,25030,25270,44.62963,24.62963,24.62963,12.9297621999867,2,0.55044739996083,True
sub-09,36,1,36,2,60,40.0,3650,4250,5150,48.981481,8.981481,8.981481,14.4007529999362,1,1.0177137000719,True
sub-09,37,1,37,1,12,60.0,15586,15766,15886,47.685185,-12.314815,12.314815,7.10453929996583,3,0.600032899994403,True
sub-09,38,1,38,2,60,20.0,25202,25502,26702,34.814815,14.814815,14.814815,7.37422610004432,3,0.633999300072901,True
sub-09,39,1,39,2,300,40.0,5739,8739,13239,28.148148,-11.851852,11.851852,4.087408100022,3,0.533517700037919,True
sub-09,40,1,40,1,12,60.0,4600,4780,4900,20.277778,-39.722222,39.722222,10.6439483999274,4,0.583464700030162,True
sub-09,41,1,41,2,60,20.0,23865,24165,25365,24.537037,4.537037,4.537037,6.53978230000939,2,0.667271799989976,True
sub-09,42,1,42,1,60,60.0,20386,21286,21886,67.777778,7.777778,7.777778,8.10787780000828,3,0.567051699967123,True
sub-09,43,1,43,1,12,20.0,29300,29360,29600,76.203704,56.203704,56.203704,6.28953780001029,3,0.599620599998161,True
sub-09,44,1,44,1,12,40.0,29300,29420,29600,19.444444,-20.555556,20.555556,3.67025370011106,3,0.600491899996995,True
sub-09,45,1,45,1,60,60.0,26923,27823,28423,54.259259,-5.740741,5.740741,5.00478939991444,3,0.533896900014951,True
sub-09,46,1,46,1,60,80.0,15628,16828,17128,83.148148,3.148148,3.148148,3.45315180008765,3,0.61678090004716,True
sub-09,47,1,47,2,300,60.0,18922,23422,26422,77.685185,17.685185,17.685185,11.8282798000145,2,0.550430299947038,True
sub-09,48,1,48,2,60,20.0,11369,11669,12869,17.037037,-2.962963,2.962963,8.67520910000894,3,0.616981500061228,True
sub-09,49,1,49,1,60,80.0,1414,2614,2914,78.425926,-1.574074,1.574074,5.33882840001024,3,1.48412080004345,True
sub-09,50,1,50,2,60,40.0,9187,9787,10687,21.944444,-18.055556,18.055556,9.27656360005494,2,1.05063720000907,True
sub-09,51,1,51,2,300,20.0,12645,14145,20145,33.611111,13.611111,13.611111,4.18803800002206,3,0.733660300029441,True
sub-09,52,1,52,2,300,80.0,11153,17153,18653,43.611111,-36.388889,36.388889,6.4063571000006,3,0.567382300039753,True
sub-09,53,1,53,1,60,60.0,13176,14076,14676,53.055556,-6.944444,6.944444,9.09263679990545,3,0.884287500055506,True
sub-09,54,1,54,1,60,40.0,2714,3314,4214,41.944444,1.944444,1.944444,7.35723159997724,2,1.01765200006775,True
sub-09,55,1,55,1,12,80.0,11500,11740,11800,82.222222,2.222222,2.222222,5.13864270003978,4,1.0508039999986,True
sub-09,56,1,56,2,300,80.0,18200,24200,25700,75.37037,-4.62963,4.62963,8.87517650006339,3,0.650396700017154,True
sub-09,57,1,57,1,12,40.0,14329,14449,14629,46.666667,6.666667,6.666667,13.9637827000115,3,0.517005999921821,True
sub-09,58,1,58,2,300,80.0,12645,18645,20145,70.277778,-9.722222,9.722222,6.64015470002777,3,0.416773099917918,True
sub-09,59,1,59,1,12,60.0,15162,15342,15462,48.796296,-11.203704,11.203704,3.8706393999746,3,0.683899700059555,True
sub-09,60,1,60,2,300,40.0,18922,21922,26422,60.0,20.0,20.0,12.8323975999373,2,0.567106999922543,True
sub-09,61,1,61,2,300,20.0,17351,18851,24851,62.407407,42.407407,42.407407,8.97660070005804,2,0.767179299960844,True
sub-09,62,1,62,2,300,80.0,13557,19557,21057,69.351852,-10.648148,10.648148,4.93885529995895,3,0.433460499974899,True
sub-09,63,1,63,2,60,60.0,3650,4550,5150,77.87037,17.87037,17.87037,11.8096147999167,4,0.450101199909113,True
sub-09,64,1,64,1,60,20.0,26923,27223,28423,54.537037,34.537037,34.537037,5.68906710005831,3,0.634156399988569,True
sub-09,65,1,65,2,300,60.0,11153,15653,18653,68.518519,8.518519,8.518519,8.3916444000788,2,0.684229500009678,True
sub-09,66,1,66,2,60,40.0,28296,28896,29796,23.796296,-16.203704,16.203704,7.75763430004008,4,0.483686199993826,True
sub-09,67,1,67,2,300,80.0,1638,7638,9138,38.611111,-41.388889,41.388889,13.797225199989,2,0.617278599995188,True
sub-09,68,1,68,2,300,40.0,22736,25736,30236,24.074074,-15.925926,15.925926,9.04256420000456,2,0.517295400029979,True
sub-09,69,1,69,1,60,20.0,5494,5794,6994,24.074074,4.074074,4.074074,5.68931740010157,2,1.63456289994064,True
sub-09,70,1,70,1,12,40.0,25820,25940,26120,26.574074,-13.425926,13.425926,5.45576989999972,3,1.60170450003352,True
sub-09,71,1,71,1,12,80.0,24250,24490,24550,53.611111,-26.388889,26.388889,4.97203829989302,3,0.600527199916541,True
sub-09,72,1,72,2,300,40.0,16327,19327,23827,69.537037,29.537037,29.537037,4.070724899997,3,0.717297099996358,True
sub-09,73,1,73,2,60,80.0,11369,12569,12869,77.314815,-2.685185,2.685185,9.50957490003202,3,1.05125629995018,True
sub-09,74,1,74,2,60,20.0,3650,3950,5150,28.240741,8.240741,8.240741,6.65656220004893,2,0.883845499949529,True
sub-09,75,1,75,2,60,20.0,12596,12896,14096,49.814815,29.814815,29.814815,7.75780230003874,2,0.73422230000142,True
sub-09,76,1,76,2,300,60.0,9381,13881,16881,31.481481,-28.518519,28.518519,25.2279542000032,2,0.584261600044556,True
sub-09,77,1,77,2,300,60.0,7365,11865,14865,31.944444,-28.055556,28.055556,8.47258540010079,3,0.516920799971558,True
sub-09,78,1,78,1,12,80.0,27281,27521,27581,77.685185,-2.314815,2.314815,6.52351249998901,2,0.467225899919867,True
sub-09,79,1,79,1,12,20.0,15162,15222,15462,48.611111,28.611111,28.611111,3.9373841000488,2,0.633743799990043,True
sub-09,80,1,80,1,12,40.0,1602,1722,1902,54.444444,14.444444,14.444444,5.45839899999555,3,0.767356200027279,True
sub-09,81,1,81,1,60,40.0,4556,5156,6056,35.555556,-4.444444,4.444444,12.4769970000488,2,0.567010600003413,True
sub-09,82,1,82,1,12,60.0,3739,3919,4039,83.148148,23.148148,23.148148,3.38676130003295,4,0.417228300007991,True
sub-09,83,1,83,2,60,80.0,25895,27095,27395,62.5,-17.5,17.5,5.55574520002119,3,0.483934700023382,True
sub-09,84,1,84,2,300,60.0,1960,6460,9460,62.777778,2.777778,2.777778,8.82584250008221,3,6.45661790005397,True
sub-09,85,1,85,2,60,60.0,21629,22529,23129,66.759259,6.759259,6.759259,5.85551849997136,1,2.21887869993224,True
sub-09,86,1,86,1,60,80.0,26923,28123,28423,78.333333,-1.666667,1.666667,2.76971040002536,3,0.500339600024744,True
sub-09,87,1,87,1,60,40.0,22148,22748,23648,70.185185,30.185185,30.185185,13.9141460000537,1,0.566898199962452,True
sub-09,88,1,88,2,300,40.0,19988,22988,27488,26.296296,-13.703704,13.703704,13.5801598000107,2,0.934381400002166,True
sub-09,89,1,89,1,60,80.0,4556,5756,6056,51.944444,-28.055556,28.055556,3.83740590000525,3,1.40123090008273,True
sub-09,90,1,90,1,60,40.0,26923,27523,28423,75.833333,35.833333,35.833333,4.20387830003164,4,0.583841199986636,True
sub-09,91,1,91,2,300,20.0,10518,12018,18018,29.722222,9.722222,9.722222,8.59232389996759,4,0.433811699971556,True
sub-09,92,1,92,1,12,40.0,17600,17720,17900,52.407407,12.407407,12.407407,11.2446978000225,3,1.23476100002881,True
sub-09,93,1,93,2,60,40.0,16451,17051,17951,29.814815,-10.185185,10.185185,4.77125920006074,4,0.700361699913628,True
sub-09,94,1,94,2,300,60.0,20069,24569,27569,52.685185,-7.314815,7.314815,8.19197960000019,1,0.767669899971224,True
sub-09,95,1,95,1,12,60.0,12500,12680,12800,44.722222,-15.277778,15.277778,9.24266580003313,3,1.81838269997388,True
sub-09,96,1,96,1,60,80.0,6042,7242,7542,74.259259,-5.740741,5.740741,3.52020769997034,2,0.850909100030548,True
sub-09,97,1,97,1,12,80.0,15162,15402,15462,80.277778,0.277778,0.277778,5.70565329992678,3,0.716943099978379,True
sub-09,98,1,98,2,300,60.0,22736,27236,30236,30.277778,-29.722222,29.722222,9.74346809997223,3,0.46692170004826,True
sub-09,99,1,99,2,60,80.0,9187,10387,10687,66.296296,-13.703704,13.703704,9.24287069996353,3,0.649937200010754,True
sub-09,100,1,100,2,300,40.0,19476,22476,26976,67.962963,27.962963,27.962963,6.59027799998875,1,0.50025220005773,True
sub-09,101,2,1,2,60,80.0,17621,18821,19121,72.962963,-7.037037,7.037037,7.12760250002611,3,0.616869500023312,True
sub-09,102,2,2,2,300,20.0,19988,21488,27488,26.296296,6.296296,6.296296,5.20512859988957,3,1.16728719999082,True
sub-09,103,2,3,1,12,60.0,10400,10580,10700,24.259259,-35.740741,35.740741,12.9296179000521,2,0.950919899973087,True
sub-09,104,2,4,2,300,20.0,16072,17572,23572,67.12963,47.12963,47.12963,29.8969097000081,1,0.567416200065054,True
sub-09,105,2,5,1,12,20.0,21273,21333,21573,9.814815,-10.185185,10.185185,2.83618600002955,4,0.601011400111019,True
sub-09,106,2,6,2,300,80.0,7365,13365,14865,79.074074,-0.925926,0.925926,5.10776739998254,4,0.483731499989517,True
sub-09,107,2,7,1,60,20.0,13942,14242,15442,37.592593,17.592593,17.592593,10.9783813999965,3,1.5181239999365,True
sub-09,108,2,8,2,300,40.0,1960,4960,9460,51.851852,11.851852,11.851852,6.70730359992012,2,0.450217599980533,True
sub-09,109,2,9,1,12,60.0,1602,1782,1902,76.111111,16.111111,16.111111,3.78480020002461,3,0.583927900064736,True
sub-09,110,2,10,2,300,80.0,18922,24922,26422,72.222222,-7.777778,7.777778,8.19171829998958,2,0.466597800026647,True
sub-09,111,2,11,1,12,80.0,17600,17840,17900,87.12963,7.12963,7.12963,3.43673279997892,4,0.533801799989305,True
sub-09,112,2,12,2,300,60.0,16072,20572,23572,67.87037,7.87037,7.87037,5.05486129992641,2,3.70345840009395,True
sub-09,113,2,13,1,60,60.0,6042,6942,7542,75.740741,15.740741,15.740741,10.3937973999418,1,1.23436510004103,True
sub-09,114,2,14,1,60,20.0,13176,13476,14676,25.925926,5.925926,5.925926,16.4829262000275,2,0.467191600007936,True
sub-09,115,2,15,2,60,80.0,19722,20922,21222,79.259259,-0.740741,0.740741,3.31997539999429,4,0.734227400040254,True
sub-09,116,2,16,1,60,20.0,22148,22448,23648,35.277778,15.277778,15.277778,6.77360840002074,2,1.15105059999041,True
sub-09,117,2,17,2,300,40.0,14351,17351,21851,65.0,25.0,25.0,9.99376989994198,2,0.449911199975758,True
sub-09,118,2,18,1,60,20.0,1414,1714,2914,33.611111,13.611111,13.611111,3.58676819992251,3,0.383671999908983,True
sub-09,119,2,19,1,60,60.0,15628,16528,17128,45.648148,-14.351852,14.351852,8.55825400003232,1,0.400119700003415,True
sub-09,120,2,20,1,12,80.0,2393,2633,2693,85.462963,5.462963,5.462963,5.55562440003268,4,0.550961000029929,True
sub-09,121,2,21,2,300,80.0,19476,25476,26976,70.092593,-9.907407,9.907407,13.6972320999484,2,0.700723399990238,True
sub-09,122,2,22,2,300,60.0,10273,14773,17773,15.925926,-44.074074,44.074074,10.2936078000348,4,0.400404899963177,True
sub-09,123,2,23,2,300,20.0,20069,21569,27569,33.611111,13.611111,13.611111,40.0064443000592,2,0.516865399898961,True
sub-09,124,2,24,1,60,20.0,20386,20686,21886,20.833333,0.833333,0.833333,6.85748880007304,2,0.917534900014288,True
sub-09,125,2,25,2,300,20.0,18922,20422,26422,32.12963,12.12963,12.12963,8.35651409998536,2,0.433843499980866,True
sub-09,126,2,26,2,60,60.0,28296,29196,29796,68.425926,8.425926,8.425926,9.64257110003382,2,0.617123699979856,True
sub-09,127,2,27,1,60,20.0,15628,15928,17128,30.833333,10.833333,10.833333,9.07588670006953,1,0.983845000038854,True
sub-09,128,2,28,2,300,40.0,17351,20351,24851,69.351852,29.351852,29.351852,9.24260110000614,2,0.550069399992935,True
sub-09,129,2,29,2,300,80.0,17351,23351,24851,57.407407,-22.592593,22.592593,45.2118804999627,1,0.533534600050188,True
sub-09,130,2,30,1,60,20.0,4556,4856,6056,29.62963,9.62963,9.62963,3.6871683000354,3,0.467191399889998,True
sub-09,131,2,31,2,60,20.0,10035,10335,11535,39.166667,19.166667,19.166667,8.40623200009577,2,0.43366340000648,True
sub-09,132,2,32,1,60,80.0,13942,15142,15442,77.5,-2.5,2.5,4.32100300001911,3,0.400410900008864,True
sub-09,133,2,33,2,300,20.0,11153,12653,18653,29.074074,9.074074,9.074074,4.12059649999719,4,0.600054799928329,True
sub-09,134,2,34,2,300,60.0,5739,10239,13239,23.425926,-36.574074,36.574074,6.52316749992314,4,0.55067610007245,True
sub-09,135,2,35,1,12,40.0,13450,13570,13750,54.444444,14.444444,14.444444,8.8923339000903,1,0.8840928999707101,True
sub-09,136,2,36,2,60,80.0,16451,17651,17951,73.888889,-6.111111,6.111111,5.55603029998019,4,0.633398499921895,True
sub-09,137,2,37,2,300,20.0,7365,8865,14865,22.5,2.5,2.5,6.79009440005756,4,0.383588899974711,True
sub-09,138,2,38,1,60,60.0,13942,14842,15442,44.814815,-15.185185,15.185185,7.20759950007777,3,0.550494100083597,True
sub-09,139,2,39,2,300,80.0,10518,16518,18018,39.351852,-40.648148,40.648148,7.90792430005967,2,0.484424899914301,True
sub-09,140,2,40,2,60,40.0,11369,11969,12869,41.666667,1.666667,1.666667,8.52533480001147,2,0.700864500016905,True
sub-09,141,2,41,2,300,40.0,18200,21200,25700,71.296296,31.296296,31.296296,4.47132509993389,3,0.400165200000628,True
sub-09,142,2,42,2,300,80.0,20069,26069,27569,64.166667,-15.833333,15.833333,20.6873843000503,3,1.56788490002509,True
sub-09,143,2,43,1,12,60.0,29300,29480,29600,31.574074,-28.425926,28.425926,9.74337719997856,3,0.450339100090786,True
sub-09,144,2,44,1,12,60.0,11500,11680,11800,43.148148,-16.851852,16.851852,5.85607240011449,3,0.931996500003151,True
sub-09,145,2,45,1,12,20.0,11500,11560,11800,10.277778,-9.722222,9.722222,5.05454700009431,3,0.700660099973902,True
sub-09,146,2,46,2,300,20.0,22736,24236,30236,29.814815,9.814815,9.814815,10.0434412000468,2,0.500757600064389,True
sub-09,147,2,47,2,300,20.0,9381,10881,16881,31.388889,11.388889,11.388889,6.17306429997552,2,0.483544500079005,True
sub-09,148,2,48,2,300,60.0,2522,7022,10022,37.222222,-22.777778,22.777778,6.67363440000917,3,0.434129700064659,True
sub-09,149,2,49,2,300,40.0,20069,23069,27569,66.666667,26.666667,26.666667,8.9421656000195,2,0.4672150000697,True
sub-09,150,2,50,2,60,60.0,23865,24765,25365,62.962963,2.962963,2.962963,10.3934447000501,1,0.767261400003917,True
sub-09,151,2,51,2,300,20.0,18200,19700,25700,54.444444,34.444444,34.444444,18.0346997999586,2,0.433629199978895,True
sub-09,152,2,52,1,60,40.0,5494,6094,6994,50.555556,10.555556,10.555556,5.95579989999532,3,0.383928499999456,True
sub-09,153,2,53,2,300,40.0,10273,13273,17773,33.981481,-6.018519,6.018519,6.02292410004884,3,0.600313300034031,True
sub-09,154,2,54,2,300,20.0,16327,17827,23827,64.537037,44.537037,44.537037,4.88836700003594,2,2.51940839993767,True
sub-09,155,2,55,2,60,80.0,12596,13796,14096,61.296296,-18.703704,18.703704,4.7547101000091,3,0.950419200002215,True
sub-09,156,2,56,2,300,40.0,13557,16557,21057,23.518519,-16.481481,16.481481,12.1286162000615,3,0.884270900045521,True
sub-09,157,2,57,1,12,60.0,23864,24045,24165,47.962963,-12.037037,12.037037,9.8095342000015,1,0.801215899991802,True
sub-09,158,2,58,1,12,40.0,24250,24370,24550,28.425926,-11.574074,11.574074,5.47225919994525,2,0.767679899930954,True
sub-09,159,2,59,1,12,20.0,9950,10010,10250,38.055556,18.055556,18.055556,5.55574980005621,3,0.817292500054463,True
sub-09,160,2,60,2,300,20.0,13458,14958,20958,21.111111,1.111111,1.111111,7.10726449999492,3,1.00077249994501,True
sub-09,161,2,61,1,12,60.0,24250,24430,24550,70.925926,10.925926,10.925926,21.3714992000022,2,0.634055800037458,True
sub-09,162,2,62,1,60,40.0,6042,6642,7542,68.981481,28.981481,28.981481,8.20844690001104,2,0.583868100075051,True
sub-09,163,2,63,1,12,80.0,29300,29540,29600,77.037037,-2.962963,2.962963,3.63714530004654,3,0.884372900007292,True
sub-09,164,2,64,1,12,20.0,3739,3799,4039,75.740741,55.740741,55.740741,6.1899667000398,3,0.416612499975599,True
sub-09,165,2,65,1,12,20.0,23864,23925,24165,30.37037,10.37037,10.37037,3.9373854000587,3,0.53339519992005,True
sub-09,166,2,66,1,60,80.0,2714,3914,4214,78.703704,-1.296296,1.296296,9.86006779992021,4,0.383542099967598,True
sub-09,167,2,67,2,60,80.0,23865,25065,25365,75.925926,-4.074074,4.074074,5.23597889998927,3,0.433516799937933,True
sub-09,168,2,68,2,300,40.0,16072,19072,23572,52.685185,12.685185,12.685185,4.78855559998191,1,0.669747999985702,True
sub-09,169,2,69,1,60,80.0,5494,6694,6994,68.703704,-11.296296,11.296296,5.61996660009026,2,1.20108030003029,True
sub-09,170,2,70,2,300,80.0,14066,20066,21566,78.148148,-1.851852,1.851852,4.8379663999658,4,0.500262200017459,True
sub-09,171,2,71,1,12,80.0,16152,16392,16452,85.185185,5.185185,5.185185,5.30605260003358,4,0.483745099976658,True
sub-09,172,2,72,1,60,80.0,22148,23348,23648,46.111111,-33.888889,33.888889,3.92079359991475,1,0.400238099973648,True
sub-09,173,2,73,1,12,60.0,14329,14509,14629,72.5,12.5,12.5,3.4206493999809,3,0.967329000006429,True
sub-09,174,2,74,2,300,20.0,1638,3138,9138,32.314815,12.314815,12.314815,15.2983573999954,3,0.416706699994392,True
sub-09,175,2,75,2,300,60.0,14351,18851,21851,63.425926,3.425926,3.425926,6.48998569999821,3,0.36690390005242,True
sub-09,176,2,76,2,60,40.0,12596,13196,14096,70.092593,30.092593,30.092593,19.7196868000319,4,1.05069940001703,True
sub-09,177,2,77,2,300,20.0,19476,20976,26976,66.018519,46.018519,46.018519,5.12236080004368,2,0.416895500035025,True
sub-09,178,2,78,1,12,60.0,25820,26000,26120,20.555556,-39.444444,39.444444,5.639229399967,2,0.800614500069059,True
sub-09,179,2,79,1,12,20.0,21800,21860,22100,29.259259,9.259259,9.259259,9.66018570004962,2,0.500284100067801,True
sub-09,180,2,80,2,60,40.0,25895,26495,27395,54.444444,14.444444,14.444444,8.4415761999553,3,0.383611900033429,True
sub-09,181,2,81,1,12,20.0,2486,2546,2786,19.351852,-0.648148,0.648148,4.83779430005233,4,0.350377200054936,True
sub-09,182,2,82,2,300,80.0,21224,27224,28724,73.981481,-6.018519,6.018519,2.96956330002285,4,0.533161500003188,True
sub-09,183,2,83,1,12,60.0,17600,17780,17900,74.722222,14.722222,14.722222,2.73597539996262,3,0.667705799918621,True
sub-09,184,2,84,2,60,40.0,14390,14990,15890,42.5,2.5,2.5,5.10552989994175,3,0.984206199995242,True
sub-09,185,2,85,2,300,20.0,13557,15057,21057,33.425926,13.425926,13.425926,9.96036629995796,1,0.40046729997266,True
sub-09,186,2,86,1,12,20.0,13450,13510,13750,51.296296,31.296296,31.296296,3.20283149997703,2,0.51710160006769,True
sub-09,187,2,87,1,60,80.0,20386,21586,21886,49.166667,-30.833333,30.833333,6.2230979000451,3,0.483949499903246,True
sub-09,188,2,88,1,60,40.0,20386,20986,21886,70.277778,30.277778,30.277778,2.86906669999007,4,0.467067599995061,True
sub-09,189,2,89,1,60,60.0,1414,2314,2914,40.092593,-19.907407,19.907407,6.02271429996471,3,0.517363600083626,True
sub-09,190,2,90,1,12,40.0,4600,4720,4900,32.592593,-7.407407,7.407407,3.43651669996324,3,0.867556200013496,True
sub-09,191,2,91,2,300,40.0,11085,14085,18585,36.574074,-3.425926,3.425926,15.9327781000174,4,4.03673200006596,True
sub-09,192,2,92,1,12,80.0,9950,10190,10250,74.62963,-5.37037,5.37037,5.87277510005515,3,2.40226909995544,True
sub-09,193,2,93,2,60,60.0,11369,12269,12869,33.333333,-26.666667,26.666667,13.8476188000058,1,0.367327700019814,True
sub-09,194,2,94,1,12,80.0,21273,21513,21573,87.962963,7.962963,7.962963,2.60273209994193,4,0.366564599913544,True
sub-09,195,2,95,2,300,60.0,21224,25724,28724,45.0,-15.0,15.0,5.40554900001734,3,0.95042539993301,True
sub-09,196,2,96,1,12,40.0,10400,10520,10700,36.574074,-3.425926,3.425926,7.97429429995827,3,0.400284499977715,True
sub-09,197,2,97,2,300,40.0,11153,14153,18653,35.648148,-4.351852,4.351852,8.00863370008301,4,0.386135499924421,True
sub-09,198,2,98,2,60,80.0,10035,11235,11535,39.444444,-40.555556,40.555556,7.67512810009066,3,0.333444899995811,True
sub-09,199,2,99,2,60,60.0,12596,13496,14096,66.388889,6.388889,6.388889,7.97243869991507,2,0.416773000033572,True
sub-09,200,2,100,1,12,40.0,3739,3859,4039,24.722222,-15.277778,15.277778,3.95382749999407,3,0.417167800012975,True
sub-09,201,3,1,2,60,80.0,28296,29496,29796,64.351852,-15.648148,15.648148,16.7231142000528,2,0.966783599928021,True
sub-09,202,3,2,1,12,60.0,21273,21453,21573,19.537037,-40.462963,40.462963,5.93940849998034,4,0.633413099916651,True
sub-09,203,3,3,1,12,20.0,27281,27341,27581,43.055556,23.055556,23.055556,14.0632887000683,2,0.769616200006566,True
sub-09,204,3,4,1,12,20.0,24250,24310,24550,29.814815,9.814815,9.814815,3.80443230003584,3,0.383854000014252,True
sub-09,205,3,5,1,12,80.0,26328,26568,26628,79.907407,-0.092593,0.092593,3.18751660000998,4,0.533862199983559,True
sub-09,206,3,6,2,300,40.0,12645,15645,20145,58.703704,18.703704,18.703704,23.7411030000075,1,0.517407099949196,True
sub-09,207,3,7,2,300,40.0,7365,10365,14865,30.185185,-9.814815,9.814815,8.48966890003066,3,0.500296899932436,True
sub-09,208,3,8,2,60,40.0,25202,25802,26702,77.962963,37.962963,37.962963,3.08678849996067,3,0.750419400050304,True
sub-09,209,3,9,1,12,40.0,15162,15282,15462,78.611111,38.611111,38.611111,9.10964470007456,3,0.567118200007826,True
sub-09,210,3,10,1,12,40.0,15586,15706,15886,18.240741,-21.759259,21.759259,3.66999269998632,4,0.366984899970702,True
sub-09,211,3,11,1,12,80.0,6414,6654,6714,87.314815,7.314815,7.314815,3.58674890000838,4,0.533877599984407,True
sub-09,212,3,12,2,300,80.0,13458,19458,20958,58.611111,-21.388889,21.388889,8.84232220007106,1,0.600527800037525,True
sub-09,213,3,13,1,12,40.0,9950,10070,10250,56.481481,16.481481,16.481481,8.6585651000496,2,0.550480899983085,True
sub-09,214,3,14,2,60,80.0,21629,22829,23129,91.111111,11.111111,11.111111,29.8128618000773,4,0.550646099960431,True
sub-09,215,3,15,2,60,20.0,9187,9487,10687,23.333333,3.333333,3.333333,5.44132409989833,4,0.884411700069904,True
sub-09,216,3,16,2,300,80.0,11085,17085,18585,74.444444,-5.555556,5.555556,6.62400599999818,3,0.550707099959254,True
sub-09,217,3,17,1,12,80.0,2486,2726,2786,72.407407,-7.592593,7.592593,4.00165330001618,3,0.467147700022906,True
sub-09,218,3,18,1,12,80.0,23864,24105,24165,52.037037,-27.962963,27.962963,7.456816000049,1,0.366826600045897,True
sub-09,219,3,19,2,60,20.0,19722,20022,21222,30.462963,10.462963,10.462963,3.00299879990052,4,0.533758700010366,True
sub-09,220,3,20,2,300,20.0,11085,12585,18585,41.111111,21.111111,21.111111,7.32393610000144,2,0.450370599981397,True
sub-09,221,3,21,2,300,60.0,12645,17145,20145,25.833333,-34.166667,34.166667,13.7137589000631,4,0.367370599997229,True
sub-09,222,3,22,1,12,40.0,21800,21920,22100,26.759259,-13.240741,13.240741,10.9444748999085,3,0.383570299949497,True
sub-09,223,3,23,2,300,20.0,14351,15851,21851,33.425926,13.425926,13.425926,6.62628109997604,4,0.350516100064851,True
sub-09,224,3,24,2,60,40.0,23865,24465,25365,67.87037,27.87037,27.87037,11.2286369999637,3,0.567203099955804,True
sub-09,225,3,25,1,12,80.0,13450,13690,13750,84.351852,4.351852,4.351852,9.97449469997081,4,3.97087259998079,True
sub-09,226,3,26,2,60,40.0,10035,10635,11535,50.37037,10.37037,10.37037,33.7672335000243,1,0.516966999974101,True
sub-09,227,3,27,2,300,40.0,21224,24224,28724,54.537037,14.537037,14.537037,5.20548540004529,2,0.466899899998679,True
sub-09,228,3,28,2,60,60.0,9187,10087,10687,70.925926,10.925926,10.925926,8.05788189999293,3,0.400150400004349,True
sub-09,229,3,29,1,12,60.0,2393,2573,2693,62.407407,2.407407,2.407407,4.78865070000756,4,0.500320799998007,True
sub-09,230,3,30,2,300,60.0,11085,15585,18585,66.759259,6.759259,6.759259,12.5456505001056,2,1.30178300000261,True
sub-09,231,3,31,2,300,60.0,16327,20827,23827,65.185185,5.185185,5.185185,13.5802094999235,3,0.367104099947027,True
sub-09,232,3,32,1,12,80.0,10400,10640,10700,41.203704,-38.796296,38.796296,9.40919019991997,2,0.399932200089097,True
sub-09,233,3,33,1,12,20.0,26328,26388,26628,70.185185,50.185185,50.185185,7.92429560003802,3,0.383019399945624,True
sub-09,234,3,34,1,12,20.0,1602,1662,1902,45.092593,25.092593,25.092593,19.803406800027,2,0.349889299948699,True
sub-09,235,3,35,2,60,40.0,19722,20322,21222,77.87037,37.87037,37.87037,4.38762309995945,4,0.38340920000337,True
sub-09,236,3,36,2,300,80.0,9381,15381,16881,69.537037,-10.462963,10.462963,5.13877389999106,2,0.550371799967251,True
sub-09,237,3,37,2,300,80.0,19988,25988,27488,65.277778,-14.722222,14.722222,3.26967860001605,3,0.400365800014697,True
sub-09,238,3,38,1,12,20.0,17600,17660,17900,46.851852,26.851852,26.851852,6.57348230003844,2,1.28446560003794,True
sub-09,239,3,39,1,12,40.0,11500,11620,11800,64.351852,24.351852,24.351852,8.85900100006256,3,0.500178800080902,True
sub-09,240,3,40,1,12,20.0,4600,4660,4900,31.481481,11.481481,11.481481,4.45440159994177,3,0.53369329997804,True
sub-09,241,3,41,2,300,80.0,2522,8522,10022,38.888889,-41.111111,41.111111,6.3564902000362,3,0.400504200020805,True
sub-09,242,3,42,2,300,60.0,14066,18566,21566,58.703704,-1.296296,1.296296,5.28887910000048,3,0.467792299925349,True
sub-09,243,3,43,2,300,40.0,9381,12381,16881,45.277778,5.277778,5.277778,11.3781720000552,1,0.400531699997372,True
sub-09,244,3,44,1,12,20.0,16152,16212,16452,31.296296,11.296296,11.296296,2.55263600009493,4,0.367086700047366,True
sub-09,245,3,45,1,12,80.0,1602,1842,1902,82.407407,2.407407,2.407407,3.07012950000353,4,0.350109199993312,True
sub-09,246,3,46,2,300,20.0,10273,11773,17773,40.185185,20.185185,20.185185,11.8117869000416,4,0.883946900023147,True
sub-09,247,3,47,2,300,20.0,14066,15566,21566,31.759259,11.759259,11.759259,4.40453109994996,3,0.567137800040654,True
sub-09,248,3,48,2,300,20.0,2522,4022,10022,38.333333,18.333333,18.333333,5.30537369998637,3,0.417423899983987,True
sub-09,249,3,49,1,60,80.0,13176,14376,14676,77.962963,-2.037037,2.037037,6.937820799998,2,0.884304899955168,True
sub-09,250,3,50,1,12,40.0,24970,25090,25270,75.185185,35.185185,35.185185,2.20191339997109,4,0.350405400036834,True
sub-09,251,3,51,2,300,60.0,17351,21851,24851,69.351852,9.351852,9.351852,5.40553290001116,3,0.633707999950274,True
sub-09,252,3,52,1,12,60.0,27281,27461,27581,74.537037,14.537037,14.537037,2.90264300000853,4,0.433674200088717,True
sub-09,253,3,53,1,12,60.0,16152,16332,16452,34.62963,-25.37037,25.37037,3.85395040002185,3,0.433587400009855,True
sub-09,254,3,54,1,60,40.0,15628,16228,17128,35.277778,-4.722222,4.722222,6.38987970002926,4,0.467266999999992,True
sub-09,255,3,55,1,12,60.0,26328,26508,26628,61.203704,1.203704,1.203704,4.00381609995383,4,0.550273200031369,True
sub-09,256,3,56,2,300,20.0,1960,3460,9460,31.111111,11.111111,11.111111,3.68753850006032,3,0.36699409992434,True
sub-09,257,3,57,1,12,80.0,4600,4840,4900,71.944444,-8.055556,8.055556,6.30649640003684,3,0.600061099976301,True
sub-09,258,3,58,2,300,60.0,19988,24488,27488,60.0,0.0,0.0,7.75802139996085,2,0.350476499996148,True
sub-09,259,3,59,2,300,60.0,19476,23976,26976,61.944444,1.944444,1.944444,12.2624270999804,2,0.71726960001979,True
sub-09,260,3,60,2,60,80.0,25202,26402,26702,62.037037,-17.962963,17.962963,4.37109230004716,4,0.467243400053121,True
sub-09,261,3,61,1,60,60.0,2714,3614,4214,72.592593,12.592593,12.592593,20.7036893999902,3,0.600609399960376,True
sub-09,262,3,62,2,300,40.0,1638,4638,9138,41.481481,1.481481,1.481481,4.17084230005275,3,0.384101299918256,True
sub-09,263,3,63,1,12,60.0,6414,6594,6714,31.018519,-28.981481,28.981481,3.45349089999217,3,0.384138000081293,True
sub-09,264,3,64,1,12,60.0,2486,2666,2786,77.407407,17.407407,17.407407,14.0139894000021,4,0.366557099972851,True
sub-09,265,3,65,2,300,60.0,10518,15018,18018,40.740741,-19.259259,19.259259,11.6114366999827,1,0.383619799977168,True
sub-09,266,3,66,1,12,40.0,6414,6534,6714,23.425926,-16.574074,16.574074,2.66934749996289,4,0.800502999918535,True
sub-09,267,3,67,2,300,80.0,22736,28736,30236,34.814815,-45.185185,45.185185,6.67318030004389,3,0.584059300017543,True
sub-09,268,3,68,1,12,60.0,21800,21980,22100,42.777778,-17.222222,17.222222,11.2112300000153,2,1.25118130003102,True
sub-09,269,3,69,2,60,20.0,28296,28596,29796,23.703704,3.703704,3.703704,8.29208150005433,4,0.600494200014509,True
sub-09,270,3,70,2,300,40.0,14066,17066,21566,33.981481,-6.018519,6.018519,3.82035840000025,4,0.667146199964918,True
sub-09,271,3,71,1,60,20.0,2714,3014,4214,42.962963,22.962963,22.962963,4.07027480006218,3,1.08438570005819,True
sub-09,272,3,72,1,60,40.0,1414,2014,2914,35.648148,-4.351852,4.351852,3.82048769993707,4,0.683825999964028,True
sub-09,273,3,73,1,60,20.0,6042,6342,7542,28.240741,8.240741,8.240741,6.49015349999535,2,0.500488199992105,True
sub-09,274,3,74,1,60,60.0,5494,6394,6994,59.722222,-0.277778,0.277778,13.0963736999547,2,0.416806199937127,True
sub-09,275,3,75,1,12,20.0,12500,12560,12800,28.425926,8.425926,8.425926,3.23671470000408,3,0.483551600016653,True
sub-09,276,3,76,1,12,80.0,14329,14569,14629,76.018519,-3.981481,3.981481,3.33691180008463,3,0.600520999985747,True
sub-09,277,3,77,1,12,40.0,2393,2513,2693,32.685185,-7.314815,7.314815,19.9366754000075,3,0.43368139991071,True
sub-09,278,3,78,1,12,60.0,13450,13630,13750,67.314815,7.314815,7.314815,3.63713819999247,2,0.46675999998115,True
sub-09,279,3,79,2,300,60.0,13557,18057,21057,73.333333,13.333333,13.333333,3.16981889994349,4,4.037200700026,True
sub-09,280,3,80,2,60,60.0,19722,20622,21222,69.814815,9.814815,9.814815,3.10315759992226,3,0.400317199993878,True
sub-09,281,3,81,2,60,80.0,3650,4850,5150,74.166667,-5.833333,5.833333,5.98964030004572,3,0.41723240003921,True
sub-09,282,3,82,1,12,20.0,10400,10460,10700,19.537037,-0.462963,0.462963,3.53735240001697,4,0.483685299986973,True
sub-09,283,3,83,2,300,60.0,1638,6138,9138,54.444444,-5.555556,5.555556,2.6027031999547,3,0.483849299955181,True
sub-09,284,3,84,1,60,40.0,13942,14542,15442,36.018519,-3.981481,3.981481,4.48795089998748,2,0.433948999969288,True
sub-09,285,3,85,2,60,20.0,14390,14690,15890,28.333333,8.333333,8.333333,3.38653060002252,4,0.800366299925372,True
sub-09,286,3,86,1,12,20.0,2393,2453,2693,53.981481,33.981481,33.981481,3.65392980002798,2,0.333619000040926,True
sub-09,287,3,87,1,12,20.0,15586,15646,15886,33.240741,13.240741,13.240741,3.03641239996068,3,0.416664600023068,True
sub-09,288,3,88,1,12,40.0,21273,21393,21573,23.703704,-16.296296,16.296296,2.58655520004685,4,0.500498199951835,True
sub-09,289,3,89,2,300,20.0,5739,7239,13239,35.555556,15.555556,15.555556,2.85281529999338,4,0.350004100007936,True
sub-09,290,3,90,2,60,60.0,17621,18521,19121,55.740741,-4.259259,4.259259,22.9893618000205,1,0.400140599929727,True
sub-09,291,3,91,1,12,40.0,12500,12620,12800,28.055556,-11.944444,11.944444,2.96948179998435,3,0.600393799948506,True
sub-09,292,3,92,1,12,20.0,25820,25880,26120,22.12963,2.12963,2.12963,3.70367149997036,3,1.00057599996216,True
sub-09,293,3,93,2,300,80.0,10273,16273,17773,46.851852,-33.148148,33.148148,3.88728190003894,2,0.483983400044962,True
sub-09,294,3,94,2,60,40.0,17621,18221,19121,45.277778,5.277778,5.277778,6.03944199997931,1,0.383895900100469,True
sub-09,295,3,95,2,60,60.0,16451,17351,17951,67.407407,7.407407,7.407407,6.47326260001864,2,0.850809199968352,True
sub-09,296,3,96,2,300,80.0,16327,22327,23827,63.425926,-16.574074,16.574074,7.54420609993394,3,0.633908499963581,True
sub-09,297,3,97,2,60,20.0,16451,16751,17951,30.648148,10.648148,10.648148,18.532921200036,2,0.667246299912221,True
sub-09,298,3,98,2,300,20.0,21224,22724,28724,35.555556,15.555556,15.555556,2.93624990002717,2,0.416819700039923,True
sub-09,299,3,99,1,12,80.0,3739,3979,4039,79.351852,-0.648148,0.648148,2.03558419994078,4,0.383693899959325,True
sub-09,300,3,100,2,60,20.0,25895,26195,27395,30.648148,10.648148,10.648148,6.52295770007185,2,0.533272599917836,True
sub-10,1,1,1,1,60,60.0,1414,2314,2914,67.222222,7.222222,7.222222,8.23185639991425,3,1.56782760005444,True
sub-10,2,1,2,1,12,40.0,16152,16272,16452,53.888889,13.888889,13.888889,8.8251062000636,3,1.28484360000584,True
sub-10,3,1,3,1,12,80.0,15162,15402,15462,80.462963,0.462963,0.462963,9.97712349996436,2,1.51836640003602,True
sub-10,4,1,4,2,60,20.0,28296,28596,29796,19.907407,-0.092593,0.092593,21.0870312999468,3,1.30140170000959,True
sub-10,5,1,5,2,300,40.0,11153,14153,18653,33.703704,-6.296296,6.296296,19.2388930999441,3,0.0501129999756813,True
sub-10,6,1,6,1,12,60.0,21273,21453,21573,31.851852,-28.148148,28.148148,9.30682159995194,4,2.68617180001456,True
sub-10,7,1,7,1,60,20.0,5494,5794,6994,37.314815,17.314815,17.314815,13.7803825000301,3,1.48492690001148,True
sub-10,8,1,8,2,300,40.0,10273,13273,17773,49.722222,9.722222,9.722222,19.8029877999797,2,1.11791349994018,True
sub-10,9,1,9,2,300,60.0,16072,20572,23572,54.074074,-5.925926,5.925926,14.7648714999668,1,0.717090800055302,True
sub-10,10,1,10,2,300,80.0,11085,17085,18585,45.555556,-34.444444,34.444444,22.9393295999616,1,0.55020030005835,True
sub-10,11,1,11,2,60,40.0,9187,9787,10687,61.759259,21.759259,21.759259,13.2468868000432,2,0.684393499977886,True
sub-10,12,1,12,1,12,80.0,6414,6654,6714,76.018519,-3.981481,3.981481,7.32379920000676,3,0.667281000060029,True
sub-10,13,1,13,2,300,60.0,12645,17145,20145,37.222222,-22.777778,22.777778,16.0830891999648,2,0.633708100067451,True
sub-10,14,1,14,1,12,40.0,24250,24370,24550,66.851852,26.851852,26.851852,6.69014439999591,3,0.7339925999986,True
sub-10,15,1,15,1,12,60.0,15162,15342,15462,50.648148,-9.351852,9.351852,11.5110572000266,3,1.18482140009291,True
sub-10,16,1,16,1,60,20.0,13942,14242,15442,23.518519,3.518519,3.518519,7.0618823999539,3,0.533909699996002,True
sub-10,17,1,17,1,12,80.0,23864,24104,24164,36.018519,-43.981481,43.981481,23.6411126999882,1,0.80074659991078,True
sub-10,18,1,18,2,300,20.0,14066,15566,21566,55.740741,35.740741,35.740741,12.9963915999978,2,1.36822529998607,True
sub-10,19,1,19,1,12,40.0,15162,15282,15462,50.185185,10.185185,10.185185,13.446991499979,3,0.500505000003613,True
sub-10,20,1,20,2,60,60.0,21629,22529,23129,73.055556,13.055556,13.055556,16.9167169999564,3,0.567057400010526,True
sub-10,21,1,21,1,12,80.0,12500,12740,12800,52.962963,-27.037037,27.037037,17.4708267000969,2,0.0670239999890327,True
sub-10,22,1,22,1,12,40.0,6414,6534,6714,10.740741,-29.259259,29.259259,12.3264777000295,4,1.40142909996211,True
sub-10,23,1,23,2,60,20.0,12596,12896,14096,16.388889,-3.611111,3.611111,11.9784898998914,3,0.466710999957285,True
sub-10,24,1,24,2,60,40.0,21629,22229,23129,15.277778,-24.722222,24.722222,10.4633392000105,3,0.566950100008398,True
sub-10,25,1,25,2,300,80.0,13458,19458,20958,65.925926,-14.074074,14.074074,21.5026300000026,3,0.633746900013648,True
sub-10,26,1,26,1,12,60.0,6414,6594,6714,72.222222,12.222222,12.222222,10.8439741999609,4,1.20113120006863,True
sub-10,27,1,27,1,60,80.0,13176,14376,14676,68.888889,-11.111111,11.111111,29.4827864000108,3,0.751015900052152,True
sub-10,28,1,28,1,12,20.0,11500,11560,11800,34.351852,14.351852,14.351852,25.6902403000276,3,1.95205309998709,True
sub-10,29,1,29,2,300,80.0,1960,7960,9460,75.277778,-4.722222,4.722222,9.3296480999561,3,0.751028099912218,True
sub-10,30,1,30,1,60,40.0,22148,22748,23648,59.907407,19.907407,19.907407,11.0756693999283,2,0.583747300086543,True
sub-10,31,1,31,2,300,80.0,17351,23351,24851,40.37037,-39.62963,39.62963,13.012961700093,1,0.733866699971258,True
sub-10,32,1,32,2,60,60.0,19722,20622,21222,48.148148,-11.851852,11.851852,6.85679620003793,3,2.36892130004707,True
sub-10,33,1,33,2,300,80.0,10273,16273,17773,37.407407,-42.592593,42.592593,17.033766400069,2,1.86842960002832,True
sub-10,34,1,34,1,60,80.0,4556,5756,6056,39.259259,-40.740741,40.740741,10.7109667999902,3,0.467447699978947,True
sub-10,35,1,35,2,60,60.0,16451,17351,17951,51.759259,-8.240741,8.240741,22.6591288000345,2,0.583863099920563,True
sub-10,36,1,36,1,12,20.0,13450,13510,13750,48.240741,28.240741,28.240741,12.5432615999598,3,1.88758920005057,True
sub-10,37,1,37,2,60,20.0,14390,14690,15890,48.703704,28.703704,28.703704,14.6791365999961,3,0.767782900016754,True
sub-10,38,1,38,1,12,20.0,14329,14389,14629,25.092593,5.092593,5.092593,27.7608554000034,3,0.500650899950414,True
sub-10,39,1,39,2,300,40.0,2522,5522,10022,54.351852,14.351852,14.351852,19.4360427999636,2,5.48866549995727,True
sub-10,40,1,40,2,300,60.0,21224,25724,28724,34.814815,-25.185185,25.185185,29.4321899000788,2,1.83510989998467,True
sub-10,41,1,41,2,60,80.0,25895,27095,27395,50.0,-30.0,30.0,20.735125600011,3,1.46827979991212,True
sub-10,42,1,42,1,60,60.0,20386,21286,21886,47.222222,-12.777778,12.777778,33.8371651000343,2,0.650999299949035,True
sub-10,43,1,43,2,300,80.0,13557,19557,21057,62.685185,-17.314815,17.314815,29.5937199000036,2,0.733230000012554,True
sub-10,44,1,44,2,60,60.0,14390,15290,15890,70.740741,10.740741,10.740741,15.5157885000808,3,0.566908699925988,True
sub-10,45,1,45,1,12,20.0,12500,12560,12800,52.685185,32.685185,32.685185,7.77470399998128,3,0.467141299974173,True
sub-10,46,1,46,2,60,60.0,3650,4550,5150,49.907407,-10.092593,10.092593,27.4270184000488,3,0.550020899972878,True
sub-10,47,1,47,2,300,60.0,22736,27236,30236,38.703704,-21.296296,21.296296,29.8798621000023,3,0.733725200057961,True
sub-10,48,1,48,2,300,40.0,13458,16458,20958,32.685185,-7.314815,7.314815,11.76179150003,2,0.517273299978114,True
sub-10,49,1,49,2,300,80.0,12645,18645,20145,75.37037,-4.62963,4.62963,59.1288175000809,2,0.48372720007319,True
sub-10,50,1,50,2,300,40.0,17351,20351,24851,43.981481,3.981481,3.981481,10.3437122000614,1,0.534372499911114,True
sub-10,51,1,51,2,300,20.0,10518,12018,18018,47.962963,27.962963,27.962963,12.4629211999708,1,0.734269600012339,True
sub-10,52,1,52,2,300,60.0,20069,24569,27569,53.981481,-6.018519,6.018519,16.8673185000661,1,0.533667500014416,True
sub-10,53,1,53,1,12,40.0,23864,23984,24164,36.574074,-3.425926,3.425926,4.32131699996534,1,0.500417199917137,True
sub-10,54,1,54,1,12,60.0,9950,10130,10250,35.462963,-24.537037,24.537037,8.54192730004433,2,0.434230500017292,True
sub-10,55,1,55,1,12,80.0,21800,22040,22100,87.592593,7.592593,7.592593,18.7689133000094,2,0.600606799940578,True
sub-10,56,1,56,1,12,20.0,1602,1662,1902,19.62963,-0.37037,0.37037,14.4649212999502,3,0.633997999946586,True
sub-10,57,1,57,1,12,20.0,2393,2453,2693,68.703704,48.703704,48.703704,8.80904179997742,2,2.30248259997461,True
sub-10,58,1,58,1,12,80.0,25820,26060,26120,33.888889,-46.111111,46.111111,4.03740469994954,1,0.584117799997329,True
sub-10,59,1,59,2,300,20.0,16327,17827,23827,43.425926,23.425926,23.425926,11.4113075999775,2,1.58484929997939,True
sub-10,60,1,60,1,12,60.0,26328,26508,26628,87.962963,27.962963,27.962963,15.6492239000508,3,0.617476199986413,True
sub-10,61,1,61,1,12,60.0,27281,27461,27581,62.5,2.5,2.5,17.1174161999952,2,0.483363599982112,True
sub-10,62,1,62,1,12,20.0,24250,24310,24550,47.314815,27.314815,27.314815,19.386099299998,2,0.550459300051443,True
sub-10,63,1,63,2,300,20.0,22736,24236,30236,38.055556,18.055556,18.055556,20.3706567999906,2,0.617054300033487,True
sub-10,64,1,64,1,60,60.0,26923,27823,28423,65.277778,5.277778,5.277778,7.89148620003834,3,0.367090000072494,True
sub-10,65,1,65,2,300,20.0,2522,4022,10022,59.074074,39.074074,39.074074,11.0780657000141,2,0.583683299948461,True
sub-10,66,1,66,2,300,80.0,9381,15381,16881,55.648148,-24.351852,24.351852,16.2662966999923,2,0.667127600056119,True
sub-10,67,1,67,1,60,40.0,1414,2014,2914,49.537037,9.537037,9.537037,13.1833311000373,3,0.416697500040754,True
sub-10,68,1,68,2,300,60.0,17351,21851,24851,68.333333,8.333333,8.333333,20.8556441999971,2,1.11733819998335,True
sub-10,69,1,69,2,300,80.0,16072,22072,23572,66.944444,-13.055556,13.055556,6.00641449994873,2,1.38491839997004,True
sub-10,70,1,70,2,300,20.0,1638,3138,9138,55.185185,35.185185,35.185185,11.0442466000095,2,0.750390299945138,True
sub-10,71,1,71,1,60,20.0,6042,6342,7542,9.074074,-10.925926,10.925926,12.8962211000034,2,0.850575200049206,True
sub-10,72,1,72,2,60,60.0,28296,29196,29796,35.833333,-24.166667,24.166667,11.1945840000407,1,1.46881600003689,True
sub-10,73,1,73,2,300,60.0,10273,14773,17773,55.185185,-4.814815,4.814815,16.850411200081,2,3.76961730001494,True
sub-10,74,1,74,1,12,40.0,2393,2513,2693,50.37037,10.37037,10.37037,16.9667857000604,3,0.550477499957196,True
sub-10,75,1,75,2,300,20.0,19988,21488,27488,24.722222,4.722222,4.722222,18.9186232000356,3,0.567176899989135,True
sub-10,76,1,76,1,12,60.0,29300,29480,29600,49.166667,-10.833333,10.833333,10.2438133000396,3,0.383635699981823,True
sub-10,77,1,77,2,300,80.0,21224,27224,28724,68.703704,-11.296296,11.296296,10.2104968000203,3,0.834247500053606,True
sub-10,78,1,78,1,12,40.0,27281,27401,27581,66.481481,26.481481,26.481481,29.9661970000015,1,0.75130669993814,True
sub-10,79,1,79,1,60,40.0,5494,6094,6994,48.425926,8.425926,8.425926,8.4059984999476,3,0.751219300087541,True
sub-10,80,1,80,2,60,40.0,16451,17051,17951,69.259259,29.259259,29.259259,13.8806177000515,3,1.60165049997158,True
sub-10,81,1,81,2,300,20.0,17351,18851,24851,46.296296,26.296296,26.296296,21.074397600023,2,1.83529040007852,True
sub-10,82,1,82,2,60,40.0,17621,18221,19121,42.962963,2.962963,2.962963,15.9804477000143,1,0.750731499982066,True
sub-10,83,1,83,2,300,60.0,5739,10239,13239,39.166667,-20.833333,20.833333,18.8051656000316,2,0.667312199948355,True
sub-10,84,1,84,2,300,40.0,1638,4638,9138,53.333333,13.333333,13.333333,28.6760442999657,3,0.517278499901294,True
sub-10,85,1,85,1,12,60.0,24970,25150,25270,79.166667,19.166667,19.166667,15.7986362000228,3,0.550622100010514,True
sub-10,86,1,86,2,300,60.0,11085,15585,18585,57.222222,-2.777778,2.777778,29.07917729998,1,1.55158400000073,True
sub-10,87,1,87,2,60,60.0,23865,24765,25365,59.722222,-0.277778,0.277778,10.6942517000716,1,0.416639999952167,True
sub-10,88,1,88,2,300,60.0,19476,23976,26976,30.925926,-29.074074,29.074074,12.9130491999676,2,0.667403399944305,True
sub-10,89,1,89,1,12,60.0,2393,2573,2693,51.944444,-8.055556,8.055556,6.43989999999757,3,0.816858800011687,True
sub-10,90,1,90,1,60,80.0,2714,3914,4214,86.851852,6.851852,6.851852,16.2328188000246,3,0.516461099963635,True
sub-10,91,1,91,2,300,20.0,14351,15851,21851,33.333333,13.333333,13.333333,17.1339764000149,2,0.417533200001344,True
sub-10,92,1,92,2,300,80.0,11153,17153,18653,66.666667,-13.333333,13.333333,6.30943659995682,2,0.584086499991826,True
sub-10,93,1,93,1,12,80.0,29300,29540,29600,50.740741,-29.259259,29.259259,7.82514679990708,3,0.533978800056502,True
sub-10,94,1,94,1,12,20.0,2486,2546,2786,38.333333,18.333333,18.333333,10.4578983000246,3,1.00096249999478,True
sub-10,95,1,95,2,60,80.0,17621,18821,19121,65.555556,-14.444444,14.444444,18.2378536000615,2,0.434098199941217,True
sub-10,96,1,96,1,60,40.0,20386,20986,21886,59.722222,19.722222,19.722222,10.2941544000059,3,0.516984399990178,True
sub-10,97,1,97,1,12,40.0,13450,13570,13750,51.666667,11.666667,11.666667,6.15362599992658,3,0.800869899918325,True
sub-10,98,1,98,1,60,80.0,20386,21586,21886,77.222222,-2.777778,2.777778,12.3790218000067,3,0.483689400018192,True
sub-10,99,1,99,1,60,20.0,20386,20686,21886,32.5,12.5,12.5,9.64618650008924,3,0.802005899953655,True
sub-10,100,1,100,2,60,40.0,25895,26495,27395,12.314815,-27.685185,27.685185,16.6863614000612,3,0.466856600018218,True
sub-10,101,2,1,1,60,80.0,22148,23348,23648,66.481481,-13.518519,13.518519,15.3831928999861,3,1.1016101000132,True
sub-10,102,2,2,2,300,40.0,9381,12381,16881,63.425926,23.425926,23.425926,12.6961144000524,1,0.583569700014777,True
sub-10,103,2,3,1,60,40.0,15628,16228,17128,50.277778,10.277778,10.277778,15.0677997000748,1,0.58395959995687,True
sub-10,104,2,4,1,12,80.0,13450,13690,13750,79.907407,-0.092593,0.092593,5.28931600006762,3,0.500919300015084,True
sub-10,105,2,5,1,12,20.0,21800,21860,22100,48.518519,28.518519,28.518519,7.12485509994439,3,0.667417999939061,True
sub-10,106,2,6,2,60,80.0,10035,11235,11535,59.166667,-20.833333,20.833333,9.04034229996614,2,0.817323099938221,True
sub-10,107,2,7,1,12,60.0,2486,2666,2786,49.259259,-10.740741,10.740741,8.3585225000279,3,0.450214699958451,True
sub-10,108,2,8,1,12,80.0,4600,4840,4900,52.777778,-27.222222,27.222222,7.65748769999481,3,1.01758919993881,True
sub-10,109,2,9,2,300,60.0,14066,18566,21566,50.833333,-9.166667,9.166667,33.2527681000065,2,0.482936199987307,True
sub-10,110,2,10,2,60,20.0,23865,24165,25365,46.296296,26.296296,26.296296,5.50293570000212,1,0.450530900037847,True
sub-10,111,2,11,2,300,20.0,16072,17572,23572,12.685185,-7.314815,7.314815,11.9786086999811,3,0.66718570003286,True
sub-10,112,2,12,1,12,80.0,3739,3979,4039,73.703704,-6.296296,6.296296,8.75878179993014,3,0.750968000036664,True
sub-10,113,2,13,1,12,20.0,9950,10010,10250,54.444444,34.444444,34.444444,19.2191360000288,3,0.867183099966496,True
sub-10,114,2,14,1,60,20.0,2714,3014,4214,28.888889,8.888889,8.888889,6.27264430001378,3,0.550877199973911,True
sub-10,115,2,15,1,60,40.0,6042,6642,7542,45.185185,5.185185,5.185185,14.8484634999185,3,0.383561700000427,True
sub-10,116,2,16,1,12,60.0,17600,17780,17900,77.12963,17.12963,17.12963,7.89121499995235,3,0.36701130005531,True
sub-10,117,2,17,1,12,20.0,16152,16212,16452,9.62963,-10.37037,10.37037,10.3602630000095,3,0.500511100050061,True
sub-10,118,2,18,2,300,80.0,19476,25476,26976,83.055556,3.055556,3.055556,12.8488684000913,3,0.399555500014685,True
sub-10,119,2,19,1,12,20.0,24970,25030,25270,46.296296,26.296296,26.296296,13.8309934000717,3,0.500543000060133,True
sub-10,120,2,20,2,60,80.0,12596,13796,14096,51.944444,-28.055556,28.055556,8.40944710001349,3,0.416879999917,True
sub-10,121,2,21,2,300,40.0,18200,21200,25700,52.12963,12.12963,12.12963,30.444587899954,1,0.600579399964772,True
sub-10,122,2,22,1,12,80.0,27281,27521,27581,93.148148,13.148148,13.148148,10.9946773999836,3,1.35111859999597,True
sub-10,123,2,23,2,60,60.0,25202,26102,26702,48.240741,-11.759259,11.759259,6.55718020000495,3,0.417058099992573,True
sub-10,124,2,24,1,60,40.0,2714,3314,4214,74.259259,34.259259,34.259259,5.90578449994791,3,0.867555599892512,True
sub-10,125,2,25,2,300,20.0,7365,8865,14865,13.703704,-6.296296,6.296296,37.0239112999988,3,0.683973600040189,True
sub-10,126,2,26,1,60,20.0,4556,4856,6056,20.648148,0.648148,0.648148,6.67302830005064,3,0.517003400018438,True
sub-10,127,2,27,2,60,80.0,28296,29496,29796,74.722222,-5.277778,5.277778,9.29543950001243,3,0.800664699985645,True
sub-10,128,2,28,2,300,80.0,22736,28736,30236,67.037037,-12.962963,12.962963,8.75631699990481,3,0.483737700036726,True
sub-10,129,2,29,2,300,60.0,16327,20827,23827,66.388889,6.388889,6.388889,8.49220879992935,2,0.400290200021117,True
sub-10,130,2,30,2,300,60.0,2522,7022,10022,50.462963,-9.537037,9.537037,8.05838810000568,2,0.817326999967917,True
sub-10,131,2,31,1,60,60.0,13176,14076,14676,54.537037,-5.462963,5.462963,4.02072260004933,3,0.634302800055593,True
sub-10,132,2,32,1,60,40.0,4556,5156,6056,49.814815,9.814815,9.814815,7.20714249997399,3,2.33599719998892,True
sub-10,133,2,33,2,60,60.0,9187,10087,10687,53.981481,-6.018519,6.018519,9.49332780006807,1,0.383328099967911,True
sub-10,134,2,34,1,12,60.0,1602,1782,1902,73.888889,13.888889,13.888889,5.83909689995925,3,0.767483999952673,True
sub-10,135,2,35,2,60,40.0,10035,10635,11535,66.481481,26.481481,26.481481,9.62696439994033,1,0.367318699951283,True
sub-10,136,2,36,2,60,20.0,25895,26195,27395,50.648148,30.648148,30.648148,6.13948200002778,2,0.450742700020782,True
sub-10,137,2,37,2,60,80.0,3650,4850,5150,67.037037,-12.962963,12.962963,6.37316469999495,3,0.900885699898935,True
sub-10,138,2,38,2,300,40.0,19988,22988,27488,69.722222,29.722222,29.722222,9.21221060003154,3,0.45075080008246,True
sub-10,139,2,39,2,300,40.0,14351,17351,21851,51.111111,11.111111,11.111111,7.90589699998963,2,0.517228199983947,True
sub-10,140,2,40,1,12,40.0,10400,10520,10700,9.814815,-30.185185,30.185185,13.0157339000143,3,0.78427130007185,True
sub-10,141,2,41,2,300,80.0,14351,20351,21851,91.018519,11.018519,11.018519,11.3084572000661,3,0.300481600104831,True
sub-10,142,2,42,2,300,80.0,18922,24922,26422,80.0,0.0,0.0,9.81306159996893,2,1.88549270003568,True
sub-10,143,2,43,1,12,40.0,21800,21920,22100,46.759259,6.759259,6.759259,3.3207575000124,3,0.58399690000806,True
sub-10,144,2,44,1,12,80.0,1602,1842,1902,59.074074,-20.925926,20.925926,10.8085994999855,3,0.267124900012277,True
sub-10,145,2,45,2,300,40.0,5739,8739,13239,28.240741,-11.759259,11.759259,10.8942192000104,3,0.300375799997709,True
sub-10,146,2,46,2,60,60.0,25895,26795,27395,51.574074,-8.425926,8.425926,8.26114009995944,3,0.217007200000807,True
sub-10,147,2,47,2,60,80.0,21629,22829,23129,81.203704,1.203704,1.203704,9.04342110001016,3,0.500181899988092,True
sub-10,148,2,48,1,12,20.0,10400,10460,10700,26.574074,6.574074,6.574074,17.7816597999772,3,4.07109740003943,True
sub-10,149,2,49,1,60,60.0,2714,3614,4214,75.648148,15.648148,15.648148,8.25839920004364,3,0.38399549992755,True
sub-10,150,2,50,2,300,20.0,19476,20976,26976,65.092593,45.092593,45.092593,23.0396869999822,2,0.500513700069859,True
sub-10,151,2,51,1,12,40.0,4600,4720,4900,51.759259,11.759259,11.759259,5.88916619995143,3,0.216644500032998,True
sub-10,152,2,52,1,60,80.0,15628,16828,17128,77.037037,-2.962963,2.962963,4.33756929996889,3,0.433795499964617,True
sub-10,153,2,53,1,60,20.0,26923,27223,28423,26.851852,6.851852,6.851852,5.90607050003018,3,0.333672099979594,True
sub-10,154,2,54,1,12,40.0,3739,3859,4039,51.944444,11.944444,11.944444,6.25649990001693,3,0.433574399910867,True
sub-10,155,2,55,2,300,20.0,13458,14958,20958,9.259259,-10.740741,10.740741,3.57027369993738,3,0.266632500104606,True
sub-10,156,2,56,1,12,80.0,17600,17840,17900,61.574074,-18.425926,18.425926,5.1052787998924,3,0.33315980003681,True
sub-10,157,2,57,1,12,20.0,17600,17660,17900,48.333333,28.333333,28.333333,5.7888026998844,3,0.467268600012175,True
sub-10,158,2,58,1,12,40.0,24970,25090,25270,52.314815,12.314815,12.314815,8.10842419997789,3,0.0670402999967336,True
sub-10,159,2,59,2,300,40.0,1960,4960,9460,74.722222,34.722222,34.722222,12.9295541999163,3,0.700979199958965,True
sub-10,160,2,60,2,60,40.0,12596,13196,14096,67.87037,27.87037,27.87037,7.44096479995641,2,0.500457999994978,True
sub-10,161,2,61,1,12,60.0,13450,13630,13750,50.925926,-9.074074,9.074074,4.45485959993675,3,0.533672100049443,True
sub-10,162,2,62,2,300,80.0,2522,8522,10022,51.203704,-28.796296,28.796296,9.0591182000935,3,1.23453260003589,True
sub-10,163,2,63,2,300,60.0,19988,24488,27488,70.833333,10.833333,10.833333,7.65789270005188,2,0.550960500026121,True
sub-10,164,2,64,1,12,20.0,26328,26388,26628,52.962963,32.962963,32.962963,5.63888820004649,3,0.183498100028373,True
sub-10,165,2,65,1,12,80.0,11500,11740,11800,54.444444,-25.555556,25.555556,7.99124370003119,3,1.08393909991718,True
sub-10,166,2,66,1,12,80.0,15586,15826,15886,53.703704,-26.296296,26.296296,7.97791380004491,3,0.200355099979788,True
sub-10,167,2,67,2,60,80.0,19722,20922,21222,88.703704,8.703704,8.703704,16.4003676000284,3,0.483957900083623,True
sub-10,168,2,68,2,300,20.0,1960,3460,9460,19.62963,-0.37037,0.37037,7.03816080000251,3,0.116883399896323,True
sub-10,169,2,69,2,60,20.0,17621,17921,19121,16.666667,-3.333333,3.333333,8.09171519998926,3,0.433839999954216,True
sub-10,170,2,70,2,60,60.0,17621,18521,19121,47.685185,-12.314815,12.314815,6.12298890005331,3,0.433649100014008,True
sub-10,171,2,71,2,60,20.0,10035,10335,11535,65.0,45.0,45.0,3.98753660009242,2,1.0844026999548,True
sub-10,172,2,72,1,12,80.0,9950,10190,10250,56.388889,-23.611111,23.611111,13.3633455000817,3,0.483631000039167,True
sub-10,173,2,73,1,60,80.0,13942,15142,15442,82.314815,2.314815,2.314815,7.7077430000063,3,0.350606900057755,True
sub-10,174,2,74,1,12,80.0,2486,2726,2786,49.814815,-30.185185,30.185185,5.53901419998146,3,0.384135899948887,True
sub-10,175,2,75,2,60,80.0,11369,12569,12869,36.296296,-43.703704,43.703704,9.32621339999605,1,0.88440179999452,True
sub-10,176,2,76,1,60,20.0,22148,22448,23648,51.111111,31.111111,31.111111,5.14132209995295,3,0.600667600054293,True
sub-10,177,2,77,2,60,20.0,3650,3950,5150,41.574074,21.574074,21.574074,11.8435596999479,3,0.283621300011873,True
sub-10,178,2,78,2,300,80.0,16327,22327,23827,23.425926,-56.574074,56.574074,11.8317298999754,1,0.484018699964508,True
sub-10,179,2,79,2,60,20.0,9187,9487,10687,10.833333,-9.166667,9.166667,11.3590387000003,3,1.51768950000405,True
sub-10,180,2,80,1,12,60.0,21800,21980,22100,61.944444,1.944444,1.944444,6.42325180000625,3,0.200305000063963,True
sub-10,181,2,81,2,300,20.0,18922,20422,26422,69.722222,49.722222,49.722222,18.7019109000684,3,0.750815200037322,True
sub-10,182,2,82,2,60,20.0,21629,21929,23129,36.481481,16.481481,16.481481,8.07470819994341,3,0.0331907999934628,True
sub-10,183,2,83,2,300,20.0,21224,22724,28724,67.685185,47.685185,47.685185,3.20320299989543,2,0.667346599977463,True
sub-10,184,2,84,1,12,60.0,15586,15766,15886,50.740741,-9.259259,9.259259,2.35240830003749,4,0.583930799970403,True
sub-10,185,2,85,2,300,40.0,18922,21922,26422,75.092593,35.092593,35.092593,2.78612609999254,3,0.750675700022839,True
sub-10,186,2,86,2,300,60.0,18922,23422,26422,84.537037,24.537037,24.537037,5.45492549997288,2,0.550593000021763,True
sub-10,187,2,87,2,60,20.0,11369,11669,12869,19.166667,-0.833333,0.833333,3.17010139999911,2,0.450317500042729,True
sub-10,188,2,88,1,12,20.0,23864,23924,24164,25.0,5.0,5.0,4.58807659999001,2,0.166957800043746,True
sub-10,189,2,89,2,300,20.0,5739,7239,13239,25.277778,5.277778,5.277778,12.2286569999996,3,2.56814340001437,True
sub-10,190,2,90,1,12,60.0,16152,16332,16452,51.944444,-8.055556,8.055556,6.389617000008,2,0.46731279999949,True
sub-10,191,2,91,2,60,80.0,25202,26402,26702,77.592593,-2.407407,2.407407,5.87247099995147,3,0.100235900026746,True
sub-10,192,2,92,2,300,60.0,1960,6460,9460,50.833333,-9.166667,9.166667,12.9157409999752,3,0.200175900012254,True
sub-10,193,2,93,2,60,60.0,12596,13496,14096,53.055556,-6.944444,6.944444,6.25381160003598,2,0.483803599956445,True
sub-10,194,2,94,1,12,40.0,15586,15706,15886,51.574074,11.574074,11.574074,1.75206760002765,4,0.533662200090475,True
sub-10,195,2,95,2,60,60.0,11369,12269,12869,46.851852,-13.148148,13.148148,2.98634629999287,1,0.550438900012522,True
sub-10,196,2,96,1,60,60.0,6042,6942,7542,51.018519,-8.981481,8.981481,7.02343579998705,3,0.533957700012251,True
sub-10,197,2,97,2,300,20.0,11153,12653,18653,49.722222,29.722222,29.722222,5.25513249996583,2,0.700543500017374,True
sub-10,198,2,98,2,60,40.0,3650,4250,5150,29.722222,-10.277778,10.277778,7.65766749996691,3,0.834157799952663,True
sub-10,199,2,99,1,60,80.0,26923,28123,28423,30.462963,-49.537037,49.537037,27.6304930000333,3,1.06739089998882,True
sub-10,200,2,100,1,12,40.0,25820,25940,26120,48.148148,8.148148,8.148148,4.36896930006332,2,0.41735950007569,True
sub-11,1,1,1,1,12,20.0,9950,10010,10250,23.055556,3.055556,3.055556,9.1178972000489,2,2.06868369993753,True
sub-11,2,1,2,2,300,40.0,20069,23069,27569,41.018519,1.018519,1.018519,8.23889469995629,3,0.85065629996825,True
sub-11,3,1,3,2,300,20.0,19476,20976,26976,68.425926,48.425926,48.425926,13.3801545999012,3,1.50167460006196,True
sub-11,4,1,4,2,300,40.0,13557,16557,21057,26.944444,-13.055556,13.055556,14.9482995999278,4,2.98648309998679,True
sub-11,5,1,5,2,60,40.0,25202,25802,26702,8.518519,-31.481481,31.481481,12.4121501001063,3,0.717686400050297,True
sub-11,6,1,6,2,300,40.0,19988,22988,27488,51.759259,11.759259,11.759259,10.377320800093,3,0.550344399991445,True
sub-11,7,1,7,1,12,40.0,25820,25940,26120,38.148148,-1.851852,1.851852,8.85850479989312,3,0.717311999993398,True
sub-11,8,1,8,2,60,40.0,25895,26495,27395,23.888889,-16.111111,16.111111,14.2144143000477,3,1.06764390005264,True
sub-11,9,1,9,2,300,40.0,21224,24224,28724,61.018519,21.018519,21.018519,14.4813879999564,2,0.801169000100344,True
sub-11,10,1,10,1,60,80.0,22148,23348,23648,64.722222,-15.277778,15.277778,10.0934606000082,2,1.55178859992884,True
sub-11,11,1,11,1,12,80.0,12500,12740,12800,68.796296,-11.203704,11.203704,4.35427450004499,2,0.533742900006473,True
sub-11,12,1,12,1,12,60.0,27281,27461,27581,83.333333,23.333333,23.333333,19.0859510999871,3,0.567176999989897,True
sub-11,13,1,13,2,60,20.0,21629,21929,23129,52.87037,32.87037,32.87037,9.80968489998485,3,1.13468120002653,True
sub-11,14,1,14,2,300,80.0,13458,19458,20958,52.87037,-27.12963,27.12963,13.7637110999785,3,0.517185900011099,True
sub-11,15,1,15,2,300,80.0,10273,16273,17773,64.722222,-15.277778,15.277778,17.2671264000237,3,1.06798220006749,True
sub-11,16,1,16,2,300,40.0,17351,20351,24851,35.740741,-4.259259,4.259259,10.6942028000485,2,0.617763300077058,True
sub-11,17,1,17,1,12,80.0,21273,21513,21573,85.462963,5.462963,5.462963,11.4948754999786,4,0.867383899982087,True
sub-11,18,1,18,2,60,80.0,23865,25065,25365,74.444444,-5.555556,5.555556,9.05924870003946,4,0.700331300031393,True
sub-11,19,1,19,1,60,80.0,13176,14376,14676,78.055556,-1.944444,1.944444,6.2732053999789,4,1.96860010002274,True
sub-11,20,1,20,1,12,60.0,16152,16332,16452,35.740741,-24.259259,24.259259,15.6155189999844,3,1.00128089997451,True
sub-11,21,1,21,1,12,80.0,3739,3979,4039,88.240741,8.240741,8.240741,8.1248894999735,4,1.2844216999365,True
sub-11,22,1,22,1,60,40.0,6042,6642,7542,54.814815,14.814815,14.814815,12.3121549999341,3,0.716930199996568,True
sub-11,23,1,23,1,12,40.0,21273,21393,21573,31.203704,-8.796296,8.796296,4.84150820004288,4,2.36909709998872,True
sub-11,24,1,24,1,60,20.0,20386,20686,21886,38.888889,18.888889,18.888889,16.0140356000047,4,1.80128480005078,True
sub-11,25,1,25,2,300,20.0,18922,20422,26422,22.037037,2.037037,2.037037,14.4647861999692,3,0.451059999992139,True
sub-11,26,1,26,1,12,80.0,14329,14569,14629,91.203704,11.203704,11.203704,11.0278736000182,4,0.550589099992066,True
sub-11,27,1,27,1,12,60.0,23864,24045,24165,70.555556,10.555556,10.555556,10.2435203000204,2,1.43473630002699,True
sub-11,28,1,28,2,60,20.0,10035,10335,11535,17.962963,-2.037037,2.037037,14.0474645999493,3,1.33451750001404,True
sub-11,29,1,29,1,12,20.0,21800,21860,22100,56.296296,36.296296,36.296296,6.65630539995618,3,3.33667860005516,True
sub-11,30,1,30,2,300,40.0,19476,22476,26976,80.925926,40.925926,40.925926,10.5105908999685,3,0.884396499954164,True
sub-11,31,1,31,2,60,40.0,3650,4250,5150,59.722222,19.722222,19.722222,15.4660517000593,4,1.68506789999082,True
sub-11,32,1,32,1,12,20.0,11500,11560,11800,21.296296,1.296296,1.296296,9.82628889998886,4,0.834138999925926,True
sub-11,33,1,33,2,60,20.0,9187,9487,10687,34.537037,14.537037,14.537037,17.0503398999571,3,3.16991130006499,True
sub-11,34,1,34,1,12,80.0,23864,24105,24165,74.537037,-5.462963,5.462963,10.4268768000183,2,0.584062200039625,True
sub-11,35,1,35,1,12,80.0,2486,2726,2786,74.074074,-5.925926,5.925926,6.99019030004274,4,0.700657800072804,True
sub-11,36,1,36,1,60,80.0,13942,15142,15442,85.092593,5.092593,5.092593,7.02410149993374,3,1.35169149993453,True
sub-11,37,1,37,1,60,40.0,1414,2014,2914,40.833333,0.833333,0.833333,7.44116199994459,3,0.867530500050634,True
sub-11,38,1,38,1,12,20.0,15586,15646,15886,11.388889,-8.611111,8.611111,9.22612070001196,4,0.817378300009295,True
sub-11,39,1,39,1,12,20.0,21273,21333,21573,13.148148,-6.851852,6.851852,7.10708019998855,4,0.867149600060656,True
sub-11,40,1,40,2,300,80.0,14066,20066,21566,82.12963,2.12963,2.12963,15.665466299979,3,0.583798700012266,True
sub-11,41,1,41,1,60,20.0,1414,1714,2914,66.296296,46.296296,46.296296,6.60662410000804,3,0.450513200019486,True
sub-11,42,1,42,1,60,20.0,13176,13476,14676,16.759259,-3.240741,3.240741,13.3300425999332,4,1.60161540005356,True
sub-11,43,1,43,2,60,80.0,11369,12569,12869,75.185185,-4.814815,4.814815,13.2966724999714,2,0.500425299978815,True
sub-11,44,1,44,2,300,20.0,13458,14958,20958,12.592593,-7.407407,7.407407,6.97396690002642,2,0.950516399927437,True
sub-11,45,1,45,2,300,60.0,11153,15653,18653,37.407407,-22.592593,22.592593,13.0637220999924,2,0.450175500009208,True
sub-11,46,1,46,1,12,60.0,3739,3919,4039,72.12963,12.12963,12.12963,4.22057530004531,4,0.467090000049211,True
sub-11,47,1,47,2,300,20.0,11085,12585,18585,37.407407,17.407407,17.407407,15.6822501000715,3,1.56824479997158,True
sub-11,48,1,48,2,300,20.0,1960,3460,9460,27.592593,7.592593,7.592593,9.44300410000141,3,0.534027999965474,True
sub-11,49,1,49,1,12,20.0,16152,16212,16452,26.574074,6.574074,6.574074,4.48774130002129,3,0.734349500038661,True
sub-11,50,1,50,1,12,20.0,24250,24310,24550,58.981481,38.981481,38.981481,7.14041450002696,4,1.83487859996967,True
sub-11,51,1,51,2,300,60.0,21224,25724,28724,58.240741,-1.759259,1.759259,13.0465909999329,3,2.2190126000205,True
sub-11,52,1,52,2,300,40.0,18200,21200,25700,59.814815,19.814815,19.814815,12.6129235000116,2,1.00096720003057,True
sub-11,53,1,53,1,12,20.0,1602,1662,1902,26.759259,6.759259,6.759259,9.79279300000052,3,1.4349447999848,True
sub-11,54,1,54,1,12,60.0,11500,11680,11800,26.759259,-33.240741,33.240741,8.49170400004368,4,1.90135159995406,True
sub-11,55,1,55,2,60,20.0,16451,16751,17951,42.87037,22.87037,22.87037,11.5112878000363,3,5.80618430010508,True
sub-11,56,1,56,2,60,80.0,28296,29496,29796,61.666667,-18.333333,18.333333,20.504388500005,3,0.683721199980936,True
sub-11,57,1,57,2,60,60.0,11369,12269,12869,29.444444,-30.555556,30.555556,8.79251319996547,3,1.03375269996467,True
sub-11,58,1,58,1,12,60.0,1602,1782,1902,88.240741,28.240741,28.240741,6.23965940007474,4,1.31816810008604,True
sub-11,59,1,59,2,300,60.0,17351,21851,24851,47.962963,-12.037037,12.037037,10.9274196000769,2,1.61840380006469,True
sub-11,60,1,60,1,12,80.0,21800,22040,22100,86.481481,6.481481,6.481481,4.22392379993107,4,2.15235560003202,True
sub-11,61,1,61,2,300,80.0,22736,28736,30236,73.518519,-6.481481,6.481481,19.7170105000259,3,3.45334160001948,True
sub-11,62,1,62,2,300,80.0,9381,15381,16881,66.018519,-13.981481,13.981481,10.8272172000724,4,1.48461919999681,True
sub-11,63,1,63,2,300,80.0,21224,27224,28724,76.574074,-3.425926,3.425926,6.9235743000172,3,0.516876599984243,True
sub-11,64,1,64,1,12,60.0,15586,15766,15886,53.240741,-6.759259,6.759259,8.75881730008404,4,0.516861100099049,True
sub-11,65,1,65,2,300,60.0,7365,11865,14865,35.37037,-24.62963,24.62963,12.2959911000216,3,0.917300399974919,True
sub-11,66,1,66,2,300,60.0,22736,27236,30236,74.074074,14.074074,14.074074,8.87540819996502,4,0.467131200013682,True
sub-11,67,1,67,2,300,40.0,14066,17066,21566,60.0,20.0,20.0,9.4624826000072,3,0.948310400010086,True
sub-11,68,1,68,2,300,80.0,17351,23351,24851,61.944444,-18.055556,18.055556,8.05842390004545,2,0.617263599997386,True
sub-11,69,1,69,1,60,40.0,4556,5156,6056,47.962963,7.962963,7.962963,15.8324950999813,3,1.33433670003432,True
sub-11,70,1,70,1,60,20.0,26923,27223,28423,45.833333,25.833333,25.833333,6.9403791000368,3,0.80102159990929,True
sub-11,71,1,71,2,60,80.0,25895,27095,27395,50.37037,-29.62963,29.62963,10.8607488999841,4,0.667437500087544,True
sub-11,72,1,72,1,12,60.0,24250,24430,24550,71.851852,11.851852,11.851852,11.995520299999,3,2.4190439999802,True
sub-11,73,1,73,1,60,40.0,20386,20986,21886,38.333333,-1.666667,1.666667,6.64011029992252,3,0.733696400071494,True
sub-11,74,1,74,2,300,60.0,11085,15585,18585,45.0,-15.0,15.0,4.6242964999983,3,0.867773099918849,True
sub-11,75,1,75,1,12,80.0,9950,10190,10250,78.611111,-1.388889,1.388889,4.0547906999709,3,1.85151339997537,True
sub-11,76,1,76,2,60,80.0,21629,22829,23129,77.314815,-2.685185,2.685185,17.4679889999097,3,0.700474200071767,True
sub-11,77,1,77,2,300,40.0,2522,5522,10022,53.888889,13.888889,13.888889,11.8593172000255,3,1.18472240003757,True
sub-11,78,1,78,2,300,20.0,10273,11773,17773,41.944444,21.944444,21.944444,14.4639974000165,3,0.984270400018431,True
sub-11,79,1,79,1,12,20.0,23864,23925,24165,35.185185,15.185185,15.185185,15.2993023999733,3,1.35133469989523,True
sub-11,80,1,80,2,60,60.0,9187,10087,10687,59.259259,-0.740741,0.740741,11.3114438999909,2,0.450492099975235,True
sub-11,81,1,81,2,300,40.0,16327,19327,23827,64.074074,24.074074,24.074074,7.76102979993447,2,0.884477599989622,True
sub-11,82,1,82,1,60,60.0,26923,27823,28423,65.833333,5.833333,5.833333,4.1882256999379,2,0.817367399926297,True
sub-11,83,1,83,1,60,60.0,6042,6942,7542,71.666667,11.666667,11.666667,9.10901699995156,3,1.00076239998452,True
sub-11,84,1,84,2,60,80.0,14390,15590,15890,70.0,-10.0,10.0,8.33850670000538,4,1.00122669991105,True
sub-11,85,1,85,2,60,40.0,10035,10635,11535,37.12963,-2.87037,2.87037,3.95436810003593,3,0.984489199938252,True
sub-11,86,1,86,2,60,40.0,28296,28896,29796,68.796296,28.796296,28.796296,6.82653800002299,3,2.28514819999691,True
sub-11,87,1,87,2,300,80.0,11085,17085,18585,65.833333,-14.166667,14.166667,9.39322019997052,2,0.667238999973051,True
sub-11,88,1,88,2,300,80.0,18922,24922,26422,66.296296,-13.703704,13.703704,7.5549465001095,2,0.517172200023196,True
sub-11,89,1,89,1,12,20.0,13450,13510,13750,71.944444,51.944444,51.944444,11.5282166999531,3,1.00114700000267,True
sub-11,90,1,90,1,12,40.0,11500,11620,11800,17.777778,-22.222222,22.222222,5.90898099995683,4,0.731262300047092,True
sub-11,91,1,91,2,300,20.0,14351,15851,21851,36.203704,16.203704,16.203704,18.3381235999986,3,1.45061469997745,True
sub-11,92,1,92,2,300,80.0,16072,22072,23572,71.666667,-8.333333,8.333333,4.98590450000483,3,1.50143219996243,True
sub-11,93,1,93,1,12,60.0,14329,14509,14629,68.888889,8.888889,8.888889,7.01015660003759,3,3.70319480006583,True
sub-11,94,1,94,1,12,40.0,16152,16272,16452,31.203704,-8.796296,8.796296,6.75433249992784,4,0.550822000019252,True
sub-11,95,1,95,2,300,20.0,20069,21569,27569,39.259259,19.259259,19.259259,8.92564320005476,3,2.15198829991277,True
sub-11,96,1,96,2,60,40.0,17621,18221,19121,65.277778,25.277778,25.277778,12.6122378000291,3,1.4683112000348,True
sub-11,97,1,97,1,60,60.0,15628,16528,17128,44.166667,-15.833333,15.833333,10.8939249999821,3,1.31804329995065,True
sub-11,98,1,98,2,60,40.0,16451,17051,17951,50.740741,10.740741,10.740741,16.4495554999448,3,0.967123999958857,True
sub-11,99,1,99,1,12,20.0,25820,25880,26120,26.574074,6.574074,6.574074,7.19043169997166,3,1.95175989996641,True
sub-11,100,1,100,2,300,60.0,1638,6138,9138,52.685185,-7.314815,7.314815,6.28932209999766,3,1.23424700007308,True
sub-11,101,2,1,2,300,40.0,18922,21922,26422,49.722222,9.722222,9.722222,11.7498942000092,3,2.41935290000401,True
sub-11,102,2,2,1,12,40.0,23864,23985,24165,42.037037,2.037037,2.037037,14.3640652000904,3,1.51859160000458,True
sub-11,103,2,3,2,60,40.0,19722,20322,21222,51.203704,11.203704,11.203704,8.34461480006575,3,0.767397599993273,True
sub-11,104,2,4,2,300,20.0,1638,3138,9138,46.574074,26.574074,26.574074,8.54221019998658,4,1.08438110002316,True
sub-11,105,2,5,1,12,20.0,29300,29360,29600,68.796296,48.796296,48.796296,13.0130532999755,4,1.25127279991284,True
sub-11,106,2,6,1,60,40.0,5494,6094,6994,,,,,3,5.35510879999492,False
sub-11,107,2,7,1,12,40.0,12500,12620,12800,62.87037,22.87037,22.87037,16.0193481000605,3,0.900434500072151,True
sub-11,108,2,8,1,12,20.0,12500,12560,12800,29.074074,9.074074,9.074074,6.08969269995577,3,1.30116450006607,True
sub-11,109,2,9,1,12,80.0,4600,4840,4900,62.12963,-17.87037,17.87037,6.13726899994071,4,0.517222300055436,True
sub-11,110,2,10,2,60,20.0,23865,24165,25365,39.722222,19.722222,19.722222,8.77569260005839,3,1.45167899993248,True
sub-11,111,2,11,1,12,20.0,2486,2546,2786,42.777778,22.777778,22.777778,12.8465298999799,4,0.567352699930779,True
sub-11,112,2,12,2,300,60.0,13458,17958,20958,62.407407,2.407407,2.407407,8.90899980009999,3,0.984233299968764,True
sub-11,113,2,13,2,300,40.0,1960,4960,9460,43.240741,3.240741,3.240741,20.5714077999582,3,1.00101899995934,True
sub-11,114,2,14,1,12,40.0,17600,17720,17900,46.111111,6.111111,6.111111,12.4824224000331,3,1.33444519992917,True
sub-11,115,2,15,1,12,40.0,24250,24370,24550,61.944444,21.944444,21.944444,14.9823504000669,4,0.71766830002889,True
sub-11,116,2,16,2,60,60.0,16451,17351,17951,44.259259,-15.740741,15.740741,5.63623000006191,3,1.60191680002026,True
sub-11,117,2,17,1,12,80.0,6414,6654,6714,85.833333,5.833333,5.833333,6.03904689999762,4,1.61848489998374,True
sub-11,118,2,18,2,60,60.0,10035,10935,11535,36.666667,-23.333333,23.333333,10.5775434999959,3,1.23438220005482,True
sub-11,119,2,19,1,60,80.0,20386,21586,21886,78.425926,-1.574074,1.574074,9.09225720004178,3,0.500543499947525,True
sub-11,120,2,20,2,60,40.0,21629,22229,23129,70.0,30.0,30.0,30.9312279999721,3,0.617142100003548,True
sub-11,121,2,21,1,12,40.0,2393,2513,2693,70.648148,30.648148,30.648148,10.6437882999889,3,2.25218970002606,True
sub-11,122,2,22,1,60,40.0,26923,27523,28423,65.277778,25.277778,25.277778,9.02572280005551,3,0.233506900025531,True
sub-11,123,2,23,2,300,40.0,5739,8739,13239,40.092593,0.092593,0.092593,13.1466415999457,3,0.566918900003656,True
sub-11,124,2,24,1,12,80.0,27281,27521,27581,70.092593,-9.907407,9.907407,7.1937723000301,4,1.93238160002511,True
sub-11,125,2,25,2,300,80.0,19988,25988,27488,64.444444,-15.555556,15.555556,10.2099887999938,3,2.08560019999276,True
sub-11,126,2,26,1,12,40.0,21800,21920,22100,76.851852,36.851852,36.851852,16.2663409999804,3,14.9144589999923,True
sub-11,127,2,27,1,12,40.0,4600,4720,4900,42.407407,2.407407,2.407407,7.10783869994338,3,0.751219699974171,True
sub-11,128,2,28,2,300,60.0,19476,23976,26976,62.037037,2.037037,2.037037,9.19287670007906,3,0.500519299996085,True
sub-11,129,2,29,1,60,20.0,2714,3014,4214,43.055556,23.055556,23.055556,4.85524479998275,3,0.800845200079493,True
sub-11,130,2,30,1,60,80.0,26923,28123,28423,78.703704,-1.296296,1.296296,11.9783990000141,3,0.617028699954971,True
sub-11,131,2,31,1,60,80.0,5494,6694,6994,76.296296,-3.703704,3.703704,9.14280390006024,3,0.467001400073058,True
sub-11,132,2,32,2,300,40.0,7365,10365,14865,63.055556,23.055556,23.055556,15.9495498999021,3,2.05194110004231,True
sub-11,133,2,33,2,300,80.0,11153,17153,18653,52.314815,-27.685185,27.685185,7.99426140007562,2,0.583315400057472,True
sub-11,134,2,34,1,12,40.0,6414,6534,6714,36.481481,-3.518519,3.518519,8.57603160000871,3,0.833879100042395,True
sub-11,135,2,35,2,60,20.0,3650,3950,5150,45.0,25.0,25.0,9.67713869991712,3,1.00120759999845,True
sub-11,136,2,36,1,12,80.0,25820,26060,26120,50.462963,-29.537037,29.537037,7.5416927000042,3,0.666953700012527,True
sub-11,137,2,37,2,300,60.0,18200,22700,25700,32.87037,-27.12963,27.12963,19.6835406000027,2,1.63503420003689,True
sub-11,138,2,38,1,60,20.0,13942,14242,15442,28.240741,8.240741,8.240741,9.70996590005233,3,2.95267639996018,True
sub-11,139,2,39,2,300,60.0,9381,13881,16881,64.074074,4.074074,4.074074,23.9067218999844,3,1.20081119996029,True
sub-11,140,2,40,2,300,20.0,5739,7239,13239,35.925926,15.925926,15.925926,10.9945474999258,2,0.333620200050063,True
sub-11,141,2,41,1,12,20.0,17600,17660,17900,,,,,3,0.800373399979434,False
sub-11,142,2,42,2,300,20.0,22736,24236,30236,62.777778,42.777778,42.777778,6.80674509995151,3,1.68490089999977,True
sub-11,143,2,43,2,300,40.0,13458,16458,20958,40.0,0.0,0.0,6.57340520003344,3,0.901005499996244,True
sub-11,144,2,44,1,60,40.0,13176,13776,14676,39.907407,-0.092593,0.092593,7.42434180004056,3,0.83391089993529,True
sub-11,145,2,45,2,300,80.0,1638,7638,9138,68.333333,-11.666667,11.666667,9.3427786999382,3,1.05115449998993,True
sub-11,146,2,46,1,12,80.0,1602,1842,1902,77.314815,-2.685185,2.685185,4.83858969993889,3,1.11827320000156,True
sub-11,147,2,47,1,60,60.0,4556,5456,6056,60.925926,0.925926,0.925926,4.60478739999234,3,0.58374469995033,True
sub-11,148,2,48,2,300,80.0,5739,11739,13239,66.111111,-13.888889,13.888889,4.40438769990578,3,0.934473200002685,True
sub-11,149,2,49,2,300,20.0,21224,22724,28724,39.62963,19.62963,19.62963,7.25709309999365,2,1.70128669997211,True
sub-11,150,2,50,2,300,80.0,7365,13365,14865,72.12963,-7.87037,7.87037,11.3115414000349,3,6.32299549994058,True
sub-11,151,2,51,2,60,80.0,9187,10387,10687,61.111111,-18.888889,18.888889,13.7640316000906,3,0.917209699982777,True
sub-11,152,2,52,1,12,40.0,2486,2606,2786,33.333333,-6.666667,6.666667,6.59000999992713,4,0.834048600052483,True
sub-11,153,2,53,1,12,80.0,26328,26568,26628,72.962963,-7.037037,7.037037,10.1771256999345,3,0.467359400005079,True
sub-11,154,2,54,2,300,20.0,17351,18851,24851,41.111111,21.111111,21.111111,10.3437158999731,2,0.500459700007923,True
sub-11,155,2,55,1,12,40.0,14329,14449,14629,73.611111,33.611111,33.611111,5.63889069994911,3,0.550133400014601,True
sub-11,156,2,56,2,300,20.0,9381,10881,16881,34.722222,14.722222,14.722222,18.7188585000112,3,0.517282900051213,True
sub-11,157,2,57,2,300,40.0,22736,25736,30236,56.296296,16.296296,16.296296,12.1984837999334,2,1.65176939999219,True
sub-11,158,2,58,2,300,40.0,10273,13273,17773,52.407407,12.407407,12.407407,8.59014099999331,2,0.483654000097885,True
sub-11,159,2,59,2,60,80.0,25202,26402,26702,88.888889,8.888889,8.888889,9.01278810005169,4,0.884874199982732,True
sub-11,160,2,60,2,300,80.0,16327,22327,23827,73.333333,-6.666667,6.666667,10.8111169999465,3,0.834308699937537,True
sub-11,161,2,61,2,300,20.0,19988,21488,27488,36.018519,16.018519,16.018519,6.84078700002282,3,1.63487509998958,True
sub-11,162,2,62,1,60,20.0,4556,4856,6056,46.111111,26.111111,26.111111,5.03619649994652,3,3.45369640004355,True
sub-11,163,2,63,1,12,80.0,24250,24490,24550,81.203704,1.203704,1.203704,11.5619745000731,4,0.516950099961832,True
sub-11,164,2,64,1,12,60.0,26328,26508,26628,79.537037,19.537037,19.537037,7.25756659999024,4,0.467317300033755,True
sub-11,165,2,65,1,12,20.0,2393,2453,2693,62.962963,42.962963,42.962963,6.95806319999974,3,0.567008199985139,True
sub-11,166,2,66,1,12,60.0,2486,2666,2786,72.037037,12.037037,12.037037,4.86903860000893,3,0.450158099993132,True
sub-11,167,2,67,2,60,20.0,25202,25502,26702,29.444444,9.444444,9.444444,8.39149920002091,4,2.03527629992458,True
sub-11,168,2,68,1,60,60.0,13176,14076,14676,34.907407,-25.092593,25.092593,10.1296093000564,3,0.51693130005151,True
sub-11,169,2,69,1,12,40.0,3739,3859,4039,45.0,5.0,5.0,4.9384736000793,4,0.567486899904906,True
sub-11,170,2,70,2,60,40.0,12596,13196,14096,53.796296,13.796296,13.796296,17.0818636999465,2,0.567405699985101,True
sub-11,171,2,71,1,60,80.0,4556,5756,6056,74.259259,-5.740741,5.740741,3.83763750002253,3,0.450101000024005,True
sub-11,172,2,72,2,60,60.0,3650,4550,5150,67.12963,7.12963,7.12963,7.19412809994537,3,0.951037300052121,True
sub-11,173,2,73,2,300,60.0,20069,24569,27569,62.037037,2.037037,2.037037,9.24332260002847,3,1.25118729996029,True
sub-11,174,2,74,1,12,60.0,15162,15342,15462,73.055556,13.055556,13.055556,9.72367800003849,4,0.967467000009492,True
sub-11,175,2,75,1,12,40.0,29300,29420,29600,76.481481,36.481481,36.481481,8.44445720000658,4,0.800860699964687,True
sub-11,176,2,76,1,12,60.0,10400,10580,10700,70.277778,10.277778,10.277778,11.5093846999807,3,0.433514100033789,True
sub-11,177,2,77,2,60,20.0,17621,17921,19121,66.481481,46.481481,46.481481,13.7136166000273,3,2.75257220002822,True
sub-11,178,2,78,2,60,40.0,23865,24465,25365,54.722222,14.722222,14.722222,22.3391639000037,2,0.449976200005039,True
sub-11,179,2,79,1,12,80.0,15586,15826,15886,72.5,-7.5,7.5,9.62949890003074,3,0.583203900023363,True
sub-11,180,2,80,1,12,20.0,10400,10460,10700,16.666667,-3.333333,3.333333,6.15398999990429,4,0.517422300064936,True
sub-11,181,2,81,2,60,20.0,11369,11669,12869,24.444444,4.444444,4.444444,5.07171369995921,3,1.81844289996661,True
sub-11,182,2,82,2,300,20.0,7365,8865,14865,37.037037,17.037037,17.037037,16.6668570999754,3,2.51891940005589,True
sub-11,183,2,83,2,60,80.0,17621,18821,19121,72.777778,-7.222222,7.222222,5.75561760005075,3,0.533944200025871,True
sub-11,184,2,84,1,12,80.0,11500,11740,11800,68.333333,-11.666667,11.666667,8.49477459990885,4,1.31772300007287,True
sub-11,185,2,85,1,12,40.0,15586,15706,15886,29.166667,-10.833333,10.833333,10.0439534999895,3,1.10124490002635,True
sub-11,186,2,86,1,12,40.0,27281,27401,27581,66.203704,26.203704,26.203704,5.43631589994765,3,0.467531400034204,True
sub-11,187,2,87,1,60,80.0,1414,2614,2914,68.240741,-11.759259,11.759259,6.84033470007125,3,1.31823300011456,True
sub-11,188,2,88,1,12,40.0,15162,15282,15462,80.185185,40.185185,40.185185,11.831122500007,4,1.26765950000844,True
sub-11,189,2,89,1,12,40.0,1602,1722,1902,70.925926,30.925926,30.925926,7.29188509995583,3,0.950675799977034,True
sub-11,190,2,90,1,12,60.0,24970,25150,25270,68.148148,8.148148,8.148148,6.12054009991698,3,1.00070440000854,True
sub-11,191,2,91,1,12,80.0,15162,15402,15462,89.814815,9.814815,9.814815,7.29075819998979,4,1.10099019994959,True
sub-11,192,2,92,1,12,60.0,13450,13630,13750,72.12963,12.12963,12.12963,11.294704800006,3,0.584146099979989,True
sub-11,193,2,93,2,300,20.0,18200,19700,25700,59.722222,39.722222,39.722222,9.02573059999849,3,1.15132369997445,True
sub-11,194,2,94,2,300,20.0,2522,4022,10022,41.481481,21.481481,21.481481,12.8657722000498,3,0.600475199986249,True
sub-11,195,2,95,1,60,20.0,22148,22448,23648,35.277778,15.277778,15.277778,5.2393010999076,3,1.30139190005138,True
sub-11,196,2,96,2,300,60.0,14351,18851,21851,60.185185,0.185185,0.185185,8.29193939990364,3,0.650818900088779,True
sub-11,197,2,97,2,300,40.0,11153,14153,18653,67.037037,27.037037,27.037037,20.9385536001063,3,1.86828209995292,True
sub-11,198,2,98,1,12,60.0,4600,4780,4900,39.166667,-20.833333,20.833333,5.83681680005975,4,0.450418199994601,True
sub-11,199,2,99,2,300,20.0,12645,14145,20145,61.203704,41.203704,41.203704,4.90556380001362,3,1.03383560001384,True
sub-11,200,2,100,2,300,40.0,16072,19072,23572,72.685185,32.685185,32.685185,10.2464670999906,4,0.567466099979355,True
sub-11,201,3,1,1,12,20.0,24970,25030,25270,32.685185,12.685185,12.685185,4.05913159996271,3,1.65159509994555,True
sub-11,202,3,2,2,60,80.0,10035,11235,11535,68.703704,-11.296296,11.296296,20.0400017000501,3,0.45063370000571,True
sub-11,203,3,3,1,12,80.0,16152,16392,16452,89.259259,9.259259,9.259259,4.13495690003037,4,0.767085699946619,True
sub-11,204,3,4,1,60,20.0,5494,5794,6994,44.907407,24.907407,24.907407,8.44531600002665,3,2.78605230001267,True
sub-11,205,3,5,2,300,60.0,18922,23422,26422,68.425926,8.425926,8.425926,8.85977760003879,3,0.900798799935728,True
sub-11,206,3,6,2,300,80.0,20069,26069,27569,63.796296,-16.203704,16.203704,25.5593870999291,2,1.08436929993331,True
sub-11,207,3,7,1,12,20.0,3739,3799,4039,58.888889,38.888889,38.888889,6.42404589999932,4,0.500506000011228,True
sub-11,208,3,8,1,12,60.0,25820,26000,26120,43.703704,-16.296296,16.296296,5.18923579994589,3,0.551072299946099,True
sub-11,209,3,9,2,300,40.0,9381,12381,16881,24.444444,-15.555556,15.555556,12.1430609000381,2,0.767567100003361,True
sub-11,210,3,10,2,300,40.0,10518,13518,18018,,,,,2,1.55128610006067,False
sub-11,211,3,11,2,300,20.0,13557,15057,21057,36.574074,16.574074,16.574074,11.4112925000954,3,1.75168760004453,True
sub-11,212,3,12,1,12,60.0,17600,17780,17900,76.296296,16.296296,16.296296,9.37591109995264,3,0.41719920001924,True
sub-11,213,3,13,2,60,60.0,25895,26795,27395,63.055556,3.055556,3.055556,14.264359200024,3,0.700472399941645,True
sub-11,214,3,14,1,12,60.0,2393,2573,2693,43.611111,-16.388889,16.388889,3.10329110000748,3,1.45157229993492,True
sub-11,215,3,15,2,60,60.0,17621,18521,19121,65.740741,5.740741,5.740741,11.6952996000181,3,0.467397100059315,True
sub-11,216,3,16,2,300,60.0,1960,6460,9460,53.055556,-6.944444,6.944444,7.92742330010514,3,0.600523900007829,True
sub-11,217,3,17,2,300,80.0,1960,7960,9460,68.148148,-11.851852,11.851852,10.4774595999624,3,0.584238599985837,True
sub-11,218,3,18,2,300,20.0,10518,12018,18018,65.185185,45.185185,45.185185,6.48754200001712,3,9.15896739996969,True
sub-11,219,3,19,2,300,60.0,10273,14773,17773,67.407407,7.407407,7.407407,5.53854540002066,3,0.55042390001472,True
sub-11,220,3,20,2,300,60.0,19988,24488,27488,65.648148,5.648148,5.648148,12.3956300000427,3,0.400397900026291,True
sub-11,221,3,21,2,60,60.0,12596,13496,14096,42.87037,-17.12963,17.12963,3.62060830008704,3,1.48500820004846,True
sub-11,222,3,22,1,12,40.0,26328,26448,26628,72.222222,32.222222,32.222222,9.22602169995661,3,0.884061199962161,True
sub-11,223,3,23,1,60,40.0,13942,14542,15442,59.166667,19.166667,19.166667,9.77685890009161,4,0.700878599891439,True
sub-11,224,3,24,2,300,40.0,14351,17351,21851,63.333333,23.333333,23.333333,9.59275930002331,2,0.950783999986015,True
sub-11,225,3,25,1,60,60.0,2714,3614,4214,54.166667,-5.833333,5.833333,9.02556979993824,3,0.433500899933278,True
sub-11,226,3,26,2,60,20.0,19722,20022,21222,63.055556,43.055556,43.055556,13.4300058999797,2,1.35087180009577,True
sub-11,227,3,27,2,60,80.0,19722,20922,21222,69.907407,-10.092593,10.092593,3.98753860010765,4,0.467041899915784,True
sub-11,228,3,28,1,60,60.0,5494,6394,6994,68.796296,8.796296,8.796296,4.77124160004314,3,0.449939199956133,True
sub-11,229,3,29,1,60,20.0,15628,15928,17128,45.740741,25.740741,25.740741,18.468747899984,3,0.45019909995608,True
sub-11,230,3,30,2,60,80.0,3650,4850,5150,45.648148,-34.351852,34.351852,6.76005039992742,3,0.5172453999985,True
sub-11,231,3,31,2,300,60.0,16072,20572,23572,56.944444,-3.055556,3.055556,10.911842499976,2,0.566894400049932,True
sub-11,232,3,32,1,12,20.0,14329,14389,14629,75.462963,55.462963,55.462963,8.6394738999661,3,1.81839370005764,True
sub-11,233,3,33,2,300,60.0,5739,10239,13239,40.648148,-19.351852,19.351852,13.9972282000817,3,1.40103240008465,True
sub-11,234,3,34,2,300,40.0,12645,15645,20145,35.925926,-4.074074,4.074074,3.11963650002144,3,0.934321500011719,True
sub-11,235,3,35,2,60,40.0,9187,9787,10687,38.703704,-1.296296,1.296296,4.27115120005328,3,1.96869260002858,True
sub-11,236,3,36,1,12,80.0,2393,2633,2693,86.111111,6.111111,6.111111,3.586916500004,4,0.483653199975378,True
sub-11,237,3,37,2,60,20.0,25895,26195,27395,68.981481,48.981481,48.981481,13.5133994000498,3,0.934280800051055,True
sub-11,238,3,38,1,12,80.0,17600,17840,17900,76.018519,-3.981481,3.981481,3.82091310003306,3,1.2345905000111,True
sub-11,239,3,39,1,60,80.0,6042,7242,7542,75.555556,-4.444444,4.444444,14.2474074999336,3,1.18484120001085,True
sub-11,240,3,40,2,300,80.0,12645,18645,20145,59.722222,-20.277778,20.277778,6.64323019993025,2,0.550440500024706,True
sub-11,241,3,41,1,60,60.0,13942,14842,15442,69.444444,9.444444,9.444444,3.46851959999185,2,0.867330099921673,True
sub-11,242,3,42,2,300,60.0,14066,18566,21566,49.814815,-10.185185,10.185185,11.0111190000316,2,0.550620299996808,True
sub-11,243,3,43,2,60,60.0,25202,26102,26702,63.518519,3.518519,3.518519,4.85486129997298,3,0.483550400007516,True
sub-11,244,3,44,2,300,60.0,13557,18057,21057,46.111111,-13.888889,13.888889,13.9139309000456,2,1.10094420006498,True
sub-11,245,3,45,1,12,20.0,6414,6474,6714,41.574074,21.574074,21.574074,5.52231439994648,4,0.717403199989348,True
sub-11,246,3,46,1,60,60.0,1414,2314,2914,66.388889,6.388889,6.388889,13.4472286000382,3,0.917919100029394,True
sub-11,247,3,47,2,300,60.0,2522,7022,10022,56.574074,-3.425926,3.425926,4.15443130000494,3,3.26971429993864,True
sub-11,248,3,48,2,60,60.0,28296,29196,29796,60.555556,0.555556,0.555556,7.35751879995223,2,1.4846808000002,True
sub-11,249,3,49,2,300,20.0,11153,12653,18653,63.425926,43.425926,43.425926,9.96025220002047,3,0.884110599989071,True
sub-11,250,3,50,2,60,60.0,19722,20622,21222,67.037037,7.037037,7.037037,16.9165302000474,3,1.93510270002298,True
sub-11,251,3,51,2,60,80.0,16451,17651,17951,80.833333,0.833333,0.833333,10.5436305999755,4,1.11779049993492,True
sub-11,252,3,52,1,60,40.0,15628,16228,17128,64.166667,24.166667,24.166667,9.5957841000054,3,1.43489560007583,True
sub-11,253,3,53,1,60,40.0,2714,3314,4214,68.796296,28.796296,28.796296,11.2783345999196,3,0.684276199899613,True
sub-11,254,3,54,1,12,40.0,10400,10520,10700,65.462963,25.462963,25.462963,13.9320961999474,3,2.66910639998968,True
sub-11,255,3,55,1,12,60.0,9950,10130,10250,54.351852,-5.648148,5.648148,23.7211443000705,2,0.484166600042954,True
sub-11,256,3,56,1,60,80.0,15628,16828,17128,72.037037,-7.962963,7.962963,4.1074832000304,3,0.53378179995343,True
sub-11,257,3,57,2,300,80.0,2522,8522,10022,65.462963,-14.537037,14.537037,12.6967227000277,3,0.567319800029508,True
sub-11,258,3,58,1,12,80.0,13450,13690,13750,81.481481,1.481481,1.481481,4.20191020006313,4,0.483252599951811,True
sub-11,259,3,59,1,60,80.0,2714,3914,4214,69.907407,-10.092593,10.092593,2.00197760004084,3,0.600765599985607,True
sub-11,260,3,60,1,12,80.0,29300,29540,29600,69.907407,-10.092593,10.092593,2.97282289993017,3,0.584000800037756,True
sub-11,261,3,61,2,60,80.0,12596,13796,14096,71.666667,-8.333333,8.333333,3.20415230002254,3,0.467456000042147,True
sub-11,262,3,62,1,12,80.0,24970,25210,25270,85.0,5.0,5.0,2.75035920005757,3,0.567411600030027,True
sub-11,263,3,63,2,300,80.0,10518,16518,18018,76.111111,-3.888889,3.888889,1.47131240007001,2,1.03460529993753,True
sub-11,264,3,64,2,300,80.0,18200,24200,25700,49.259259,-30.740741,30.740741,6.01994849997572,2,0.43359359994065,True
sub-11,265,3,65,1,12,60.0,12500,12680,12800,42.407407,-17.592593,17.592593,5.27231379994191,3,2.08535710000433,True
sub-11,266,3,66,2,60,20.0,12596,12896,14096,40.555556,20.555556,20.555556,8.72526769991964,2,0.51719319995027,True
sub-11,267,3,67,1,12,60.0,29300,29480,29600,70.0,10.0,10.0,2.43661370000336,3,0.433617800008505,True
sub-11,268,3,68,1,60,40.0,22148,22748,23648,66.851852,26.851852,26.851852,5.10832909995224,3,0.483552500023506,True
sub-11,269,3,69,1,12,20.0,26328,26388,26628,58.240741,38.240741,38.240741,4.02132579998578,4,0.533849400002509,True
sub-11,270,3,70,1,60,60.0,20386,21286,21886,57.314815,-2.685185,2.685185,1.73296330007724,3,0.466965700034052,True
sub-11,271,3,71,2,300,20.0,16072,17572,23572,45.0,25.0,25.0,7.15777460008394,3,0.884187199990265,True
sub-11,272,3,72,2,60,60.0,14390,15290,15890,63.055556,3.055556,3.055556,4.62106739997398,3,0.950956700020469,True
sub-11,273,3,73,2,300,20.0,16327,17827,23827,70.555556,50.555556,50.555556,13.3298731000395,3,1.05089960002806,True
sub-11,274,3,74,2,300,40.0,1638,4638,9138,43.796296,3.796296,3.796296,12.1956403000513,3,0.399801500025205,True
sub-11,275,3,75,1,12,60.0,6414,6594,6714,67.037037,7.037037,7.037037,2.45571670006029,4,0.850672999978996,True
sub-11,276,3,76,1,12,40.0,9950,10070,10250,31.481481,-8.518519,8.518519,5.6200772000011,3,0.483967200038023,True
sub-11,277,3,77,1,12,60.0,21800,21980,22100,65.740741,5.740741,5.740741,2.6027630000608,2,1.21754470001906,True
sub-11,278,3,78,2,60,40.0,14390,14990,15890,40.37037,0.37037,0.37037,2.51917039998807,3,0.367285800050012,True
sub-11,279,3,79,2,300,60.0,12645,17145,20145,46.018519,-13.981481,13.981481,2.96982070000376,2,0.483174100052565,True
sub-11,280,3,80,1,12,40.0,13450,13570,13750,66.481481,26.481481,26.481481,3.57030499994289,3,1.41811099997721,True
sub-11,281,3,81,1,60,60.0,22148,23048,23648,62.87037,2.87037,2.87037,2.75281730003189,3,0.350717300083488,True
sub-11,282,3,82,2,300,80.0,13557,19557,21057,71.296296,-8.703704,8.703704,10.2603048000019,3,0.769576299935579,True
sub-11,283,3,83,1,12,60.0,21273,21453,21573,34.444444,-25.555556,25.555556,3.77082500001415,3,1.3845100000035,True
sub-11,284,3,84,1,12,20.0,4600,4660,4900,33.981481,13.981481,13.981481,3.7680270000128,3,1.21795630000997,True
sub-11,285,3,85,1,12,40.0,24970,25090,25270,61.111111,21.111111,21.111111,4.05128340004012,4,0.517104199971072,True
sub-11,286,3,86,2,300,60.0,16327,20827,23827,68.611111,8.611111,8.611111,3.85699979995843,3,0.483611300005577,True
sub-11,287,3,87,2,300,80.0,19476,25476,26976,72.777778,-7.222222,7.222222,5.97287910000886,3,0.467183600063435,True
sub-11,288,3,88,1,12,20.0,27281,27341,27581,69.166667,49.166667,49.166667,9.07353159994818,4,0.633799399947747,True
sub-11,289,3,89,2,60,60.0,21629,22529,23129,65.0,5.0,5.0,7.99124960007611,3,0.934090299997478,True
sub-11,290,3,90,2,300,80.0,14351,20351,21851,72.5,-7.5,7.5,7.17364769999403,3,1.55191390006802,True
sub-11,291,3,91,1,12,80.0,10400,10640,10700,57.222222,-22.777778,22.777778,14.097299200017,3,0.366881800000555,True
sub-11,292,3,92,2,60,60.0,23865,24765,25365,62.685185,2.685185,2.685185,6.05868420004844,3,0.500276900012977,True
sub-11,293,3,93,2,300,60.0,10518,15018,18018,51.851852,-8.148148,8.148148,27.1082819999428,2,0.417057099984958,True
sub-11,294,3,94,2,300,40.0,11085,14085,18585,68.703704,28.703704,28.703704,1.83523689990397,3,0.46709169994574,True
sub-11,295,3,95,1,12,20.0,15162,15222,15462,64.074074,44.074074,44.074074,4.42103570001199,4,1.0675788000226,True
sub-11,296,3,96,2,60,40.0,11369,11969,12869,,,,,2,0.734272900037467,False
sub-11,297,3,97,2,300,20.0,14066,15566,21566,40.37037,20.37037,20.37037,5.23883839999325,3,0.534169099992141,True
sub-11,298,3,98,2,60,20.0,28296,28596,29796,43.703704,23.703704,23.703704,4.75500070000998,4,0.550912000006064,True
sub-11,299,3,99,1,60,20.0,6042,6342,7542,70.648148,50.648148,50.648148,2.76926159998402,3,0.900789399980567,True
sub-11,300,3,100,2,60,20.0,14390,14690,15890,48.148148,28.148148,28.148148,5.03823549998924,3,2.1183122000657,True
sub-12,1,1,1,1,12,60.0,23864,24045,24165,67.5,7.5,7.5,8.82747980009298,2,1.8686510999687,True
sub-12,2,1,2,1,12,20.0,21273,21333,21573,11.481481,-8.518519,8.518519,20.8704989999532,2,1.38453780009876,True
sub-12,3,1,3,1,60,20.0,22148,22448,23648,74.259259,54.259259,54.259259,4.8553923999425,3,0.950767999980598,True
sub-12,4,1,4,2,60,20.0,10035,10335,11535,28.055556,8.055556,8.055556,9.64311269996687,1,0.634275499964132,True
sub-12,5,1,5,1,12,80.0,2393,2633,2693,95.092593,15.092593,15.092593,5.48887639993336,3,0.967428599949926,True
sub-12,6,1,6,1,60,80.0,22148,23348,23648,89.62963,9.62963,9.62963,3.98784700001124,3,0.817383699933998,True
sub-12,7,1,7,1,60,20.0,15628,15928,17128,14.166667,-5.833333,5.833333,5.17210790002718,4,2.03540049993898,True
sub-12,8,1,8,2,300,20.0,19988,21488,27488,33.796296,13.796296,13.796296,12.5296380999498,3,0.683606400038115,True
sub-12,9,1,9,1,12,20.0,17600,17660,17900,49.814815,29.814815,29.814815,7.77206330001354,3,0.8678197999252,True
sub-12,10,1,10,1,12,80.0,13450,13690,13750,86.666667,6.666667,6.666667,4.47168900002725,3,1.06711850001011,True
sub-12,11,1,11,1,12,60.0,25820,26000,26120,39.537037,-20.462963,20.462963,6.60660399997141,3,0.784146999940276,True
sub-12,12,1,12,1,12,80.0,10400,10640,10700,49.814815,-30.185185,30.185185,7.20718050003051,2,1.31813490006607,True
sub-12,13,1,13,1,60,60.0,5494,6394,6994,37.037037,-22.962963,22.962963,6.47642700001597,2,0.8842425000621,True
sub-12,14,1,14,1,60,20.0,13176,13476,14676,16.944444,-3.055556,3.055556,3.7346411999315,3,1.25127639994025,True
sub-12,15,1,15,2,300,80.0,17351,23351,24851,67.222222,-12.777778,12.777778,6.85712360008619,3,0.834458600031212,True
sub-12,16,1,16,2,300,60.0,22736,27236,30236,58.148148,-1.851852,1.851852,8.25869279995095,3,0.834287700010463,True
sub-12,17,1,17,1,12,20.0,6414,6474,6714,21.018519,1.018519,1.018519,5.43893449997995,3,0.551085799932479,True
sub-12,18,1,18,1,12,60.0,9950,10130,10250,37.314815,-22.685185,22.685185,6.35628099995665,1,0.834403499960899,True
sub-12,19,1,19,1,60,80.0,15628,16828,17128,80.092593,0.092593,0.092593,4.08781370008364,3,0.583756700041703,True
sub-12,20,1,20,2,300,60.0,13557,18057,21057,36.111111,-23.888889,23.888889,7.72413960006088,3,1.16734040004666,True
sub-12,21,1,21,2,300,60.0,9381,13881,16881,56.851852,-3.148148,3.148148,7.00720710004679,2,1.48510050005279,True
sub-12,22,1,22,2,60,60.0,14390,15290,15890,31.203704,-28.796296,28.796296,6.17283349996432,3,1.06765139999333,True
sub-12,23,1,23,2,300,60.0,19988,24488,27488,53.055556,-6.944444,6.944444,9.12612579995766,3,0.500629000016488,True
sub-12,24,1,24,1,12,80.0,9950,10190,10250,79.62963,-0.37037,0.37037,3.93706449994351,3,1.16784060001373,True
sub-12,25,1,25,1,60,80.0,1414,2614,2914,73.611111,-6.388889,6.388889,2.93587119993753,4,1.11761050007771,True
sub-12,26,1,26,2,60,80.0,19722,20922,21222,74.444444,-5.555556,5.555556,8.24449209996964,3,0.617281800019554,True
sub-12,27,1,27,1,12,80.0,25820,26060,26120,59.814815,-20.185185,20.185185,8.02204900002107,2,0.533829399966634,True
sub-12,28,1,28,1,60,40.0,13176,13776,14676,66.388889,26.388889,26.388889,8.0082421998959,3,0.717675099964253,True
sub-12,29,1,29,2,300,80.0,14066,20066,21566,77.12963,-2.87037,2.87037,5.58915020001586,3,0.750357400043867,True
sub-12,30,1,30,1,12,60.0,26328,26508,26628,56.574074,-3.425926,3.425926,5.32481749996077,3,0.984550699940882,True
sub-12,31,1,31,1,12,20.0,2393,2453,2693,65.648148,45.648148,45.648148,6.95786140009295,3,1.5680951999966,True
sub-12,32,1,32,1,12,20.0,14329,14389,14629,65.833333,45.833333,45.833333,5.4365889999317,3,0.500785000040195,True
sub-12,33,1,33,2,300,60.0,21224,25724,28724,66.759259,6.759259,6.759259,5.42492450005374,3,0.733872100012376,True
sub-12,34,1,34,2,60,60.0,3650,4550,5150,68.425926,8.425926,8.425926,7.42112299997825,3,0.983860999927856,True
sub-12,35,1,35,1,60,40.0,5494,6094,6994,31.203704,-8.796296,8.796296,4.72236449993215,3,0.767379999975673,True
sub-12,36,1,36,1,12,80.0,15162,15402,15462,50.648148,-29.351852,29.351852,4.77171869995072,3,0.50071209995076,True
sub-12,37,1,37,2,300,60.0,11153,15653,18653,29.166667,-30.833333,30.833333,10.5609178000595,3,0.467028700048103,True
sub-12,38,1,38,2,60,60.0,19722,20622,21222,53.148148,-6.851852,6.851852,7.3411947999848,3,1.2008689000504,True
sub-12,39,1,39,1,60,20.0,1414,1714,2914,47.87037,27.87037,27.87037,4.05420719995163,3,0.767094500013627,True
sub-12,40,1,40,2,300,80.0,10518,16518,18018,65.648148,-14.351852,14.351852,5.7558947999496,1,0.867432600003667,True
sub-12,41,1,41,1,12,60.0,29300,29480,29600,68.240741,8.240741,8.240741,7.50756950001232,3,0.867358400020748,True
sub-12,42,1,42,2,300,40.0,17351,20351,24851,50.277778,10.277778,10.277778,5.32267519994638,3,0.800379500025883,True
sub-12,43,1,43,2,60,80.0,16451,17651,17951,74.722222,-5.277778,5.277778,7.72433579992502,3,0.533385799964889,True
sub-12,44,1,44,1,60,20.0,2714,3014,4214,51.666667,31.666667,31.666667,5.422287399997,3,0.583947299979627,True
sub-12,45,1,45,2,60,60.0,16451,17351,17951,51.759259,-8.240741,8.240741,5.95597889996133,3,0.550657599931582,True
sub-12,46,1,46,1,12,40.0,2486,2606,2786,51.111111,11.111111,11.111111,5.47521940001752,3,1.08428069995716,True
sub-12,47,1,47,1,60,40.0,1414,2014,2914,46.666667,6.666667,6.666667,5.93716380000114,3,0.750582100008614,True
sub-12,48,1,48,2,300,60.0,11085,15585,18585,35.740741,-24.259259,24.259259,7.24043050000909,3,0.817947400035336,True
sub-12,49,1,49,2,300,80.0,16327,22327,23827,74.444444,-5.555556,5.555556,7.60766950005199,1,0.567699000006541,True
sub-12,50,1,50,2,60,40.0,19722,20322,21222,59.722222,19.722222,19.722222,4.67421889991965,3,1.50216569995973,True
sub-12,51,1,51,1,12,40.0,12500,12620,12800,65.648148,25.648148,25.648148,5.73677429999224,2,0.766937499982304,True
sub-12,52,1,52,2,300,80.0,1960,7960,9460,53.981481,-26.018519,26.018519,5.18923489993903,3,0.784066399908624,True
sub-12,53,1,53,1,60,40.0,13942,14542,15442,50.37037,10.37037,10.37037,3.33685399999376,3,0.934178099967539,True
sub-12,54,1,54,2,60,40.0,17621,18221,19121,61.018519,21.018519,21.018519,9.6430107000051,2,0.936972700059413,True
sub-12,55,1,55,2,300,60.0,5739,10239,13239,53.611111,-6.388889,6.388889,8.78959770000074,2,0.567030600039288,True
sub-12,56,1,56,1,60,40.0,20386,20986,21886,58.240741,18.240741,18.240741,11.0442359999287,3,1.21746089996304,True
sub-12,57,1,57,2,300,40.0,11085,14085,18585,26.759259,-13.240741,13.240741,3.98725080001167,3,1.03393350006081,True
sub-12,58,1,58,1,12,60.0,12500,12680,12800,54.62963,-5.37037,5.37037,3.48628900002222,2,0.583580699982121,True
sub-12,59,1,59,1,60,60.0,13176,14076,14676,57.87037,-2.12963,2.12963,6.57302919996436,3,0.450300100026652,True
sub-12,60,1,60,2,300,40.0,19988,22988,27488,42.037037,2.037037,2.037037,4.80511590000242,3,0.967627600068226,True
sub-12,61,1,61,2,300,40.0,18200,21200,25700,55.185185,15.185185,15.185185,8.7256506999256,3,0.833949499996379,True
sub-12,62,1,62,1,12,60.0,6414,6594,6714,53.518519,-6.481481,6.481481,4.05421380000188,2,0.566716399975121,True
sub-12,63,1,63,1,12,40.0,27281,27401,27581,70.0,30.0,30.0,5.88930969999637,2,0.450555899995379,True
sub-12,64,1,64,2,300,20.0,12645,14145,20145,24.62963,4.62963,4.62963,5.12147979997098,3,0.667109100031666,True
sub-12,65,1,65,1,12,80.0,23864,24105,24165,42.5,-37.5,37.5,6.50727820000611,1,0.533715700032189,True
sub-12,66,1,66,2,60,20.0,25202,25502,26702,45.277778,25.277778,25.277778,4.75768660008907,3,0.784296000027097,True
sub-12,67,1,67,2,60,60.0,25202,26102,26702,52.592593,-7.407407,7.407407,3.1509756000014,3,0.93372349999845,True
sub-12,68,1,68,2,60,40.0,14390,14990,15890,38.703704,-1.296296,1.296296,3.80376050004269,3,2.11859650001861,True
sub-12,69,1,69,2,60,80.0,11369,12569,12869,81.481481,1.481481,1.481481,6.33975360007025,3,0.534016299992799,True
sub-12,70,1,70,2,300,40.0,16327,19327,23827,61.018519,21.018519,21.018519,5.22163079993333,2,0.416988200042396,True
sub-12,71,1,71,2,300,40.0,1960,4960,9460,56.666667,16.666667,16.666667,5.85886729997582,3,1.33450870006345,True
sub-12,72,1,72,1,12,40.0,9950,10070,10250,53.518519,13.518519,13.518519,6.42067719995975,3,0.517012200085446,True
sub-12,73,1,73,2,60,60.0,23865,24765,25365,81.666667,21.666667,21.666667,7.07414099993184,3,0.48372930008918,True
sub-12,74,1,74,2,300,40.0,5739,8739,13239,81.666667,41.666667,41.666667,8.1776538999984,3,0.733977399999275,True
sub-12,75,1,75,2,300,80.0,5739,11739,13239,55.37037,-24.62963,24.62963,7.88833800004795,3,0.650296900072135,True
sub-12,76,1,76,2,300,80.0,11153,17153,18653,37.222222,-42.777778,42.777778,8.1915113000432,3,0.450350600061938,True
sub-12,77,1,77,2,300,40.0,2522,5522,10022,51.296296,11.296296,11.296296,5.7388973000925,3,0.750604000058956,True
sub-12,78,1,78,1,12,60.0,27281,27461,27581,80.0,20.0,20.0,5.10561980004422,3,1.11765459994785,True
sub-12,79,1,79,2,300,80.0,14351,20351,21851,80.277778,0.277778,0.277778,5.18858670000918,3,0.616759399999864,True
sub-12,80,1,80,2,60,80.0,21629,22829,23129,80.555556,0.555556,0.555556,7.81104669999331,3,0.600460199988447,True
sub-12,81,1,81,2,300,40.0,9381,12381,16881,81.666667,41.666667,41.666667,5.06947139999829,3,0.867373600020073,True
sub-12,82,1,82,1,12,80.0,29300,29540,29600,83.981481,3.981481,3.981481,3.3531736000441,3,0.60152210004162,True
sub-12,83,1,83,2,60,40.0,3650,4250,5150,68.888889,28.888889,28.888889,5.15763999999035,3,0.517348099965602,True
sub-12,84,1,84,1,12,60.0,4600,4780,4900,78.888889,18.888889,18.888889,7.05516660003922,3,0.633738100063055,True
sub-12,85,1,85,2,60,20.0,3650,3950,5150,68.240741,48.240741,48.240741,3.95711159997154,3,0.91734499996528,True
sub-12,86,1,86,1,60,80.0,13176,14376,14676,33.796296,-46.203704,46.203704,3.66789439995773,3,0.73376490001101,True
sub-12,87,1,87,2,300,60.0,20069,24569,27569,69.074074,9.074074,9.074074,6.35692839999683,3,0.533624800038524,True
sub-12,88,1,88,1,60,60.0,2714,3614,4214,65.740741,5.740741,5.740741,4.98800579993985,3,1.03426250000484,True
sub-12,89,1,89,1,12,20.0,29300,29360,29600,63.518519,43.518519,43.518519,5.00530419999267,3,0.967615499976091,True
sub-12,90,1,90,2,60,20.0,25895,26195,27395,77.12963,57.12963,57.12963,4.42479469999671,2,0.517128500039689,True
sub-12,91,1,91,2,60,60.0,21629,22529,23129,62.5,2.5,2.5,6.03712180000729,3,0.433632900007069,True
sub-12,92,1,92,1,12,40.0,21273,21393,21573,57.222222,17.222222,17.222222,4.38822640001308,2,0.683561200043186,True
sub-12,93,1,93,2,60,20.0,12596,12896,14096,43.055556,23.055556,23.055556,4.55483849998563,2,0.433401099988259,True
sub-12,94,1,94,1,12,80.0,24970,25210,25270,77.5,-2.5,2.5,3.30655229999683,3,0.400456800009124,True
sub-12,95,1,95,1,12,40.0,21800,21920,22100,68.333333,28.333333,28.333333,7.85893089999444,3,0.884210699936375,True
sub-12,96,1,96,1,12,80.0,26328,26568,26628,70.740741,-9.259259,9.259259,3.36785350006539,3,0.616928300005383,True
sub-12,97,1,97,1,12,60.0,2393,2573,2693,62.5,2.5,2.5,4.8911669999361,3,0.633277499931864,True
sub-12,98,1,98,1,12,80.0,21273,21513,21573,74.722222,-5.277778,5.277778,4.78574620001018,3,0.600400099996477,True
sub-12,99,1,99,2,300,60.0,10518,15018,18018,27.685185,-32.314815,32.314815,4.03693589998874,3,0.383499299990944,True
sub-12,100,1,100,2,300,20.0,10273,11773,17773,43.240741,23.240741,23.240741,6.20603830006439,3,0.800352900056168,True
sub-12,101,2,1,2,60,40.0,11369,11969,12869,31.666667,-8.333333,8.333333,7.5981071999995,3,0.66776480001863,True
sub-12,102,2,2,1,12,80.0,16152,16392,16452,86.759259,6.759259,6.759259,6.53774649999104,3,0.6503795000026,True
sub-12,103,2,3,1,12,40.0,24250,24370,24550,41.203704,1.203704,1.203704,6.65737390005961,3,0.634028799948282,True
sub-12,104,2,4,2,300,20.0,22736,24236,30236,40.0,20.0,20.0,5.17214749997947,3,0.917514500091783,True
sub-12,105,2,5,2,60,80.0,14390,15590,15890,74.62963,-5.37037,5.37037,4.82449849997647,3,0.466843900037929,True
sub-12,106,2,6,2,300,20.0,14066,15566,21566,29.444444,9.444444,9.444444,4.88615759997628,3,0.850504099973477,True
sub-12,107,2,7,1,60,40.0,2714,3314,4214,43.703704,3.703704,3.703704,4.99120669998228,3,0.901400699978694,True
sub-12,108,2,8,1,12,60.0,21273,21453,21573,70.555556,10.555556,10.555556,5.4029665000271,3,0.700672399951145,True
sub-12,109,2,9,2,300,80.0,20069,26069,27569,52.12963,-27.87037,27.87037,6.60669749998487,3,1.03410359995905,True
sub-12,110,2,10,2,300,60.0,17351,21851,24851,58.611111,-1.388889,1.388889,8.29477029992267,3,0.417254599975422,True
sub-12,111,2,11,1,12,80.0,24250,24490,24550,75.462963,-4.537037,4.537037,3.03945149993523,2,1.68503920000512,True
sub-12,112,2,12,2,300,20.0,5739,7239,13239,32.685185,12.685185,12.685185,3.93462300009559,3,0.834121500025503,True
sub-12,113,2,13,2,300,20.0,2522,4022,10022,47.314815,27.314815,27.314815,4.93804039992392,3,0.867591199930757,True
sub-12,114,2,14,2,60,80.0,28296,29496,29796,60.277778,-19.722222,19.722222,6.13968050002586,3,0.500270699965767,True
sub-12,115,2,15,2,300,80.0,13557,19557,21057,66.203704,-13.796296,13.796296,7.45741159992758,3,0.483464799937792,True
sub-12,116,2,16,2,60,40.0,21629,22229,23129,73.796296,33.796296,33.796296,6.40613090002443,1,1.1514408000512,True
sub-12,117,2,17,1,12,80.0,15586,15826,15886,53.981481,-26.018519,26.018519,5.1886314000003,3,0.383425800013355,True
sub-12,118,2,18,1,12,40.0,11500,11620,11800,46.944444,6.944444,6.944444,4.07090189994778,2,0.750327999936416,True
sub-12,119,2,19,2,300,20.0,17351,18851,24851,55.925926,35.925926,35.925926,6.60585960000753,2,1.01782369997818,True
sub-12,120,2,20,2,60,60.0,12596,13496,14096,80.833333,20.833333,20.833333,8.32492709998041,3,1.33448889991268,True
sub-12,121,2,21,2,60,20.0,28296,28596,29796,34.444444,14.444444,14.444444,3.35308459994848,3,1.05126430001109,True
sub-12,122,2,22,2,60,40.0,12596,13196,14096,71.851852,31.851852,31.851852,4.34116820001509,3,0.600460999994538,True
sub-12,123,2,23,2,300,20.0,13557,15057,21057,11.851852,-8.148148,8.148148,5.99065209995023,3,0.416252500028349,True
sub-12,124,2,24,1,12,20.0,16152,16212,16452,29.907407,9.907407,9.907407,5.05279690003953,3,0.700681200018152,True
sub-12,125,2,25,2,60,20.0,16451,16751,17951,68.055556,48.055556,48.055556,5.27484109997749,1,0.600125800003297,True
sub-12,126,2,26,1,12,60.0,3739,3919,4039,74.62963,14.62963,14.62963,5.01918399997521,3,0.866897100000642,True
sub-12,127,2,27,1,12,40.0,16152,16272,16452,69.537037,29.537037,29.537037,4.54092619998846,3,0.634069700026884,True
sub-12,128,2,28,2,60,80.0,25202,26402,26702,68.796296,-11.203704,11.203704,2.20024950010702,3,0.38399580004625,True
sub-12,129,2,29,2,60,80.0,25895,27095,27395,72.777778,-7.222222,7.222222,4.17050990008283,3,0.450699700042605,True
sub-12,130,2,30,1,12,60.0,16152,16332,16452,80.925926,20.925926,20.925926,3.25344090000726,3,0.666689799982123,True
sub-12,131,2,31,2,300,60.0,16072,20572,23572,51.944444,-8.055556,8.055556,5.10504850000143,3,0.933807500055991,True
sub-12,132,2,32,1,12,40.0,1602,1722,1902,66.666667,26.666667,26.666667,5.3394840999972,2,0.650844299932941,True
sub-12,133,2,33,1,12,80.0,2486,2726,2786,76.111111,-3.888889,3.888889,3.02271110005676,3,0.333991099963896,True
sub-12,134,2,34,2,300,40.0,10518,13518,18018,48.240741,8.240741,8.240741,5.35272500000428,3,0.650760600110516,True
sub-12,135,2,35,1,60,40.0,22148,22748,23648,75.462963,35.462963,35.462963,2.45264719997067,3,0.667150299996137,True
sub-12,136,2,36,1,60,60.0,6042,6942,7542,41.203704,-18.796296,18.796296,3.31975620007142,2,1.40360620000865,True
sub-12,137,2,37,2,300,40.0,13557,16557,21057,30.925926,-9.074074,9.074074,5.7035242000129,3,0.367097699898295,True
sub-12,138,2,38,2,300,40.0,19476,22476,26976,45.092593,5.092593,5.092593,4.83826049999333,3,0.500908499932847,True
sub-12,139,2,39,1,12,40.0,2393,2513,2693,65.37037,25.37037,25.37037,4.20412549993488,3,1.21792610001284,True
sub-12,140,2,40,1,12,40.0,15586,15706,15886,18.796296,-21.203704,21.203704,2.81910620001144,3,0.417050700052641,True
sub-12,141,2,41,2,300,80.0,12645,18645,20145,74.907407,-5.092593,5.092593,5.18884099996648,3,0.867420400027185,True
sub-12,142,2,42,1,12,20.0,24250,24310,24550,31.203704,11.203704,11.203704,5.40552860009484,3,0.834196999901905,True
sub-12,143,2,43,1,12,80.0,6414,6654,6714,68.148148,-11.851852,11.851852,4.35430000000633,2,1.23440060007851,True
sub-12,144,2,44,1,60,60.0,13942,14842,15442,71.388889,11.388889,11.388889,4.25726250000298,3,0.834128999966196,True
sub-12,145,2,45,1,60,80.0,13942,15142,15442,78.796296,-1.203704,1.203704,4.82289650000166,3,0.483547499985434,True
sub-12,146,2,46,1,12,40.0,14329,14449,14629,70.277778,30.277778,30.277778,4.63854179996997,3,0.416915399953722,True
sub-12,147,2,47,2,60,40.0,23865,24465,25365,,,,,1,2.86959409993141,False
sub-12,148,2,48,2,60,80.0,17621,18821,19121,75.37037,-4.62963,4.62963,5.17214049992617,3,0.516888099955394,True
sub-12,149,2,49,1,12,60.0,15162,15342,15462,78.796296,18.796296,18.796296,4.39072789996862,3,0.617114500026218,True
sub-12,150,2,50,1,12,20.0,26328,26388,26628,82.222222,62.222222,62.222222,3.83534290001262,3,0.767586200032383,True
sub-12,151,2,51,2,300,20.0,1960,3460,9460,36.388889,16.388889,16.388889,4.07064260006882,3,0.683557599899359,True
sub-12,152,2,52,2,300,20.0,21224,22724,28724,46.018519,26.018519,26.018519,4.20375280000735,3,1.28473220008891,True
sub-12,153,2,53,1,12,60.0,15586,15766,15886,69.166667,9.166667,9.166667,4.22363929997663,3,0.984647599980235,True
sub-12,154,2,54,1,12,80.0,1602,1842,1902,70.185185,-9.814815,9.814815,2.50291140004992,3,0.633337200037203,True
sub-12,155,2,55,1,12,40.0,13450,13570,13750,69.537037,29.537037,29.537037,6.15754850010853,3,0.484435899998061,True
sub-12,156,2,56,2,300,20.0,9381,10881,16881,28.796296,8.796296,8.796296,7.10768649994861,3,0.400396900018677,True
sub-12,157,2,57,2,300,60.0,1960,6460,9460,52.407407,-7.592593,7.592593,7.68969839997589,3,0.417619399959221,True
sub-12,158,2,58,2,300,40.0,12645,15645,20145,42.12963,2.12963,2.12963,5.9092757999897,3,0.65034769999329,True
sub-12,159,2,59,2,300,80.0,13458,19458,20958,64.351852,-15.648148,15.648148,3.30120310001075,3,0.617335299961268,True
sub-12,160,2,60,1,12,20.0,25820,25880,26120,42.777778,22.777778,22.777778,6.22271090000867,3,0.634307999978773,True
sub-12,161,2,61,2,60,60.0,25895,26795,27395,53.611111,-6.388889,6.388889,7.27783389994874,3,0.466728399973362,True
sub-12,162,2,62,2,300,20.0,1638,3138,9138,38.240741,18.240741,18.240741,7.57520919991657,3,0.400383600033819,True
sub-12,163,2,63,2,300,80.0,18200,24200,25700,64.814815,-15.185185,15.185185,4.66907980001997,3,0.867724400013685,True
sub-12,164,2,64,1,12,20.0,1602,1662,1902,34.444444,14.444444,14.444444,6.07349720003549,3,0.483783400035463,True
sub-12,165,2,65,1,12,60.0,2486,2666,2786,79.166667,19.166667,19.166667,3.21976310003083,3,0.633789899991825,True
sub-12,166,2,66,2,60,60.0,11369,12269,12869,33.888889,-26.111111,26.111111,5.25819049996789,3,0.6001747000264,True
sub-12,167,2,67,2,300,20.0,16072,17572,23572,32.777778,12.777778,12.777778,4.81891939998604,3,0.633921099943108,True
sub-12,168,2,68,1,12,20.0,21800,21860,22100,58.518519,38.518519,38.518519,6.95727679994888,3,0.433561600046232,True
sub-12,169,2,69,1,12,60.0,17600,17780,17900,73.518519,13.518519,13.518519,6.37627219990827,3,0.600129100028425,True
sub-12,170,2,70,2,300,60.0,2522,7022,10022,59.722222,-0.277778,0.277778,6.43721999996341,3,0.416579200071282,True
sub-12,171,2,71,1,60,80.0,6042,7242,7542,45.833333,-34.166667,34.166667,5.03821590007282,2,0.617265500011853,True
sub-12,172,2,72,2,300,40.0,11153,14153,18653,32.314815,-7.685185,7.685185,7.5071613000473,3,0.750166699988767,True
sub-12,173,2,73,1,12,80.0,11500,11740,11800,82.5,2.5,2.5,3.65624899999238,3,1.23479679995216,True
sub-12,174,2,74,2,60,40.0,25202,25802,26702,37.87037,-2.12963,2.12963,7.92228009994141,2,1.16778530005831,True
sub-12,175,2,75,1,60,80.0,4556,5756,6056,74.62963,-5.37037,5.37037,10.2632133000297,3,0.533886499935761,True
sub-12,176,2,76,2,60,80.0,12596,13796,14096,75.555556,-4.444444,4.444444,4.83565919997636,3,0.650511299958452,True
sub-12,177,2,77,1,12,20.0,10400,10460,10700,10.833333,-9.166667,9.166667,2.15536129998508,3,0.70060470001772,True
sub-12,178,2,78,2,300,20.0,18922,20422,26422,48.148148,28.148148,28.148148,5.18621419998817,3,0.900809900020249,True
sub-12,179,2,79,1,60,60.0,20386,21286,21886,21.851852,-38.148148,38.148148,3.47029560001101,3,0.934251199942082,True
sub-12,180,2,80,1,12,40.0,17600,17720,17900,59.814815,19.814815,19.814815,5.03832549997605,3,0.717230399954132,True
sub-12,181,2,81,1,12,40.0,10400,10520,10700,54.722222,14.722222,14.722222,4.80782260000705,2,0.383633899968117,True
sub-12,182,2,82,1,12,40.0,26328,26448,26628,72.5,32.5,32.5,4.30222800001502,3,1.18452900007832,True
sub-12,183,2,83,1,12,20.0,3739,3799,4039,53.888889,33.888889,33.888889,5.32502670004032,3,0.550877299974672,True
sub-12,184,2,84,1,60,80.0,20386,21586,21886,66.481481,-13.518519,13.518519,3.53451099991798,3,0.483903900021687,True
sub-12,185,2,85,1,12,40.0,3739,3859,4039,34.351852,-5.648148,5.648148,3.45394869998563,3,1.11751279991585,True
sub-12,186,2,86,2,300,60.0,19476,23976,26976,66.111111,6.111111,6.111111,7.10708749992772,1,0.917433599941432,True
sub-12,187,2,87,2,300,80.0,18922,24922,26422,64.722222,-15.277778,15.277778,5.72527069994248,3,0.350822599953971,True
sub-12,188,2,88,2,300,80.0,7365,13365,14865,64.62963,-15.37037,15.37037,4.90277469996362,3,0.400175100076012,True
sub-12,189,2,89,1,12,20.0,15586,15646,15886,14.444444,-5.555556,5.555556,2.38880529999732,3,0.71730620006565,True
sub-12,190,2,90,2,300,40.0,20069,23069,27569,62.037037,22.037037,22.037037,8.30589499999769,3,0.583775100065395,True
sub-12,191,2,91,1,12,40.0,29300,29420,29600,61.388889,21.388889,21.388889,3.33707769995089,3,1.23487490008119,True
sub-12,192,2,92,2,300,80.0,21224,27224,28724,60.648148,-19.351852,19.351852,3.38683339999988,3,0.617221999913454,True
sub-12,193,2,93,1,12,20.0,12500,12560,12800,37.5,17.5,17.5,4.75811040005646,2,0.750545499962754,True
sub-12,194,2,94,1,60,60.0,26923,27823,28423,28.240741,-31.759259,31.759259,3.80148289992939,3,1.60183930001221,True
sub-12,195,2,95,2,60,60.0,9187,10087,10687,47.222222,-12.777778,12.777778,4.0233970999252,3,0.634084400022402,True
sub-12,196,2,96,1,12,40.0,25820,25940,26120,66.018519,26.018519,26.018519,3.16797830001451,2,1.25129869999364,True
sub-12,197,2,97,1,12,80.0,14329,14569,14629,75.925926,-4.074074,4.074074,5.53891460003797,3,0.800928800017572,True
sub-12,198,2,98,2,300,60.0,7365,11865,14865,79.814815,19.814815,19.814815,4.74103409994859,3,0.750820400076918,True
sub-12,199,2,99,1,60,80.0,2714,3914,4214,83.611111,3.611111,3.611111,3.05361940001603,3,0.617200399981811,True
sub-12,200,2,100,2,300,60.0,18922,23422,26422,60.0,0.0,0.0,7.17203099990729,2,1.16817269998136,True
sub-12,201,3,1,1,60,20.0,6042,6342,7542,31.018519,11.018519,11.018519,4.32038219994865,3,0.683340799994766,True
sub-12,202,3,2,2,300,20.0,13458,14958,20958,20.740741,0.740741,0.740741,5.40495989995542,3,0.550634499988518,True
sub-12,203,3,3,2,300,40.0,14066,17066,21566,43.333333,3.333333,3.333333,5.77528589998837,3,0.400303600006736,True
sub-12,204,3,4,1,12,80.0,12500,12740,12800,47.87037,-32.12963,32.12963,3.68456219998188,1,2.01830170000903,True
sub-12,205,3,5,1,12,40.0,24970,25090,25270,70.648148,30.648148,30.648148,6.17257850000169,3,0.450214700074866,True
sub-12,206,3,6,2,60,20.0,11369,11669,12869,37.037037,17.037037,17.037037,4.33830930001568,3,0.650396100012585,True
sub-12,207,3,7,2,300,80.0,11085,17085,18585,38.055556,-41.944444,41.944444,10.0798757999436,3,0.550664299982599,True
sub-12,208,3,8,2,300,40.0,18922,21922,26422,32.592593,-7.407407,7.407407,3.46740239998325,3,0.950861500110477,True
sub-12,209,3,9,1,12,80.0,27281,27521,27581,66.944444,-13.055556,13.055556,1.90213699999731,3,0.450437200022861,True
sub-12,210,3,10,2,300,20.0,14351,15851,21851,40.37037,20.37037,20.37037,5.25601770007051,3,0.85089160001371,True
sub-12,211,3,11,2,300,60.0,16327,20827,23827,65.185185,5.185185,5.185185,4.42095749999862,3,0.500141500029712,True
sub-12,212,3,12,2,60,40.0,10035,10635,11535,47.037037,7.037037,7.037037,4.84106220002286,2,1.4679803000763,True
sub-12,213,3,13,1,12,60.0,24970,25150,25270,68.055556,8.055556,8.055556,4.05128099990543,3,0.400308300042524,True
sub-12,214,3,14,2,60,20.0,23865,24165,25365,63.703704,43.703704,43.703704,7.29060720000416,3,0.717182200052775,True
sub-12,215,3,15,1,60,60.0,4556,5456,6056,68.055556,8.055556,8.055556,4.22091749997343,3,0.566618900047615,True
sub-12,216,3,16,2,60,40.0,25895,26495,27395,73.148148,33.148148,33.148148,13.597172299982,3,0.383589899982325,True
sub-12,217,3,17,1,60,60.0,22148,23048,23648,67.685185,7.685185,7.685185,4.50453639996703,3,0.40025130007416,True
sub-12,218,3,18,1,12,40.0,6414,6534,6714,22.314815,-17.685185,17.685185,4.60778359998948,3,0.533728800015524,True
sub-12,219,3,19,2,60,40.0,28296,28896,29796,62.5,22.5,22.5,5.00189729989506,3,0.683989700046367,True
sub-12,220,3,20,1,12,60.0,1602,1782,1902,65.277778,5.277778,5.277778,4.00436720007564,3,0.650544499978423,True
sub-12,221,3,21,1,60,20.0,13942,14242,15442,40.648148,20.648148,20.648148,6.24270669999532,3,0.500787199940532,True
sub-12,222,3,22,1,12,60.0,11500,11680,11800,77.407407,17.407407,17.407407,3.3176317999605,3,0.717518600053153,True
sub-12,223,3,23,1,12,40.0,23864,23985,24165,68.148148,28.148148,28.148148,7.29069779999554,2,0.567307099932804,True
sub-12,224,3,24,2,300,60.0,12645,17145,20145,32.037037,-27.962963,27.962963,3.48688019998371,3,0.667205500067211,True
sub-12,225,3,25,2,300,20.0,18200,19700,25700,41.759259,21.759259,21.759259,5.8255970000755,2,0.733483299962244,True
sub-12,226,3,26,1,60,20.0,20386,20686,21886,22.592593,2.592593,2.592593,5.33672729996033,3,0.734187999973073,True
sub-12,227,3,27,2,60,20.0,17621,17921,19121,30.925926,10.925926,10.925926,5.47506200009957,3,0.61760520003736,True
sub-12,228,3,28,2,60,20.0,9187,9487,10687,27.962963,7.962963,7.962963,4.31876369996462,3,0.518200200051069,True
sub-12,229,3,29,2,60,40.0,16451,17051,17951,47.777778,7.777778,7.777778,7.69449210003949,3,0.416956600034609,True
sub-12,230,3,30,1,12,60.0,10400,10580,10700,52.777778,-7.222222,7.222222,5.48643609997816,3,1.48482569993939,True
sub-12,231,3,31,2,60,60.0,17621,18521,19121,64.62963,4.62963,4.62963,3.11956509994342,3,0.583693299908191,True
sub-12,232,3,32,2,300,40.0,7365,10365,14865,41.296296,1.296296,1.296296,5.45560510002542,3,0.600822700071148,True
sub-12,233,3,33,1,12,80.0,21800,22040,22100,75.37037,-4.62963,4.62963,3.3227920999052,3,0.734479599981568,True
sub-12,234,3,34,1,12,20.0,9950,10010,10250,45.37037,25.37037,25.37037,6.6547057001153,2,0.400353899924084,True
sub-12,235,3,35,2,300,80.0,19476,25476,26976,74.907407,-5.092593,5.092593,3.0035184000153,2,0.367242299951612,True
sub-12,236,3,36,2,60,80.0,3650,4850,5150,65.925926,-14.074074,14.074074,8.39167829998768,3,0.367009099922142,True
sub-12,237,3,37,2,300,60.0,13458,17958,20958,54.259259,-5.740741,5.740741,9.37684769998304,3,1.01778229989577,True
sub-12,238,3,38,1,60,40.0,15628,16228,17128,20.37037,-19.62963,19.62963,4.33739730005618,3,0.416454899939708,True
sub-12,239,3,39,2,300,40.0,21224,24224,28724,53.981481,13.981481,13.981481,4.60508190002292,3,0.433376900036819,True
sub-12,240,3,40,1,12,20.0,15162,15222,15462,73.888889,53.888889,53.888889,5.18874000001233,3,0.383950800052844,True
sub-12,241,3,41,1,60,20.0,5494,5794,6994,49.907407,29.907407,29.907407,4.50768889999017,3,0.617336300085298,True
sub-12,242,3,42,2,300,80.0,9381,15381,16881,43.425926,-36.574074,36.574074,8.58926049992442,3,0.400270799989812,True
sub-12,243,3,43,2,300,20.0,11085,12585,18585,38.240741,18.240741,18.240741,7.00960590003524,2,0.534072599955834,True
sub-12,244,3,44,2,60,20.0,14390,14690,15890,43.055556,23.055556,23.055556,3.58467619994189,3,0.550566000049002,True
sub-12,245,3,45,1,12,20.0,2486,2546,2786,17.592593,-2.407407,2.407407,3.93701689993031,3,1.51837850001174,True
sub-12,246,3,46,2,300,80.0,2522,8522,10022,38.981481,-41.018519,41.018519,7.82763529999647,3,0.467021899996325,True
sub-12,247,3,47,2,300,20.0,16327,17827,23827,53.240741,33.240741,33.240741,6.15401920001022,3,0.500603300053626,True
sub-12,248,3,48,1,60,20.0,26923,27223,28423,24.444444,4.444444,4.444444,6.89038640004582,3,0.383834599982947,True
sub-12,249,3,49,1,12,60.0,13450,13630,13750,74.259259,14.259259,14.259259,3.45626359991729,3,0.400452599977143,True
sub-12,250,3,50,1,12,40.0,15162,15282,15462,70.740741,30.740741,30.740741,4.21926730009727,3,0.400203600060194,True
sub-12,251,3,51,2,300,20.0,11153,12653,18653,30.0,10.0,10.0,8.07769079995341,2,0.433535199961625,True
sub-12,252,3,52,1,12,20.0,27281,27341,27581,38.518519,18.518519,18.518519,8.8401154000312,2,0.550831999978981,True
sub-12,253,3,53,2,300,40.0,22736,25736,30236,49.351852,9.351852,9.351852,7.22427560004871,3,0.617151899961754,True
sub-12,254,3,54,2,60,60.0,28296,29196,29796,70.37037,10.37037,10.37037,6.77343320008367,3,0.400365600013174,True
sub-12,255,3,55,2,300,80.0,19988,25988,27488,57.5,-22.5,22.5,10.92808829993,3,1.70147189998533,True
sub-12,256,3,56,1,60,80.0,26923,28123,28423,25.092593,-54.907407,54.907407,3.06999560003168,3,1.33466699998825,True
sub-12,257,3,57,2,60,20.0,21629,21929,23129,66.203704,46.203704,46.203704,6.47342930000741,3,0.300152999931015,True
sub-12,258,3,58,2,60,40.0,9187,9787,10687,56.018519,16.018519,16.018519,5.98911009996663,3,0.584067399962805,True
sub-12,259,3,59,2,60,80.0,23865,25065,25365,65.925926,-14.074074,14.074074,6.10620060004293,3,0.533767899964004,True
sub-12,260,3,60,2,300,80.0,10273,16273,17773,65.648148,-14.351852,14.351852,6.82353489997331,3,0.383592800004407,True
sub-12,261,3,61,1,60,40.0,4556,5156,6056,51.203704,11.203704,11.203704,4.4080206999788,3,0.433595999958924,True
sub-12,262,3,62,1,12,60.0,14329,14509,14629,58.981481,-1.018519,1.018519,6.0543566000415,3,0.500571899930946,True
sub-12,263,3,63,2,300,40.0,14351,17351,21851,53.425926,13.425926,13.425926,5.32201359991449,3,0.516717400052584,True
sub-12,264,3,64,1,60,80.0,5494,6694,6994,57.5,-22.5,22.5,5.52186620002612,2,0.533484100014902,True
sub-12,265,3,65,2,60,80.0,9187,10387,10687,52.222222,-27.777778,27.777778,7.69387640000786,3,0.500770000042393,True
sub-12,266,3,66,2,300,40.0,16072,19072,23572,72.222222,32.222222,32.222222,7.63890009990427,3,0.366977099911309,True
sub-12,267,3,67,2,300,60.0,1638,6138,9138,50.740741,-9.259259,9.259259,5.72580610006116,2,1.13453989999834,True
sub-12,268,3,68,1,12,20.0,11500,11560,11800,70.462963,50.462963,50.462963,5.1197621000465,3,0.784145499928854,True
sub-12,269,3,69,1,12,60.0,21800,21980,22100,81.944444,21.944444,21.944444,8.64238849992398,3,0.600412999978289,True
sub-12,270,3,70,2,300,80.0,1638,7638,9138,63.240741,-16.759259,16.759259,8.7262699001003,3,0.800095599959604,True
sub-12,271,3,71,2,300,20.0,10518,12018,18018,38.240741,18.240741,18.240741,4.32363190001342,3,0.383514899993315,True
sub-12,272,3,72,2,300,60.0,10273,14773,17773,54.074074,-5.925926,5.925926,4.73563510004896,3,0.43352349998895,True
sub-12,273,3,73,1,12,20.0,23864,23925,24165,47.037037,27.037037,27.037037,6.20663000002969,3,0.633860199945047,True
sub-12,274,3,74,2,300,60.0,18200,22700,25700,53.333333,-6.666667,6.666667,5.0880839000456,3,0.417445499915629,True
sub-12,275,3,75,2,300,20.0,7365,8865,14865,32.962963,12.962963,12.962963,5.03834190010093,3,0.683687600074335,True
sub-12,276,3,76,2,300,40.0,10273,13273,17773,54.351852,14.351852,14.351852,7.07351599994581,3,0.717123300069943,True
sub-12,277,3,77,2,60,80.0,10035,11235,11535,69.444444,-10.555556,10.555556,8.07480279996525,3,0.550812500063329,True
sub-12,278,3,78,2,300,60.0,14351,18851,21851,69.722222,9.722222,9.722222,3.35678300005383,3,0.350239699939265,True
sub-12,279,3,79,2,300,80.0,16072,22072,23572,65.462963,-14.537037,14.537037,5.2532871000003,3,0.316792000085115,True
sub-12,280,3,80,2,300,40.0,1638,4638,9138,55.37037,15.37037,15.37037,6.25680490001104,3,0.5671621999936169,True
sub-12,281,3,81,1,12,20.0,24970,25030,25270,33.796296,13.796296,13.796296,5.33872350002639,3,0.56707049999386,True
sub-12,282,3,82,2,60,60.0,10035,10935,11535,45.925926,-14.074074,14.074074,4.62183059996459,2,0.350049500004388,True
sub-12,283,3,83,1,12,80.0,17600,17840,17900,77.12963,-2.87037,2.87037,3.20371240004897,3,0.55063049995806,True
sub-12,284,3,84,2,60,20.0,19722,20022,21222,27.777778,7.777778,7.777778,3.82057630002964,3,0.667469599982723,True
sub-12,285,3,85,1,12,20.0,4600,4660,4900,34.537037,14.537037,14.537037,3.78998280002269,3,0.767171900020912,True
sub-12,286,3,86,1,12,40.0,4600,4720,4900,52.12963,12.12963,12.12963,8.27338849997613,3,0.467382500064559,True
sub-12,287,3,87,1,12,60.0,24250,24430,24550,53.425926,-6.574074,6.574074,4.63863870000932,3,0.617231499985791,True
sub-12,288,3,88,1,12,80.0,3739,3979,4039,71.111111,-8.888889,8.888889,2.4690954000689,3,0.450706200092099,True
sub-12,289,3,89,1,60,20.0,4556,4856,6056,51.481481,31.481481,31.481481,5.39215179998427,3,0.601454999996349,True
sub-12,290,3,90,1,60,40.0,26923,27523,28423,64.259259,24.259259,24.259259,4.55259659991134,3,0.433334499946795,True
sub-12,291,3,91,1,60,60.0,1414,2314,2914,30.37037,-29.62963,29.62963,3.28735160001087,3,0.41637140000239,True
sub-12,292,3,92,2,300,20.0,19476,20976,26976,34.722222,14.722222,14.722222,4.82138439989648,3,0.417181500000879,True
sub-12,293,3,93,1,60,60.0,15628,16528,17128,68.611111,8.611111,8.611111,5.63928760006092,3,0.550450899987481,True
sub-12,294,3,94,2,300,60.0,14066,18566,21566,55.277778,-4.722222,4.722222,7.60785419994499,3,0.433441500063054,True
sub-12,295,3,95,1,12,20.0,13450,13510,13750,75.833333,55.833333,55.833333,2.72322559996973,2,0.449939400074072,True
sub-12,296,3,96,1,60,40.0,6042,6642,7542,39.074074,-0.925926,0.925926,3.45123399992007,2,1.10126840008888,True
sub-12,297,3,97,2,300,40.0,13458,16458,20958,40.740741,0.740741,0.740741,5.65857900003902,3,0.300153300049714,True
sub-12,298,3,98,2,300,80.0,22736,28736,30236,62.962963,-17.037037,17.037037,4.13509560003876,3,0.233425599988549,True
sub-12,299,3,99,2,300,20.0,20069,21569,27569,38.796296,18.796296,18.796296,6.8405167000601,3,0.90047140000388,True
sub-12,300,3,100,1,12,80.0,4600,4840,4900,83.611111,3.611111,3.611111,3.60360680008307,3,0.366800699965097,True
sub-13,1,1,1,2,300,20.0,2522,4022,10022,65.185185,45.185185,45.185185,9.37860049994196,3,2.55223329993896,True
sub-13,2,1,2,2,60,80.0,19722,20922,21222,84.722222,4.722222,4.722222,12.3290947000496,4,4.60461230005603,True
sub-13,3,1,3,1,12,20.0,24970,25030,25270,13.981481,-6.018519,6.018519,8.55882010003551,4,2.16872439999133,True
sub-13,4,1,4,1,12,40.0,26328,26448,26628,52.685185,12.685185,12.685185,11.1305480999872,4,5.87247009994462,True
sub-13,5,1,5,1,60,60.0,5494,6394,6994,62.12963,2.12963,2.12963,13.6809769999235,3,1.10136440000496,True
sub-13,6,1,6,1,12,20.0,9950,10010,10250,51.203704,31.203704,31.203704,9.54391609993763,2,3.18613709998317,True
sub-13,7,1,7,2,300,80.0,12645,18645,20145,87.407407,7.407407,7.407407,10.0744112000102,4,0.950658600078895,True
sub-13,8,1,8,2,60,60.0,21629,22529,23129,81.388889,21.388889,21.388889,32.232227899949,2,1.98494670004583,True
sub-13,9,1,9,1,12,40.0,21800,21920,22100,50.0,10.0,10.0,9.47567710001021,3,3.27006870007608,True
sub-13,10,1,10,2,60,60.0,3650,4550,5150,79.351852,19.351852,19.351852,8.77557930001057,4,1.01746909995563,True
sub-13,11,1,11,2,300,20.0,18922,20422,26422,62.314815,42.314815,42.314815,20.9047353999922,3,3.60323080001398,True
sub-13,12,1,12,2,300,20.0,19988,21488,27488,27.407407,7.407407,7.407407,11.2619695999892,3,1.20124339999165,True
sub-13,13,1,13,2,60,80.0,17621,18821,19121,85.185185,5.185185,5.185185,11.7617697999812,3,1.3009432000108,True
sub-13,14,1,14,1,60,20.0,13942,14242,15442,34.351852,14.351852,14.351852,8.67527750006411,4,1.2513424999779,True
sub-13,15,1,15,2,60,20.0,23865,24165,25365,65.555556,45.555556,45.555556,14.2807806000346,2,1.41815140005201,True
sub-13,16,1,16,1,60,80.0,20386,21586,21886,70.37037,-9.62963,9.62963,9.3095949999988,3,0.516913500032387,True
sub-13,17,1,17,2,60,40.0,25202,25802,26702,30.925926,-9.074074,9.074074,11.1284886000212,4,1.70181210001464,True
sub-13,18,1,18,1,12,80.0,25820,26060,26120,50.37037,-29.62963,29.62963,9.2589778000256,3,1.16774510010145,True
sub-13,19,1,19,2,300,40.0,17351,20351,24851,74.907407,34.907407,34.907407,13.4135736998869,2,1.11722420004662,True
sub-13,20,1,20,1,60,60.0,26923,27823,28423,48.796296,-11.203704,11.203704,14.6146088000386,3,1.46786399988923,True
sub-13,21,1,21,2,300,20.0,16327,17827,23827,32.5,12.5,12.5,13.9136056000133,3,0.550069299992173,True
sub-13,22,1,22,1,12,20.0,12500,12560,12800,49.907407,29.907407,29.907407,8.7930315999547,2,1.61819179996382,True
sub-13,23,1,23,2,60,80.0,9187,10387,10687,71.388889,-8.611111,8.611111,10.9611584999365,3,1.95159790001343,True
sub-13,24,1,24,2,300,60.0,1638,6138,9138,39.814815,-20.185185,20.185185,14.7152176999952,1,2.05153910000808,True
sub-13,25,1,25,1,12,60.0,24970,25150,25270,77.314815,17.314815,17.314815,11.6451753999572,2,1.78531109995674,True
sub-13,26,1,26,2,60,20.0,11369,11669,12869,23.333333,3.333333,3.333333,6.05668010003864,2,3.019443300087,True
sub-13,27,1,27,2,300,80.0,1960,7960,9460,71.759259,-8.240741,8.240741,10.0428952000802,4,1.03431419993285,True
sub-13,28,1,28,2,300,40.0,19988,22988,27488,57.962963,17.962963,17.962963,11.3451760000316,3,1.36725259991362,True
sub-13,29,1,29,2,300,60.0,13458,17958,20958,52.777778,-7.222222,7.222222,13.4468373999698,3,0.583631300018169,True
sub-13,30,1,30,1,60,80.0,6042,7242,7542,66.759259,-13.240741,13.240741,7.79075189994182,3,0.383971499977633,True
sub-13,31,1,31,2,300,80.0,18200,24200,25700,67.87037,-12.12963,12.12963,20.7042846999829,1,2.46902680001221,True
sub-13,32,1,32,1,12,20.0,3739,3799,4039,43.240741,23.240741,23.240741,11.1444618999958,3,1.05079939996358,True
sub-13,33,1,33,2,300,60.0,13557,18057,21057,59.259259,-0.740741,0.740741,19.2188800999429,3,0.450365199940279,True
sub-13,34,1,34,2,60,40.0,3650,4250,5150,25.37037,-14.62963,14.62963,12.9129123999737,3,0.683998699998483,True
sub-13,35,1,35,1,60,20.0,22148,22448,23648,33.333333,13.333333,13.333333,24.8079664999386,2,0.784324100008234,True
sub-13,36,1,36,2,300,20.0,11153,12653,18653,10.833333,-9.166667,9.166667,10.6439405999844,4,1.85168359999079,True
sub-13,37,1,37,2,60,60.0,12596,13496,14096,48.425926,-11.574074,11.574074,18.1014134000288,1,0.534275299985893,True
sub-13,38,1,38,2,300,60.0,5739,10239,13239,19.166667,-40.833333,40.833333,10.2774079999653,3,2.13570540002547,True
sub-13,39,1,39,2,300,80.0,13557,19557,21057,69.722222,-10.277778,10.277778,27.3943630999419,2,1.30091160000301,True
sub-13,40,1,40,2,300,20.0,13557,15057,21057,18.333333,-1.666667,1.666667,25.7923363000154,2,1.50147550005931,True
sub-13,41,1,41,1,12,80.0,13450,13690,13750,85.833333,5.833333,5.833333,6.72371719998773,3,1.28382300003431,True
sub-13,42,1,42,1,60,80.0,15628,16828,17128,65.277778,-14.722222,14.722222,10.4604368000291,3,1.05099050002172,True
sub-13,43,1,43,2,300,80.0,16072,22072,23572,73.425926,-6.574074,6.574074,14.2313836999237,3,0.616877399967052,True
sub-13,44,1,44,2,300,20.0,13458,14958,20958,16.944444,-3.055556,3.055556,8.00829689996317,4,2.16872870002407,True
sub-13,45,1,45,1,12,60.0,25820,26000,26120,41.111111,-18.888889,18.888889,25.1923460999969,3,0.467108299955725,True
sub-13,46,1,46,2,300,40.0,7365,10365,14865,27.87037,-12.12963,12.12963,16.249715300044,3,1.50112330005504,True
sub-13,47,1,47,2,300,20.0,9381,10881,16881,55.185185,35.185185,35.185185,5.0050695000682,1,1.43458860006649,True
sub-13,48,1,48,2,300,60.0,16072,20572,23572,67.407407,7.407407,7.407407,5.35563729994464,2,1.08433470001909,True
sub-13,49,1,49,1,12,80.0,23864,24105,24165,62.962963,-17.037037,17.037037,11.7618073000339,2,0.934268599958159,True
sub-13,50,1,50,1,12,80.0,3739,3979,4039,87.777778,7.777778,7.777778,6.37358550005592,4,0.80074069998227,True
sub-13,51,1,51,1,60,60.0,15628,16528,17128,52.87037,-7.12963,7.12963,14.0645143999718,1,0.600410700077191,True
sub-13,52,1,52,1,12,60.0,21273,21453,21573,32.407407,-27.592593,27.592593,9.19263559998944,4,0.566898699966259,True
sub-13,53,1,53,2,60,20.0,19722,20022,21222,10.0,-10.0,10.0,7.47464909998234,4,0.500246500014327,True
sub-13,54,1,54,2,300,80.0,13458,19458,20958,65.740741,-14.259259,14.259259,14.8484796999255,3,0.533526999992318,True
sub-13,55,1,55,2,300,60.0,7365,11865,14865,19.444444,-40.555556,40.555556,7.71075410000048,4,0.817355500068515,True
sub-13,56,1,56,2,300,20.0,19476,20976,26976,19.259259,-0.740741,0.740741,7.15787430002819,4,0.616981900064274,True
sub-13,57,1,57,1,12,20.0,26328,26388,26628,52.407407,32.407407,32.407407,11.8130810000002,2,1.95191069995053,True
sub-13,58,1,58,2,60,40.0,16451,17051,17951,14.722222,-25.277778,25.277778,8.20880190003663,3,0.550621700007468,True
sub-13,59,1,59,2,300,60.0,19476,23976,26976,27.5,-32.5,32.5,9.40730910003185,2,0.917661100043915,True
sub-13,60,1,60,2,300,80.0,11153,17153,18653,13.148148,-66.851852,66.851852,15.4487382000079,4,0.567182900034822,True
sub-13,61,1,61,1,60,20.0,1414,1714,2914,26.296296,6.296296,6.296296,9.27593720005825,4,1.76847030001226,True
sub-13,62,1,62,1,60,80.0,22148,23348,23648,51.111111,-28.888889,28.888889,11.3285472999559,1,0.533776800031773,True
sub-13,63,1,63,1,12,60.0,13450,13630,13750,50.0,-10.0,10.0,7.42444820003584,2,0.500281399930827,True
sub-13,64,1,64,2,60,80.0,3650,4850,5150,81.574074,1.574074,1.574074,6.02319149998948,3,0.433678600005805,True
sub-13,65,1,65,2,60,20.0,21629,21929,23129,81.851852,61.851852,61.851852,8.94279170001391,4,2.4690421000123,True
sub-13,66,1,66,1,60,40.0,6042,6642,7542,76.944444,36.944444,36.944444,5.65580049995333,4,0.650381500017829,True
sub-13,67,1,67,2,300,40.0,10518,13518,18018,73.425926,33.425926,33.425926,16.1830937000922,3,1.65158160007558,True
sub-13,68,1,68,1,12,60.0,14329,14509,14629,60.092593,0.092593,0.092593,6.33985930006019,4,0.867605100036598,True
sub-13,69,1,69,1,12,20.0,4600,4660,4900,30.925926,10.925926,10.925926,9.69287009991239,3,2.1018251000205,True
sub-13,70,1,70,2,60,80.0,11369,12569,12869,78.981481,-1.018519,1.018519,11.8118538999697,3,0.54981100000441,True
sub-13,71,1,71,1,12,20.0,6414,6474,6714,35.833333,15.833333,15.833333,7.67478410003241,3,1.68489759997464,True
sub-13,72,1,72,1,12,80.0,4600,4840,4900,66.759259,-13.240741,13.240741,6.24000060011167,3,0.68352279998362,True
sub-13,73,1,73,1,12,60.0,3739,3919,4039,67.5,7.5,7.5,6.07281699997838,3,0.984121799934655,True
sub-13,74,1,74,2,300,40.0,16327,19327,23827,86.666667,46.666667,46.666667,9.27611010009422,4,1.20120309991762,True
sub-13,75,1,75,1,12,20.0,21800,21860,22100,50.0,30.0,30.0,14.1974296000553,2,0.48338829993736,True
sub-13,76,1,76,2,300,80.0,10518,16518,18018,49.351852,-30.648148,30.648148,7.34075319999828,1,0.900956899975426,True
sub-13,77,1,77,1,12,80.0,15162,15402,15462,73.611111,-6.388889,6.388889,11.9957420999417,3,1.41765680001117,True
sub-13,78,1,78,2,60,40.0,14390,14990,15890,65.555556,25.555556,25.555556,12.6961484999628,3,1.25113799993414,True
sub-13,79,1,79,1,12,40.0,16152,16272,16452,36.203704,-3.796296,3.796296,16.4666745000286,3,0.750255800085142,True
sub-13,80,1,80,1,12,20.0,16152,16212,16452,14.444444,-5.555556,5.555556,8.69180719996802,3,0.750459800008684,True
sub-13,81,1,81,1,60,40.0,15628,16228,17128,30.555556,-9.444444,9.444444,7.94179700000677,3,0.650336600025184,True
sub-13,82,1,82,2,60,40.0,11369,11969,12869,51.759259,11.759259,11.759259,8.84192800009623,1,1.15085089998319,True
sub-13,83,1,83,1,12,80.0,9950,10190,10250,68.055556,-11.944444,11.944444,14.8648701000493,2,0.500097200041636,True
sub-13,84,1,84,2,300,40.0,13557,16557,21057,27.5,-12.5,12.5,7.45759500004351,3,1.00137470010668,True
sub-13,85,1,85,2,300,20.0,18200,19700,25700,51.574074,31.574074,31.574074,15.5319440999301,2,0.734112599981017,True
sub-13,86,1,86,1,60,80.0,4556,5756,6056,69.537037,-10.462963,10.462963,5.07231950003188,4,0.767431800020858,True
sub-13,87,1,87,2,300,80.0,11085,17085,18585,12.962963,-67.037037,67.037037,4.58751689991913,2,1.98500450002029,True
sub-13,88,1,88,2,300,20.0,10518,12018,18018,12.685185,-7.314815,7.314815,6.39007009996566,4,0.750747699989005,True
sub-13,89,1,89,2,300,20.0,14351,15851,21851,69.722222,49.722222,49.722222,29.4291557999094,3,0.633808100013993,True
sub-13,90,1,90,2,300,60.0,11153,15653,18653,61.111111,1.111111,1.111111,6.57405579998157,3,0.717229199944995,True
sub-13,91,1,91,1,12,60.0,17600,17780,17900,68.888889,8.888889,8.888889,12.8626088999444,3,0.483494599931873,True
sub-13,92,1,92,2,300,60.0,1960,6460,9460,47.777778,-12.222222,12.222222,14.4976818999275,2,0.800693499972112,True
sub-13,93,1,93,1,12,40.0,10400,10520,10700,48.796296,8.796296,8.796296,7.69115610001608,2,0.467106600059196,True
sub-13,94,1,94,2,60,20.0,12596,12896,14096,34.814815,14.814815,14.814815,25.8763834000565,2,0.617116300039924,True
sub-13,95,1,95,2,300,80.0,14066,20066,21566,45.462963,-34.537037,34.537037,11.4941739999922,1,0.917577300104312,True
sub-13,96,1,96,1,12,40.0,21273,21393,21573,16.666667,-23.333333,23.333333,4.77161900000646,4,0.550541699980385,True
sub-13,97,1,97,1,12,60.0,12500,12680,12800,45.555556,-14.444444,14.444444,13.9473096999572,2,0.500430900021456,True
sub-13,98,1,98,1,12,60.0,9950,10130,10250,53.425926,-6.574074,6.574074,7.70696860004682,1,2.36913639993872,True
sub-13,99,1,99,1,12,40.0,12500,12620,12800,43.518519,3.518519,3.518519,4.97176059999037,2,1.98533190006855,True
sub-13,100,1,100,2,300,40.0,14066,17066,21566,36.574074,-3.425926,3.425926,7.69123610004317,2,1.65154019999317,True
sub-13,101,2,1,2,300,40.0,21224,24224,28724,67.12963,27.12963,27.12963,11.7334552000975,3,1.35168510000221,True
sub-13,102,2,2,1,12,60.0,2393,2573,2693,31.944444,-28.055556,28.055556,16.4495231000473,3,0.667039399966597,True
sub-13,103,2,3,1,12,80.0,24970,25210,25270,82.314815,2.314815,2.314815,8.74201399995945,3,0.484012400032952,True
sub-13,104,2,4,1,12,60.0,16152,16332,16452,75.833333,15.833333,15.833333,8.3084001999814,3,0.917129400069825,True
sub-13,105,2,5,1,12,60.0,15162,15342,15462,64.907407,4.907407,4.907407,6.15593489992898,3,0.633951299940235,True
sub-13,106,2,6,2,60,60.0,19722,20622,21222,69.444444,9.444444,9.444444,9.7431704000337,3,0.617137199966237,True
sub-13,107,2,7,1,12,40.0,11500,11620,11800,79.62963,39.62963,39.62963,16.7001814000541,3,0.734455799916759,True
sub-13,108,2,8,1,60,20.0,2714,3014,4214,23.148148,3.148148,3.148148,7.97507779998704,4,1.00105790002271,True
sub-13,109,2,9,1,12,20.0,2486,2546,2786,39.166667,19.166667,19.166667,6.55700100003741,3,0.850929299951531,True
sub-13,110,2,10,2,300,60.0,21224,25724,28724,67.5,7.5,7.5,12.2791011999361,3,0.984598400071263,True
sub-13,111,2,11,2,300,20.0,10273,11773,17773,9.907407,-10.092593,10.092593,7.07372920005582,3,0.467041400028392,True
sub-13,112,2,12,2,300,20.0,17351,18851,24851,68.796296,48.796296,48.796296,7.84089630004018,2,1.0170709999511,True
sub-13,113,2,13,2,300,20.0,14066,15566,21566,38.333333,18.333333,18.333333,8.85902470001019,3,1.96828970010392,True
sub-13,114,2,14,1,60,80.0,13176,14376,14676,55.740741,-24.259259,24.259259,6.13979220006149,2,0.633856400032527,True
sub-13,115,2,15,1,60,40.0,13942,14542,15442,39.537037,-0.462963,0.462963,10.2438415000215,3,0.617889999994076,True
sub-13,116,2,16,1,12,80.0,10400,10640,10700,45.833333,-34.166667,34.166667,20.2871695000212,1,0.683926999918185,True
sub-13,117,2,17,1,12,80.0,16152,16392,16452,91.759259,11.759259,11.759259,11.5614081999519,4,0.416853599948808,True
sub-13,118,2,18,2,300,40.0,13458,16458,20958,35.277778,-4.722222,4.722222,9.84273909998592,3,0.417196599999442,True
sub-13,119,2,19,2,60,60.0,25202,26102,26702,50.648148,-9.351852,9.351852,15.0648093000054,2,0.500231600017286,True
sub-13,120,2,20,1,60,40.0,20386,20986,21886,58.518519,18.518519,18.518519,32.4824105000589,2,0.584278199938125,True
sub-13,121,2,21,2,300,40.0,11153,14153,18653,18.888889,-21.111111,21.111111,10.6615138000343,3,0.533937999978661,True
sub-13,122,2,22,1,60,60.0,2714,3614,4214,74.907407,14.907407,14.907407,6.67311710002832,3,0.417828100034967,True
sub-13,124,2,24,2,300,80.0,21224,27224,28724,77.314815,-2.685185,2.685185,19.2361902000848,4,4.27088680001907,True
sub-13,125,2,25,2,60,80.0,25202,26402,26702,80.185185,0.185185,0.185185,13.0794416000135,4,1.06754429999273,True
sub-13,126,2,26,2,60,40.0,12596,13196,14096,81.574074,41.574074,41.574074,13.9975681999931,4,0.450057399924844,True
sub-13,127,2,27,1,12,20.0,15162,15222,15462,49.259259,29.259259,29.259259,6.28981550002936,1,0.750924200052395,True
sub-13,128,2,28,2,300,20.0,16072,17572,23572,56.018519,36.018519,36.018519,10.0098427999764,1,1.03405929997097,True
sub-13,129,2,29,1,60,80.0,5494,6694,6994,65.185185,-14.814815,14.814815,9.39347680006176,3,0.517220999929122,True
sub-13,130,2,30,1,12,40.0,9950,10070,10250,49.351852,9.351852,9.351852,13.7802793000591,1,0.750607800087891,True
sub-13,131,2,31,1,60,20.0,15628,15928,17128,32.592593,12.592593,12.592593,8.90867290005553,3,1.06804670009296,True
sub-13,132,2,32,1,60,20.0,26923,27223,28423,49.722222,29.722222,29.722222,4.78835739998612,2,0.533353500068187,True
sub-13,133,2,33,1,12,80.0,6414,6654,6714,72.5,-7.5,7.5,6.43976219999603,3,0.984198099933564,True
sub-13,134,2,34,1,60,60.0,6042,6942,7542,81.296296,21.296296,21.296296,7.90803440008312,4,0.516787500004284,True
sub-13,135,2,35,2,300,60.0,19988,24488,27488,43.055556,-16.944444,16.944444,24.9086937999818,1,0.602610299945809,True
sub-13,136,2,36,2,60,20.0,16451,16751,17951,51.296296,31.296296,31.296296,9.44309719989542,1,0.433837099932134,True
sub-13,137,2,37,2,300,40.0,1960,4960,9460,51.388889,11.388889,11.388889,9.70789680001325,2,0.466482799965888,True
sub-13,138,2,38,2,60,20.0,9187,9487,10687,20.185185,0.185185,0.185185,6.35597830009646,4,1.48471190000418,True
sub-13,139,2,39,1,12,40.0,1602,1722,1902,31.759259,-8.240741,8.240741,14.3984394998988,3,0.600461399997584,True
sub-13,140,2,40,2,300,60.0,10518,15018,18018,61.759259,1.759259,1.759259,16.367123599979,3,0.367143899900838,True
sub-13,141,2,41,2,300,80.0,17351,23351,24851,54.907407,-25.092593,25.092593,19.3857952998951,1,0.983943999977782,True
sub-13,142,2,42,1,12,40.0,2486,2606,2786,38.888889,-1.111111,1.111111,5.83901670004706,2,0.700482700020074,True
sub-13,143,2,43,2,300,60.0,16327,20827,23827,67.777778,7.777778,7.777778,16.1989305999595,3,0.333919500000774,True
sub-13,144,2,44,2,300,40.0,14351,17351,21851,67.777778,27.777778,27.777778,10.3269138999748,3,0.667305900016799,True
sub-13,145,2,45,1,12,60.0,26328,26508,26628,62.314815,2.314815,2.314815,14.5807125999126,3,1.45090680010616,True
sub-13,146,2,46,2,300,80.0,10273,16273,17773,65.37037,-14.62963,14.62963,18.0678344999905,3,0.350595199968665,True
sub-13,147,2,47,2,300,40.0,9381,12381,16881,65.37037,25.37037,25.37037,16.0665106999222,1,0.884053199901245,True
sub-13,148,2,48,2,300,20.0,5739,7239,13239,10.462963,-9.537037,9.537037,5.25527029996737,3,2.56882539996877,True
sub-13,149,2,49,2,300,80.0,5739,11739,13239,24.351852,-55.648148,55.648148,6.49039499997161,3,0.867547199944965,True
sub-13,150,2,50,2,300,40.0,19476,22476,26976,89.351852,49.351852,49.351852,7.09032760001719,3,1.06746280007064,True
sub-13,151,2,51,1,12,20.0,14329,14389,14629,27.685185,7.685185,7.685185,8.89178760000504,3,0.667259100009687,True
sub-13,152,2,52,2,300,60.0,18922,23422,26422,58.796296,-1.203704,1.203704,10.2441263000946,2,0.467175099998712,True
sub-13,153,2,53,2,60,40.0,25895,26495,27395,33.703704,-6.296296,6.296296,15.2485909999813,3,1.13424770010169,True
sub-13,154,2,54,2,300,20.0,1960,3460,9460,29.907407,9.907407,9.907407,5.20594859996344,3,0.934178100083954,True
sub-13,155,2,55,2,300,40.0,18922,21922,26422,45.092593,5.092593,5.092593,19.8539358000271,2,0.550814599962905,True
sub-13,156,2,56,2,300,20.0,21224,22724,28724,61.481481,41.481481,41.481481,21.3047578999539,2,1.40147610008716,True
sub-13,157,2,57,1,60,80.0,13942,15142,15442,74.351852,-5.648148,5.648148,4.15430419996846,3,0.783839200041256,True
sub-13,158,2,58,1,12,40.0,4600,4720,4900,49.259259,9.259259,9.259259,5.58834849996492,2,1.25384440005291,True
sub-13,159,2,59,2,300,60.0,14351,18851,21851,43.240741,-16.759259,16.759259,17.3648743000812,1,0.533689999952912,True
sub-13,160,2,60,1,12,80.0,15586,15826,15886,64.537037,-15.462963,15.462963,5.72197589999996,2,1.01788739999756,True
sub-13,161,2,61,2,60,60.0,14390,15290,15890,33.055556,-26.944444,26.944444,7.49062369996681,3,1.53532020002603,True
sub-13,162,2,62,1,12,40.0,23864,23985,24165,32.222222,-7.777778,7.777778,19.5528106000274,2,1.35108040005434,True
sub-13,163,2,63,1,12,40.0,14329,14449,14629,39.722222,-0.277778,0.277778,4.98847850004676,2,0.500580899999477,True
sub-13,164,2,64,1,60,60.0,13176,14076,14676,49.907407,-10.092593,10.092593,6.55628239992074,2,0.449805599986575,True
sub-13,165,2,65,2,60,80.0,16451,17651,17951,86.666667,6.666667,6.666667,4.17087310005445,3,1.00057530007325,True
sub-13,166,2,66,1,60,60.0,13942,14842,15442,65.740741,5.740741,5.740741,13.5469576999312,2,1.65158360009081,True
sub-13,167,2,67,1,12,40.0,2393,2513,2693,63.518519,23.518519,23.518519,7.82439349999185,3,0.617415599990636,True
sub-13,168,2,68,2,300,20.0,22736,24236,30236,29.444444,9.444444,9.444444,15.8157143999123,3,0.500546699971891,True
sub-13,169,2,69,1,12,20.0,10400,10460,10700,35.740741,15.740741,15.740741,4.7074853000231,3,0.450144300004467,True
sub-13,170,2,70,2,60,40.0,23865,24465,25365,28.333333,-11.666667,11.666667,7.52534529997501,1,0.551030000089667,True
sub-13,171,2,71,1,60,60.0,22148,23048,23648,59.444444,-0.555556,0.555556,9.40671350003685,1,0.634359199902974,True
sub-13,172,2,72,1,12,40.0,15586,15706,15886,51.759259,11.759259,11.759259,5.29127160005737,2,0.71779340005014,True
sub-13,173,2,73,1,60,20.0,6042,6342,7542,14.907407,-5.092593,5.092593,5.17192079999949,3,1.00087850005365,True
sub-13,174,2,74,1,60,60.0,1414,2314,2914,50.740741,-9.259259,9.259259,6.29071989993099,1,0.934632800053805,True
sub-13,175,2,75,1,12,60.0,15586,15766,15886,41.851852,-18.148148,18.148148,6.27064939995762,2,4.4543753999751,True
sub-13,176,2,76,1,60,40.0,2714,3314,4214,80.925926,40.925926,40.925926,5.35537869995459,4,0.46697559999302,True
sub-13,177,2,77,2,60,80.0,21629,22829,23129,86.851852,6.851852,6.851852,9.49317540007177,4,0.56714059994556,True
sub-13,178,2,78,1,12,20.0,15586,15646,15886,18.240741,-1.759259,1.759259,3.48724869999568,3,0.433576500043272,True
sub-13,179,2,79,1,60,40.0,1414,2014,2914,22.962963,-17.037037,17.037037,4.3037693001097,3,0.567143899970687,True
sub-13,180,2,80,2,300,80.0,9381,15381,16881,46.574074,-33.425926,33.425926,6.45663379994221,1,1.2011803999776,True
sub-13,181,2,81,2,300,60.0,12645,17145,20145,13.425926,-46.574074,46.574074,9.29235020000487,3,1.03475890005938,True
sub-13,182,2,82,1,12,80.0,29300,29540,29600,56.851852,-23.148148,23.148148,5.55567450006492,2,0.866932100034318,True
sub-13,183,2,83,1,12,60.0,29300,29480,29600,41.481481,-18.518519,18.518519,15.1180998000781,2,1.13411800004541,True
sub-13,184,2,84,1,12,80.0,24250,24490,24550,81.203704,1.203704,1.203704,4.08804029994644,2,0.567180100013501,True
sub-13,185,2,85,1,12,40.0,29300,29420,29600,51.203704,11.203704,11.203704,12.2100220000138,2,0.333254199940711,True
sub-13,186,2,86,1,60,40.0,4556,5156,6056,71.111111,31.111111,31.111111,5.78872730000875,3,0.800502400030382,True
sub-13,187,2,87,1,12,80.0,21273,21513,21573,69.814815,-10.185185,10.185185,4.18738779996056,3,0.233337500016205,True
sub-13,188,2,88,1,12,20.0,25820,25880,26120,59.537037,39.537037,39.537037,6.42310830007772,3,1.98539040004834,True
sub-13,189,2,89,2,300,80.0,14351,20351,21851,48.611111,-31.388889,31.388889,11.9283993000863,1,0.801168699981644,True
sub-13,190,2,90,1,12,80.0,11500,11740,11800,53.333333,-26.666667,26.666667,9.42607060004957,2,3.95406150002963,True
sub-13,191,2,91,1,60,40.0,5494,6094,6994,19.907407,-20.092593,20.092593,8.39182330004405,2,2.46859070006757,True
sub-13,192,2,92,1,12,80.0,1602,1842,1902,75.37037,-4.62963,4.62963,7.80748319998383,3,0.317183100036345,True
sub-13,193,2,93,1,12,20.0,23864,23925,24165,30.925926,10.925926,10.925926,7.09029880003072,3,0.367302100057713,True
sub-13,194,2,94,2,300,80.0,16327,22327,23827,79.166667,-0.833333,0.833333,10.8103890999918,3,0.400010499986819,True
sub-13,195,2,95,1,12,80.0,27281,27521,27581,61.666667,-18.333333,18.333333,5.53943260002415,1,0.700831599999219,True
sub-13,196,2,96,2,300,40.0,5739,8739,13239,56.018519,16.018519,16.018519,11.0441967999795,1,0.517240499961189,True
sub-13,197,2,97,2,60,20.0,3650,3950,5150,27.5,7.5,7.5,4.18825949996244,3,0.300401699962094,True
sub-13,198,2,98,1,12,40.0,6414,6534,6714,34.907407,-5.092593,5.092593,5.32177849998697,3,0.333468300057575,True
sub-13,199,2,99,2,60,60.0,23865,24765,25365,50.185185,-9.814815,9.814815,11.8787046000361,1,2.80251840001437,True
sub-13,200,2,100,2,300,80.0,1638,7638,9138,66.759259,-13.240741,13.240741,14.3639644000213,3,0.434174999943934,True
sub-13,201,3,1,1,12,60.0,23864,24045,24165,44.722222,-15.277778,15.277778,7.78127569996286,1,0.450599600095301,True
sub-13,202,3,2,1,12,40.0,25820,25940,26120,33.611111,-6.388889,6.388889,6.18911180004943,2,0.885148499975912,True
sub-13,203,3,3,1,12,60.0,6414,6594,6714,51.203704,-8.796296,8.796296,6.0227436000714,2,0.567335000028833,True
sub-13,204,3,4,1,12,80.0,26328,26568,26628,62.037037,-17.962963,17.962963,7.8079349999316,3,0.366752699948847,True
sub-13,205,3,5,2,300,80.0,2522,8522,10022,62.5,-17.5,17.5,13.7808662999887,3,0.299666999955661,True
sub-13,206,3,6,2,300,20.0,7365,8865,14865,11.111111,-8.888889,8.888889,14.7145701999543,4,0.917813200037926,True
sub-13,207,3,7,2,60,60.0,17621,18521,19121,57.685185,-2.314815,2.314815,20.6540859999367,1,0.400350400013849,True
sub-13,208,3,8,2,300,40.0,12645,15645,20145,68.425926,28.425926,28.425926,17.0671887999633,3,0.317262799944728,True
sub-13,209,3,9,1,60,60.0,4556,5456,6056,64.62963,4.62963,4.62963,8.70835029997397,3,0.333479800028726,True
sub-13,210,3,10,2,300,40.0,18200,21200,25700,78.425926,38.425926,38.425926,22.8229318000376,3,0.867368899984285,True
sub-13,211,3,11,1,12,40.0,15162,15282,15462,50.277778,10.277778,10.277778,7.44088559993542,2,0.483734700013883,True
sub-13,212,3,12,2,300,60.0,18200,22700,25700,48.888889,-11.111111,11.111111,7.32404209999367,1,0.433507400099188,True
sub-13,213,3,13,1,60,40.0,26923,27523,28423,67.87037,27.87037,27.87037,6.33940479997545,2,0.417243000003509,True
sub-13,214,3,14,1,12,40.0,24250,24370,24550,62.037037,22.037037,22.037037,7.79138800001237,3,0.484395600040443,True
sub-13,215,3,15,2,60,40.0,28296,28896,29796,35.648148,-4.351852,4.351852,14.2978592000436,3,0.350378699949942,True
sub-13,216,3,16,2,60,60.0,11369,12269,12869,67.592593,7.592593,7.592593,5.55824179993942,1,0.717386500095017,True
sub-13,217,3,17,2,60,80.0,23865,25065,25365,77.962963,-2.037037,2.037037,12.2096655999775,3,0.400123600033111,True
sub-13,218,3,18,2,300,40.0,16072,19072,23572,57.87037,17.87037,17.87037,6.05576469993684,1,1.13436329993419,True
sub-13,219,3,19,2,300,20.0,20069,21569,27569,35.462963,15.462963,15.462963,4.38769120001234,2,0.383531900006346,True
sub-13,220,3,20,2,60,60.0,28296,29196,29796,49.259259,-10.740741,10.740741,9.22627390001434,2,3.57006179995369,True
sub-13,221,3,21,1,60,60.0,20386,21286,21886,54.166667,-5.833333,5.833333,9.34287920000497,2,0.483094199909828,True
sub-13,222,3,22,2,300,60.0,9381,13881,16881,53.148148,-6.851852,6.851852,5.322211499908,1,1.33514659991487,True
sub-13,223,3,23,2,60,80.0,25895,27095,27395,50.277778,-29.722222,29.722222,10.5102016999153,3,0.633398100035265,True
sub-13,224,3,24,1,12,60.0,1602,1782,1902,64.62963,4.62963,4.62963,3.06995530007407,3,0.249772100010886,True
sub-13,225,3,25,1,12,60.0,24250,24430,24550,29.814815,-30.185185,30.185185,6.1391619000351,2,0.784162100055255,True
sub-13,226,3,26,1,60,40.0,22148,22748,23648,50.277778,10.277778,10.277778,3.37002669996581,2,1.63479500007815,True
sub-13,227,3,27,2,300,60.0,20069,24569,27569,62.777778,2.777778,2.777778,5.70606870006304,2,1.80158680002205,True
sub-13,228,3,28,1,12,40.0,17600,17720,17900,44.074074,4.074074,4.074074,4.62098410003818,3,0.867380100069567,True
sub-13,229,3,29,2,60,80.0,12596,13796,14096,59.722222,-20.277778,20.277778,4.62133400002494,1,0.550477199954912,True
sub-13,230,3,30,1,12,80.0,21800,22040,22100,94.537037,14.537037,14.537037,8.89202999998815,3,2.86945270001888,True
sub-13,231,3,31,2,60,60.0,9187,10087,10687,70.925926,10.925926,10.925926,5.52255470003001,3,0.250457600108347,True
sub-13,232,3,32,1,60,20.0,5494,5794,6994,36.481481,16.481481,16.481481,17.7340262000216,3,0.350259399972856,True
sub-13,233,3,33,2,300,80.0,7365,13365,14865,65.277778,-14.722222,14.722222,5.42186819994822,3,0.133677900070324,True
sub-13,234,3,34,2,300,40.0,22736,25736,30236,74.907407,34.907407,34.907407,15.6988771000178,3,0.183791999937966,True
sub-13,235,3,35,2,60,20.0,25202,25502,26702,74.907407,54.907407,54.907407,8.00812979997135,3,0.15023819997441,True
sub-13,236,3,36,1,12,20.0,13450,13510,13750,74.907407,54.907407,54.907407,13.7971089999191,3,0.433632100000977,True
sub-13,237,3,37,2,60,40.0,17621,18221,19121,29.351852,-10.648148,10.648148,18.2679065000265,1,0.382775500067509,True
sub-13,238,3,38,2,300,80.0,18922,24922,26422,48.240741,-31.759259,31.759259,10.5441853998927,1,0.366658100043423,True
sub-13,239,3,39,2,60,20.0,14390,14690,15890,24.814815,4.814815,4.814815,6.28965069993864,4,0.316800200031138,True
sub-13,240,3,40,2,300,60.0,17351,21851,24851,38.055556,-21.944444,21.944444,3.68679299997165,1,0.517432700027711,True
sub-13,241,3,41,1,12,20.0,17600,17660,17900,76.759259,56.759259,56.759259,7.85765869996976,2,1.3680280999979,True
sub-13,242,3,42,2,300,20.0,1638,3138,9138,34.62963,14.62963,14.62963,7.52389229997061,3,0.48363639996387,True
sub-13,243,3,43,1,12,80.0,12500,12740,12800,40.648148,-39.351852,39.351852,28.5791036000009,2,0.384115599910728,True
sub-13,244,3,44,1,12,40.0,3739,3859,4039,48.981481,8.981481,8.981481,5.78987760003656,2,0.350123099982738,True
sub-13,245,3,45,2,60,20.0,17621,17921,19121,23.611111,3.611111,3.611111,4.92177929996978,3,0.433701200061477,True
sub-13,246,3,46,2,60,20.0,25895,26195,27395,62.87037,42.87037,42.87037,4.48809020000044,3,0.166578099946491,True
sub-13,247,3,47,2,60,40.0,21629,22229,23129,86.203704,46.203704,46.203704,5.17178009997587,3,0.416957600042223,True
sub-13,248,3,48,1,12,40.0,27281,27401,27581,44.351852,4.351852,4.351852,10.9945435000117,2,0.717851000023074,True
sub-13,249,3,49,2,60,60.0,16451,17351,17951,74.62963,14.62963,14.62963,13.063049999997,4,1.20098229998257,True
sub-13,250,3,50,1,12,60.0,2486,2666,2786,82.685185,22.685185,22.685185,4.5372412999859,4,0.383880399982444,True
sub-13,251,3,51,2,300,40.0,11085,14085,18585,14.259259,-25.740741,25.740741,17.6849675999255,4,0.584321000031195,True
sub-13,252,3,52,1,12,80.0,17600,17840,17900,90.37037,10.37037,10.37037,3.25343859998974,4,0.349765900056809,True
sub-13,253,3,53,1,60,80.0,2714,3914,4214,76.018519,-3.981481,3.981481,5.52253289998043,4,0.383567300043068,True
sub-13,254,3,54,1,12,20.0,24250,24310,24550,72.592593,52.592593,52.592593,4.55810729996301,3,0.800975100020878,True
sub-13,255,3,55,2,300,40.0,1638,4638,9138,50.833333,10.833333,10.833333,5.35324540000874,2,0.917366400011815,True
sub-13,256,3,56,1,12,60.0,4600,4780,4900,74.814815,14.814815,14.814815,8.37502329994458,3,0.70081409998238,True
sub-13,257,3,57,2,300,60.0,11085,15585,18585,62.037037,2.037037,2.037037,17.0004001000197,3,1.33415179990697,True
sub-13,258,3,58,2,60,40.0,10035,10635,11535,44.62963,4.62963,4.62963,17.9179515000432,2,1.50177800003439,True
sub-13,259,3,59,2,60,80.0,28296,29496,29796,74.537037,-5.462963,5.462963,11.1778646999737,3,0.98426619998645,True
sub-13,260,3,60,1,12,20.0,11500,11560,11800,51.666667,31.666667,31.666667,11.6283076000399,2,0.384187199990265,True
sub-13,261,3,61,2,60,80.0,14390,15590,15890,78.611111,-1.388889,1.388889,4.08774939994327,4,0.500320300110615,True
sub-13,262,3,62,1,12,40.0,24970,25090,25270,82.037037,42.037037,42.037037,20.5042787999846,2,0.316466000047512,True
sub-13,263,3,63,1,12,20.0,1602,1662,1902,53.148148,33.148148,33.148148,8.77576839993707,2,0.383631099946796,True
sub-13,264,3,64,1,60,80.0,1414,2614,2914,88.055556,8.055556,8.055556,4.10476689995266,4,0.81737449998036,True
sub-13,265,3,65,1,12,20.0,2393,2453,2693,60.740741,40.740741,40.740741,5.77222239994443,3,0.517136299982667,True
sub-13,266,3,66,2,60,60.0,25895,26795,27395,45.277778,-14.722222,14.722222,10.1098802000051,1,1.20104029995854,True
sub-13,267,3,67,1,12,40.0,13450,13570,13750,59.537037,19.537037,19.537037,6.92392990004736,1,0.68412150000222,True
sub-13,268,3,68,2,300,80.0,20069,26069,27569,46.481481,-33.518519,33.518519,18.1682524000061,1,1.217623500037,True
sub-13,269,3,69,2,300,20.0,11085,12585,18585,26.759259,6.759259,6.759259,4.40394860005471,1,0.333399099996313,True
sub-13,270,3,70,1,60,20.0,13176,13476,14676,8.796296,-11.203704,11.203704,2.30221909994725,2,2.90271809999831,True
sub-13,271,3,71,2,300,80.0,22736,28736,30236,32.87037,-47.12963,47.12963,12.0120608999859,2,0.333392500062473,True
sub-13,272,3,72,1,60,80.0,26923,28123,28423,72.314815,-7.685185,7.685185,5.50573770003393,4,0.333798200008459,True
sub-13,273,3,73,1,60,20.0,20386,20686,21886,51.851852,31.851852,31.851852,5.97231079998891,2,0.300395500031299,True
sub-13,274,3,74,1,12,80.0,14329,14569,14629,51.481481,-28.518519,28.518519,6.97369060001801,2,3.87061680003535,True
sub-13,275,3,75,1,12,20.0,21273,21333,21573,17.5,-2.5,2.5,3.65418039995711,4,1.40171070001088,True
sub-13,276,3,76,2,60,20.0,28296,28596,29796,24.722222,4.722222,4.722222,5.00520829996094,4,0.333781900000758,True
sub-13,277,3,77,1,12,20.0,27281,27341,27581,33.981481,13.981481,13.981481,3.05342040001414,1,0.600942299934104,True
sub-13,278,3,78,2,300,60.0,14066,18566,21566,46.944444,-13.055556,13.055556,10.0101468999637,1,0.683678400004282,True
sub-13,279,3,79,2,300,40.0,10273,13273,17773,63.888889,23.888889,23.888889,4.93854749994352,3,1.06798319995868,True
sub-13,280,3,80,1,12,60.0,11500,11680,11800,49.62963,-10.37037,10.37037,7.95828679995611,2,0.417146199964918,True
sub-13,281,3,81,1,12,60.0,27281,27461,27581,68.518519,8.518519,8.518519,5.77237529994454,4,0.584014100022614,True
sub-13,282,3,82,1,12,60.0,21800,21980,22100,67.222222,7.222222,7.222222,7.37420770002063,3,1.28447660000529,True
sub-13,283,3,83,2,60,40.0,19722,20322,21222,67.222222,27.222222,27.222222,11.5950091999256,3,0.233427800005301,True
sub-13,284,3,84,2,60,40.0,9187,9787,10687,61.296296,21.296296,21.296296,7.65801959997043,2,1.31814710004255,True
sub-13,285,3,85,2,300,60.0,22736,27236,30236,49.259259,-10.740741,10.740741,7.67409260000567,1,0.316862099920399,True
sub-13,286,3,86,2,300,20.0,12645,14145,20145,69.444444,49.444444,49.444444,5.05531340010929,1,0.533452300005592,True
sub-13,287,3,87,1,12,20.0,29300,29360,29600,48.333333,28.333333,28.333333,5.40596320002805,1,0.350504699978046,True
sub-13,288,3,88,2,300,60.0,10273,14773,17773,64.166667,4.166667,4.166667,5.50523630005773,3,1.41802060010377,True
sub-13,289,3,89,2,60,80.0,10035,11235,11535,20.740741,-59.259259,59.259259,11.0110715000191,3,1.21792850003112,True
sub-13,290,3,90,2,60,60.0,10035,10935,11535,13.888889,-46.111111,46.111111,3.31986809999216,3,0.516961300047114,True
sub-13,291,3,91,2,300,60.0,2522,7022,10022,55.925926,-4.074074,4.074074,4.84134710009675,3,0.81733859993983,True
sub-13,292,3,92,1,60,40.0,13176,13776,14676,30.925926,-9.074074,9.074074,8.19285510003101,2,0.28340279997792,True
sub-13,293,3,93,1,12,60.0,10400,10580,10700,39.351852,-20.648148,20.648148,10.4081191000295,2,0.583967399899847,True
sub-13,294,3,94,1,12,80.0,2486,2726,2786,79.351852,-0.648148,0.648148,7.9579972999636,3,0.283481599995866,True
sub-13,295,3,95,2,300,80.0,19476,25476,26976,88.981481,8.981481,8.981481,8.92536230001133,4,0.200131500023417,True
sub-13,296,3,96,2,300,40.0,2522,5522,10022,56.944444,16.944444,16.944444,6.00598810007795,2,0.700546400039456,True
sub-13,297,3,97,2,60,20.0,10035,10335,11535,30.277778,10.277778,10.277778,9.81034580001141,2,1.01682630006689,True
sub-13,298,3,98,1,60,20.0,4556,4856,6056,24.537037,4.537037,4.537037,4.22083499992732,3,0.817742499988526,True
sub-13,299,3,99,2,300,40.0,20069,23069,27569,70.925926,30.925926,30.925926,7.87447590008378,3,0.384126999997533,True
sub-14,2,1,2,1,60,40.0,5494,6094,6994,43.796296,3.796296,3.796296,8.20813569996971,4,2.00174779992084,True
sub-14,3,1,3,2,60,40.0,9187,9787,10687,27.407407,-12.592593,12.592593,11.4279531000647,3,2.3524983000243,True
sub-14,4,1,4,1,12,80.0,3739,3979,4039,69.722222,-10.277778,10.277778,5.47233479993883,4,1.26803919998928,True
sub-14,5,1,5,2,300,20.0,17351,18851,24851,46.944444,26.944444,26.944444,11.4115360999712,2,1.21798660000786,True
sub-14,6,1,6,2,300,80.0,10273,16273,17773,43.981481,-36.018519,36.018519,6.53961750003509,3,1.50135290005709,True
sub-14,7,1,7,2,300,60.0,17351,21851,24851,63.148148,3.148148,3.148148,7.52420580002944,2,0.817446599947288,True
sub-14,8,1,8,2,60,80.0,23865,25065,25365,52.962963,-27.037037,27.037037,7.25713519996497,3,0.750196999986656,True
sub-14,9,1,9,2,300,60.0,5739,10239,13239,64.62963,4.62963,4.62963,8.05741410003975,3,1.28500839998014,True
sub-14,10,1,10,2,300,80.0,14066,20066,21566,73.240741,-6.759259,6.759259,10.1104737001005,4,0.800402400083839,True
sub-14,11,1,11,1,12,80.0,4600,4840,4900,70.740741,-9.259259,9.259259,13.5638722999719,4,0.934060300001874,True
sub-14,12,1,12,1,12,80.0,6414,6654,6714,53.240741,-26.759259,26.759259,5.50538650003727,4,1.00066010002046,True
sub-14,13,1,13,1,12,80.0,11500,11740,11800,63.888889,-16.111111,16.111111,5.8893941999413,4,1.20114710007328,True
sub-14,14,1,14,1,60,40.0,1414,2014,2914,55.833333,15.833333,15.833333,6.77380869991611,4,0.800628400058485,True
sub-14,15,1,15,2,300,40.0,1638,4638,9138,71.296296,31.296296,31.296296,11.0608833000296,4,1.33518360008019,True
sub-14,16,1,16,1,60,40.0,20386,20986,21886,66.481481,26.481481,26.481481,13.3304071999154,4,0.850716000073589,True
sub-14,17,1,17,1,12,60.0,12500,12680,12800,48.518519,-11.481481,11.481481,4.3214611998992,4,0.734469799906946,True
sub-14,18,1,18,2,60,40.0,25202,25802,26702,51.018519,11.018519,11.018519,5.37248970009386,4,0.984118500025942,True
sub-14,19,1,19,1,12,20.0,21273,21333,21573,33.611111,13.611111,13.611111,10.5607338000554,4,0.667397900018841,True
sub-14,20,1,20,2,300,60.0,16072,20572,23572,67.407407,7.407407,7.407407,8.9428238000255,3,0.968457199982367,True
sub-14,21,1,21,2,300,40.0,10518,13518,18018,44.351852,4.351852,4.351852,12.3457485999679,2,1.96906789997592,True
sub-14,22,1,22,1,12,20.0,10400,10460,10700,42.037037,22.037037,22.037037,8.07466719998046,4,0.967434899997897,True
sub-14,23,1,23,2,60,80.0,3650,4850,5150,65.0,-15.0,15.0,7.05723859998397,4,0.666574000031687,True
sub-14,24,1,24,2,300,40.0,11153,14153,18653,50.277778,10.277778,10.277778,8.29202940000686,3,0.667093200027011,True
sub-14,25,1,25,2,60,60.0,11369,12269,12869,43.796296,-16.203704,16.203704,4.6879802000476,2,1.11779150005895,True
sub-14,26,1,26,1,12,80.0,15586,15826,15886,63.333333,-16.666667,16.666667,5.42210470000281,4,0.667297100066207,True
sub-14,27,1,27,1,12,20.0,14329,14389,14629,71.574074,51.574074,51.574074,12.6456344000762,4,0.58365279994905,True
sub-14,28,1,28,1,12,40.0,2486,2606,2786,65.0,25.0,25.0,4.08730760007165,4,0.950848700013011,True
sub-14,29,1,29,2,60,80.0,14390,15590,15890,76.018519,-3.981481,3.981481,6.52308389998506,4,0.733811999903991,True
sub-14,30,1,30,1,12,20.0,3739,3799,4039,32.87037,12.87037,12.87037,8.74217540002428,4,0.617267499910667,True
sub-14,31,1,31,1,60,80.0,6042,7242,7542,76.851852,-3.148148,3.148148,4.98827759991399,4,0.50046020001173,True
sub-14,32,1,32,1,12,40.0,15162,15282,15462,68.055556,28.055556,28.055556,3.98716270003933,3,0.950718800071626,True
sub-14,33,1,33,2,300,40.0,19476,22476,26976,66.018519,26.018519,26.018519,6.75655220006592,1,1.05104110005777,True
sub-14,34,1,34,1,12,20.0,2486,2546,2786,36.759259,16.759259,16.759259,5.93935600004624,4,0.633932100026868,True
sub-14,35,1,35,2,300,20.0,11153,12653,18653,36.574074,16.574074,16.574074,5.55562639993149,3,0.650369200040586,True
sub-14,36,1,36,1,12,20.0,2393,2453,2693,37.407407,17.407407,17.407407,5.10837319993879,4,0.700514100026339,True
sub-14,37,1,37,1,12,60.0,2393,2573,2693,47.87037,-12.12963,12.12963,4.10196720005478,4,1.15150299994274,True
sub-14,38,1,38,2,60,20.0,9187,9487,10687,33.425926,13.425926,13.425926,4.50466129998676,4,0.934340799925848,True
sub-14,39,1,39,1,60,60.0,15628,16528,17128,34.62963,-25.37037,25.37037,5.75539470009971,3,0.600252900039777,True
sub-14,40,1,40,2,300,80.0,10518,16518,18018,59.351852,-20.648148,20.648148,3.00329350004903,2,1.3343255999498,True
sub-14,41,1,41,2,300,80.0,22736,28736,30236,28.981481,-51.018519,51.018519,8.07483099994715,3,0.533470400026999,True
sub-14,42,1,42,2,60,20.0,14390,14690,15890,31.944444,11.944444,11.944444,6.40637540002353,4,0.634123500087298,True
sub-14,43,1,43,2,60,20.0,12596,12896,14096,36.759259,16.759259,16.759259,6.54011739999987,4,0.684037400060333,True
sub-14,44,1,44,2,300,40.0,16072,19072,23572,51.666667,11.666667,11.666667,3.40352110005915,1,0.917791599989868,True
sub-14,45,1,45,2,300,40.0,12645,15645,20145,51.388889,11.388889,11.388889,5.57230849994812,2,0.600070499931462,True
sub-14,46,1,46,2,300,40.0,9381,12381,16881,73.425926,33.425926,33.425926,7.0573177000042,3,0.583960499963723,True
sub-14,47,1,47,2,60,40.0,12596,13196,14096,62.962963,22.962963,22.962963,6.30653379997238,3,0.617983200005255,True
sub-14,48,1,48,2,300,80.0,11085,17085,18585,33.981481,-46.018519,46.018519,5.42175560002215,2,0.450261099962517,True
sub-14,49,1,49,1,60,60.0,13942,14842,15442,81.388889,21.388889,21.388889,7.10716530005447,4,1.08411599998362,True
sub-14,50,1,50,2,300,40.0,22736,25736,30236,39.814815,-0.185185,0.185185,5.30472280003596,1,0.867322500096634,True
sub-14,51,1,51,2,300,40.0,19988,22988,27488,47.12963,7.12963,7.12963,2.05219740001484,1,1.26831640000455,True
sub-14,52,1,52,1,12,80.0,1602,1842,1902,73.333333,-6.666667,6.666667,9.2923240000382,4,1.16761360003147,True
sub-14,53,1,53,1,12,20.0,29300,29360,29600,62.222222,42.222222,42.222222,4.50463129999116,4,0.466857800027355,True
sub-14,54,1,54,1,12,60.0,13450,13630,13750,63.888889,3.888889,3.888889,6.2393106999807,4,0.579299399978481,True
sub-14,55,1,55,2,300,40.0,21224,24224,28724,50.740741,10.740741,10.740741,5.85614570009056,2,0.583443499985151,True
sub-14,56,1,56,2,300,80.0,17351,23351,24851,44.722222,-35.277778,35.277778,3.45401560002937,2,0.700495899887755,True
sub-14,57,1,57,2,300,80.0,1960,7960,9460,61.851852,-18.148148,18.148148,6.50678440008778,4,0.917250699945725,True
sub-14,58,1,58,1,12,20.0,24250,24310,24550,40.092593,20.092593,20.092593,7.29073359991889,4,0.800387299968861,True
sub-14,59,1,59,1,12,60.0,15586,15766,15886,48.611111,-11.388889,11.388889,6.43995759997051,4,0.450436500017531,True
sub-14,60,1,60,1,12,60.0,21273,21453,21573,43.518519,-16.481481,16.481481,6.32074310001917,4,0.600307799992151,True
sub-14,61,1,61,2,300,60.0,13557,18057,21057,67.685185,7.685185,7.685185,7.37425440002698,3,1.53706360002979,True
sub-14,62,1,62,2,300,60.0,20069,24569,27569,57.592593,-2.407407,2.407407,4.06910869991406,2,0.616926299990154,True
sub-14,63,1,63,2,60,40.0,3650,4250,5150,36.944444,-3.055556,3.055556,6.0063533000648,4,0.634130400023423,True
sub-14,64,1,64,2,300,60.0,1638,6138,9138,66.574074,6.574074,6.574074,4.37104930006898,4,0.683859899989329,True
sub-14,65,1,65,1,60,60.0,2714,3614,4214,61.944444,1.944444,1.944444,5.62292250001337,4,0.467480599996633,True
sub-14,66,1,66,2,300,60.0,7365,11865,14865,35.555556,-24.444444,24.444444,8.39168230001814,3,0.450474999961443,True
sub-14,67,1,67,1,12,20.0,15586,15646,15886,43.703704,23.703704,23.703704,4.53845309989992,4,0.517076899996027,True
sub-14,68,1,68,1,12,80.0,9950,10190,10250,48.518519,-31.481481,31.481481,4.45469109993428,3,0.584193399990908,True
sub-14,69,1,69,1,12,80.0,24970,25210,25270,60.555556,-19.444444,19.444444,3.95335269998759,4,0.38357399997767,True
sub-14,70,1,70,2,300,20.0,10273,11773,17773,48.333333,28.333333,28.333333,2.66970359999686,2,0.533215699950233,True
sub-14,71,1,71,1,12,80.0,15162,15402,15462,73.240741,-6.759259,6.759259,7.774676800007,4,0.450294599984772,True
sub-14,72,1,72,1,12,60.0,3739,3919,4039,51.851852,-8.148148,8.148148,3.4204929000698,4,0.55028530000709,True
sub-14,73,1,73,2,300,20.0,9381,10881,16881,56.944444,36.944444,36.944444,1.60154719999991,2,1.01751939998939,True
sub-14,74,1,74,1,12,80.0,10400,10640,10700,40.833333,-39.166667,39.166667,10.4436352000338,3,1.10085409996099,True
sub-14,75,1,75,1,12,60.0,24970,25150,25270,63.981481,3.981481,3.981481,2.15289090003352,4,0.45071249990724,True
sub-14,76,1,76,1,12,40.0,23864,23985,24165,47.037037,7.037037,7.037037,1.18467550002969,1,0.717434699996374,True
sub-14,77,1,77,2,60,80.0,25202,26402,26702,65.462963,-14.537037,14.537037,2.58611250005196,3,0.466608999995514,True
sub-14,78,1,78,2,300,20.0,2522,4022,10022,30.092593,10.092593,10.092593,5.55472689995076,4,0.867059299955144,True
sub-14,79,1,79,2,300,60.0,22736,27236,30236,30.277778,-29.722222,29.722222,3.82076499995309,4,0.450241300044581,True
sub-14,80,1,80,2,300,80.0,12645,18645,20145,55.555556,-24.444444,24.444444,4.02130689995829,2,1.25043340004049,True
sub-14,81,1,81,1,12,60.0,4600,4780,4900,46.388889,-13.611111,13.611111,10.2104436000809,4,1.08433220000006,True
sub-14,82,1,82,2,300,40.0,14351,17351,21851,46.481481,6.481481,6.481481,1.16780439997091,3,0.683478599996306,True
sub-14,83,1,83,1,12,20.0,9950,10010,10250,56.851852,36.851852,36.851852,2.1524325000355,3,0.517294400022365,True
sub-14,84,1,84,1,60,20.0,20386,20686,21886,24.537037,4.537037,4.537037,3.98748480004724,4,0.566979499999433,True
sub-14,85,1,85,1,12,60.0,15162,15342,15462,66.018519,6.018519,6.018519,3.28654999996069,4,0.450364199932664,True
sub-14,86,1,86,2,300,60.0,13458,17958,20958,58.333333,-1.666667,1.666667,5.00475580000784,1,1.01699020003434,True
sub-14,87,1,87,2,300,40.0,2522,5522,10022,31.851852,-8.148148,8.148148,4.18748790002428,3,1.25111429998651,True
sub-14,88,1,88,1,12,40.0,26328,26448,26628,45.462963,5.462963,5.462963,3.52043969999067,4,0.400689600035548,True
sub-14,89,1,89,1,12,60.0,11500,11680,11800,39.351852,-20.648148,20.648148,3.03632429998833,4,0.433704900089651,True
sub-14,90,1,90,1,12,40.0,21273,21393,21573,54.166667,14.166667,14.166667,3.10343940008897,4,0.417132099973969,True
sub-14,91,1,91,1,12,60.0,21800,21980,22100,57.12963,-2.87037,2.87037,3.75414410000666,1,1.03415610000956,True
sub-14,92,1,92,1,12,40.0,13450,13570,13750,48.981481,8.981481,8.981481,5.12148790003266,4,0.550209600012749,True
sub-14,93,1,93,2,300,40.0,14066,17066,21566,27.777778,-12.222222,12.222222,2.90315469994675,3,0.617047499981708,True
sub-14,94,1,94,1,60,80.0,22148,23348,23648,36.851852,-43.148148,43.148148,2.76921749999746,2,0.567073999904096,True
sub-14,95,1,95,2,60,80.0,12596,13796,14096,42.037037,-37.962963,37.962963,3.78723619994707,1,0.683667200035415,True
sub-14,96,1,96,2,60,20.0,23865,24165,25365,47.222222,27.222222,27.222222,2.13547249999828,1,0.950827599968761,True
sub-14,97,1,97,2,60,80.0,10035,11235,11535,44.351852,-35.648148,35.648148,2.70300270000007,1,0.667478900053538,True
sub-14,98,1,98,2,300,40.0,11085,14085,18585,39.537037,-0.462963,0.462963,5.28849359997548,2,1.46765800006687,True
sub-14,99,1,99,2,300,80.0,16327,22327,23827,64.074074,-15.925926,15.925926,6.03975019999779,3,0.767269100062549,True
sub-14,100,1,100,1,60,20.0,6042,6342,7542,39.074074,19.074074,19.074074,7.72417509998194,3,1.43472410005051,True
sub-14,101,2,1,2,60,20.0,28296,28596,29796,34.907407,14.907407,14.907407,6.07746200007386,3,0.617748799966648,True
sub-14,102,2,2,2,60,40.0,23865,24465,25365,54.62963,14.62963,14.62963,2.73613249999471,1,0.817197400028817,True
sub-14,103,2,3,1,12,80.0,24250,24490,24550,49.62963,-30.37037,30.37037,4.58837510005105,4,0.450289499945938,True
sub-14,104,2,4,2,60,60.0,3650,4550,5150,62.12963,2.12963,2.12963,8.05806320009287,4,0.550618699984625,True
sub-14,105,2,5,2,300,20.0,13557,15057,21057,29.62963,9.62963,9.62963,5.78905230003874,4,1.23464120004791,True
sub-14,106,2,6,1,60,60.0,6042,6942,7542,64.814815,4.814815,4.814815,10.2269267999799,4,1.1013316999888,True
sub-14,107,2,7,2,300,80.0,18200,24200,25700,61.851852,-18.148148,18.148148,3.8040535999462,2,0.96726999990642,True
sub-14,108,2,8,2,300,40.0,7365,10365,14865,46.481481,6.481481,6.481481,9.7763166000368,1,0.683754700003191,True
sub-14,109,2,9,1,12,20.0,15162,15222,15462,59.814815,39.814815,39.814815,4.72132749995216,4,0.617065099999308,True
sub-14,110,2,10,2,300,60.0,18200,22700,25700,61.574074,1.574074,1.574074,9.87678189994767,2,0.600427799974568,True
sub-14,111,2,11,2,300,80.0,19476,25476,26976,63.055556,-16.944444,16.944444,3.78699920000508,4,0.450071800034493,True
sub-14,112,2,12,2,60,40.0,21629,22229,23129,65.925926,25.925926,25.925926,3.82080920005682,4,0.617053299909457,True
sub-14,113,2,13,2,60,60.0,23865,24765,25365,52.592593,-7.407407,7.407407,2.28619450004771,1,0.900509599945507,True
sub-14,114,2,14,2,300,40.0,18922,21922,26422,40.277778,0.277778,0.277778,10.1272629000013,3,0.567248100065626,True
sub-14,115,2,15,1,12,40.0,17600,17720,17900,61.296296,21.296296,21.296296,3.97072800004389,4,0.516752199968323,True
sub-14,116,2,16,1,12,80.0,2393,2633,2693,59.722222,-20.277778,20.277778,4.82142739999108,4,0.467539999983273,True
sub-14,117,2,17,2,300,60.0,1960,6460,9460,36.296296,-23.703704,23.703704,2.83606490003876,4,1.40095939999446,True
sub-14,118,2,18,1,60,40.0,13176,13776,14676,36.851852,-3.148148,3.148148,3.92071610002312,4,0.683994100079871,True
sub-14,119,2,19,1,12,60.0,24250,24430,24550,53.240741,-6.759259,6.759259,3.50350799993611,3,0.650351300020702,True
sub-14,120,2,20,1,60,20.0,13176,13476,14676,34.537037,14.537037,14.537037,2.8526802000124,4,0.366877599968574,True
sub-14,121,2,21,1,12,40.0,10400,10520,10700,80.740741,40.740741,40.740741,4.72090320009738,4,0.450099000008776,True
sub-14,122,2,22,2,300,20.0,18922,20422,26422,36.944444,16.944444,16.944444,4.23767299996689,3,0.533811099943704,True
sub-14,123,2,23,1,12,20.0,25820,25880,26120,31.851852,11.851852,11.851852,5.43896089994814,4,0.0831700999988243,True
sub-14,124,2,24,1,12,80.0,25820,26060,26120,43.796296,-36.203704,36.203704,1.78519450000021,3,0.51683390000835,True
sub-14,125,2,25,1,12,80.0,16152,16392,16452,82.592593,2.592593,2.592593,12.5124745999928,4,0.934263100032694,True
sub-14,126,2,26,2,300,20.0,18200,19700,25700,64.259259,44.259259,44.259259,3.95441999996546,3,0.383680199971422,True
sub-14,127,2,27,2,60,60.0,19722,20622,21222,77.037037,17.037037,17.037037,5.20539899996947,4,0.366888500051572,True
sub-14,128,2,28,1,12,20.0,24970,25030,25270,26.296296,6.296296,6.296296,4.03726210002787,4,0.817505499930121,True
sub-14,129,2,29,2,300,80.0,13458,19458,20958,74.62963,-5.37037,5.37037,5.92283990001305,4,0.63355499994941,True
sub-14,130,2,30,2,300,20.0,16327,17827,23827,59.722222,39.722222,39.722222,2.40281790005974,1,0.717344700009562,True
sub-14,131,2,31,1,60,40.0,26923,27523,28423,65.833333,25.833333,25.833333,5.95587710000108,4,0.567414700053632,True
sub-14,132,2,32,1,12,40.0,4600,4720,4900,56.296296,16.296296,16.296296,9.4922990000341,3,0.600314599927514,True
sub-14,133,2,33,2,60,40.0,10035,10635,11535,38.518519,-1.481481,1.481481,3.50343230005819,1,0.98440539999865,True
sub-14,134,2,34,2,300,60.0,9381,13881,16881,58.981481,-1.018519,1.018519,3.62081859994214,1,1.36779749998822,True
sub-14,135,2,35,1,12,20.0,13450,13510,13750,36.574074,16.574074,16.574074,5.92286759999115,4,0.333442100090906,True
sub-14,136,2,36,1,60,60.0,5494,6394,6994,39.907407,-20.092593,20.092593,8.54189019999466,4,1.11791870009619,True
sub-14,137,2,37,1,60,80.0,13942,15142,15442,58.518519,-21.481481,21.481481,3.37009590002708,4,0.633681699982844,True
sub-14,138,2,38,2,300,20.0,21224,22724,28724,61.759259,41.759259,41.759259,3.32056359993293,3,0.250013900105841,True
sub-14,139,2,39,1,12,60.0,27281,27461,27581,61.203704,1.203704,1.203704,1.60159079998265,3,0.417029300006106,True
sub-14,140,2,40,1,60,80.0,1414,2614,2914,66.388889,-13.611111,13.611111,2.68643589993007,4,0.516961800050921,True
sub-14,141,2,41,2,60,40.0,19722,20322,21222,65.925926,25.925926,25.925926,2.60270509996917,4,0.500039499951526,True
sub-14,142,2,42,1,12,20.0,12500,12560,12800,39.259259,19.259259,19.259259,3.97030639997683,4,0.133129600086249,True
sub-14,143,2,43,1,12,60.0,17600,17780,17900,88.518519,28.518519,28.518519,5.25608429999556,4,0.517384100006893,True
sub-14,144,2,44,1,60,20.0,15628,15928,17128,25.092593,5.092593,5.092593,3.85444939997978,3,1.01756800001021,True
sub-14,145,2,45,2,60,80.0,28296,29496,29796,68.148148,-11.851852,11.851852,5.00470379996113,3,0.466871200012974,True
sub-14,146,2,46,1,12,40.0,29300,29420,29600,38.055556,-1.944444,1.944444,3.38673510006628,4,0.583835999947041,True
sub-14,147,2,47,1,60,20.0,26923,27223,28423,32.407407,12.407407,12.407407,5.33878370001912,4,0.833739900030195,True
sub-14,148,2,48,1,12,40.0,14329,14449,14629,63.888889,23.888889,23.888889,4.98837499995715,4,0.367609500070102,True
sub-14,149,2,49,1,60,80.0,20386,21586,21886,64.166667,-15.833333,15.833333,6.10584610002115,4,0.700358400004915,True
sub-14,150,2,50,1,60,40.0,2714,3314,4214,66.481481,26.481481,26.481481,5.73906540009193,4,0.550604699994437,True
sub-14,151,2,51,2,300,60.0,18922,23422,26422,57.685185,-2.314815,2.314815,3.13702410005498,1,0.666720299981534,True
sub-14,152,2,52,2,60,20.0,10035,10335,11535,27.407407,7.407407,7.407407,4.18769539997447,3,0.416765099973417,True
sub-14,153,2,53,1,12,20.0,17600,17660,17900,66.759259,46.759259,46.759259,5.52205459994729,4,0.400566500029526,True
sub-14,154,2,54,2,300,20.0,1960,3460,9460,26.851852,6.851852,6.851852,2.6193652000511,4,0.600390199921093,True
sub-14,155,2,55,1,12,20.0,4600,4660,4900,40.833333,20.833333,20.833333,2.81978949997574,4,0.417258400004357,True
sub-14,156,2,56,1,12,60.0,1602,1782,1902,67.407407,7.407407,7.407407,4.52207850001286,4,0.733215400017798,True
sub-14,157,2,57,1,60,20.0,5494,5794,6994,36.111111,16.111111,16.111111,4.1878221000079,4,0.667402400053106,True
sub-14,158,2,58,2,300,40.0,17351,20351,24851,63.425926,23.425926,23.425926,3.68909609992988,1,0.834579999907873,True
sub-14,159,2,59,1,12,60.0,10400,10580,10700,52.962963,-7.037037,7.037037,6.65707880002446,3,0.28357790003065,True
sub-14,160,2,60,2,300,20.0,5739,7239,13239,20.37037,0.37037,0.37037,6.77294489997439,3,2.15218059998005,True
sub-14,161,2,61,2,60,40.0,11369,11969,12869,50.277778,10.277778,10.277778,2.48639600002206,2,0.533674600068479,True
sub-14,162,2,62,2,300,60.0,14351,18851,21851,74.907407,14.907407,14.907407,5.49017310002818,3,0.36683030007407,True
sub-14,163,2,63,1,60,80.0,5494,6694,6994,69.259259,-10.740741,10.740741,5.03867800009902,4,0.266531799919903,True
sub-14,164,2,64,2,300,60.0,10518,15018,18018,34.537037,-25.462963,25.462963,3.06993340002372,1,1.55139749997761,True
sub-14,165,2,65,2,300,60.0,10273,14773,17773,49.814815,-10.185185,10.185185,5.2720752999885,1,0.784126500017009,True
sub-14,166,2,66,2,300,20.0,22736,24236,30236,28.981481,8.981481,8.981481,4.12030549999326,2,0.900579800014384,True
sub-14,167,2,67,1,12,40.0,24970,25090,25270,57.314815,17.314815,17.314815,5.22198339994065,3,0.483750300016254,True
sub-14,168,2,68,2,300,40.0,16327,19327,23827,43.611111,3.611111,3.611111,3.43664379999972,1,0.484017899958416,True
sub-14,169,2,69,2,300,80.0,13557,19557,21057,71.851852,-8.148148,8.148148,4.12079840002115,4,0.666727199917659,True
sub-14,170,2,70,1,12,20.0,16152,16212,16452,60.37037,40.37037,40.37037,9.27619329991284,4,0.700431399978697,True
sub-14,171,2,71,2,300,80.0,18922,24922,26422,62.592593,-17.407407,17.407407,6.08964380004908,2,0.567340299952775,True
sub-14,172,2,72,1,12,80.0,21800,22040,22100,79.722222,-0.277778,0.277778,7.42407189996447,4,0.683756999904289,True
sub-14,173,2,73,1,12,60.0,14329,14509,14629,79.722222,19.722222,19.722222,2.76988310005981,4,0.350518599967472,True
sub-14,174,2,74,1,12,60.0,2486,2666,2786,70.925926,10.925926,10.925926,4.7720585000934,4,0.350684400065802,True
sub-14,175,2,75,1,12,80.0,14329,14569,14629,77.962963,-2.037037,2.037037,3.5534253999358,4,0.350041900062933,True
sub-14,176,2,76,2,60,20.0,25895,26195,27395,60.833333,40.833333,40.833333,2.68609099998138,1,0.450267900014296,True
sub-14,177,2,77,2,60,60.0,25202,26102,26702,66.666667,6.666667,6.666667,7.20722350000869,3,0.584121100022457,True
sub-14,178,2,78,1,12,20.0,6414,6474,6714,37.87037,17.87037,17.87037,9.32604949991218,4,0.984215599950403,True
sub-14,179,2,79,1,12,60.0,25820,26000,26120,50.185185,-9.814815,9.814815,1.76848049997352,1,0.934043199988082,True
sub-14,180,2,80,2,300,60.0,16327,20827,23827,69.351852,9.351852,9.351852,2.51905500004068,3,1.4679160999367,True
sub-14,181,2,81,2,300,80.0,7365,13365,14865,64.444444,-15.555556,15.555556,3.16952949995175,3,0.432463100063614,True
sub-14,182,2,82,1,60,80.0,4556,5756,6056,62.222222,-17.777778,17.777778,3.71989680000115,3,0.951143400045111,True
sub-14,183,2,83,1,12,20.0,26328,26388,26628,77.592593,57.592593,57.592593,5.73885860003065,3,0.400332999997772,True
sub-14,184,2,84,1,60,60.0,22148,23048,23648,67.777778,7.777778,7.777778,6.27302930003497,4,0.350061399978585,True
sub-14,185,2,85,2,300,80.0,5739,11739,13239,62.037037,-17.962963,17.962963,4.37078490003477,2,0.951051100040786,True
sub-14,186,2,86,1,60,60.0,1414,2314,2914,34.814815,-25.185185,25.185185,4.88799810002092,3,0.23328499996569,True
sub-14,187,2,87,1,12,40.0,3739,3859,4039,62.314815,22.314815,22.314815,2.58656119997613,4,0.884217099985107,True
sub-14,188,2,88,1,12,40.0,6414,6534,6714,56.388889,16.388889,16.388889,4.28784810006618,3,0.617205300019122,True
sub-14,189,2,89,2,300,60.0,19476,23976,26976,63.333333,3.333333,3.333333,3.06974850001279,1,0.834441400016658,True
sub-14,190,2,90,2,60,60.0,14390,15290,15890,40.277778,-19.722222,19.722222,4.18750820006243,3,0.267059099976904,True
sub-14,191,2,91,2,60,20.0,17621,17921,19121,26.574074,6.574074,6.574074,3.77142569993156,3,0.60041169996839,True
sub-14,192,2,92,2,60,40.0,14390,14990,15890,34.62963,-5.37037,5.37037,3.65407169994432,3,0.349884699913673,True
sub-14,193,2,93,1,60,80.0,15628,16828,17128,79.444444,-0.555556,0.555556,3.23704250005539,3,0.517154400004074,True
sub-14,194,2,94,2,60,60.0,9187,10087,10687,69.722222,9.722222,9.722222,6.55675890005659,3,0.433429099968634,True
sub-14,195,2,95,1,60,20.0,13942,14242,15442,56.018519,36.018519,36.018519,4.70465099997818,3,0.317035799962468,True
sub-14,196,2,96,1,12,80.0,23864,24105,24165,61.388889,-18.611111,18.611111,2.85317629994824,1,0.500334299984388,True
sub-14,197,2,97,2,300,60.0,14066,18566,21566,71.574074,11.574074,11.574074,3.26972359989304,1,3.35315390001051,True
sub-14,198,2,98,2,60,80.0,21629,22829,23129,77.12963,-2.87037,2.87037,3.58709380007348,3,0.533360700006596,True
sub-14,199,2,99,1,60,60.0,20386,21286,21886,59.259259,-0.740741,0.740741,4.77148300001863,3,0.250254400074481,True
sub-14,200,2,100,2,300,40.0,20069,23069,27569,37.592593,-2.407407,2.407407,2.8195843999274,1,0.449966500047594,True
sub-14,201,3,1,2,60,20.0,19722,20022,21222,18.888889,-1.111111,1.111111,2.84110489999875,4,1.31790510006248,True
sub-14,202,3,2,2,300,80.0,11153,17153,18653,28.425926,-51.574074,51.574074,5.88911489991005,2,1.00090280000586,True
sub-14,203,3,3,2,300,60.0,11085,15585,18585,33.518519,-26.481481,26.481481,3.35311630007345,2,1.01737440004944,True
sub-14,204,3,4,1,12,20.0,27281,27341,27581,65.555556,45.555556,45.555556,5.25544139998965,2,0.61684409994632,True
sub-14,205,3,5,2,300,20.0,14351,15851,21851,48.240741,28.240741,28.240741,4.45481929997913,2,1.06757539999671,True
sub-14,206,3,6,2,300,40.0,1960,4960,9460,38.888889,-1.111111,1.111111,6.3230832000263,3,1.25096059998031,True
sub-14,207,3,7,2,60,20.0,16451,16751,17951,39.166667,19.166667,19.166667,7.15736369998194,3,0.750643100007437,True
sub-14,208,3,8,1,12,20.0,21800,21860,22100,60.462963,40.462963,40.462963,5.03797649999614,4,1.01753189996816,True
sub-14,209,3,9,2,300,60.0,11153,15653,18653,44.074074,-15.925926,15.925926,3.78702930000145,3,1.00127910007722,True
sub-14,210,3,10,1,60,60.0,26923,27823,28423,61.111111,1.111111,1.111111,5.00508369994349,4,0.450299500022083,True
sub-14,211,3,11,1,60,20.0,22148,22448,23648,31.111111,11.111111,11.111111,5.1717900999356,3,0.433511700015515,True
sub-14,212,3,12,2,60,60.0,21629,22529,23129,62.5,2.5,2.5,4.85437289997935,3,0.467151399934664,True
sub-14,213,3,13,2,60,60.0,25895,26795,27395,37.12963,-22.87037,22.87037,5.98929599998518,1,0.400515599991194,True
sub-14,214,3,14,2,300,40.0,10273,13273,17773,41.111111,1.111111,1.111111,4.02082840004004,1,0.566582500003278,True
sub-14,215,3,15,1,12,80.0,29300,29540,29600,71.203704,-8.796296,8.796296,5.95587860001251,4,0.483397000003606,True
sub-14,216,3,16,2,60,80.0,25895,27095,27395,68.888889,-11.111111,11.111111,3.90390959999058,4,0.467176500009372,True
sub-14,217,3,17,2,60,80.0,9187,10387,10687,69.537037,-10.462963,10.462963,3.78736880002543,3,0.533544900012202,True
sub-14,218,3,18,2,300,20.0,13458,14958,20958,22.12963,2.12963,2.12963,5.27164539997465,4,1.06752889999188,True
sub-14,219,3,19,1,60,20.0,2714,3014,4214,28.796296,8.796296,8.796296,4.50470560009125,4,0.516822399920783,True
sub-14,220,3,20,2,300,80.0,14351,20351,21851,76.203704,-3.796296,3.796296,6.30619889998342,4,0.199878600076772,True
sub-14,221,3,21,1,60,40.0,15628,16228,17128,30.092593,-9.907407,9.907407,4.68795459996908,3,0.416636200039647,True
sub-14,222,3,22,2,60,80.0,19722,20922,21222,72.5,-7.5,7.5,2.4359800000675,4,0.366808100021444,True
sub-14,223,3,23,1,12,40.0,12500,12620,12800,69.814815,29.814815,29.814815,9.45969059993513,3,1.30097100010607,True
sub-14,224,3,24,2,300,20.0,1638,3138,9138,30.0,10.0,10.0,4.02110830007586,4,1.3682228999678,True
sub-14,225,3,25,2,60,20.0,21629,21929,23129,63.518519,43.518519,43.518519,3.1865889999317,3,0.316553000011481,True
sub-14,226,3,26,1,12,80.0,2486,2726,2786,72.87037,-7.12963,7.12963,2.65277559997048,4,0.433466899907216,True
sub-14,227,3,27,1,60,20.0,4556,4856,6056,30.0,10.0,10.0,5.6891565999249,4,0.416927700047381,True
sub-14,228,3,28,2,300,20.0,14066,15566,21566,29.62963,9.62963,9.62963,7.20688010007143,3,1.86865850002504,True
sub-14,229,3,29,1,12,40.0,24250,24370,24550,67.685185,27.685185,27.685185,3.73708760004956,3,0.466870100004598,True
sub-14,230,3,30,1,12,20.0,23864,23925,24165,25.833333,5.833333,5.833333,4.4050825999584,3,0.683451200020499,True
sub-14,231,3,31,1,12,60.0,23864,24045,24165,73.425926,13.425926,13.425926,6.25593400001525,1,0.533893500105477,True
sub-14,232,3,32,2,300,20.0,20069,21569,27569,42.962963,22.962963,22.962963,3.68686169991269,1,0.583949099993333,True
sub-14,233,3,33,2,300,20.0,16072,17572,23572,75.555556,55.555556,55.555556,5.95642159995622,1,0.500348200090229,True
sub-14,234,3,34,2,300,20.0,12645,14145,20145,24.814815,4.814815,4.814815,3.23684050003066,2,0.433745999936945,True
sub-14,235,3,35,2,300,80.0,16072,22072,23572,63.055556,-16.944444,16.944444,3.37004499998874,3,1.5178485000506,True
sub-14,236,3,36,1,12,80.0,21273,21513,21573,79.444444,-0.555556,0.555556,5.655304600019,4,0.733817200060002,True
sub-14,237,3,37,2,60,20.0,11369,11669,12869,19.166667,-0.833333,0.833333,4.78780779999215,4,3.33673350000754,True
sub-14,238,3,38,1,60,60.0,4556,5456,6056,77.5,17.5,17.5,4.5880244000582,4,1.31795779999811,True
sub-14,239,3,39,2,60,60.0,10035,10935,11535,25.277778,-34.722222,34.722222,4.58804539998527,3,1.06705080007668,True
sub-14,240,3,40,2,300,80.0,19988,25988,27488,75.925926,-4.074074,4.074074,8.14191470004152,3,0.750438200077042,True
sub-14,241,3,41,2,300,80.0,1638,7638,9138,65.0,-15.0,15.0,3.82101099996361,3,0.283324099960736,True
sub-14,242,3,42,1,12,20.0,1602,1662,1902,31.944444,11.944444,11.944444,6.42624079994857,4,0.634175600018352,True
sub-14,243,3,43,1,12,60.0,26328,26508,26628,68.888889,8.888889,8.888889,3.81767809996381,3,0.383581400034017,True
sub-14,244,3,44,1,12,60.0,9950,10130,10250,35.462963,-24.537037,24.537037,5.03897270001471,3,0.616777100018225,True
sub-14,245,3,45,1,12,20.0,11500,11560,11800,36.203704,16.203704,16.203704,10.1436149000655,3,0.433678100001998,True
sub-14,246,3,46,1,12,40.0,25820,25940,26120,54.62963,14.62963,14.62963,2.61909709998872,2,0.533911200007423,True
sub-14,247,3,47,1,12,60.0,6414,6594,6714,68.518519,8.518519,8.518519,3.65389509999658,4,0.700854700058698,True
sub-14,248,3,48,2,60,40.0,25895,26495,27395,71.296296,31.296296,31.296296,7.30722960003186,1,0.350679100025445,True
sub-14,249,3,49,2,300,60.0,2522,7022,10022,30.555556,-29.444444,29.444444,9.14266529993619,3,0.400324000045657,True
sub-14,250,3,50,2,300,60.0,19988,24488,27488,70.092593,10.092593,10.092593,2.33584680000785,1,0.83412130002398,True
sub-14,251,3,51,1,12,40.0,1602,1722,1902,25.648148,-14.351852,14.351852,9.84259320003911,1,0.433421400026418,True
sub-14,252,3,52,2,300,80.0,20069,26069,27569,38.796296,-41.203704,41.203704,2.93662049993872,1,0.68373699998483,True
sub-14,253,3,53,2,300,20.0,19988,21488,27488,31.666667,11.666667,11.666667,7.20744779997039,3,0.684390899958089,True
sub-14,254,3,54,2,60,80.0,11369,12569,12869,71.296296,-8.703704,8.703704,4.40465719997882,3,0.416985600022599,True
sub-14,255,3,55,1,12,40.0,15586,15706,15886,34.074074,-5.925926,5.925926,3.78681299998424,4,1.35106509993784,True
sub-14,256,3,56,1,12,40.0,9950,10070,10250,52.037037,12.037037,12.037037,2.43584470008499,1,0.667365799890831,True
sub-14,257,3,57,2,60,20.0,3650,3950,5150,31.388889,11.388889,11.388889,4.02053139999043,4,0.867536599980667,True
sub-14,258,3,58,1,60,40.0,22148,22748,23648,66.851852,26.851852,26.851852,4.03754599997773,3,0.63363030005712,True
sub-14,259,3,59,2,300,80.0,9381,15381,16881,79.814815,-0.185185,0.185185,8.70902840001508,3,1.40113939996808,True
sub-14,260,3,60,2,60,80.0,17621,18821,19121,71.018519,-8.981481,8.981481,3.62025679997168,3,0.41687440010719,True
sub-14,261,3,61,1,60,80.0,2714,3914,4214,74.259259,-5.740741,5.740741,3.20298689999617,4,0.583488600095734,True
sub-14,262,3,62,1,12,40.0,11500,11620,11800,19.351852,-20.648148,20.648148,7.09052209998481,2,0.784037700039334,True
sub-14,263,3,63,2,60,20.0,25202,25502,26702,33.981481,13.981481,13.981481,4.75446650001686,3,22.5387242999859,True
sub-14,264,3,64,2,300,40.0,13557,16557,21057,19.907407,-20.092593,20.092593,6.20624779991339,3,0.700726700015366,True
sub-14,265,3,65,2,300,20.0,11085,12585,18585,28.888889,8.888889,8.888889,3.1537348999409,1,0.467369299964047,True
sub-14,266,3,66,2,60,60.0,12596,13496,14096,53.703704,-6.296296,6.296296,6.00660970003809,1,0.717191700008697,True
sub-14,267,3,67,2,300,80.0,2522,8522,10022,25.648148,-54.351852,54.351852,5.30564389994833,3,0.483826800016686,True
sub-14,268,3,68,1,60,80.0,26923,28123,28423,63.425926,-16.574074,16.574074,4.22415869997348,3,0.484169500065036,True
sub-14,269,3,69,2,60,80.0,16451,17651,17951,75.925926,-4.074074,4.074074,2.14994129992555,4,0.967498400015756,True
sub-14,270,3,70,1,60,80.0,13176,14376,14676,79.537037,-0.462963,0.462963,5.13881769997533,1,2.01864779996685,True
sub-14,271,3,71,2,300,40.0,13458,16458,20958,24.166667,-15.833333,15.833333,11.8619360000593,3,0.56713750003837,True
sub-14,272,3,72,2,60,40.0,16451,17051,17951,23.796296,-16.203704,16.203704,2.26867240003775,3,0.833826299989596,True
sub-14,273,3,73,1,12,40.0,16152,16272,16452,77.777778,37.777778,37.777778,2.10263050009962,4,0.383940699975937,True
sub-14,274,3,74,2,60,40.0,17621,18221,19121,70.277778,30.277778,30.277778,2.86910639994312,1,0.533631600090302,True
sub-14,275,3,75,1,12,80.0,26328,26568,26628,88.240741,8.240741,8.240741,6.15704449999611,4,1.70131249993573,True
sub-14,276,3,76,1,12,60.0,29300,29480,29600,68.703704,8.703704,8.703704,5.55583609989844,3,0.116671500029042,True
sub-14,277,3,77,1,12,40.0,21800,21920,22100,66.018519,26.018519,26.018519,4.10411700000986,4,0.583770200028084,True
sub-14,278,3,78,1,60,40.0,13942,14542,15442,74.259259,34.259259,34.259259,4.10437429999001,4,0.583646200015209,True
sub-14,279,3,79,1,12,60.0,16152,16332,16452,70.462963,10.462963,10.462963,2.83659349998924,3,0.400173000060021,True
sub-14,280,3,80,2,300,40.0,5739,8739,13239,12.87037,-27.12963,27.12963,6.80715409992262,3,0.683789399918168,True
sub-14,281,3,81,2,60,60.0,17621,18521,19121,40.0,-20.0,20.0,2.23570439999457,1,0.734030899940989,True
sub-14,282,3,82,2,60,60.0,28296,29196,29796,47.592593,-12.407407,12.407407,3.03670900000724,1,0.484057300025597,True
sub-14,283,3,83,1,60,40.0,6042,6642,7542,75.462963,35.462963,35.462963,3.05295879999175,3,2.15188240003772,True
sub-14,284,3,84,2,60,60.0,16451,17351,17951,66.574074,6.574074,6.574074,4.93846510001458,1,0.867113300017081,True
sub-14,285,3,85,2,300,80.0,21224,27224,28724,73.518519,-6.481481,6.481481,3.40386869991198,4,0.48431009997148,True
sub-14,286,3,86,1,12,80.0,27281,27521,27581,90.648148,10.648148,10.648148,2.18575649999547,1,0.917196099995635,True
sub-14,287,3,87,1,12,40.0,2393,2513,2693,67.12963,27.12963,27.12963,6.99077210004907,4,0.4335107000079,True
sub-14,288,3,88,1,12,80.0,12500,12740,12800,75.648148,-4.351852,4.351852,5.18852560000959,4,2.10249359998852,True
sub-14,289,3,89,1,60,40.0,4556,5156,6056,67.87037,27.87037,27.87037,4.65434670005925,4,0.56677299994044,True
sub-14,290,3,90,2,300,40.0,18200,21200,25700,30.555556,-9.444444,9.444444,3.62071960000321,1,0.734128500102087,True
sub-14,291,3,91,2,300,20.0,19476,20976,26976,74.907407,54.907407,54.907407,4.02036219998262,1,0.917883500107564,True
sub-14,292,3,92,2,300,60.0,12645,17145,20145,27.592593,-32.407407,32.407407,2.30222210008651,3,0.683604900026693,True
sub-14,293,3,93,2,300,20.0,10518,12018,18018,30.740741,10.740741,10.740741,2.21914370008744,1,0.417289400007575,True
sub-14,294,3,94,2,300,20.0,7365,8865,14865,13.611111,-6.388889,6.388889,5.32242879993282,3,1.88523919996805,True
sub-14,295,3,95,2,300,60.0,21224,25724,28724,62.037037,2.037037,2.037037,4.88836480001919,1,0.467214800068177,True
sub-14,296,3,96,2,60,40.0,28296,28896,29796,29.259259,-10.740741,10.740741,5.48880569997709,3,0.750370199908502,True
sub-14,297,3,97,1,12,80.0,17600,17840,17900,75.833333,-4.166667,4.166667,3.66989090002607,4,1.90179010003339,True
sub-14,298,3,98,1,12,40.0,27281,27401,27581,28.796296,-11.203704,11.203704,2.78617720003239,3,0.483547899988479,True
sub-14,299,3,99,1,60,60.0,13176,14076,14676,71.944444,11.944444,11.944444,2.41893239994533,3,0.433824100065976,True
sub-14,300,3,100,1,60,20.0,1414,1714,2914,23.425926,3.425926,3.425926,12.6793105000397,2,0.467209900030866,True
sub-15,1,1,1,1,60,80.0,22148,23348,23648,34.537037,-45.462963,45.462963,8.77003069990314,2,1.28480839997064,True
sub-15,2,1,2,2,300,20.0,10518,12018,18018,46.574074,26.574074,26.574074,7.84131469996646,2,0.767191899940371,True
sub-15,3,1,3,1,12,80.0,26328,26568,26628,74.444444,-5.555556,5.555556,4.40477910009212,3,0.850881699938327,True
sub-15,4,1,4,1,12,20.0,17600,17660,17900,56.018519,36.018519,36.018519,4.57186659995932,1,0.834486200008541,True
sub-15,5,1,5,1,60,20.0,15628,15928,17128,23.333333,3.333333,3.333333,4.48771819996181,3,1.40189709991682,True
sub-15,6,1,6,1,60,40.0,5494,6094,6994,69.166667,29.166667,29.166667,3.8205222999677,3,1.83523520000744,True
sub-15,7,1,7,1,12,20.0,9950,10010,10250,51.944444,31.944444,31.944444,7.82433059997856,2,0.506889800075441,True
sub-15,8,1,8,2,300,20.0,5739,7239,13239,29.722222,9.722222,9.722222,4.22101549990475,2,0.433854099945165,True
sub-15,9,1,9,2,300,40.0,9381,12381,16881,56.666667,16.666667,16.666667,3.87037230003625,1,0.683548200060613,True
sub-15,10,1,10,2,60,80.0,25202,26402,26702,84.444444,4.444444,4.444444,4.3548918000888,3,0.616935199941508,True
sub-15,11,1,11,2,300,60.0,13557,18057,21057,61.203704,1.203704,1.203704,4.90770919993519,1,0.934372999938204,True
sub-15,12,1,12,1,60,40.0,13942,14542,15442,67.962963,27.962963,27.962963,6.28756709990557,3,1.06723779998719,True
sub-15,13,1,13,1,12,40.0,4600,4720,4900,40.185185,0.185185,0.185185,3.35368190007284,2,0.500848500058054,True
sub-15,14,1,14,1,12,40.0,6414,6534,6714,33.611111,-6.388889,6.388889,4.77123379998374,2,0.36753269995097,True
sub-15,15,1,15,1,12,80.0,13450,13690,13750,85.833333,5.833333,5.833333,2.85305759997572,3,0.567241100012324,True
sub-15,16,1,16,2,300,60.0,14066,18566,21566,63.148148,3.148148,3.148148,5.08873149997089,2,0.567046500043943,True
sub-15,17,1,17,1,12,80.0,14329,14569,14629,72.12963,-7.87037,7.87037,4.6049548999872,3,0.433101499918848,True
sub-15,18,1,18,1,12,40.0,21273,21393,21573,34.62963,-5.37037,5.37037,5.55587140005081,3,0.586220099939964,True
sub-15,19,1,19,2,300,40.0,14351,17351,21851,62.685185,22.685185,22.685185,2.24928170000202,1,0.466853399993851,True
sub-15,20,1,20,2,60,60.0,19722,20622,21222,62.87037,2.87037,2.87037,6.95671159995254,2,1.80166260001715,True
sub-15,21,1,21,2,60,20.0,3650,3950,5150,54.722222,34.722222,34.722222,5.00568740000017,3,1.86850710003636,True
sub-15,22,1,22,2,300,80.0,10518,16518,18018,57.592593,-22.407407,22.407407,3.70648289995733,1,0.583634399925358,True
sub-15,23,1,23,2,60,40.0,9187,9787,10687,27.12963,-12.87037,12.87037,4.15224089997354,3,1.66799470002297,True
sub-15,24,1,24,2,300,40.0,1960,4960,9460,59.444444,19.444444,19.444444,7.49113219999708,2,1.68475629994645,True
sub-15,25,1,25,1,60,20.0,22148,22448,23648,57.5,37.5,37.5,3.4730671000434,3,0.867895600036718,True
sub-15,26,1,26,2,300,80.0,10273,16273,17773,63.703704,-16.296296,16.296296,4.28882910008542,1,0.983725600061006,True
sub-15,27,1,27,2,60,40.0,21629,22229,23129,64.722222,24.722222,24.722222,5.23621159989852,3,0.316527399932965,True
sub-15,28,1,28,1,12,40.0,15586,15706,15886,31.851852,-8.148148,8.148148,3.02269949996843,3,0.400238799978978,True
sub-15,29,1,29,1,12,60.0,9950,10130,10250,61.388889,1.388889,1.388889,1.76581830007489,1,0.550321200047619,True
sub-15,30,1,30,2,300,40.0,1638,4638,9138,51.574074,11.574074,11.574074,1.73520989995449,1,0.500251200050115,True
sub-15,31,1,31,2,300,60.0,1960,6460,9460,27.314815,-32.685185,32.685185,2.10200240008998,2,0.434040900086984,True
sub-15,32,1,32,1,60,40.0,13176,13776,14676,36.851852,-3.148148,3.148148,2.91973109997343,2,0.700561400037258,True
sub-15,33,1,33,1,12,40.0,25820,25940,26120,45.555556,5.555556,5.555556,3.4204616000643,3,0.884400199982337,True
sub-15,34,1,34,2,60,40.0,10035,10635,11535,61.388889,21.388889,21.388889,4.35430070001166,1,0.566790199954994,True
sub-15,35,1,35,2,300,40.0,16327,19327,23827,49.074074,9.074074,9.074074,2.41857970005366,1,0.767490800004452,True
sub-15,36,1,36,1,60,20.0,2714,3014,4214,32.592593,12.592593,12.592593,3.98762999998871,3,0.583857499994337,True
sub-15,37,1,37,1,60,60.0,4556,5456,6056,60.092593,0.092593,0.092593,4.50463859993033,3,0.384080199990421,True
sub-15,38,1,38,1,12,80.0,11500,11740,11800,32.222222,-47.777778,47.777778,9.09257269999943,2,0.683957000030204,True
sub-15,39,1,39,2,300,40.0,2522,5522,10022,58.888889,18.888889,18.888889,7.30754409998189,1,0.550156100071035,True
sub-15,40,1,40,2,60,60.0,12596,13496,14096,61.851852,1.851852,1.851852,4.18789429997559,1,0.583837400074116,True
sub-15,41,1,41,1,12,80.0,6414,6654,6714,72.407407,-7.592593,7.592593,2.70304590009618,3,0.400462600053288,True
sub-15,42,1,42,2,300,60.0,21224,25724,28724,57.037037,-2.962963,2.962963,2.6525559000438,1,0.85114899999462,True
sub-15,43,1,43,1,60,40.0,1414,2014,2914,57.12963,17.12963,17.12963,2.60575190000236,3,0.516972500015981,True
sub-15,44,1,44,1,12,60.0,2393,2573,2693,69.62963,9.62963,9.62963,5.40652530000079,3,0.350482400041073,True
sub-15,45,1,45,1,12,20.0,21800,21860,22100,56.203704,36.203704,36.203704,3.934465099941,2,0.667511099949479,True
sub-15,46,1,46,1,12,20.0,11500,11560,11800,46.666667,26.666667,26.666667,4.10365840001031,2,0.683737899991683,True
sub-15,47,1,47,1,12,20.0,3739,3799,4039,61.666667,41.666667,41.666667,3.45314540003892,3,0.400458800024352,True
sub-15,48,1,48,2,60,40.0,23865,24465,25365,53.055556,13.055556,13.055556,2.28503699996508,1,0.850380399962887,True
sub-15,49,1,49,1,12,40.0,26328,26448,26628,65.833333,25.833333,25.833333,3.33702740003354,3,0.383520699921064,True
sub-15,50,1,50,1,12,40.0,10400,10520,10700,26.296296,-13.703704,13.703704,4.82420620007906,3,0.483668899978511,True
sub-15,51,1,51,2,300,80.0,18200,24200,25700,23.240741,-56.759259,56.759259,13.9117841999977,1,0.533954399987123,True
sub-15,52,1,52,2,300,20.0,2522,4022,10022,42.685185,22.685185,22.685185,4.67120640003122,1,0.417042100103572,True
sub-15,53,1,53,2,300,40.0,11085,14085,18585,33.981481,-6.018519,6.018519,3.10609180002938,2,0.384140399983152,True
sub-15,54,1,54,2,300,60.0,13458,17958,20958,65.555556,5.555556,5.555556,2.18329280009493,1,0.650276600033976,True
sub-15,55,1,55,2,60,80.0,14390,15590,15890,68.981481,-11.018519,11.018519,8.77534329995978,3,0.450292300083674,True
sub-15,56,1,56,1,12,80.0,2393,2633,2693,74.722222,-5.277778,5.277778,2.00190979999024,3,0.783997599966824,True
sub-15,57,1,57,2,300,20.0,14351,15851,21851,53.148148,33.148148,33.148148,2.6525907999603,2,0.850731300073675,True
sub-15,58,1,58,2,300,80.0,2522,8522,10022,42.5,-37.5,37.5,4.57114749995525,2,0.750912300078198,True
sub-15,59,1,59,2,300,40.0,10273,13273,17773,41.018519,1.018519,1.018519,2.10208520002197,1,0.38358609995339,True
sub-15,60,1,60,2,300,20.0,12645,14145,20145,39.166667,19.166667,19.166667,3.06967260001692,1,0.500194199965335,True
sub-15,61,1,61,1,12,80.0,2486,2726,2786,51.111111,-28.888889,28.888889,2.81942329998128,3,0.76737769995816,True
sub-15,62,1,62,2,300,20.0,11153,12653,18653,34.814815,14.814815,14.814815,4.97179239999968,1,0.766970099997706,True
sub-15,63,1,63,1,12,40.0,15162,15282,15462,68.055556,28.055556,28.055556,3.21974510001018,3,0.366941499989479,True
sub-15,64,1,64,2,300,60.0,18922,23422,26422,67.407407,7.407407,7.407407,6.99067540001124,3,0.883951400057412,True
sub-15,65,1,65,2,300,40.0,19476,22476,26976,56.759259,16.759259,16.759259,2.20215579995419,2,0.349922399967908,True
sub-15,66,1,66,1,12,80.0,24250,24490,24550,76.666667,-3.333333,3.333333,2.75304789992515,2,3.13602130010258,True
sub-15,67,1,67,1,60,40.0,6042,6642,7542,51.574074,11.574074,11.574074,2.00465909997001,2,0.367124400101602,True
sub-15,68,1,68,2,60,20.0,11369,11669,12869,19.722222,-0.277778,0.277778,4.72290429996792,3,0.400745999999344,True
sub-15,69,1,69,1,60,40.0,22148,22748,23648,64.62963,24.62963,24.62963,3.80435930006206,3,0.333502100082114,True
sub-15,70,1,70,2,300,40.0,20069,23069,27569,59.907407,19.907407,19.907407,2.88378829997964,2,0.900726099964231,True
sub-15,71,1,71,2,60,80.0,21629,22829,23129,75.648148,-4.351852,4.351852,5.48878409992903,3,0.666989199933596,True
sub-15,72,1,72,1,12,60.0,16152,16332,16452,26.296296,-33.703704,33.703704,4.75438379996921,2,1.61835440003778,True
sub-15,73,1,73,2,300,80.0,16072,22072,23572,60.277778,-19.722222,19.722222,3.83723830000963,2,0.801208399934694,True
sub-15,74,1,74,1,12,60.0,24970,25150,25270,72.962963,12.962963,12.962963,4.92225430009421,3,0.333431600010953,True
sub-15,75,1,75,1,12,80.0,4600,4840,4900,68.425926,-11.574074,11.574074,3.40354820003267,3,0.300173799972981,True
sub-15,76,1,76,2,60,60.0,25202,26102,26702,58.888889,-1.111111,1.111111,2.8358740999829,2,0.450102499919012,True
sub-15,77,1,77,2,60,20.0,28296,28596,29796,54.907407,34.907407,34.907407,4.0902731999522,2,0.867838700069114,True
sub-15,78,1,78,1,12,60.0,21273,21453,21573,18.148148,-41.851852,41.851852,1.89973979990463,3,0.500972200068645,True
sub-15,79,1,79,1,12,80.0,10400,10640,10700,56.388889,-23.611111,23.611111,4.05400729994289,1,0.416908400016836,True
sub-15,80,1,80,1,60,20.0,5494,5794,6994,35.648148,15.648148,15.648148,3.08681689994409,3,0.500491000013426,True
sub-15,81,1,81,2,300,20.0,16072,17572,23572,67.037037,47.037037,47.037037,1.635273000109,2,0.717264499980956,True
sub-15,82,1,82,2,60,80.0,19722,20922,21222,66.574074,-13.425926,13.425926,2.10200149996671,3,1.91870969999581,True
sub-15,83,1,83,1,12,80.0,3739,3979,4039,78.333333,-1.666667,1.666667,2.61954290000721,3,0.483881200081668,True
sub-15,84,1,84,2,300,40.0,17351,20351,24851,62.962963,22.962963,22.962963,5.7396797001129,1,0.700420400011353,True
sub-15,85,1,85,1,60,60.0,26923,27823,28423,67.222222,7.222222,7.222222,3.08730510005261,2,1.21763169998303,True
sub-15,86,1,86,2,300,40.0,19988,22988,27488,42.037037,2.037037,2.037037,2.80251639999914,1,0.817127999966032,True
sub-15,87,1,87,1,12,40.0,16152,16272,16452,25.925926,-14.074074,14.074074,4.00378540006931,3,0.400289600016549,True
sub-15,88,1,88,1,12,20.0,27281,27341,27581,57.407407,37.407407,37.407407,5.93894419993739,1,0.567102300003171,True
sub-15,89,1,89,1,12,80.0,21800,22040,22100,78.796296,-1.203704,1.203704,2.71937599999364,3,0.416562900063581,True
sub-15,90,1,90,2,60,20.0,12596,12896,14096,32.12963,12.12963,12.12963,14.7816428000805,1,0.867553799995221,True
sub-15,91,1,91,1,12,80.0,15162,15402,15462,65.925926,-14.074074,14.074074,5.57205730001442,3,1.25114259996917,True
sub-15,92,1,92,2,300,20.0,1960,3460,9460,59.444444,39.444444,39.444444,7.17396909999661,2,0.683348599937744,True
sub-15,93,1,93,2,60,20.0,16451,16751,17951,40.833333,20.833333,20.833333,4.09041150007396,1,0.951187700033187,True
sub-15,94,1,94,2,60,60.0,3650,4550,5150,56.666667,-3.333333,3.333333,4.15503979998175,2,1.20088559994474,True
sub-15,95,1,95,2,300,20.0,9381,10881,16881,61.851852,41.851852,41.851852,5.83701799996197,1,0.817284199991263,True
sub-15,96,1,96,1,12,20.0,25820,25880,26120,35.37037,15.37037,15.37037,3.70383430004585,3,0.717356299981474,True
sub-15,97,1,97,1,60,60.0,13176,14076,14676,59.814815,-0.185185,0.185185,3.05345880007371,2,0.500511300051584,True
sub-15,98,1,98,1,60,40.0,15628,16228,17128,40.555556,0.555556,0.555556,3.05273209989536,2,1.38463390001561,True
sub-15,99,1,99,2,60,60.0,17621,18521,19121,67.777778,7.777778,7.777778,3.83728649991098,2,1.26794140005949,True
sub-15,100,1,100,1,60,40.0,4556,5156,6056,28.888889,-11.111111,11.111111,3.60690870007965,3,0.950734899961389,True
sub-15,101,2,1,1,60,20.0,13942,14242,15442,35.555556,15.555556,15.555556,11.0014375000027,2,0.650594000006094,True
sub-15,102,2,2,2,300,80.0,14066,20066,21566,35.37037,-44.62963,44.62963,7.11023450002539,1,0.784604400047101,True
sub-15,103,2,3,1,12,60.0,24250,24430,24550,71.574074,11.574074,11.574074,7.67511909990571,3,0.417265600059181,True
sub-15,104,2,4,2,60,20.0,19722,20022,21222,26.296296,6.296296,6.296296,3.71819469996262,3,0.384660899988375,True
sub-15,105,2,5,2,300,80.0,13458,19458,20958,58.796296,-21.203704,21.203704,2.61966470000334,1,0.767200400005094,True
sub-15,106,2,6,2,60,60.0,23865,24765,25365,39.444444,-20.555556,20.555556,7.05710449989419,2,0.967033799970522,True
sub-15,107,2,7,1,12,80.0,17600,17840,17900,72.12963,-7.87037,7.87037,3.20659849990624,3,0.350739200017415,True
sub-15,108,2,8,1,12,40.0,11500,11620,11800,36.111111,-3.888889,3.888889,3.568362699938,3,1.36782319995109,True
sub-15,109,2,9,1,12,40.0,3739,3859,4039,39.814815,-0.185185,0.185185,5.77268970001023,3,0.367445299983955,True
sub-15,110,2,10,1,60,20.0,1414,1714,2914,24.259259,4.259259,4.259259,7.82444710005074,3,0.483432300039567,True
sub-15,111,2,11,1,60,80.0,5494,6694,6994,61.018519,-18.981481,18.981481,10.3936157000716,3,0.567145799985155,True
sub-15,112,2,12,1,12,20.0,2393,2453,2693,61.574074,41.574074,41.574074,8.20788260002154,2,0.951061200001277,True
sub-15,113,2,13,1,12,20.0,10400,10460,10700,14.074074,-5.925926,5.925926,1.88491530006285,3,1.60146939998958,True
sub-15,114,2,14,1,60,60.0,13942,14842,15442,55.462963,-4.537037,4.537037,3.0866904000286,2,2.61940019996836,True
sub-15,115,2,15,2,300,60.0,16327,20827,23827,59.62963,-0.37037,0.37037,3.3232616999885,1,0.517441299976781,True
sub-15,116,2,16,1,12,80.0,15586,15826,15886,57.962963,-22.037037,22.037037,5.45564920001197,3,0.38381649996154,True
sub-15,117,2,17,2,60,20.0,21629,21929,23129,60.925926,40.925926,40.925926,4.92241859994828,2,3.32006910000927,True
sub-15,118,2,18,1,12,80.0,24970,25210,25270,75.185185,-4.814815,4.814815,13.5144453999819,3,0.900505900033749,True
sub-15,119,2,19,2,300,60.0,11085,15585,18585,34.62963,-25.37037,25.37037,6.85744299995712,1,0.717339599970728,True
sub-15,120,2,20,2,60,60.0,21629,22529,23129,69.444444,9.444444,9.444444,5.88681130006443,2,2.50229989993385,True
sub-15,121,2,21,1,60,40.0,26923,27523,28423,67.037037,27.037037,27.037037,6.82633130007889,3,1.46762369992211,True
sub-15,122,2,22,2,60,20.0,14390,14690,15890,38.240741,18.240741,18.240741,10.0076480999123,2,0.650525200064294,True
sub-15,123,2,23,2,60,60.0,16451,17351,17951,37.685185,-22.314815,22.314815,3.16986599995289,1,0.650061700027436,True
sub-15,124,2,24,2,300,20.0,19476,20976,26976,61.111111,41.111111,41.111111,2.41848509991541,1,0.784044599975459,True
sub-15,125,2,25,1,60,80.0,20386,21586,21886,74.907407,-5.092593,5.092593,4.17084660008549,3,0.533394000027328,True
sub-15,126,2,26,2,300,40.0,18200,21200,25700,61.388889,21.388889,21.388889,6.08916379988659,1,1.11755990004166,True
sub-15,127,2,27,1,12,40.0,27281,27401,27581,67.12963,27.12963,27.12963,4.90788880002219,2,0.550426300032995,True
sub-15,128,2,28,2,300,20.0,13458,14958,20958,25.925926,5.925926,5.925926,14.5147848000051,1,0.484173299977555,True
sub-15,129,2,29,1,12,80.0,29300,29540,29600,74.444444,-5.555556,5.555556,6.50464759999886,3,0.483210299978964,True
sub-15,130,2,30,2,300,80.0,5739,11739,13239,56.944444,-23.055556,23.055556,7.4573619000148,1,0.73381220002193,True
sub-15,131,2,31,2,60,80.0,10035,11235,11535,36.574074,-43.425926,43.425926,7.60756739997305,3,0.533896600012667,True
sub-15,132,2,32,1,12,40.0,13450,13570,13750,64.907407,24.907407,24.907407,5.18889079999644,3,1.13440860004629,True
sub-15,133,2,33,2,60,80.0,3650,4850,5150,68.333333,-11.666667,11.666667,10.8610184000572,3,0.733811100013554,True
sub-15,134,2,34,2,60,20.0,23865,24165,25365,23.796296,3.796296,3.796296,4.47400690009817,1,0.717847899999469,True
sub-15,135,2,35,1,12,40.0,24250,24370,24550,31.018519,-8.981481,8.981481,5.17211759998463,2,0.450494799995794,True
sub-15,136,2,36,1,12,60.0,15162,15342,15462,70.555556,10.555556,10.555556,8.90921820001676,3,0.668149899924174,True
sub-15,137,2,37,2,60,20.0,9187,9487,10687,27.314815,7.314815,7.314815,3.58734550001099,3,0.666902000084519,True
sub-15,138,2,38,1,60,80.0,6042,7242,7542,62.5,-17.5,17.5,6.17329169996082,2,0.650461599929258,True
sub-15,139,2,39,1,12,60.0,23864,24045,24165,34.166667,-25.833333,25.833333,3.67084300005808,3,0.400502700009383,True
sub-15,140,2,40,1,12,60.0,25820,26000,26120,65.740741,5.740741,5.740741,10.2582980999723,3,0.383539400063455,True
sub-15,141,2,41,1,12,60.0,21800,21980,22100,80.555556,20.555556,20.555556,4.18817179999314,3,0.934565900010056,True
sub-15,142,2,42,2,300,20.0,22736,24236,30236,80.092593,60.092593,60.092593,10.5606986000202,3,1.00080549996346,True
sub-15,143,2,43,2,60,60.0,9187,10087,10687,67.5,7.5,7.5,8.67496530001517,2,0.617452700040303,True
sub-15,144,2,44,1,60,20.0,4556,4856,6056,31.574074,11.574074,11.574074,4.85470780008472,2,1.13404509995598,True
sub-15,145,2,45,2,60,60.0,10035,10935,11535,38.333333,-21.666667,21.666667,7.87459220003802,2,1.80209130002185,True
sub-15,146,2,46,1,60,60.0,6042,6942,7542,69.62963,9.62963,9.62963,3.50341180001851,3,0.484049099963158,True
sub-15,147,2,47,1,12,20.0,26328,26388,26628,77.87037,57.87037,57.87037,2.41874430002644,3,0.450436300016008,True
sub-15,148,2,48,1,12,60.0,2486,2666,2786,69.537037,9.537037,9.537037,2.16874049999751,3,0.450434700003825,True
sub-15,149,2,49,2,60,20.0,17621,17921,19121,28.518519,8.518519,8.518519,4.73853019997477,2,0.917269599973224,True
sub-15,150,2,50,1,12,60.0,29300,29480,29600,73.981481,13.981481,13.981481,3.01982879999559,3,0.400220099953003,True
sub-15,151,2,51,1,60,20.0,26923,27223,28423,68.888889,48.888889,48.888889,1.38845860003493,3,0.817396000027656,True
sub-15,152,2,52,2,300,60.0,11153,15653,18653,59.722222,-0.277778,0.277778,2.01904759998433,1,0.567121700034476,True
sub-15,153,2,53,2,60,80.0,17621,18821,19121,58.796296,-21.203704,21.203704,2.66738550004083,2,0.61730639997404,True
sub-15,154,2,54,1,12,20.0,14329,14389,14629,52.314815,32.314815,32.314815,5.53899669996462,2,0.734040000010281,True
sub-15,155,2,55,2,300,20.0,1638,3138,9138,56.111111,36.111111,36.111111,8.29163990006782,2,0.467143899993971,True
sub-15,156,2,56,2,60,60.0,28296,29196,29796,36.574074,-23.425926,23.425926,4.25424369995016,1,0.400266700075008,True
sub-15,157,2,57,2,60,40.0,12596,13196,14096,33.240741,-6.759259,6.759259,6.50428110000211,1,0.517566599999554,True
sub-15,158,2,58,2,300,80.0,19476,25476,26976,73.425926,-6.574074,6.574074,2.86957899993285,3,0.483726299949921,True
sub-15,159,2,59,2,300,80.0,13557,19557,21057,60.555556,-19.444444,19.444444,3.62046150001697,1,0.918074800050817,True
sub-15,160,2,60,2,60,40.0,11369,11969,12869,25.648148,-14.351852,14.351852,8.75887400005012,1,0.583923300029709,True
sub-15,161,2,61,1,12,40.0,21800,21920,22100,72.962963,32.962963,32.962963,4.57113229995593,3,0.533406500006094,True
sub-15,162,2,62,1,12,60.0,17600,17780,17900,62.962963,2.962963,2.962963,10.0602370999986,3,0.400369999930262,True
sub-15,163,2,63,2,300,60.0,1638,6138,9138,57.5,-2.5,2.5,2.75277899997308,2,1.15124299994204,True
sub-15,164,2,64,2,300,80.0,7365,13365,14865,46.388889,-33.611111,33.611111,3.40670589997898,1,0.600685599958524,True
sub-15,165,2,65,2,300,20.0,13557,15057,21057,23.240741,3.240741,3.240741,6.73741729999892,2,0.951165299979038,True
sub-15,166,2,66,2,300,80.0,20069,26069,27569,33.796296,-46.203704,46.203704,5.67491679999511,3,0.684335600002668,True
sub-15,167,2,67,2,300,80.0,12645,18645,20145,61.944444,-18.055556,18.055556,5.48970849998295,1,1.55177769996225,True
sub-15,168,2,68,2,60,20.0,25895,26195,27395,24.259259,4.259259,4.259259,9.17373459995724,1,0.517083100043237,True
sub-15,169,2,69,2,300,60.0,16072,20572,23572,41.759259,-18.240741,18.240741,9.67611609993036,1,0.567194700008258,True
sub-15,170,2,70,2,300,80.0,19988,25988,27488,25.925926,-54.074074,54.074074,4.20722799992654,1,0.567162099992856,True
sub-15,171,2,71,1,12,80.0,1602,1842,1902,67.037037,-12.962963,12.962963,7.27447940001729,3,1.43505259999074,True
sub-15,172,2,72,2,300,20.0,7365,8865,14865,60.37037,40.37037,40.37037,2.55321360006928,1,0.934043299988843,True
sub-15,173,2,73,1,60,60.0,20386,21286,21886,58.333333,-1.666667,1.666667,7.24120920000132,3,0.450221500010229,True
sub-15,174,2,74,2,60,80.0,9187,10387,10687,27.685185,-52.314815,52.314815,7.52123970002867,3,0.483411699999123,True
sub-15,175,2,75,2,60,40.0,19722,20322,21222,62.962963,22.962963,22.962963,8.22459550003986,3,0.43381399998907,True
sub-15,176,2,76,1,12,60.0,11500,11680,11800,52.407407,-7.592593,7.592593,12.6793701000278,1,0.58392680005636,True
sub-15,177,2,77,2,300,40.0,18922,21922,26422,71.018519,31.018519,31.018519,6.62602980004157,1,0.533481399994343,True
sub-15,178,2,78,2,300,40.0,13458,16458,20958,40.185185,0.185185,0.185185,4.18835090007633,1,1.48519269993994,True
sub-15,179,2,79,1,60,20.0,13176,13476,14676,20.462963,0.462963,0.462963,3.60429920000024,3,1.16763999999966,True
sub-15,180,2,80,1,60,40.0,20386,20986,21886,54.074074,14.074074,14.074074,5.75599970004987,3,0.517382399993948,True
sub-15,181,2,81,1,12,80.0,23864,24105,24165,62.037037,-17.962963,17.962963,4.12166730000171,3,0.850628599990159,True
sub-15,182,2,82,1,12,60.0,15586,15766,15886,49.814815,-10.185185,10.185185,6.0568621000275,3,0.417500799987465,True
sub-15,183,2,83,2,300,40.0,5739,8739,13239,41.203704,1.203704,1.203704,5.43662070005666,2,1.53527550003491,True
sub-15,184,2,84,2,60,80.0,23865,25065,25365,36.759259,-43.240741,43.240741,5.20486159995198,2,0.833904200000688,True
sub-15,185,2,85,1,60,60.0,2714,3614,4214,68.981481,8.981481,8.981481,3.02005670010112,3,0.400175099959597,True
sub-15,186,2,86,1,12,40.0,9950,10070,10250,66.018519,26.018519,26.018519,7.05787479993887,2,0.500511200050823,True
sub-15,187,2,87,2,300,80.0,11085,17085,18585,39.537037,-40.462963,40.462963,2.98672159994021,2,0.950978599954396,True
sub-15,188,2,88,2,300,40.0,14066,17066,21566,34.444444,-5.555556,5.555556,2.65252939995843,1,0.733803099952638,True
sub-15,189,2,89,2,60,40.0,3650,4250,5150,41.481481,1.481481,1.481481,7.25739060004707,2,1.41842819994781,True
sub-15,190,2,90,1,12,60.0,26328,26508,26628,54.907407,-5.092593,5.092593,4.14062169997487,3,0.567129799979738,True
sub-15,191,2,91,2,60,80.0,16451,17651,17951,69.444444,-10.555556,10.555556,3.9881863000337,3,0.867504799971357,True
sub-15,192,2,92,2,60,60.0,11369,12269,12869,63.796296,3.796296,3.796296,2.53631599992513,1,0.566992200096137,True
sub-15,193,2,93,2,300,80.0,1960,7960,9460,62.222222,-17.777778,17.777778,4.43587729998398,2,0.934320100001059,True
sub-15,194,2,94,1,60,60.0,22148,23048,23648,71.851852,11.851852,11.851852,3.90729150001425,3,0.433494800003245,True
sub-15,195,2,95,2,60,60.0,25895,26795,27395,67.222222,7.222222,7.222222,3.72085429995786,3,0.383701900020241,True
sub-15,196,2,96,1,12,80.0,16152,16392,16452,92.592593,12.592593,12.592593,6.92102779995184,3,0.600493100006133,True
sub-15,197,2,97,2,300,20.0,20069,21569,27569,68.703704,48.703704,48.703704,2.53593560005538,1,0.76751520007383,True
sub-15,198,2,98,1,60,80.0,4556,5756,6056,69.444444,-10.555556,10.555556,3.03622619993984,3,0.366938200080767,True
sub-15,199,2,99,1,12,60.0,3739,3919,4039,63.148148,3.148148,3.148148,4.02098150004167,3,1.0006379999686,True
sub-15,200,2,100,2,300,80.0,17351,23351,24851,62.222222,-17.777778,17.777778,2.55518129991833,1,0.550054999999702,True
sub-15,201,3,1,2,60,80.0,12596,13796,14096,28.148148,-51.851852,51.851852,9.69742609991226,1,0.667504200013354,True
sub-15,202,3,2,1,60,60.0,15628,16528,17128,34.259259,-25.740741,25.740741,4.31906250002794,1,0.967390800011344,True
sub-15,203,3,3,1,12,20.0,13450,13510,13750,65.277778,45.277778,45.277778,3.50399490003474,3,0.416960599948652,True
sub-15,204,3,4,2,300,40.0,13557,16557,21057,49.722222,9.722222,9.722222,5.28871320001781,1,0.800805100006982,True
sub-15,205,3,5,2,60,40.0,25202,25802,26702,30.648148,-9.351852,9.351852,4.13766500004567,3,1.80169439991004,True
sub-15,206,3,6,1,12,20.0,24970,25030,25270,34.722222,14.722222,14.722222,6.78999119997024,3,0.617113000014796,True
sub-15,207,3,7,1,60,20.0,20386,20686,21886,33.888889,13.888889,13.888889,6.8768190999981,3,0.533375600003637,True
sub-15,208,3,8,1,12,20.0,16152,16212,16452,26.759259,6.759259,6.759259,2.85018660000059,3,0.533679399988614,True
sub-15,209,3,9,1,60,20.0,6042,6342,7542,20.925926,0.925926,0.925926,5.05484989995602,3,0.550463199964724,True
sub-15,210,3,10,2,60,20.0,10035,10335,11535,34.351852,14.351852,14.351852,8.29150699998717,1,0.450648700003512,True
sub-15,211,3,11,2,300,20.0,17351,18851,24851,32.87037,12.87037,12.87037,10.4139290999155,1,0.483735199901275,True
sub-15,212,3,12,2,300,20.0,21224,22724,28724,35.462963,15.462963,15.462963,4.78622160002123,1,0.583727800054475,True
sub-15,213,3,13,2,300,20.0,16327,17827,23827,72.777778,52.777778,52.777778,3.10596279997844,1,0.682904500048607,True
sub-15,214,3,14,2,300,60.0,19476,23976,26976,29.166667,-30.833333,30.833333,3.23486409999895,1,0.967407000018283,True
sub-15,215,3,15,1,12,60.0,13450,13630,13750,61.296296,1.296296,1.296296,3.16965169995091,3,0.433660699985921,True
sub-15,216,3,16,2,60,80.0,11369,12569,12869,65.277778,-14.722222,14.722222,6.08932379994075,3,0.316780299996025,True
sub-15,217,3,17,2,300,60.0,2522,7022,10022,58.425926,-1.574074,1.574074,2.98659510002471,1,0.550321299931965,True
sub-15,218,3,18,2,300,60.0,14351,18851,21851,60.555556,0.555556,0.555556,1.61881770007312,1,0.367222600034438,True
sub-15,219,3,19,2,300,60.0,19988,24488,27488,57.5,-2.5,2.5,2.41942269995342,1,0.55009739997331,True
sub-15,220,3,20,2,300,40.0,12645,15645,20145,33.055556,-6.944444,6.944444,2.31922549998853,1,0.901150100049562,True
sub-15,221,3,21,1,12,20.0,2486,2546,2786,27.314815,7.314815,7.314815,3.80316340003628,3,0.417138699907809,True
sub-15,222,3,22,1,60,40.0,2714,3314,4214,32.592593,-7.407407,7.407407,4.28733310010284,3,0.467151299933902,True
sub-15,223,3,23,2,300,80.0,14351,20351,21851,67.5,-12.5,12.5,4.78861899999901,3,0.583352899993769,True
sub-15,224,3,24,1,12,60.0,4600,4780,4900,64.074074,4.074074,4.074074,4.68802250002045,3,0.333229499985463,True
sub-15,225,3,25,1,12,60.0,6414,6594,6714,67.5,7.5,7.5,2.41889480000827,2,1.43479309999383,True
sub-15,226,3,26,1,12,60.0,1602,1782,1902,62.685185,2.685185,2.685185,2.10258679999969,3,0.333839500090107,True
sub-15,227,3,27,1,12,40.0,23864,23985,24165,60.462963,20.462963,20.462963,2.23604320001322,3,1.60162600001785,True
sub-15,228,3,28,2,300,60.0,5739,10239,13239,31.759259,-28.240741,28.240741,2.68903829995542,1,0.433860499993898,True
sub-15,229,3,29,2,300,20.0,18922,20422,26422,63.611111,43.611111,43.611111,4.47192399995401,2,0.83389879995957,True
sub-15,230,3,30,2,60,40.0,16451,17051,17951,58.425926,18.425926,18.425926,5.21957850002218,1,0.550436599995009,True
sub-15,231,3,31,1,12,60.0,27281,27461,27581,57.037037,-2.962963,2.962963,6.82392430002801,2,0.56688459997531,True
sub-15,232,3,32,1,12,80.0,25820,26060,26120,33.425926,-46.574074,46.574074,2.9731327999616,2,0.53404399997089,True
sub-15,233,3,33,2,60,40.0,25895,26495,27395,39.444444,-0.555556,0.555556,6.37331449997145,1,0.416895299917086,True
sub-15,234,3,34,1,12,20.0,15162,15222,15462,67.962963,47.962963,47.962963,3.47080410004127,3,0.400231600040569,True
sub-15,235,3,35,1,12,80.0,21273,21513,21573,72.777778,-7.222222,7.222222,4.82267629995476,3,0.750509500037878,True
sub-15,236,3,36,1,12,40.0,2486,2606,2786,51.759259,11.759259,11.759259,5.62259259994607,3,0.417054999968968,True
sub-15,237,3,37,2,300,60.0,18200,22700,25700,37.592593,-22.407407,22.407407,2.46923010004684,1,0.734165600035339,True
sub-15,238,3,38,1,12,20.0,24250,24310,24550,72.12963,52.12963,52.12963,6.54060359997674,3,0.35005790006835,True
sub-15,239,3,39,2,60,20.0,25202,25502,26702,33.425926,13.425926,13.425926,4.91964370000641,3,0.349888099939562,True
sub-15,240,3,40,1,12,20.0,15586,15646,15886,30.555556,10.555556,10.555556,3.00300679996144,3,0.533572899992577,True
sub-15,241,3,41,1,12,40.0,29300,29420,29600,36.481481,-3.518519,3.518519,5.64209519990254,3,0.416982299997471,True
sub-15,242,3,42,1,12,40.0,1602,1722,1902,37.5,-2.5,2.5,6.27031219995114,3,0.367028400069102,True
sub-15,243,3,43,1,12,60.0,12500,12680,12800,66.574074,6.574074,6.574074,5.35876259999349,3,0.350467899930663,True
sub-15,244,3,44,1,12,60.0,14329,14509,14629,66.296296,6.296296,6.296296,3.13692069996614,3,0.350301999947987,True
sub-15,245,3,45,1,12,40.0,17600,17720,17900,61.388889,21.388889,21.388889,2.82030470005702,1,0.533831200096756,True
sub-15,246,3,46,1,12,60.0,10400,10580,10700,26.666667,-33.333333,33.333333,2.50299229996744,3,0.416997299995273,True
sub-15,247,3,47,2,300,60.0,10518,15018,18018,68.240741,8.240741,8.240741,7.62465699994936,1,0.534132399945519,True
sub-15,248,3,48,2,300,60.0,17351,21851,24851,33.888889,-26.111111,26.111111,3.96860959997866,1,1.36797770007979,True
sub-15,249,3,49,1,12,20.0,12500,12560,12800,27.685185,7.685185,7.685185,3.20351760007906,3,0.466805300093255,True
sub-15,250,3,50,2,300,60.0,22736,27236,30236,60.555556,0.555556,0.555556,4.80754960002377,1,0.650546199991367,True
sub-15,251,3,51,2,300,80.0,9381,15381,16881,43.611111,-36.388889,36.388889,4.63889770000241,1,0.449871000018902,True
sub-15,252,3,52,1,60,80.0,13942,15142,15442,78.055556,-1.944444,1.944444,4.77216910000424,3,0.850749999983236,True
sub-15,253,3,53,1,12,40.0,12500,12620,12800,63.240741,23.240741,23.240741,2.48384240001905,3,0.333806299953721,True
sub-15,254,3,54,1,60,60.0,1414,2314,2914,50.555556,-9.444444,9.444444,5.23880150006152,3,2.70222829992417,True
sub-15,255,3,55,1,60,80.0,15628,16828,17128,79.444444,-0.555556,0.555556,5.25554640009067,3,0.667420899961143,True
sub-15,256,3,56,2,300,60.0,12645,17145,20145,28.611111,-31.388889,31.388889,6.60668349999468,3,0.667413000017404,True
sub-15,257,3,57,1,60,80.0,26923,28123,28423,63.611111,-16.388889,16.388889,2.62246210000012,2,0.567471700021997,True
sub-15,258,3,58,2,300,40.0,21224,24224,28724,65.555556,25.555556,25.555556,2.88403389998711,1,0.417545200092718,True
sub-15,259,3,59,2,60,60.0,14390,15290,15890,67.12963,7.12963,7.12963,5.80654830008279,3,0.316110100015066,True
sub-15,260,3,60,2,300,60.0,10273,14773,17773,63.518519,3.518519,3.518519,2.75260480004362,3,0.666979999979957,True
sub-15,261,3,61,2,300,40.0,7365,10365,14865,67.592593,27.592593,27.592593,6.32310839998535,3,0.800540100084617,True
sub-15,262,3,62,1,12,20.0,1602,1662,1902,28.796296,8.796296,8.796296,4.8212316998979,2,0.833662800025194,True
sub-15,263,3,63,2,300,20.0,10273,11773,17773,32.685185,12.685185,12.685185,7.44088860007468,1,0.817107000038959,True
sub-15,264,3,64,1,60,60.0,5494,6394,6994,57.314815,-2.685185,2.685185,3.70384629990439,2,0.617249400005675,True
sub-15,265,3,65,1,12,80.0,27281,27521,27581,38.703704,-41.296296,41.296296,9.77929029997903,2,0.700998800108209,True
sub-15,266,3,66,1,12,20.0,21273,21333,21573,17.592593,-2.407407,2.407407,5.75671709992457,3,1.08467330003622,True
sub-15,267,3,67,1,12,40.0,24970,25090,25270,63.888889,23.888889,23.888889,8.55882199993357,2,1.50089560006745,True
sub-15,268,3,68,2,300,80.0,21224,27224,28724,34.444444,-45.555556,45.555556,2.86713869997765,2,0.400444199913181,True
sub-15,269,3,69,1,12,20.0,6414,6474,6714,34.537037,14.537037,14.537037,2.25240060000214,3,1.25116680003702,True
sub-15,270,3,70,2,60,40.0,17621,18221,19121,61.944444,21.944444,21.944444,5.34130169998388,1,1.08467020001262,True
sub-15,271,3,71,1,12,40.0,2393,2513,2693,60.833333,20.833333,20.833333,3.36859329999424,3,0.800767000066116,True
sub-15,272,3,72,2,300,20.0,18200,19700,25700,60.462963,40.462963,40.462963,1.73498399998061,1,0.766952899983152,True
sub-15,273,3,73,1,60,80.0,13176,14376,14676,23.981481,-56.018519,56.018519,2.5026098000817,1,0.900697300094179,True
sub-15,274,3,74,2,300,80.0,18922,24922,26422,66.574074,-13.425926,13.425926,7.85732429998461,2,0.417347699985839,True
sub-15,275,3,75,2,300,80.0,11153,17153,18653,36.759259,-43.240741,43.240741,2.2691174999345,1,0.700526500004343,True
sub-15,276,3,76,1,12,40.0,14329,14449,14629,60.0,20.0,20.0,8.35821380000561,3,0.36714850005228,True
sub-15,277,3,77,2,300,20.0,14066,15566,21566,32.5,12.5,12.5,4.62113370001316,3,0.350402900017797,True
sub-15,278,3,78,2,300,60.0,7365,11865,14865,65.555556,5.555556,5.555556,2.5026372000575,1,0.350173000013455,True
sub-15,279,3,79,1,60,80.0,2714,3914,4214,72.777778,-7.222222,7.222222,6.27312980010174,3,0.400106399902142,True
sub-15,280,3,80,1,60,80.0,1414,2614,2914,71.296296,-8.703704,8.703704,3.13658410008065,3,0.283262699958868,True
sub-15,281,3,81,2,300,40.0,10518,13518,18018,37.685185,-2.314815,2.314815,2.56935500004328,1,0.416599399992264,True
sub-15,282,3,82,1,12,20.0,4600,4660,4900,34.62963,14.62963,14.62963,3.57045550004113,3,0.333789899945259,True
sub-15,283,3,83,2,300,40.0,16072,19072,23572,63.796296,23.796296,23.796296,3.73726770002394,1,0.866983300074935,True
sub-15,284,3,84,2,300,80.0,1638,7638,9138,44.537037,-35.462963,35.462963,11.0442801999161,1,0.46687269990798,True
sub-15,285,3,85,2,60,80.0,28296,29496,29796,28.888889,-51.111111,51.111111,5.60870169999543,1,0.500235299929045,True
sub-15,286,3,86,2,300,40.0,22736,25736,30236,68.333333,28.333333,28.333333,2.56693940004333,1,0.517178799957037,True
sub-15,287,3,87,2,60,40.0,14390,14990,15890,69.814815,29.814815,29.814815,4.45401210000272,3,0.767046599998138,True
sub-15,288,3,88,2,300,40.0,11153,14153,18653,67.037037,27.037037,27.037037,2.46895229991059,1,0.667451199959032,True
sub-15,289,3,89,2,300,20.0,19988,21488,27488,33.333333,13.333333,13.333333,7.79065629991237,1,0.717621400021016,True
sub-15,290,3,90,2,300,80.0,22736,28736,30236,19.074074,-60.925926,60.925926,8.64594289998058,2,1.20180759998038,True
sub-15,291,3,91,2,300,80.0,16327,22327,23827,71.759259,-8.240741,8.240741,16.6483327000169,3,0.516688500065356,True
sub-15,292,3,92,1,12,80.0,9950,10190,10250,69.074074,-10.925926,10.925926,2.90306619997136,3,0.383594100014306,True
sub-15,293,3,93,2,300,20.0,11085,12585,18585,60.462963,40.462963,40.462963,4.23775699990801,1,0.450048899976536,True
sub-15,294,3,94,1,12,20.0,23864,23925,24165,33.611111,13.611111,13.611111,3.38951880007516,3,0.35045800008811,True
sub-15,295,3,95,1,12,20.0,29300,29360,29600,65.833333,45.833333,45.833333,3.5678493999876,3,0.316798600018955,True
sub-15,296,3,96,2,60,80.0,25895,27095,27395,56.944444,-23.055556,23.055556,2.38863920001313,2,0.617354799993336,True
sub-15,297,3,97,1,12,80.0,12500,12740,12800,63.888889,-16.111111,16.111111,3.73446489998605,2,0.649968300014734,True
sub-15,298,3,98,2,300,60.0,20069,24569,27569,63.055556,3.055556,3.055556,2.22236110002268,1,0.31604679999873,True
sub-15,299,3,99,2,60,40.0,28296,28896,29796,66.944444,26.944444,26.944444,3.68381210009101,1,0.717251199996098,True
sub-15,300,3,100,2,300,60.0,9381,13881,16881,68.703704,8.703704,8.703704,12.9293075000168,2,2.46875869994983,True
sub-16,1,1,1,1,60,40.0,20386,20986,21886,60.0,20.0,20.0,15.0145302999299,3,2.3025539999362,True
sub-16,2,1,2,1,12,60.0,15586,15766,15886,33.888889,-26.111111,26.111111,6.1729914000025,3,2.3023552999366,True
sub-16,3,1,3,1,12,80.0,24250,24490,24550,66.018519,-13.981481,13.981481,5.88950410007964,3,1.41834580001886,True
sub-16,4,1,4,2,300,80.0,10518,16518,18018,53.888889,-26.111111,26.111111,20.353964800015,2,1.90196190006099,True
sub-16,5,1,5,1,12,20.0,25820,25880,26120,43.333333,23.333333,23.333333,8.97557830007281,2,0.61671179998666,True
sub-16,6,1,6,2,60,80.0,21629,22829,23129,66.759259,-13.240741,13.240741,10.994857899961,3,0.467061099945567,True
sub-16,7,1,7,1,60,60.0,13176,14076,14676,66.759259,6.759259,6.759259,11.4945815999526,3,0.567372999968938,True
sub-16,8,1,8,1,60,80.0,22148,23348,23648,69.722222,-10.277778,10.277778,7.82470029999967,3,0.767530599958263,True
sub-16,9,1,9,1,12,40.0,29300,29420,29600,58.333333,18.333333,18.333333,11.2107970000943,4,1.43495959998108,True
sub-16,10,1,10,1,60,60.0,22148,23048,23648,66.851852,6.851852,6.851852,11.3980059999739,3,1.61841799993999,True
sub-16,11,1,11,2,60,60.0,16451,17351,17951,70.092593,10.092593,10.092593,11.6255314999725,4,1.63438089995179,True
sub-16,12,1,12,2,300,20.0,18200,19700,25700,57.592593,37.592593,37.592593,16.9671520000556,2,0.700519699952565,True
sub-16,13,1,13,1,12,80.0,21800,22040,22100,98.518519,18.518519,18.518519,8.20774159999564,4,1.08442249998915,True
sub-16,14,1,14,1,60,80.0,4556,5756,6056,63.425926,-16.574074,16.574074,6.33948679990135,3,0.70075189997442,True
sub-16,15,1,15,2,300,40.0,10518,13518,18018,57.222222,17.222222,17.222222,9.59583730006124,2,0.667235299944877,True
sub-16,16,1,16,2,60,40.0,28296,28896,29796,40.092593,0.092593,0.092593,4.78865929995663,3,0.76708779996261,True
sub-16,17,1,17,1,60,60.0,26923,27823,28423,60.925926,0.925926,0.925926,5.7370175999822,3,0.684053200064227,True
sub-16,18,1,18,2,300,20.0,19476,20976,26976,39.814815,19.814815,19.814815,8.35805569996591,3,0.716980600031092,True
sub-16,19,1,19,2,300,80.0,19476,25476,26976,93.611111,13.611111,13.611111,9.11197430000174,3,0.767311899922788,True
sub-16,20,1,20,2,60,80.0,3650,4850,5150,67.407407,-12.592593,12.592593,9.24341710004955,3,0.450535000069066,True
sub-16,21,1,21,2,60,80.0,25202,26402,26702,88.055556,8.055556,8.055556,18.4159198999404,3,0.767244899994693,True
sub-16,22,1,22,1,12,20.0,12500,12560,12800,51.203704,31.203704,31.203704,5.7392269000411,3,0.600878700031898,True
sub-16,23,1,23,1,12,20.0,29300,29360,29600,51.296296,31.296296,31.296296,5.00832599995192,4,0.650934600038453,True
sub-16,24,1,24,2,300,40.0,2522,5522,10022,50.648148,10.648148,10.648148,11.4788639000616,3,0.549906599917449,True
sub-16,25,1,25,2,300,20.0,9381,10881,16881,53.888889,33.888889,33.888889,6.85460949991829,2,0.584239199990406,True
sub-16,26,1,26,2,300,80.0,17351,23351,24851,66.944444,-13.055556,13.055556,8.82379579998087,3,0.400054799974896,True
sub-16,27,1,27,2,60,80.0,14390,15590,15890,81.944444,1.944444,1.944444,7.70760490000247,4,0.884040700038895,True
sub-16,28,1,28,2,300,80.0,16072,22072,23572,54.351852,-25.648148,25.648148,17.1005298999371,3,0.51694130001124,True
sub-16,29,1,29,1,12,20.0,2393,2453,2693,47.685185,27.685185,27.685185,7.15736589999869,3,0.583946799975819,True
sub-16,30,1,30,1,60,80.0,13176,14376,14676,73.981481,-6.018519,6.018519,23.5572867000009,3,0.567145299981348,True
sub-16,31,1,31,1,12,80.0,25820,26060,26120,28.981481,-51.018519,51.018519,4.97494970005936,3,0.566508800024166,True
sub-16,32,1,32,2,60,20.0,14390,14690,15890,36.851852,16.851852,16.851852,5.80360280000604,3,0.700616700109094,True
sub-16,33,1,33,2,300,80.0,12645,18645,20145,72.222222,-7.777778,7.777778,7.90789230004884,3,0.367234000004828,True
sub-16,34,1,34,2,60,40.0,23865,24465,25365,42.12963,2.12963,2.12963,11.0446180000435,2,0.600625499966554,True
sub-16,35,1,35,1,60,80.0,26923,28123,28423,72.962963,-7.037037,7.037037,5.02470329997595,3,0.383775199996307,True
sub-16,36,1,36,1,12,80.0,9950,10190,10250,91.018519,11.018519,11.018519,6.72362519998569,4,0.683878500014543,True
sub-16,37,1,37,1,12,60.0,15162,15342,15462,85.185185,25.185185,25.185185,6.40446250000968,4,0.534162299940362,True
sub-16,38,1,38,2,60,40.0,17621,18221,19121,46.481481,6.481481,6.481481,5.58887660002801,3,0.51692299998831,True
sub-16,39,1,39,1,12,40.0,24250,24370,24550,67.685185,27.685185,27.685185,5.55832159996498,4,0.717595399939455,True
sub-16,40,1,40,1,12,20.0,24250,24310,24550,39.351852,19.351852,19.351852,6.90538549993652,3,1.36809540004469,True
sub-16,41,1,41,2,300,60.0,17351,21851,24851,51.944444,-8.055556,8.055556,8.22787319996859,2,0.567679099971428,True
sub-16,42,1,42,1,60,20.0,13942,14242,15442,50.740741,30.740741,30.740741,12.8467597999842,3,0.667453899979591,True
sub-16,43,1,43,1,12,40.0,2486,2606,2786,56.759259,16.759259,16.759259,3.28468609997071,3,0.416988899931311,True
sub-16,44,1,44,2,300,60.0,5739,10239,13239,70.37037,10.37037,10.37037,17.9015715999994,3,0.517248000018298,True
sub-16,45,1,45,2,60,80.0,11369,12569,12869,79.62963,-0.37037,0.37037,3.67038410005625,3,0.567035599960945,True
sub-16,46,1,46,2,300,40.0,16072,19072,23572,65.740741,25.740741,25.740741,5.35548939998261,3,0.366834299988113,True
sub-16,47,1,47,1,60,20.0,20386,20686,21886,26.851852,6.851852,6.851852,6.75964319997001,4,0.566719399997964,True
sub-16,48,1,48,2,60,40.0,14390,14990,15890,60.740741,20.740741,20.740741,7.18928539997432,3,0.566919600008986,True
sub-16,49,1,49,2,300,80.0,13458,19458,20958,60.277778,-19.722222,19.722222,5.18898089998401,3,0.534124700003303,True
sub-16,50,1,50,2,60,40.0,12596,13196,14096,59.351852,19.351852,19.351852,4.10433939995709,2,0.400498800096102,True
sub-16,51,1,51,1,12,60.0,24970,25150,25270,82.777778,22.777778,22.777778,7.17387559998314,4,0.450850199908018,True
sub-16,52,1,52,2,60,60.0,10035,10935,11535,58.148148,-1.851852,1.851852,7.79110130004119,3,0.499855699948966,True
sub-16,53,1,53,2,60,20.0,3650,3950,5150,48.888889,28.888889,28.888889,8.12773160007782,3,0.550816399976611,True
sub-16,54,1,54,2,300,20.0,10273,11773,17773,47.685185,27.685185,27.685185,5.87336519989185,3,0.366815599962137,True
sub-16,55,1,55,2,60,20.0,12596,12896,14096,47.685185,27.685185,27.685185,5.10286239988636,2,0.450179700041189,True
sub-16,56,1,56,2,300,60.0,19476,23976,26976,42.037037,-17.962963,17.962963,5.23876510001719,2,0.517300699953921,True
sub-16,57,1,57,2,300,60.0,19988,24488,27488,35.740741,-24.259259,24.259259,9.85986940003931,2,0.917257900000549,True
sub-16,58,1,58,2,60,60.0,12596,13496,14096,60.0,0.0,0.0,8.52532759995665,2,0.433430299977771,True
sub-16,59,1,59,2,300,20.0,21224,22724,28724,52.222222,32.222222,32.222222,8.44181220000609,3,0.48353930003941,True
sub-16,60,1,60,2,300,40.0,5739,8739,13239,13.055556,-26.944444,26.944444,11.9614779000403,4,0.60018160007894,True
sub-16,61,1,61,2,300,80.0,14066,20066,21566,67.685185,-12.314815,12.314815,6.00576219998765,3,0.384094400098547,True
sub-16,62,1,62,1,60,40.0,13942,14542,15442,70.37037,30.37037,30.37037,5.00542579998727,3,0.433534200070425,True
sub-16,63,1,63,1,12,20.0,17600,17660,17900,50.555556,30.555556,30.555556,8.07496990007348,3,0.517091799993068,True
sub-16,64,1,64,2,60,40.0,25202,25802,26702,37.777778,-2.222222,2.222222,4.88833570003043,3,0.366497099981643,True
sub-16,65,1,65,1,12,60.0,13450,13630,13750,54.166667,-5.833333,5.833333,5.6890327000292,3,0.316911400062963,True
sub-16,66,1,66,2,60,20.0,17621,17921,19121,32.685185,12.685185,12.685185,4.68800389999523,3,0.400573799968697,True
sub-16,67,1,67,1,12,20.0,21273,21333,21573,0.740741,-19.259259,19.259259,5.13862500002142,4,0.550479999976232,True
sub-16,68,1,68,2,300,60.0,20069,24569,27569,62.592593,2.592593,2.592593,10.5612388999434,2,0.433898500050418,True
sub-16,69,1,69,2,300,20.0,20069,21569,27569,40.925926,20.925926,20.925926,6.82676289998926,3,0.416553399991244,True
sub-16,70,1,70,2,300,80.0,22736,28736,30236,53.703704,-26.296296,26.296296,5.55325760005507,2,0.433294799993746,True
sub-16,71,1,71,2,300,40.0,18200,21200,25700,52.037037,12.037037,12.037037,5.67499070009216,3,0.334002000046893,True
sub-16,72,1,72,1,12,80.0,14329,14569,14629,85.0,5.0,5.0,14.3483259000349,3,0.684103299980051,True
sub-16,73,1,73,1,12,40.0,16152,16272,16452,35.185185,-4.814815,4.814815,5.82010020001325,3,0.400337100028991,True
sub-16,74,1,74,1,60,60.0,6042,6942,7542,72.222222,12.222222,12.222222,5.30529809999279,3,0.600390400039032,True
sub-16,75,1,75,2,300,80.0,16327,22327,23827,45.092593,-34.907407,34.907407,10.4439021999714,3,0.231127599952742,True
sub-16,76,1,76,1,12,40.0,2393,2513,2693,53.703704,13.703704,13.703704,3.97045500006061,3,1.03462229995056,True
sub-16,77,1,77,2,300,20.0,14066,15566,21566,48.796296,28.796296,28.796296,6.1589854999911,3,0.353092300007119,True
sub-16,78,1,78,2,300,80.0,2522,8522,10022,64.166667,-15.833333,15.833333,4.91934659995604,3,0.416882699937559,True
sub-16,79,1,79,1,12,40.0,26328,26448,26628,84.166667,44.166667,44.166667,10.1935066999867,3,0.333552900003269,True
sub-16,80,1,80,1,60,80.0,20386,21586,21886,76.111111,-3.888889,3.888889,3.50375110004097,3,0.266564300050959,True
sub-16,81,1,81,1,12,60.0,9950,10130,10250,47.5,-12.5,12.5,4.25727409997489,2,0.41706620005425,True
sub-16,82,1,82,1,60,80.0,13942,15142,15442,79.722222,-0.277778,0.277778,7.2211683000205,3,0.333643599995411,True
sub-16,83,1,83,1,60,40.0,2714,3314,4214,70.0,30.0,30.0,5.37232259998563,3,0.400335200014524,True
sub-16,84,1,84,2,300,80.0,14351,20351,21851,69.074074,-10.925926,10.925926,4.78847759997006,2,0.416284900042228,True
sub-16,85,1,85,1,12,40.0,14329,14449,14629,73.611111,33.611111,33.611111,6.52645290002692,3,0.300362800015136,True
sub-16,86,1,86,1,12,60.0,29300,29480,29600,59.166667,-0.833333,0.833333,3.00062119995709,3,0.183416399988345,True
sub-16,87,1,87,1,60,40.0,1414,2014,2914,35.092593,-4.907407,4.907407,4.43778729997575,3,0.366598199936561,True
sub-16,88,1,88,2,300,60.0,1960,6460,9460,49.907407,-10.092593,10.092593,6.07223589997738,3,0.383662299951538,True
sub-16,89,1,89,1,12,60.0,3739,3919,4039,93.055556,33.055556,33.055556,4.28754309995565,4,0.367303099948912,True
sub-16,90,1,90,2,300,20.0,18922,20422,26422,47.777778,27.777778,27.777778,5.9064421999501,3,0.350153200095519,True
sub-16,91,1,91,2,60,80.0,28296,29496,29796,70.277778,-9.722222,9.722222,6.57625340006779,3,0.183371699997223,True
sub-16,92,1,92,2,300,60.0,22736,27236,30236,51.851852,-8.148148,8.148148,6.53801050002221,3,0.350057800067588,True
sub-16,93,1,93,2,60,80.0,25895,27095,27395,67.314815,-12.685185,12.685185,7.17347410006914,3,0.333603199920617,True
sub-16,94,1,94,1,12,80.0,24970,25210,25270,91.759259,11.759259,11.759259,14.2638901999453,4,0.399788699927739,True
sub-16,95,1,95,2,300,60.0,18200,22700,25700,69.62963,9.62963,9.62963,4.30697829998098,3,0.366925599984824,True
sub-16,96,1,96,2,300,20.0,2522,4022,10022,49.537037,29.537037,29.537037,20.8346913000568,3,0.366799599956721,True
sub-16,97,1,97,2,60,20.0,21629,21929,23129,48.518519,28.518519,28.518519,12.4658492000307,3,0.333479900029487,True
sub-16,98,1,98,2,300,20.0,12645,14145,20145,61.666667,41.666667,41.666667,7.62245940009597,3,0.13283399993088,True
sub-16,99,1,99,1,12,20.0,3739,3799,4039,23.240741,3.240741,3.240741,9.69594350003171,4,0.9507829999784,True
sub-16,100,1,100,1,12,20.0,16152,16212,16452,25.740741,5.740741,5.740741,3.91830430005211,4,0.350159099907614,True
sub-16,101,2,1,2,60,60.0,25202,26102,26702,61.666667,1.666667,1.666667,9.81454699998721,2,0.367071399930864,True
sub-16,102,2,2,2,60,60.0,23865,24765,25365,43.703704,-16.296296,16.296296,6.45657140004914,2,0.500272099976427,True
sub-16,103,2,3,1,12,20.0,4600,4660,4900,41.388889,21.388889,21.388889,4.88831170008052,3,0.750754100037738,True
sub-16,104,2,4,1,12,80.0,2486,2726,2786,68.888889,-11.111111,11.111111,4.40425140003208,3,0.350352900102734,True
sub-16,105,2,5,2,60,20.0,11369,11669,12869,27.037037,7.037037,7.037037,5.35823679994791,4,0.667325700051151,True
sub-16,106,2,6,1,12,40.0,21273,21393,21573,32.685185,-7.314815,7.314815,14.5627110999776,4,0.367140399990603,True
sub-16,107,2,7,1,12,80.0,17600,17840,17900,82.407407,2.407407,2.407407,7.76055660005658,3,0.333592100068926,True
sub-16,108,2,8,2,300,20.0,5739,7239,13239,25.0,5.0,5.0,8.93973310000728,4,0.333326200023293,True
sub-16,109,2,9,1,12,80.0,12500,12740,12800,69.907407,-10.092593,10.092593,8.94503489998169,4,0.366941599990241,True
sub-16,110,2,10,1,60,20.0,22148,22448,23648,67.037037,47.037037,47.037037,6.38780299993231,3,0.567189499968662,True
sub-16,111,2,11,1,60,60.0,4556,5456,6056,67.12963,7.12963,7.12963,5.84202800004277,3,0.350537099991925,True
sub-16,112,2,12,2,60,80.0,19722,20922,21222,73.703704,-6.296296,6.296296,5.48923319997265,4,0.58457420009654,True
sub-16,113,2,13,1,12,60.0,17600,17780,17900,80.648148,20.648148,20.648148,6.27025639999192,4,0.367267300025559,True
sub-16,114,2,14,2,60,40.0,16451,17051,17951,66.666667,26.666667,26.666667,10.7443801999324,4,0.350190000026486,True
sub-16,115,2,15,2,300,80.0,5739,11739,13239,59.814815,-20.185185,20.185185,4.82476850005332,2,0.466614299919456,True
sub-16,116,2,16,2,300,40.0,16327,19327,23827,49.537037,9.537037,9.537037,8.97296459996141,3,0.316535799996927,True
sub-16,117,2,17,1,12,60.0,16152,16332,16452,38.518519,-21.481481,21.481481,4.1067026000237,3,0.333646100014448,True
sub-16,118,2,18,2,60,20.0,19722,20022,21222,36.203704,16.203704,16.203704,7.08841289998963,3,0.600671799969859,True
sub-16,119,2,19,2,300,80.0,9381,15381,16881,43.981481,-36.018519,36.018519,5.92552879999857,3,0.300246400060132,True
sub-16,120,2,20,1,12,60.0,21800,21980,22100,56.388889,-3.611111,3.611111,3.81818490009754,2,0.350549799972213,True
sub-16,121,2,21,2,300,40.0,13557,16557,21057,49.62963,9.62963,9.62963,4.85466389998327,3,0.367381399963051,True
sub-16,122,2,22,2,300,40.0,1638,4638,9138,43.333333,3.333333,3.333333,6.67356879997532,3,0.233036900055594,True
sub-16,123,2,23,2,300,40.0,13458,16458,20958,50.833333,10.833333,10.833333,6.62630819994956,3,0.550925599993206,True
sub-16,124,2,24,2,60,60.0,25895,26795,27395,51.296296,-8.703704,8.703704,3.88464820000808,2,0.400309199932962,True
sub-16,125,2,25,1,12,60.0,14329,14509,14629,67.222222,7.222222,7.222222,5.65866670000832,3,0.417377599980682,True
sub-16,126,2,26,2,300,40.0,14066,17066,21566,54.814815,14.814815,14.814815,6.15366269997321,3,0.316346100065857,True
sub-16,127,2,27,1,12,60.0,1602,1782,1902,73.333333,13.333333,13.333333,5.65610229992307,4,0.333632000023499,True
sub-16,128,2,28,2,300,80.0,7365,13365,14865,68.148148,-11.851852,11.851852,9.94292890001088,4,0.399951899889856,True
sub-16,129,2,29,2,300,40.0,18922,21922,26422,67.037037,27.037037,27.037037,9.71266399999149,3,0.350185799994505,True
sub-16,130,2,30,2,300,80.0,21224,27224,28724,79.166667,-0.833333,0.833333,6.33864910004194,3,0.317375799990259,True
sub-16,131,2,31,2,300,20.0,11153,12653,18653,30.277778,10.277778,10.277778,9.20935550006106,3,0.366844400065019,True
sub-16,132,2,32,1,12,80.0,10400,10640,10700,30.740741,-49.259259,49.259259,7.25739159993827,3,0.366775100002996,True
sub-16,133,2,33,1,60,80.0,6042,7242,7542,79.537037,-0.462963,0.462963,4.84132090001367,4,0.800309900077991,True
sub-16,134,2,34,1,12,20.0,26328,26388,26628,86.481481,66.481481,66.481481,8.78982499998528,4,0.299797000014223,True
sub-16,135,2,35,1,12,60.0,12500,12680,12800,71.574074,11.574074,11.574074,4.12359269999433,3,0.417168000014498,True
sub-16,136,2,36,2,300,80.0,11153,17153,18653,59.259259,-20.740741,20.740741,7.45502030011266,3,0.133048200048506,True
sub-16,137,2,37,1,12,60.0,23864,24045,24165,61.759259,1.759259,1.759259,5.98913240002002,2,0.366722799954004,True
sub-16,138,2,38,1,12,40.0,11500,11620,11800,36.666667,-3.333333,3.333333,6.02258289989549,3,0.316240000072866,True
sub-16,139,2,39,1,60,40.0,15628,16228,17128,39.814815,-0.185185,0.185185,4.08813320007175,3,0.417214300017803,True
sub-16,140,2,40,1,60,80.0,15628,16828,17128,36.296296,-43.703704,43.703704,19.3192768000299,3,0.350416700006462,True
sub-16,141,2,41,1,12,20.0,11500,11560,11800,36.203704,16.203704,16.203704,7.25761339999735,3,0.433466200018301,True
sub-16,142,2,42,2,300,20.0,1960,3460,9460,33.981481,13.981481,13.981481,7.39080339996144,4,0.700400199973955,True
sub-16,143,2,43,1,60,80.0,5494,6694,6994,73.981481,-6.018519,6.018519,4.67154779995325,4,0.400402800063602,True
sub-16,144,2,44,2,300,40.0,11153,14153,18653,43.888889,3.888889,3.888889,2.50239259994123,2,0.400026999996043,True
sub-16,145,2,45,1,60,40.0,22148,22748,23648,45.277778,5.277778,5.277778,4.67435989994555,3,0.350503700086846,True
sub-16,146,2,46,2,300,60.0,14066,18566,21566,50.925926,-9.074074,9.074074,8.58998869999777,3,0.617038700031116,True
sub-16,147,2,47,1,60,20.0,13176,13476,14676,29.074074,9.074074,9.074074,10.0835067000007,3,0.384090700070373,True
sub-16,148,2,48,2,60,60.0,3650,4550,5150,63.518519,3.518519,3.518519,9.59055900003295,3,0.400494999950751,True
sub-16,149,2,49,2,60,20.0,23865,24165,25365,43.240741,23.240741,23.240741,6.356600399944,3,0.400397200020961,True
sub-16,150,2,50,1,12,60.0,2486,2666,2786,79.259259,19.259259,19.259259,3.40383799991104,3,0.333962299977429,True
sub-16,151,2,51,1,12,80.0,15162,15402,15462,85.0,5.0,5.0,4.05687730002682,4,0.467150799930095,True
sub-16,152,2,52,1,12,60.0,6414,6594,6714,61.851852,1.851852,1.851852,4.71919219999108,3,0.56720349995885,True
sub-16,153,2,53,1,12,80.0,26328,26568,26628,65.740741,-14.259259,14.259259,4.69147369998972,3,0.366943400003947,True
sub-16,154,2,54,2,300,40.0,7365,10365,14865,53.888889,13.888889,13.888889,7.08868149993941,3,0.333377000060863,True
sub-16,155,2,55,2,300,20.0,17351,18851,24851,56.203704,36.203704,36.203704,6.85996639996301,3,0.350496800034306,True
sub-16,156,2,56,2,60,60.0,9187,10087,10687,49.351852,-10.648148,10.648148,6.07382980000693,3,0.31725359999109,True
sub-16,157,2,57,1,60,60.0,15628,16528,17128,56.759259,-3.240741,3.240741,5.68702610000036,2,0.333711600047536,True
sub-16,158,2,58,2,300,40.0,19476,22476,26976,72.592593,32.592593,32.592593,8.47532690002117,3,0.600276799988932,True
sub-16,159,2,59,2,300,60.0,1638,6138,9138,40.555556,-19.444444,19.444444,6.54364340007305,3,0.216446799924597,True
sub-16,160,2,60,2,300,60.0,7365,11865,14865,38.518519,-21.481481,21.481481,9.05740520008839,3,0.200089799938723,True
sub-16,161,2,61,2,60,40.0,3650,4250,5150,41.111111,1.111111,1.111111,5.19129170000087,3,0.467598699964582,True
sub-16,162,2,62,1,12,80.0,6414,6654,6714,79.814815,-0.185185,0.185185,3.83550320006907,3,0.333763899980112,True
sub-16,163,2,63,1,60,20.0,26923,27223,28423,33.240741,13.240741,13.240741,4.92444749991409,4,0.383722000056877,True
sub-16,164,2,64,1,12,60.0,2393,2573,2693,44.537037,-15.462963,15.462963,5.20286900002975,3,0.6005558000179,True
sub-16,165,2,65,1,12,80.0,16152,16392,16452,99.074074,19.074074,19.074074,5.05834680004045,4,1.70176929992157,True
sub-16,166,2,66,2,60,80.0,12596,13796,14096,52.685185,-27.314815,27.314815,4.25201399996876,2,0.383582700043916,True
sub-16,167,2,67,1,12,60.0,21273,21453,21573,49.074074,-10.925926,10.925926,4.54101699998136,3,0.600353499990887,True
sub-16,168,2,68,1,60,20.0,4556,4856,6056,31.296296,11.296296,11.296296,4.75232580001466,3,0.41703269991558,True
sub-16,169,2,69,2,300,20.0,14351,15851,21851,45.740741,25.740741,25.740741,5.4085154000204,3,0.333601600024849,True
sub-16,170,2,70,1,60,80.0,1414,2614,2914,75.833333,-4.166667,4.166667,5.3867723000003,4,0.567057100008241,True
sub-16,171,2,71,2,300,60.0,11085,15585,18585,61.203704,1.203704,1.203704,7.29157450003549,3,0.0835127999307587,True
sub-16,172,2,72,2,60,60.0,19722,20622,21222,67.777778,7.777778,7.777778,6.50602859992068,3,0.266705199959687,True
sub-16,173,2,73,1,12,60.0,11500,11680,11800,51.666667,-8.333333,8.333333,3.639964699978,3,0.334152200026437,True
sub-16,174,2,74,2,300,80.0,18922,24922,26422,63.055556,-16.944444,16.944444,4.13531470007728,2,0.399912099936045,True
sub-16,175,2,75,2,60,80.0,10035,11235,11535,64.907407,-15.092593,15.092593,6.25915609998628,3,0.384029999957419,True
sub-16,176,2,76,1,12,60.0,4600,4780,4900,55.740741,-4.259259,4.259259,5.67042940005194,3,0.367098700022324,True
sub-16,177,2,77,1,12,80.0,3739,3979,4039,77.407407,-2.592593,2.592593,4.5073609999381,3,0.350276399985887,True
sub-16,178,2,78,1,12,40.0,12500,12620,12800,71.296296,31.296296,31.296296,3.61794689996168,3,0.367260799976065,True
sub-16,179,2,79,2,60,40.0,9187,9787,10687,40.925926,0.925926,0.925926,6.72677430009935,3,0.433996099978685,True
sub-16,180,2,80,2,300,40.0,1960,4960,9460,51.481481,11.481481,11.481481,4.10168920003343,3,0.216434100060723,True
sub-16,181,2,81,1,12,20.0,27281,27341,27581,42.12963,22.12963,22.12963,6.6402281000046,3,0.266862599994055,True
sub-16,182,2,82,2,300,40.0,9381,12381,16881,60.0,20.0,20.0,9.94388660008553,2,0.583337799995206,True
sub-16,183,2,83,2,300,40.0,12645,15645,20145,53.240741,13.240741,13.240741,11.4282000000821,3,0.616513200104236,True
sub-16,184,2,84,1,12,60.0,24250,24430,24550,32.222222,-27.777778,27.777778,25.0249944999814,3,0.350320399971678,True
sub-16,185,2,85,2,60,20.0,25895,26195,27395,58.333333,38.333333,38.333333,5.35826659994199,2,0.567016200046055,True
sub-16,186,2,86,1,60,40.0,6042,6642,7542,50.37037,10.37037,10.37037,3.58430099999532,3,0.667107899906113,True
sub-16,187,2,87,2,300,80.0,13557,19557,21057,59.074074,-20.925926,20.925926,5.42181450000498,3,0.383647099952213,True
sub-16,188,2,88,1,60,40.0,26923,27523,28423,62.12963,22.12963,22.12963,9.09238809999078,3,0.767045099986717,True
sub-16,189,2,89,1,60,20.0,6042,6342,7542,34.62963,14.62963,14.62963,3.89030850003473,3,0.283646899973973,True
sub-16,190,2,90,1,60,60.0,1414,2314,2914,30.462963,-29.537037,29.537037,3.43507549993228,3,0.333371900022029,True
sub-16,191,2,91,1,12,20.0,24970,25030,25270,18.333333,-1.666667,1.666667,3.77024620003066,3,0.583583599887788,True
sub-16,192,2,92,2,300,20.0,11085,12585,18585,65.277778,45.277778,45.277778,4.98810109996702,3,0.583739300025627,True
sub-16,193,2,93,1,12,40.0,25820,25940,26120,37.777778,-2.222222,2.222222,5.19152580003719,3,0.801073899958282,True
sub-16,194,2,94,2,300,80.0,1638,7638,9138,44.62963,-35.37037,35.37037,3.68475459993351,3,0.250293500022962,True
sub-16,195,2,95,2,60,80.0,17621,18821,19121,65.37037,-14.62963,14.62963,4.34048320003785,3,0.217228900059126,True
sub-16,196,2,96,2,300,40.0,21224,24224,28724,56.944444,16.944444,16.944444,7.75563580007292,2,0.33358789992053,True
sub-16,197,2,97,1,60,40.0,4556,5156,6056,39.907407,-0.092593,0.092593,7.87807179999072,3,0.317018599947914,True
sub-16,198,2,98,1,60,60.0,20386,21286,21886,67.314815,7.314815,7.314815,7.75552809995133,3,0.133448900072835,True
sub-16,199,2,99,1,12,40.0,15586,15706,15886,49.62963,9.62963,9.62963,3.27268240007106,4,0.383832699968479,True
sub-16,200,2,100,1,12,80.0,11500,11740,11800,53.611111,-26.388889,26.388889,28.4259856001008,4,0.383693899959325,True
sub-16,201,3,1,1,12,40.0,1602,1722,1902,52.685185,12.685185,12.685185,4.92806850001215,3,0.150025899987667,True
sub-16,202,3,2,1,12,80.0,27281,27521,27581,77.407407,-2.592593,2.592593,7.27359149989206,3,0.300744500011205,True
sub-16,203,3,3,2,300,60.0,18922,23422,26422,74.074074,14.074074,14.074074,4.30722209997475,3,0.367611999972723,True
sub-16,204,3,4,1,12,20.0,6414,6474,6714,22.777778,2.777778,2.777778,6.27092200005427,3,0.483335900004021,True
sub-16,205,3,5,2,60,60.0,28296,29196,29796,52.222222,-7.777778,7.777778,5.89182020002044,2,0.383392499992623,True
sub-16,206,3,6,1,12,20.0,2486,2546,2786,24.814815,4.814815,4.814815,4.28529460006393,3,0.350619400036521,True
sub-16,207,3,7,1,60,20.0,2714,3014,4214,28.703704,8.703704,8.703704,3.69047369994223,3,0.400348499999381,True
sub-16,208,3,8,2,300,20.0,1638,3138,9138,25.37037,5.37037,5.37037,4.18541190004907,3,0.500602399930357,True
sub-16,209,3,9,1,12,20.0,15586,15646,15886,5.740741,-14.259259,14.259259,10.1801192000275,3,0.817300299997441,True
sub-16,210,3,10,2,300,80.0,20069,26069,27569,63.981481,-16.018519,16.018519,7.02098100003786,2,0.283235399983823,True
sub-16,211,3,11,2,300,60.0,16072,20572,23572,46.759259,-13.240741,13.240741,6.22295309999026,3,0.383560099988244,True
sub-16,212,3,12,1,12,20.0,1602,1662,1902,56.759259,36.759259,36.759259,22.5897631999105,2,0.567096699960529,True
sub-16,213,3,13,2,60,20.0,25202,25502,26702,49.444444,29.444444,29.444444,3.64024340000469,3,0.968083400046452,True
sub-16,214,3,14,1,12,80.0,23864,24105,24165,42.314815,-37.685185,37.685185,21.9031569999642,2,0.366667299997061,True
sub-16,215,3,15,2,300,60.0,13557,18057,21057,44.537037,-15.462963,15.462963,13.2634436000371,2,0.300359899993054,True
sub-16,216,3,16,1,60,20.0,1414,1714,2914,33.425926,13.425926,13.425926,9.04241649992764,2,0.350071699940599,True
sub-16,217,3,17,2,300,60.0,14351,18851,21851,34.351852,-25.648148,25.648148,5.73920750000979,2,0.367234700010158,True
sub-16,218,3,18,2,60,80.0,16451,17651,17951,76.944444,-3.055556,3.055556,4.43768730002921,3,0.233670999994501,True
sub-16,219,3,19,2,60,20.0,9187,9487,10687,41.296296,21.296296,21.296296,4.65751679998356,3,0.367523799999617,True
sub-16,220,3,20,1,12,40.0,9950,10070,10250,42.777778,2.777778,2.777778,2.65095789998304,3,0.183191000018268,True
sub-16,221,3,21,1,12,40.0,10400,10520,10700,52.12963,12.12963,12.12963,5.8757445999654,3,0.366727499989792,True
sub-16,222,3,22,1,60,20.0,15628,15928,17128,27.87037,7.87037,7.87037,6.45451070007402,3,0.433078599977307,True
sub-16,223,3,23,2,300,60.0,16327,20827,23827,53.518519,-6.481481,6.481481,4.85797579993959,3,0.317036300082691,True
sub-16,224,3,24,2,60,60.0,17621,18521,19121,68.611111,8.611111,8.611111,11.3262780000222,3,0.36734819994308,True
sub-16,225,3,25,2,300,40.0,11085,14085,18585,34.166667,-5.833333,5.833333,6.97628090006765,3,1.81872550002299,True
sub-16,226,3,26,2,300,20.0,22736,24236,30236,88.796296,68.796296,68.796296,7.08820639993064,3,0.600280200014822,True
sub-16,227,3,27,2,300,60.0,10518,15018,18018,55.462963,-4.537037,4.537037,7.39392669999506,3,0.350120099959895,True
sub-16,228,3,28,1,12,80.0,4600,4840,4900,64.722222,-15.277778,15.277778,4.55223829997703,3,0.316589699941687,True
sub-16,229,3,29,2,300,20.0,13458,14958,20958,65.648148,45.648148,45.648148,6.05928109993692,3,0.433800400001928,True
sub-16,230,3,30,1,12,40.0,3739,3859,4039,54.814815,14.814815,14.814815,3.55160020000766,3,0.367374400026164,True
sub-16,231,3,31,2,300,60.0,21224,25724,28724,62.5,2.5,2.5,7.51082859991584,2,0.333983800024725,True
sub-16,232,3,32,1,12,60.0,26328,26508,26628,78.425926,18.425926,18.425926,3.21785979997366,3,0.350350299966521,True
sub-16,233,3,33,2,300,20.0,19988,21488,27488,39.62963,19.62963,19.62963,4.9750108999433,2,0.550539999967441,True
sub-16,234,3,34,2,300,60.0,11153,15653,18653,39.722222,-20.277778,20.277778,19.5509090999839,3,0.283650299999862,True
sub-16,235,3,35,2,60,60.0,11369,12269,12869,47.87037,-12.12963,12.12963,7.11043100000824,2,0.366518400027416,True
sub-16,236,3,36,2,300,20.0,10518,12018,18018,41.111111,21.111111,21.111111,6.10333519999403,3,0.450596199952997,True
sub-16,237,3,37,2,300,60.0,9381,13881,16881,60.277778,0.277778,0.277778,6.8772622999968,3,0.133136200020089,True
sub-16,238,3,38,2,60,80.0,9187,10387,10687,72.685185,-7.314815,7.314815,5.26928610005416,3,0.316907200030982,True
sub-16,239,3,39,2,300,20.0,16327,17827,23827,70.462963,50.462963,50.462963,8.57793600007426,3,0.0662669000448659,True
sub-16,240,3,40,2,60,20.0,16451,16751,17951,39.722222,19.722222,19.722222,6.85487179993651,3,0.383594900020398,True
sub-16,241,3,41,2,300,80.0,11085,17085,18585,77.777778,-2.222222,2.222222,9.17880579992197,3,0.433855800074525,True
sub-16,242,3,42,2,60,20.0,28296,28596,29796,34.814815,14.814815,14.814815,4.88565920002292,3,0.300288599915802,True
sub-16,243,3,43,1,12,40.0,6414,6534,6714,40.833333,0.833333,0.833333,4.30722830002196,3,0.550603699986822,True
sub-16,244,3,44,2,60,60.0,21629,22529,23129,66.203704,6.203704,6.203704,8.30630039994139,3,0.183933100081048,True
sub-16,245,3,45,1,60,40.0,5494,6094,6994,52.87037,12.87037,12.87037,5.95953250001184,4,0.83401769993361,True
sub-16,246,3,46,2,300,40.0,19988,22988,27488,65.740741,25.740741,25.740741,7.07166270003654,3,0.400586000061593,True
sub-16,247,3,47,1,12,80.0,29300,29540,29600,56.203704,-23.796296,23.796296,5.30830959999002,3,0.416688199969939,True
sub-16,248,3,48,2,300,80.0,18200,24200,25700,89.259259,9.259259,9.259259,17.065010500024,2,0.317180400015786,True
sub-16,249,3,49,2,300,60.0,13458,17958,20958,68.888889,8.888889,8.888889,10.463752200012,3,0.583391400054097,True
sub-16,250,3,50,2,300,60.0,12645,17145,20145,61.111111,1.111111,1.111111,4.8530273999786,3,0.316029699984937,True
sub-16,251,3,51,2,300,60.0,2522,7022,10022,61.203704,1.203704,1.203704,20.489984099986,3,0.801138499984517,True
sub-16,252,3,52,2,300,20.0,7365,8865,14865,10.462963,-9.537037,9.537037,5.20299169991631,4,0.533641800051555,True
sub-16,253,3,53,1,12,20.0,13450,13510,13750,54.537037,34.537037,34.537037,5.77516429999377,3,0.617251500021666,True
sub-16,254,3,54,2,300,40.0,17351,20351,24851,48.981481,8.981481,8.981481,6.50751459994353,2,0.667127299937419,True
sub-16,255,3,55,1,12,60.0,10400,10580,10700,45.0,-15.0,15.0,14.8293066999176,3,0.367126600001938,True
sub-16,256,3,56,2,60,40.0,19722,20322,21222,70.277778,30.277778,30.277778,6.0895951000275,4,0.617167700082063,True
sub-16,257,3,57,1,12,40.0,4600,4720,4900,52.407407,12.407407,12.407407,6.30906150001101,4,0.349970599985681,True
sub-16,258,3,58,1,12,20.0,21800,21860,22100,88.796296,68.796296,68.796296,4.95233859994914,4,1.08416770002804,True
sub-16,259,3,59,2,300,60.0,10273,14773,17773,52.592593,-7.407407,7.407407,9.11240510002244,2,0.433668300043791,True
sub-16,260,3,60,1,12,60.0,25820,26000,26120,36.851852,-23.148148,23.148148,12.9938636000733,2,0.500367900007404,True
sub-16,261,3,61,1,12,60.0,27281,27461,27581,66.481481,6.481481,6.481481,5.57516839995514,3,1.28436829999554,True
sub-16,262,3,62,2,300,80.0,19988,25988,27488,40.462963,-39.537037,39.537037,6.07059959997423,2,0.400457900017499,True
sub-16,263,3,63,2,60,80.0,23865,25065,25365,38.055556,-41.944444,41.944444,10.2799480999819,2,0.434137200005352,True
sub-16,264,3,64,2,60,40.0,25895,26495,27395,39.722222,-0.277778,0.277778,5.08583509991876,2,0.349849299993366,True
sub-16,265,3,65,1,60,20.0,5494,5794,6994,36.851852,16.851852,16.851852,5.19158900005277,3,0.300620800000615,True
sub-16,266,3,66,1,12,40.0,17600,17720,17900,71.944444,31.944444,31.944444,4.70294989994727,4,0.450408500037156,True
sub-16,267,3,67,2,300,20.0,13557,15057,21057,41.388889,21.388889,21.388889,6.82657479995396,2,0.400443500024266,True
sub-16,268,3,68,2,60,40.0,10035,10635,11535,33.611111,-6.388889,6.388889,4.71922470000572,3,0.383648800081573,True
sub-16,269,3,69,1,60,60.0,13942,14842,15442,22.222222,-37.777778,37.777778,8.37786710006184,3,0.784154699998907,True
sub-16,270,3,70,2,300,40.0,20069,23069,27569,75.833333,35.833333,35.833333,10.1412302999524,3,0.14989339991007,True
sub-16,271,3,71,1,60,60.0,5494,6394,6994,56.851852,-3.148148,3.148148,4.27376079990062,3,0.350543600041419,True
sub-16,272,3,72,1,12,80.0,13450,13690,13750,83.796296,3.796296,3.796296,6.38833350001368,3,0.834259800030849,True
sub-16,273,3,73,2,300,80.0,1960,7960,9460,64.722222,-15.277778,15.277778,7.80782910005655,3,0.383376199984923,True
sub-16,274,3,74,1,12,40.0,13450,13570,13750,52.962963,12.962963,12.962963,4.45456320000812,3,0.283465099986642,True
sub-16,275,3,75,1,60,80.0,2714,3914,4214,79.166667,-0.833333,0.833333,6.0588315000059,4,0.0668847999768331,True
sub-16,276,3,76,1,12,40.0,15162,15282,15462,81.481481,41.481481,41.481481,3.43434440006967,4,0.350537299993447,True
sub-16,277,3,77,2,300,40.0,10273,13273,17773,31.388889,-8.611111,8.611111,9.19550030003301,3,0.500827200012281,True
sub-16,278,3,78,2,300,40.0,14351,17351,21851,77.5,37.5,37.5,8.19252509996295,3,0.333429899998009,True
sub-16,279,3,79,1,60,40.0,13176,13776,14676,52.037037,12.037037,12.037037,8.27236509998329,3,0.350105999968946,True
sub-16,280,3,80,1,12,80.0,2393,2633,2693,88.981481,8.981481,8.981481,8.82579379994422,4,0.299906600033864,True
sub-16,281,3,81,2,60,20.0,10035,10335,11535,27.5,7.5,7.5,4.92458409990649,3,0.350258499966003,True
sub-16,282,3,82,1,12,80.0,1602,1842,1902,81.574074,1.574074,1.574074,4.66960610006935,4,0.433148800046183,True
sub-16,283,3,83,2,300,80.0,10273,16273,17773,49.444444,-30.555556,30.555556,11.8645930000348,3,0.333784400019794,True
sub-16,284,3,84,1,12,20.0,10400,10460,10700,22.777778,2.777778,2.777778,6.37054459995124,3,0.333760199951939,True
sub-16,285,3,85,1,60,60.0,2714,3614,4214,63.981481,3.981481,3.981481,6.5898581999354,3,0.167079300037585,True
sub-16,286,3,86,1,12,80.0,21273,21513,21573,84.074074,4.074074,4.074074,7.40792459994554,3,0.199198700021952,True
sub-16,287,3,87,1,12,40.0,24970,25090,25270,36.759259,-3.240741,3.240741,8.24500059999991,2,0.200015799957327,True
sub-16,288,3,88,1,12,80.0,15586,15826,15886,54.537037,-25.462963,25.462963,3.81829500000458,3,0.266786799998953,True
sub-16,289,3,89,1,12,20.0,9950,10010,10250,45.555556,25.555556,25.555556,4.0236891999375,3,0.416805899934843,True
sub-16,290,3,90,1,12,40.0,21800,21920,22100,81.759259,41.759259,41.759259,4.98570010007824,3,0.250456699985079,True
sub-16,291,3,91,2,60,40.0,21629,22229,23129,77.777778,37.777778,37.777778,5.8759543999331,3,0.533625600044615,True
sub-16,292,3,92,1,12,40.0,23864,23985,24165,45.555556,5.555556,5.555556,3.5345665999921,2,0.317166700027883,True
sub-16,293,3,93,1,12,20.0,14329,14389,14629,54.537037,34.537037,34.537037,3.87329899996984,3,0.284084299928508,True
sub-16,294,3,94,1,12,20.0,15162,15222,15462,59.537037,39.537037,39.537037,6.55455300002358,3,0.350188000011257,True
sub-16,295,3,95,2,300,40.0,22736,25736,30236,45.462963,5.462963,5.462963,4.27415319997817,2,0.534027299960143,True
sub-16,296,3,96,2,60,40.0,11369,11969,12869,41.851852,1.851852,1.851852,3.51792330003809,2,0.617419200018048,True
sub-16,297,3,97,1,12,20.0,23864,23925,24165,22.777778,2.777778,2.777778,4.90784929995425,3,0.333778499974869,True
sub-16,298,3,98,2,60,60.0,14390,15290,15890,70.833333,10.833333,10.833333,6.57103990006726,3,0.267191500053741,True
sub-16,299,3,99,2,300,20.0,16072,17572,23572,44.814815,24.814815,24.814815,9.59601960005238,3,0.18397259991616,True
sub-16,300,3,100,1,12,40.0,27281,27401,27581,61.111111,21.111111,21.111111,5.58643330004997,3,0.400544799980707,True
sub-17,1,1,1,1,12,80.0,1602,1842,1902,90.925926,10.925926,10.925926,8.04502149997279,3,1.00133420003112,True
sub-17,2,1,2,1,12,40.0,2393,2513,2693,62.685185,22.685185,22.685185,8.82595450000371,3,1.68491169996559,True
sub-17,3,1,3,2,60,20.0,17621,17921,19121,43.333333,23.333333,23.333333,10.1936934000113,2,2.03486979997251,True
sub-17,4,1,4,2,60,40.0,19722,20322,21222,61.018519,21.018519,21.018519,8.30821899999864,2,1.73467409994918,True
sub-17,5,1,5,2,300,20.0,19476,20976,26976,38.240741,18.240741,18.240741,12.5623451999854,3,0.73367889993824,True
sub-17,6,1,6,2,60,60.0,19722,20622,21222,74.62963,14.62963,14.62963,5.03904299996793,3,0.933729500044137,True
sub-17,7,1,7,2,300,60.0,9381,13881,16881,52.777778,-7.222222,7.222222,9.65969020000193,3,1.11743099999148,True
sub-17,8,1,8,2,60,40.0,16451,17051,17951,42.685185,2.685185,2.685185,5.82269739999901,3,0.933838699944317,True
sub-17,9,1,9,2,60,20.0,19722,20022,21222,16.388889,-3.611111,3.611111,4.27125210000667,4,1.81880140001885,True
sub-17,10,1,10,2,300,60.0,10273,14773,17773,41.111111,-18.888889,18.888889,12.9798853000393,3,0.550233399961143,True
sub-17,11,1,11,2,300,40.0,10518,13518,18018,44.351852,4.351852,4.351852,6.0056163999252,3,2.26895679999142,True
sub-17,12,1,12,2,300,60.0,11085,15585,18585,48.888889,-11.111111,11.111111,4.98855870007537,3,1.2341115999734,True
sub-17,13,1,13,2,300,80.0,5739,11739,13239,43.148148,-36.851852,36.851852,4.03990540001541,3,1.01777330006007,True
sub-17,14,1,14,1,12,80.0,14329,14569,14629,79.074074,-0.925926,0.925926,9.89340639999136,4,0.983954199939034,True
sub-17,15,1,15,1,12,80.0,2486,2726,2786,71.851852,-8.148148,8.148148,6.78758390003349,4,1.45126260002143,True
sub-17,16,1,16,2,60,80.0,16451,17651,17951,73.055556,-6.944444,6.944444,7.90767210000194,4,1.31818220007698,True
sub-17,17,1,17,1,60,60.0,5494,6394,6994,50.925926,-9.074074,9.074074,4.65431059990078,3,1.46859249996487,True
sub-17,18,1,18,1,12,20.0,29300,29360,29600,49.259259,29.259259,29.259259,3.98756959999445,4,1.20085330004803,True
sub-17,20,1,20,2,300,80.0,18922,24922,26422,65.277778,-14.722222,14.722222,9.27609140006825,2,0.966531599988229,True
sub-17,21,1,21,1,12,60.0,3739,3919,4039,49.722222,-10.277778,10.277778,3.72036899998784,3,1.38451030000578,True
sub-17,22,1,22,2,300,40.0,13557,16557,21057,32.12963,-7.87037,7.87037,7.8580481999088,3,1.00082259997725,True
sub-17,23,1,23,2,300,60.0,21224,25724,28724,51.018519,-8.981481,8.981481,9.86002809996716,1,0.933940000017173,True
sub-17,24,1,24,1,60,20.0,4556,4856,6056,49.62963,29.62963,29.62963,4.3578793000197,3,1.75132819998543,True
sub-17,25,1,25,1,12,40.0,1602,1722,1902,47.87037,7.87037,7.87037,6.24005190003663,3,0.883619399974122,True
sub-17,26,1,26,1,60,40.0,4556,5156,6056,44.722222,4.722222,4.722222,5.84009199996944,3,0.867442600079812,True
sub-17,27,1,27,2,300,40.0,16072,19072,23572,50.833333,10.833333,10.833333,4.60495649999938,1,1.83526109997183,True
sub-17,28,1,28,2,300,40.0,18200,21200,25700,66.574074,26.574074,26.574074,5.8563563999487,2,1.10095679992809,True
sub-17,29,1,29,1,12,40.0,6414,6534,6714,25.462963,-14.537037,14.537037,3.96880919998511,4,0.950525199994444,True
sub-17,30,1,30,2,60,40.0,11369,11969,12869,50.185185,10.185185,10.185185,4.13808880001306,3,0.933813899988308,True
sub-17,31,1,31,1,60,80.0,22148,23348,23648,51.388889,-28.611111,28.611111,4.4878674999345,3,0.967671599937602,True
sub-17,32,1,32,2,300,40.0,11153,14153,18653,34.074074,-5.925926,5.925926,5.83919780002906,3,0.700374000007286,True
sub-17,33,1,33,1,12,60.0,27281,27461,27581,67.12963,7.12963,7.12963,6.25622900004964,3,0.700989800039678,True
sub-17,34,1,34,1,12,80.0,4600,4840,4900,80.833333,0.833333,0.833333,4.92156059993431,4,1.3514387999894,True
sub-17,35,1,35,1,60,20.0,13176,13476,14676,33.518519,13.518519,13.518519,5.00509700004477,4,1.61794210004154,True
sub-17,36,1,36,2,300,80.0,11153,17153,18653,48.148148,-31.851852,31.851852,3.66998470004182,4,1.66826669999863,True
sub-17,37,1,37,1,12,80.0,9950,10190,10250,75.0,-5.0,5.0,5.58888709999155,4,1.33461029990576,True
sub-17,38,1,38,2,300,80.0,16072,22072,23572,48.888889,-31.111111,31.111111,5.83918040001299,2,1.0341546999989,True
sub-17,39,1,39,2,60,60.0,12596,13496,14096,54.351852,-5.648148,5.648148,4.53815809998195,3,0.867529699928127,True
sub-17,40,1,40,2,60,80.0,9187,10387,10687,53.981481,-26.018519,26.018519,12.2623722999123,3,0.98422300000675,True
sub-17,41,1,41,2,300,80.0,10273,16273,17773,60.37037,-19.62963,19.62963,8.00794639997184,3,0.801384799997322,True
sub-17,42,1,42,2,300,40.0,1960,4960,9460,66.574074,26.574074,26.574074,3.67075090005528,3,0.533988699899055,True
sub-17,43,1,43,1,12,20.0,26328,26388,26628,50.462963,30.462963,30.462963,4.10401560005266,4,0.85039650008548,True
sub-17,44,1,44,2,60,20.0,16451,16751,17951,61.666667,41.666667,41.666667,4.63787929993122,3,1.80171919998247,True
sub-17,45,1,45,1,12,20.0,4600,4660,4900,32.962963,12.962963,12.962963,8.57524480007123,4,0.90114580001682,True
sub-17,46,1,46,1,12,40.0,12500,12620,12800,48.796296,8.796296,8.796296,4.10743450000882,4,0.850904899998568,True
sub-17,47,1,47,2,60,40.0,23865,24465,25365,48.055556,8.055556,8.055556,4.18525680003222,2,0.733872100012376,True
sub-17,48,1,48,2,60,60.0,9187,10087,10687,67.314815,7.314815,7.314815,5.93973490002099,2,1.60144449991639,True
sub-17,49,1,49,1,12,20.0,17600,17660,17900,55.0,35.0,35.0,4.3042637000326,3,0.633779500029049,True
sub-17,50,1,50,2,60,80.0,25202,26402,26702,80.740741,0.740741,0.740741,6.03947009996045,4,0.884306599968113,True
sub-17,51,1,51,2,60,40.0,12596,13196,14096,53.148148,13.148148,13.148148,3.70379830000456,3,0.817370599950663,True
sub-17,52,1,52,2,300,40.0,21224,24224,28724,68.518519,28.518519,28.518519,6.70657189993653,3,0.867446499993093,True
sub-17,53,1,53,2,300,80.0,16327,22327,23827,78.796296,-1.203704,1.203704,8.5586107999552,3,1.13419229991268,True
sub-17,54,1,54,1,12,20.0,14329,14389,14629,60.277778,40.277778,40.277778,6.42344719998072,4,0.986507600056938,True
sub-17,55,1,55,2,60,40.0,25202,25802,26702,51.203704,11.203704,11.203704,6.67109380010515,4,0.900824200012721,True
sub-17,56,1,56,1,12,20.0,11500,11560,11800,38.611111,18.611111,18.611111,4.45442989992443,4,1.15073689993005,True
sub-17,57,1,57,1,12,40.0,15162,15282,15462,53.981481,13.981481,13.981481,6.30629119998775,4,1.01736170006915,True
sub-17,58,1,58,1,12,40.0,24970,25090,25270,46.666667,6.666667,6.666667,7.3404969999101,4,1.06756009999662,True
sub-17,59,1,59,1,12,60.0,6414,6594,6714,20.462963,-39.537037,39.537037,4.18732790008652,4,1.65112089994363,True
sub-17,60,1,60,2,60,20.0,23865,24165,25365,57.222222,37.222222,37.222222,6.05548330000601,1,1.93486879998818,True
sub-17,61,1,61,1,12,60.0,15586,15766,15886,51.296296,-8.703704,8.703704,3.85405780002474,3,4.43740249995607,True
sub-17,62,1,62,1,12,20.0,13450,13510,13750,48.888889,28.888889,28.888889,2.33588149992283,3,0.650059500010684,True
sub-17,63,1,63,1,12,80.0,17600,17840,17900,83.333333,3.333333,3.333333,3.50319960003253,4,0.783492299960926,True
sub-17,64,1,64,1,60,80.0,13942,15142,15442,68.148148,-11.851852,11.851852,3.67019910004455,3,0.81739799992647,True
sub-17,65,1,65,1,12,40.0,3739,3859,4039,48.981481,8.981481,8.981481,4.97235229995567,4,1.05059100000653,True
sub-17,66,1,66,2,60,20.0,12596,12896,14096,44.351852,24.351852,24.351852,6.08923269994556,4,1.51804340002127,True
sub-17,67,1,67,1,12,80.0,26328,26568,26628,69.259259,-10.740741,10.740741,5.3724610999925,4,1.55128420004621,True
sub-17,68,1,68,2,300,20.0,16327,17827,23827,33.055556,13.055556,13.055556,5.78906060010194,4,0.90075989998877,True
sub-17,69,1,69,1,12,60.0,12500,12680,12800,44.537037,-15.462963,15.462963,4.90476469998247,4,1.66805810004007,True
sub-17,70,1,70,1,60,20.0,22148,22448,23648,27.12963,7.12963,7.12963,6.17278280004393,3,1.78480190003756,True
sub-17,71,1,71,2,300,20.0,21224,22724,28724,58.888889,38.888889,38.888889,4.90490289998706,4,3.40334620000794,True
sub-17,72,1,72,1,12,40.0,15586,15706,15886,43.888889,3.888889,3.888889,5.68995019991416,4,0.917421299964189,True
sub-17,73,1,73,1,60,80.0,4556,5756,6056,60.185185,-19.814815,19.814815,6.35638059990014,4,0.900717999902553,True
sub-17,74,1,74,2,300,20.0,5739,7239,13239,27.12963,7.12963,7.12963,7.12410100002307,3,5.93925089994445,True
sub-17,76,1,76,1,12,80.0,21800,22040,22100,70.0,-10.0,10.0,3.85391030006576,2,2.01874209998641,True
sub-17,77,1,77,1,60,40.0,13176,13776,14676,49.074074,9.074074,9.074074,3.63726410001982,2,1.28495280002243,True
sub-17,78,1,78,2,300,60.0,12645,17145,20145,51.944444,-8.055556,8.055556,2.76949199999216,3,0.650770399952307,True
sub-17,79,1,79,1,60,80.0,6042,7242,7542,57.12963,-22.87037,22.87037,4.05407120008021,3,0.83420699997805,True
sub-17,80,1,80,1,12,80.0,24250,24490,24550,52.12963,-27.87037,27.87037,3.01951090001966,3,0.933771900017745,True
sub-17,81,1,81,1,60,60.0,2714,3614,4214,55.462963,-4.537037,4.537037,9.04237769998144,3,1.16776189999654,True
sub-17,82,1,82,2,300,40.0,22736,25736,30236,51.759259,11.759259,11.759259,14.6816401000833,2,0.666983099887147,True
sub-17,83,1,83,1,12,80.0,10400,10640,10700,46.851852,-33.148148,33.148148,4.5208875000244,3,4.53797110007144,True
sub-17,84,1,84,1,60,60.0,6042,6942,7542,53.518519,-6.481481,6.481481,3.48704240005463,2,2.45211600000038,True
sub-17,85,1,85,1,12,40.0,23864,23985,24165,57.314815,17.314815,17.314815,3.20326869993004,2,0.850782599998638,True
sub-17,86,1,86,2,60,40.0,3650,4250,5150,52.037037,12.037037,12.037037,3.30329529999289,3,0.517199800000526,True
sub-17,87,1,87,2,60,60.0,10035,10935,11535,51.203704,-8.796296,8.796296,4.52148660004604,1,0.967236399999819,True
sub-17,88,1,88,2,300,80.0,1638,7638,9138,54.074074,-25.925926,25.925926,4.07117090001702,3,0.900413000024855,True
sub-17,89,1,89,2,60,60.0,16451,17351,17951,49.62963,-10.37037,10.37037,3.10285440005827,3,0.98407549993135,True
sub-17,90,1,90,1,12,40.0,10400,10520,10700,30.555556,-9.444444,9.444444,9.54625480005052,4,1.74797929998021,True
sub-17,91,1,91,1,60,60.0,13942,14842,15442,47.222222,-12.777778,12.777778,5.47195370006375,4,2.65286819997709,True
sub-17,92,1,92,2,300,80.0,10518,16518,18018,43.333333,-36.666667,36.666667,8.32517169998027,3,2.90349069994408,True
sub-17,93,1,93,2,60,80.0,12596,13796,14096,43.148148,-36.851852,36.851852,9.95966050005517,2,2.46962610003538,True
sub-17,94,1,94,1,12,80.0,21273,21513,21573,70.37037,-9.62963,9.62963,9.30946000001859,3,3.01922729995567,True
sub-17,95,1,95,2,300,80.0,12645,18645,20145,64.814815,-15.185185,15.185185,5.97294600005261,3,1.96849709993693,True
sub-17,96,1,96,1,12,40.0,26328,26448,26628,51.851852,11.851852,11.851852,10.9275423000799,3,3.60370489989873,True
sub-17,97,1,97,1,60,20.0,5494,5794,6994,51.574074,31.574074,31.574074,4.55469659995287,3,1.40128300001379,True
sub-17,98,1,98,2,60,20.0,9187,9487,10687,54.259259,34.259259,34.259259,2.71925789990928,3,1.18497099995147,True
sub-17,99,1,99,2,300,40.0,14066,17066,21566,50.648148,10.648148,10.648148,5.28889620001427,3,4.68779860006179,True
sub-17,100,1,100,2,300,40.0,2522,5522,10022,48.611111,8.611111,8.611111,3.7707456999924,4,3.00272200000472,True
sub-17,101,2,1,1,60,20.0,15628,15928,17128,46.018519,26.018519,26.018519,7.79573030001483,2,0.700580400065518,True
sub-17,102,2,2,2,300,80.0,13458,19458,20958,59.722222,-20.277778,20.277778,4.27072609995957,2,1.68446479993872,True
sub-17,103,2,3,1,12,80.0,25820,26060,26120,59.351852,-20.648148,20.648148,3.77066390006802,1,0.93457030004356,True
sub-17,104,2,4,2,300,60.0,2522,7022,10022,48.333333,-11.666667,11.666667,4.10483970004133,3,1.2512922999449,True
sub-17,105,2,5,2,300,60.0,22736,27236,30236,41.203704,-18.796296,18.796296,10.0931938000721,3,1.15117960004135,True
sub-17,106,2,6,1,12,40.0,21800,21920,22100,52.037037,12.037037,12.037037,5.27202569996006,3,1.23439780005719,True
sub-17,107,2,7,1,60,80.0,26923,28123,28423,48.333333,-31.666667,31.666667,7.8412934000371,4,1.31783090007957,True
sub-17,108,2,8,2,60,40.0,10035,10635,11535,53.148148,13.148148,13.148148,7.20789369998965,4,2.1022820000071,True
sub-17,109,2,9,2,300,20.0,20069,21569,27569,47.685185,27.685185,27.685185,2.73650090000592,3,2.03575520007871,True
sub-17,110,2,10,1,12,40.0,13450,13570,13750,48.055556,8.055556,8.055556,3.75448789994698,3,0.75081090000458,True
sub-17,111,2,11,1,12,80.0,3739,3979,4039,72.037037,-7.962963,7.962963,4.33591260004323,4,0.984119300032034,True
sub-17,112,2,12,1,60,40.0,26923,27523,28423,57.5,17.5,17.5,5.5416521000443,4,1.28517699998337,True
sub-17,113,2,13,2,300,20.0,7365,8865,14865,43.981481,23.981481,23.981481,10.108286300092,2,1.38442760007455,True
sub-17,114,2,14,1,60,60.0,22148,23048,23648,49.537037,-10.462963,10.462963,4.80510490003507,3,0.751008199993521,True
sub-17,115,2,15,2,300,20.0,11153,12653,18653,52.962963,32.962963,32.962963,4.38828280009329,3,0.567123800050467,True
sub-17,116,2,16,2,300,60.0,1960,6460,9460,58.425926,-1.574074,1.574074,6.79006429994478,3,0.599823500029742,True
sub-17,117,2,17,1,12,60.0,11500,11680,11800,46.574074,-13.425926,13.425926,7.77437739993911,4,1.66859040001872,True
sub-17,118,2,18,1,12,40.0,25820,25940,26120,47.592593,7.592593,7.592593,6.94060309999622,1,1.58503620000556,True
sub-17,119,2,19,2,300,60.0,19988,24488,27488,50.37037,-9.62963,9.62963,15.4153215999249,3,0.550736999954097,True
sub-17,120,2,20,1,60,80.0,5494,6694,6994,74.074074,-5.925926,5.925926,7.3415291000856,4,0.817247200058773,True
sub-17,121,2,21,1,12,80.0,29300,29540,29600,51.203704,-28.796296,28.796296,3.66852389997802,3,0.800408500013873,True
sub-17,122,2,22,2,300,80.0,14351,20351,21851,63.240741,-16.759259,16.759259,4.07075900002382,3,5.13796760002151,True
sub-17,123,2,23,1,12,80.0,15162,15402,15462,52.407407,-27.592593,27.592593,5.93963789998088,4,0.633199399919249,True
sub-17,124,2,24,1,12,80.0,6414,6654,6714,62.962963,-17.037037,17.037037,3.5031923999777,4,0.667364099994301,True
sub-17,125,2,25,1,60,60.0,15628,16528,17128,46.759259,-13.240741,13.240741,2.56937909999396,4,0.733544899965636,True
sub-17,126,2,26,2,300,80.0,1960,7960,9460,63.611111,-16.388889,16.388889,3.75349290005397,4,1.28447730001062,True
sub-17,127,2,27,1,60,60.0,13176,14076,14676,59.722222,-0.277778,0.277778,4.55413539998699,3,0.633716500014998,True
sub-17,128,2,28,1,12,80.0,13450,13690,13750,51.481481,-28.518519,28.518519,1.73551979998592,3,0.500423499965108,True
sub-17,130,2,30,2,300,20.0,18200,19700,25700,51.666667,31.666667,31.666667,2.45184630004223,2,0.684099899954162,True
sub-17,131,2,31,2,60,60.0,17621,18521,19121,57.5,-2.5,2.5,5.58954119996633,3,0.71741020004265,True
sub-17,132,2,32,1,12,40.0,11500,11620,11800,50.092593,10.092593,10.092593,3.90345150011125,4,1.46818949992302,True
sub-17,133,2,33,1,60,60.0,4556,5456,6056,66.666667,6.666667,6.666667,6.67333359993062,4,1.00089850008953,True
sub-17,134,2,34,2,60,80.0,19722,20922,21222,74.537037,-5.462963,5.462963,7.10745690006297,4,1.01787860004697,True
sub-17,135,2,35,1,60,20.0,13942,14242,15442,54.444444,34.444444,34.444444,5.83935649995692,3,1.25089339993428,True
sub-17,137,2,37,1,60,80.0,1414,2614,2914,52.962963,-27.037037,27.037037,11.8289112000493,2,5.53906450001522,True
sub-17,138,2,38,1,12,80.0,23864,24105,24165,54.259259,-25.740741,25.740741,5.78900830005295,3,0.683853500057011,True
sub-17,139,2,39,2,300,40.0,18922,21922,26422,48.888889,8.888889,8.888889,2.53576789994258,3,1.16751110006589,True
sub-17,140,2,40,1,12,20.0,6414,6474,6714,27.87037,7.87037,7.87037,3.88748239993583,4,0.917717100004665,True
sub-17,141,2,41,1,12,60.0,10400,10580,10700,53.055556,-6.944444,6.944444,4.38764009997248,3,0.900607699993997,True
sub-17,142,2,42,1,12,40.0,17600,17720,17900,59.537037,19.537037,19.537037,5.8730395999737,4,2.03536340000573,True
sub-17,143,2,43,1,12,40.0,21273,21393,21573,56.296296,16.296296,16.296296,9.45920700009446,2,11.3117022999795,True
sub-17,144,2,44,1,60,60.0,26923,27823,28423,67.777778,7.777778,7.777778,5.08831190003547,3,0.500029999995604,True
sub-17,145,2,45,2,60,60.0,21629,22529,23129,70.833333,10.833333,10.833333,8.14166970003862,4,1.73455730010755,True
sub-17,146,2,46,2,300,80.0,20069,26069,27569,48.796296,-31.203704,31.203704,4.62193080002907,3,0.567406999995,True
sub-17,147,2,47,2,300,40.0,12645,15645,20145,52.222222,12.222222,12.222222,3.08618539990857,3,0.684074599994346,True
sub-17,148,2,48,1,60,80.0,20386,21586,21886,51.111111,-28.888889,28.888889,4.20377970009576,3,1.10122219996992,True
sub-17,149,2,49,2,300,40.0,16327,19327,23827,58.148148,18.148148,18.148148,8.34149190003518,3,0.93466119992081,True
sub-17,150,2,50,1,12,20.0,21273,21333,21573,52.407407,32.407407,32.407407,4.33767329994589,4,1.0508542000316,True
sub-17,151,2,51,2,300,20.0,2522,4022,10022,54.814815,34.814815,34.814815,12.1455956000136,3,0.750301100080832,True
sub-17,152,2,52,2,300,80.0,7365,13365,14865,54.907407,-25.092593,25.092593,7.75802139996085,3,0.533704600064083,True
sub-17,153,2,53,2,300,20.0,13458,14958,20958,29.907407,9.907407,9.907407,3.70409090002067,4,1.26721270009875,True
sub-17,154,2,54,2,300,20.0,9381,10881,16881,48.425926,28.425926,28.425926,2.50259970000479,2,0.552629399928264,True
sub-17,155,2,55,2,300,60.0,17351,21851,24851,57.592593,-2.407407,2.407407,3.92118890001438,3,0.683898900053463,True
sub-17,156,2,56,2,60,80.0,14390,15590,15890,66.851852,-13.148148,13.148148,3.28711189993191,4,0.80056240002159,True
sub-17,157,2,57,2,300,60.0,13458,17958,20958,59.166667,-0.833333,0.833333,4.41927369998302,2,2.27143989992328,True
sub-17,158,2,58,2,60,20.0,25202,25502,26702,37.87037,17.87037,17.87037,6.74073750001844,3,1.23228269990067,True
sub-17,159,2,59,2,300,40.0,7365,10365,14865,69.62963,29.62963,29.62963,4.43799110001418,4,1.40166179998777,True
sub-17,160,2,60,2,300,60.0,14066,18566,21566,57.314815,-2.685185,2.685185,5.68889029999263,3,0.800807600026018,True
sub-17,161,2,61,2,60,20.0,14390,14690,15890,50.833333,30.833333,30.833333,7.52459459996316,3,1.20128329994622,True
sub-17,162,2,62,2,300,80.0,21224,27224,28724,47.037037,-32.962963,32.962963,3.2198945999844,3,0.533663300098851,True
sub-17,163,2,63,2,300,60.0,16072,20572,23572,50.277778,-9.722222,9.722222,3.40356350003276,2,0.850812899996526,True
sub-17,164,2,64,2,60,40.0,25895,26495,27395,55.0,15.0,15.0,2.30314879992511,2,0.683689200086519,True
sub-17,165,2,65,1,12,20.0,24250,24310,24550,53.796296,33.796296,33.796296,6.52340399997774,3,0.55083259998355,True
sub-17,166,2,66,2,300,20.0,14351,15851,21851,52.222222,32.222222,32.222222,5.62227349996101,3,1.45118580001872,True
sub-17,167,2,67,2,300,80.0,17351,23351,24851,47.685185,-32.314815,32.314815,2.50269330001901,2,1.05066639999859,True
sub-17,168,2,68,2,300,80.0,22736,28736,30236,54.074074,-25.925926,25.925926,3.0870716999052,2,1.60167770006228,True
sub-17,169,2,69,1,60,40.0,1414,2014,2914,51.296296,11.296296,11.296296,8.00800040003378,2,11.5286005000816,True
sub-17,170,2,70,1,12,60.0,13450,13630,13750,47.962963,-12.037037,12.037037,12.0956071999389,3,0.566337900003418,True
sub-17,171,2,71,1,12,80.0,16152,16392,16452,79.907407,-0.092593,0.092593,4.28744310000911,4,1.11792240000795,True
sub-17,172,2,72,1,60,20.0,1414,1714,2914,55.0,35.0,35.0,5.38866419997066,3,0.950859799981117,True
sub-17,173,2,73,2,60,20.0,28296,28596,29796,56.851852,36.851852,36.851852,8.60823749995324,3,1.13412389997392,True
sub-17,174,2,74,2,60,40.0,21629,22229,23129,78.981481,38.981481,38.981481,4.02087180002126,4,1.08428660000208,True
sub-17,175,2,75,2,300,60.0,10518,15018,18018,52.685185,-7.314815,7.314815,4.95508540002629,2,1.81824779999442,True
sub-17,176,2,76,1,12,20.0,21800,21860,22100,60.185185,40.185185,40.185185,2.01899080001749,3,2.36910719994921,True
sub-17,177,2,77,1,60,80.0,2714,3914,4214,54.907407,-25.092593,25.092593,3.83719030010979,2,0.800774000003002,True
sub-17,178,2,78,1,60,40.0,6042,6642,7542,54.537037,14.537037,14.537037,3.33637009991798,3,2.75246799993328,True
sub-17,180,2,80,2,300,20.0,16072,17572,23572,55.925926,35.925926,35.925926,1.88502060004975,1,7.04018649994395,True
sub-17,181,2,81,2,60,60.0,23865,24765,25365,56.296296,-3.703704,3.703704,3.17002309998497,1,9.55960359994787,True
sub-17,182,2,82,2,300,60.0,18200,22700,25700,50.925926,-9.074074,9.074074,8.39191020000726,2,1.13431619992479,True
sub-17,183,2,83,1,12,60.0,16152,16332,16452,44.907407,-15.092593,15.092593,3.31987390003632,3,1.0672690999927,True
sub-17,184,2,84,2,60,40.0,14390,14990,15890,51.851852,11.851852,11.851852,2.33637349994387,3,0.817552199936471,True
sub-17,185,2,85,2,300,80.0,19476,25476,26976,47.592593,-32.407407,32.407407,1.95187920005992,2,1.7514340999769,True
sub-17,186,2,86,1,60,20.0,20386,20686,21886,53.888889,33.888889,33.888889,1.95192050002515,3,0.950840699952095,True
sub-17,187,2,87,2,300,80.0,14066,20066,21566,52.962963,-27.037037,27.037037,1.28450459998566,2,0.600708000012673,True
sub-17,188,2,88,2,300,20.0,22736,24236,30236,46.759259,26.759259,26.759259,1.73370990005787,2,0.767704099998809,True
sub-17,189,2,89,1,12,60.0,1602,1782,1902,55.555556,-4.444444,4.444444,5.1221487999428,3,0.733963900012895,True
sub-17,190,2,90,2,60,20.0,21629,21929,23129,57.592593,37.592593,37.592593,5.28855629998724,3,1.76820329995825,True
sub-17,191,2,91,1,60,40.0,5494,6094,6994,52.685185,12.685185,12.685185,3.90436139993835,4,0.884099600021727,True
sub-17,192,2,92,1,12,20.0,24970,25030,25270,35.555556,15.555556,15.555556,3.25348429998848,2,17.066851700074,True
sub-17,193,2,93,2,300,80.0,18200,24200,25700,52.314815,-27.685185,27.685185,4.08760879992041,2,1.48449159995652,True
sub-17,194,2,94,1,12,60.0,14329,14509,14629,36.759259,-23.240741,23.240741,7.40761900006327,2,7.50716059992555,True
sub-17,195,2,95,2,60,80.0,23865,25065,25365,44.444444,-35.555556,35.555556,6.8731778000947,2,6.18921670003328,True
sub-17,196,2,96,1,12,80.0,12500,12740,12800,53.148148,-26.851852,26.851852,2.9867928000167,2,2.01878350006882,True
sub-17,197,2,97,2,300,20.0,19988,21488,27488,50.648148,30.648148,30.648148,1.86919009999837,3,0.917431600042618,True
sub-17,198,2,98,2,60,60.0,11369,12269,12869,55.185185,-4.814815,4.814815,4.97134450008161,2,1.11760140000842,True
sub-17,199,2,99,1,12,20.0,2486,2546,2786,32.037037,12.037037,12.037037,3.63729069998953,4,1.1345616999315,True
sub-17,200,2,100,2,60,20.0,25895,26195,27395,56.111111,36.111111,36.111111,5.27209760004188,2,4.42095229995902,True
sub-17,201,3,1,1,60,40.0,20386,20986,21886,42.87037,2.87037,2.87037,10.2169334000209,3,1.36790279997512,True
sub-17,202,3,2,1,12,40.0,16152,16272,16452,47.592593,7.592593,7.592593,4.90563829999882,3,0.734273999929428,True
sub-17,203,3,3,1,60,20.0,2714,3014,4214,36.944444,16.944444,16.944444,7.25710489996708,2,1.83477389998734,True
sub-17,204,3,4,2,300,60.0,7365,11865,14865,45.740741,-14.259259,14.259259,5.72226720000617,3,1.03408060001675,True
sub-17,205,3,5,2,300,40.0,9381,12381,16881,46.018519,6.018519,6.018519,4.72412810008972,3,2.38590130000375,True
sub-17,206,3,6,1,12,40.0,4600,4720,4900,47.87037,7.87037,7.87037,4.60740029998123,3,0.550607100012712,True
sub-17,207,3,7,1,60,40.0,2714,3314,4214,61.111111,21.111111,21.111111,3.6015264999587,3,0.850696600042283,True
sub-17,208,3,8,2,300,20.0,10273,11773,17773,39.537037,19.537037,19.537037,10.560611300054,3,1.26797699998132,True
sub-17,209,3,9,1,12,20.0,10400,10460,10700,17.962963,-2.037037,2.037037,5.05271119996905,3,1.60161159990821,True
sub-17,210,3,10,2,60,60.0,28296,29196,29796,49.62963,-10.37037,10.37037,5.0882755999919,1,0.584083899972029,True
sub-17,212,3,12,2,300,60.0,18922,23422,26422,52.5,-7.5,7.5,6.10655150003731,2,1.40152900002431,True
sub-17,213,3,13,2,300,20.0,18922,20422,26422,39.814815,19.814815,19.814815,5.2550762000028,3,2.60214570001699,True
sub-17,214,3,14,2,300,60.0,16327,20827,23827,59.074074,-0.925926,0.925926,6.63982310006395,3,1.7016945000505,True
sub-17,215,3,15,2,300,60.0,5739,10239,13239,52.407407,-7.592593,7.592593,6.67278769996482,3,1.11787950003054,True
sub-17,216,3,16,1,12,20.0,15586,15646,15886,60.0,40.0,40.0,3.13656020001508,2,1.0348397999769,True
sub-17,217,3,17,1,12,60.0,21273,21453,21573,42.037037,-17.962963,17.962963,8.17495460005011,3,1.01797159994021,True
sub-17,218,3,18,2,60,80.0,11369,12569,12869,47.407407,-32.592593,32.592593,15.9360093000577,3,1.13447130005806,True
sub-17,219,3,19,1,12,20.0,25820,25880,26120,55.648148,35.648148,35.648148,4.98622079996857,2,0.550284199998714,True
sub-17,220,3,20,1,12,80.0,2393,2633,2693,81.111111,1.111111,1.111111,3.83770350005943,3,0.667119099991396,True
sub-17,221,3,21,1,12,60.0,29300,29480,29600,47.5,-12.5,12.5,5.35541199997533,2,0.767873400007374,True
sub-17,222,3,22,1,60,20.0,26923,27223,28423,36.944444,16.944444,16.944444,11.5447596999583,3,0.933823300059884,True
sub-17,223,3,23,2,60,20.0,10035,10335,11535,53.055556,33.055556,33.055556,4.63778359990101,3,1.11736570007633,True
sub-17,224,3,24,1,12,20.0,1602,1662,1902,31.759259,11.759259,11.759259,5.35497560002841,3,0.917506300029344,True
sub-17,225,3,25,2,60,60.0,14390,15290,15890,35.925926,-24.074074,24.074074,4.47111839998979,3,0.617372100008651,True
sub-17,226,3,26,2,60,80.0,25895,27095,27395,63.981481,-16.018519,16.018519,8.70882449997589,3,0.917819100082852,True
sub-17,227,3,27,1,60,40.0,13942,14542,15442,44.814815,4.814815,4.814815,10.8438828999642,3,1.36764359998051,True
sub-17,228,3,28,1,12,60.0,25820,26000,26120,49.351852,-10.648148,10.648148,5.00447570008691,2,0.884135000058449,True
sub-17,229,3,29,1,12,20.0,27281,27341,27581,53.611111,33.611111,33.611111,6.32350950001273,2,1.15143450000323,True
sub-17,230,3,30,1,12,60.0,21800,21980,22100,61.574074,1.574074,1.574074,9.29232769994996,3,1.11801939993165,True
sub-17,231,3,31,1,12,60.0,15162,15342,15462,52.777778,-7.222222,7.222222,4.27141169994138,3,0.800555600086227,True
sub-17,232,3,32,1,12,80.0,27281,27521,27581,75.277778,-4.722222,4.722222,5.98907590005546,3,0.750692699919454,True
sub-17,233,3,33,1,12,40.0,9950,10070,10250,51.851852,11.851852,11.851852,13.8464134999085,3,0.583832200034521,True
sub-17,234,3,34,1,12,40.0,14329,14449,14629,53.240741,13.240741,13.240741,11.7279157000593,3,0.967463099979795,True
sub-17,235,3,35,2,300,40.0,5739,8739,13239,55.925926,15.925926,15.925926,3.47017250000499,3,0.850553600001148,True
sub-17,236,3,36,1,12,40.0,27281,27401,27581,48.425926,8.425926,8.425926,2.96967649995349,3,0.584043000009842,True
sub-17,237,3,37,1,60,40.0,15628,16228,17128,56.851852,16.851852,16.851852,4.25421209994237,3,0.517067200038582,True
sub-17,238,3,38,2,300,80.0,11085,17085,18585,67.12963,-12.87037,12.87037,3.05305560003034,3,0.450578100048005,True
sub-17,239,3,39,2,60,80.0,10035,11235,11535,52.407407,-27.592593,27.592593,8.62508779997006,3,0.6846121000126,True
sub-17,240,3,40,2,300,80.0,13557,19557,21057,55.37037,-24.62963,24.62963,11.6947777000023,3,1.10100149991922,True
sub-17,241,3,41,2,60,40.0,17621,18221,19121,58.796296,18.796296,18.796296,1.45167480001691,3,1.06734750000759,True
sub-17,242,3,42,2,300,60.0,13557,18057,21057,48.055556,-11.944444,11.944444,4.88841080002021,2,0.900922100059688,True
sub-17,243,3,43,1,12,40.0,2486,2606,2786,53.055556,13.055556,13.055556,4.03796720004174,4,0.633818099973723,True
sub-17,244,3,44,2,300,20.0,14066,15566,21566,37.962963,17.962963,17.962963,4.67115639999974,3,0.533701099921017,True
sub-17,245,3,45,2,300,20.0,11085,12585,18585,49.074074,29.074074,29.074074,2.91944630001671,3,0.550514600006863,True
sub-17,246,3,46,2,300,40.0,20069,23069,27569,52.12963,12.12963,12.12963,3.31991389999166,3,0.68394839996472,True
sub-17,247,3,47,1,12,20.0,2393,2453,2693,41.944444,21.944444,21.944444,8.22462160000577,3,0.834314600098878,True
sub-17,248,3,48,1,12,60.0,24970,25150,25270,52.777778,-7.222222,7.222222,3.80326930002775,3,0.951056899968534,True
sub-17,249,3,49,2,300,40.0,14351,17351,21851,54.351852,14.351852,14.351852,6.72361719992477,3,1.06834859994705,True
sub-17,250,3,50,1,12,20.0,9950,10010,10250,53.148148,33.148148,33.148148,2.33566999994218,3,1.53477949998341,True
sub-17,251,3,51,2,300,80.0,19988,25988,27488,45.0,-35.0,35.0,6.15627089992631,1,0.766912200022488,True
sub-17,252,3,52,1,12,20.0,16152,16212,16452,33.333333,13.333333,13.333333,3.58733889996074,4,0.600611999980174,True
sub-17,253,3,53,2,300,60.0,11153,15653,18653,53.148148,-6.851852,6.851852,5.35518209997098,3,0.73466489999555,True
sub-17,254,3,54,2,300,40.0,11085,14085,18585,53.796296,13.796296,13.796296,6.07315549999475,3,1.05093340005259,True
sub-17,255,3,55,2,60,40.0,9187,9787,10687,36.388889,-3.611111,3.611111,4.53813979995902,3,0.767409199965186,True
sub-17,256,3,56,1,12,40.0,24250,24370,24550,48.333333,8.333333,8.333333,3.70342200004961,2,0.600283800042234,True
sub-17,257,3,57,1,60,20.0,6042,6342,7542,53.611111,33.611111,33.611111,3.20314530003815,3,5.63830769993364,True
sub-17,258,3,58,2,300,20.0,10518,12018,18018,49.259259,29.259259,29.259259,11.5446250999812,3,1.26779620000161,True
sub-17,259,3,59,2,60,60.0,3650,4550,5150,47.777778,-12.222222,12.222222,7.99104370002169,3,7.54113999998662,True
sub-17,260,3,60,2,300,40.0,1638,4638,9138,55.185185,15.185185,15.185185,5.03865420003421,3,3.35306400002446,True
sub-17,261,3,61,2,300,60.0,20069,24569,27569,51.944444,-8.055556,8.055556,5.0384452000726,2,0.967698200023733,True
sub-17,262,3,62,1,12,60.0,26328,26508,26628,54.907407,-5.092593,5.092593,6.80694150005001,3,0.967744299909099,True
sub-17,263,3,63,2,300,40.0,10273,13273,17773,49.444444,9.444444,9.444444,2.13517279992811,1,1.35132579994387,True
sub-17,264,3,64,1,12,60.0,2486,2666,2786,68.055556,8.055556,8.055556,3.30317470000591,3,0.76762299996335,True
sub-17,265,3,65,1,12,60.0,17600,17780,17900,51.851852,-8.148148,8.148148,6.08937689999584,3,0.600045799976214,True
sub-17,266,3,66,1,60,80.0,13176,14376,14676,45.462963,-34.537037,34.537037,2.33630389999598,1,0.684199500014074,True
sub-17,267,3,67,2,60,20.0,3650,3950,5150,38.148148,18.148148,18.148148,3.5867283999687,3,0.967838100041262,True
sub-17,268,3,68,2,300,40.0,17351,20351,24851,50.092593,10.092593,10.092593,4.92144299997016,2,0.500364499981515,True
sub-17,269,3,69,2,60,80.0,17621,18821,19121,71.203704,-8.796296,8.796296,3.97125010006129,3,0.583922400022856,True
sub-17,270,3,70,1,12,20.0,23864,23925,24165,43.981481,23.981481,23.981481,2.95252409996464,2,0.516885700053535,True
sub-17,271,3,71,2,300,80.0,2522,8522,10022,54.537037,-25.462963,25.462963,4.88836199999786,2,0.917484099976718,True
sub-17,272,3,72,2,300,60.0,19476,23976,26976,52.407407,-7.592593,7.592593,5.32248879992403,1,0.70073769998271,True
sub-17,273,3,73,2,300,60.0,14351,18851,21851,49.722222,-10.277778,10.277778,4.4375515000429,1,2.60291769995819,True
sub-17,274,3,74,1,12,20.0,12500,12560,12800,46.296296,26.296296,26.296296,3.85368790000211,2,1.28437489992938,True
sub-17,275,3,75,2,60,80.0,3650,4850,5150,56.759259,-23.240741,23.240741,2.90332849998958,3,0.550440000020898,True
sub-17,276,3,76,2,60,80.0,21629,22829,23129,58.611111,-21.388889,21.388889,4.05426130001433,3,0.883810900035314,True
sub-17,277,3,77,2,300,20.0,17351,18851,24851,48.148148,28.148148,28.148148,3.60417319997213,3,1.23424889997113,True
sub-17,278,3,78,1,12,80.0,24970,25210,25270,49.074074,-30.925926,30.925926,2.15243339992593,3,1.50108039996121,True
sub-17,279,3,79,1,12,20.0,15162,15222,15462,39.444444,19.444444,19.444444,6.17291470000054,3,0.466924699954688,True
sub-17,280,3,80,2,300,40.0,19988,22988,27488,46.666667,6.666667,6.666667,5.80557540000882,2,0.516782099963165,True
sub-17,281,3,81,2,300,40.0,13458,16458,20958,47.592593,7.592593,7.592593,2.88596069999039,1,0.817587199970148,True
sub-17,282,3,82,2,300,40.0,19476,22476,26976,50.555556,10.555556,10.555556,6.77331489999778,3,0.516492500086315,True
sub-17,283,3,83,2,300,20.0,1960,3460,9460,41.481481,21.481481,21.481481,4.20440769998822,3,0.550597800058312,True
sub-17,284,3,84,1,12,60.0,2393,2573,2693,50.648148,-9.351852,9.351852,3.15307450003456,3,1.58478279993869,True
sub-17,285,3,85,2,60,60.0,25202,26102,26702,45.185185,-14.814815,14.814815,3.42010560003109,2,1.08464670006651,True
sub-17,286,3,86,1,12,60.0,24250,24430,24550,51.111111,-8.888889,8.888889,4.204685100005,2,1.00096600002143,True
sub-17,287,3,87,2,300,20.0,12645,14145,20145,48.425926,28.425926,28.425926,2.30236029997468,3,0.817681399988941,True
sub-17,288,3,88,1,12,60.0,9950,10130,10250,36.759259,-23.240741,23.240741,4.22068209992721,3,0.650642800028435,True
sub-17,289,3,89,2,60,20.0,11369,11669,12869,45.925926,25.925926,25.925926,3.08646979997865,3,0.600011400063522,True
sub-17,290,3,90,1,60,60.0,20386,21286,21886,47.777778,-12.222222,12.222222,2.636904999963,3,0.717478599981404,True
sub-17,291,3,91,1,60,60.0,1414,2314,2914,44.722222,-15.277778,15.277778,2.03558379993774,3,0.967739399988204,True
sub-17,292,3,92,1,60,40.0,22148,22748,23648,51.111111,11.111111,11.111111,2.9535118000349,3,0.750916699995286,True
sub-17,293,3,93,2,60,60.0,25895,26795,27395,52.777778,-7.222222,7.222222,4.38774959999136,3,0.550486800028011,True
sub-17,294,3,94,2,300,80.0,9381,15381,16881,50.925926,-29.074074,29.074074,3.28656909998971,3,1.35078729991801,True
sub-17,295,3,95,2,60,40.0,28296,28896,29796,48.611111,8.611111,8.611111,1.33490869996603,2,1.50172589998692,True
sub-17,296,3,96,2,300,20.0,1638,3138,9138,31.944444,11.944444,11.944444,6.63973479997366,3,0.800457300036214,True
sub-17,297,3,97,1,12,60.0,4600,4780,4900,41.203704,-18.796296,18.796296,5.52243380004074,4,1.05060100008267,True
sub-17,298,3,98,1,60,80.0,15628,16828,17128,71.296296,-8.703704,8.703704,4.77144849998876,4,0.667457800009287,True
sub-17,299,3,99,2,300,60.0,1638,6138,9138,60.37037,0.37037,0.37037,6.73988550005015,3,0.650093900039792,True
sub-17,300,3,100,1,12,40.0,29300,29420,29600,34.907407,-5.092593,5.092593,3.90371250000316,3,0.584101999993436,True
sub-18,1,1,1,1,60,40.0,13942,14542,15442,3.518519,-36.481481,36.481481,6.74400689988397,4,1.41837670002132,True
sub-18,2,1,2,1,12,20.0,2486,2546,2786,1.018519,-18.981481,18.981481,4.38779859989881,4,1.40137330000288,True
sub-18,3,1,3,1,12,40.0,1602,1722,1902,1.296296,-38.703704,38.703704,4.77099210000596,4,1.01766619994305,True
sub-18,4,1,4,1,60,20.0,13176,13476,14676,0.833333,-19.166667,19.166667,2.55223279981873,4,1.20136629999615,True
sub-18,5,1,5,2,300,60.0,7365,11865,14865,4.259259,-55.740741,55.740741,9.22599870013073,4,1.00098349992185,True
sub-18,6,1,6,1,60,20.0,13942,14242,15442,1.296296,-18.703704,18.703704,3.82059750007465,4,1.05051870015449,True
sub-18,7,1,7,2,300,40.0,5739,8739,13239,1.944444,-38.055556,38.055556,5.12140700011514,4,0.867552099982276,True
sub-18,8,1,8,2,60,80.0,12596,13796,14096,87.407407,7.407407,7.407407,12.1121786001604,3,1.83476929995231,True
sub-18,9,1,9,1,60,40.0,26923,27523,28423,97.407407,57.407407,57.407407,3.60376570001244,4,0.467026800150051,True
sub-18,10,1,10,2,60,20.0,28296,28596,29796,9.907407,-10.092593,10.092593,7.15690629999153,4,1.03464309987612,True
sub-18,11,1,11,1,12,20.0,24970,25030,25270,2.12963,-17.87037,17.87037,4.9048064998351,3,0.750749099999666,True
sub-18,12,1,12,2,300,40.0,2522,5522,10022,51.574074,11.574074,11.574074,5.40911549981683,4,1.30113420006819,True
sub-18,13,1,13,1,60,20.0,22148,22448,23648,5.833333,-14.166667,14.166667,8.93944539991207,4,0.650394500000402,True
sub-18,14,1,14,1,12,80.0,1602,1842,1902,92.12963,12.12963,12.12963,3.78936530021019,4,1.18446589983068,True
sub-18,15,1,15,2,60,20.0,21629,21929,23129,22.407407,2.407407,2.407407,4.90541750006377,4,1.06772090005688,True
sub-18,16,1,16,1,12,60.0,26328,26508,26628,96.296296,36.296296,36.296296,5.47299410006962,4,0.484244800172746,True
sub-18,17,1,17,1,60,60.0,22148,23048,23648,74.907407,14.907407,14.907407,12.3931108000688,4,0.750600599916651,True
sub-18,18,1,18,2,60,20.0,16451,16751,17951,11.388889,-8.611111,8.611111,6.38964359997771,3,0.683783899992704,True
sub-18,19,1,19,2,300,80.0,19476,25476,26976,94.351852,14.351852,14.351852,5.55559070012532,3,0.567374299978837,True
sub-18,20,1,20,2,300,20.0,2522,4022,10022,15.0,-5.0,5.0,8.12813790002837,4,0.80077870003879,True
sub-18,21,1,21,1,12,60.0,10400,10580,10700,14.444444,-45.555556,45.555556,7.45494970004074,3,1.40123620000667,True
sub-18,22,1,22,2,300,60.0,18200,22700,25700,18.240741,-41.759259,41.759259,5.95943499985151,2,2.05176099995151,True
sub-18,23,1,23,1,12,80.0,2393,2633,2693,96.666667,16.666667,16.666667,3.73481769999489,4,0.416864700149744,True
sub-18,24,1,24,1,60,80.0,6042,7242,7542,84.907407,4.907407,4.907407,5.75579029996879,4,0.66742999991402,True
sub-18,25,1,25,2,300,60.0,13557,18057,21057,43.055556,-16.944444,16.944444,7.99194390000775,3,0.533588699996471,True
sub-18,26,1,26,2,300,60.0,10518,15018,18018,94.166667,34.166667,34.166667,9.7100103998091,3,0.734362700022757,True
sub-18,27,1,27,2,300,40.0,18922,21922,26422,50.925926,10.925926,10.925926,4.79139100015163,2,0.75084750005044,True
sub-18,28,1,28,1,12,80.0,17600,17840,17900,97.407407,17.407407,17.407407,2.40263879997655,4,0.934473699890077,True
sub-18,29,1,29,2,60,60.0,16451,17351,17951,52.037037,-7.962963,7.962963,4.53511650022119,3,0.433663799893111,True
sub-18,30,1,30,2,300,40.0,12645,15645,20145,77.777778,37.777778,37.777778,8.50867829984054,2,1.28414620016701,True
sub-18,31,1,31,2,60,20.0,11369,11669,12869,1.759259,-18.240741,18.240741,4.20495569985359,4,0.600653500063344,True
sub-18,32,1,32,2,300,60.0,14066,18566,21566,80.740741,20.740741,20.740741,6.42324150004424,3,1.56822909996844,True
sub-18,33,1,33,1,12,60.0,9950,10130,10250,89.259259,29.259259,29.259259,7.80811750004068,2,0.767035800032317,True
sub-18,34,1,34,1,12,20.0,29300,29360,29600,27.87037,7.87037,7.87037,5.906188899884,3,0.499972500139847,True
sub-18,35,1,35,1,60,60.0,13942,14842,15442,5.092593,-54.907407,54.907407,4.35437220009043,4,1.16763360006734,True
sub-18,36,1,36,2,300,80.0,14351,20351,21851,91.666667,11.666667,11.666667,4.33695990010164,3,0.60110029997304,True
sub-18,37,1,37,2,60,80.0,25202,26402,26702,94.62963,14.62963,14.62963,4.32143540005199,4,0.366558900102973,True
sub-18,38,1,38,1,60,60.0,4556,5456,6056,71.481481,11.481481,11.481481,7.42718939995393,4,0.499681500019505,True
sub-18,39,1,39,2,60,20.0,12596,12896,14096,5.555556,-14.444444,14.444444,7.02087590005248,4,0.550849100109189,True
sub-18,40,1,40,2,300,80.0,19988,25988,27488,74.62963,-5.37037,5.37037,9.14266690006479,3,0.800826699938625,True
sub-18,41,1,41,2,300,20.0,19476,20976,26976,28.055556,8.055556,8.055556,6.08933499990962,2,0.717092299833893,True
sub-18,42,1,42,1,12,20.0,15162,15222,15462,69.722222,49.722222,49.722222,4.22125409985892,3,0.41701540001668,True
sub-18,43,1,43,2,60,40.0,23865,24465,25365,74.62963,34.62963,34.62963,4.22065359982661,2,0.600982900010421,True
sub-18,44,1,44,2,300,20.0,16072,17572,23572,35.185185,15.185185,15.185185,4.77223569992929,4,0.499859400093555,True
sub-18,45,1,45,1,12,80.0,10400,10640,10700,53.888889,-26.111111,26.111111,5.93942070007324,2,0.616623000008985,True
sub-18,46,1,46,1,12,60.0,2486,2666,2786,91.574074,31.574074,31.574074,3.94064779998734,4,0.366729500005021,True
sub-18,47,1,47,2,300,80.0,5739,11739,13239,5.0,-75.0,75.0,4.53536880016326,4,0.667318300111219,True
sub-18,48,1,48,1,60,40.0,15628,16228,17128,12.685185,-27.314815,27.314815,1.60173429991118,2,0.783574600005522,True
sub-18,49,1,49,2,300,80.0,13557,19557,21057,50.555556,-29.444444,29.444444,3.6534217998851,3,0.750635100062936,True
sub-18,50,1,50,1,12,40.0,2393,2513,2693,76.666667,36.666667,36.666667,1.23810709989629,4,2.00199869996868,True
sub-18,51,1,51,2,300,20.0,18922,20422,26422,55.0,35.0,35.0,5.15237060002982,3,0.483699700096622,True
sub-18,52,1,52,1,60,20.0,20386,20686,21886,21.203704,1.203704,1.203704,5.04220129991881,4,1.45152959995903,True
sub-18,53,1,53,1,12,20.0,25820,25880,26120,14.074074,-5.925926,5.925926,3.81784609984606,4,0.784091399982571,True
sub-18,54,1,54,2,300,20.0,12645,14145,20145,28.148148,8.148148,8.148148,3.05325470003299,4,0.717708199983462,True
sub-18,55,1,55,2,300,20.0,1638,3138,9138,48.148148,28.148148,28.148148,3.08696010010316,2,0.450603200122714,True
sub-18,56,1,56,2,300,40.0,20069,23069,27569,88.148148,48.148148,48.148148,3.43700250005349,3,1.3507279001642,True
sub-18,57,1,57,1,12,40.0,23864,23985,24165,6.111111,-33.888889,33.888889,3.92001040000468,3,0.567646699957549,True
sub-18,58,1,58,1,12,40.0,25820,25940,26120,3.981481,-36.018519,36.018519,2.85295219998806,4,0.63386659999378,True
sub-18,59,1,59,1,12,60.0,29300,29480,29600,71.851852,11.851852,11.851852,7.52399899996817,4,1.95154239982366,True
sub-18,60,1,60,1,12,80.0,24250,24490,24550,95.185185,15.185185,15.185185,2.76878729998134,4,0.400445799808949,True
sub-18,61,1,61,2,300,60.0,21224,25724,28724,64.907407,4.907407,4.907407,3.89062330010347,2,0.6672966000624,True
sub-18,62,1,62,2,60,80.0,21629,22829,23129,90.277778,10.277778,10.277778,1.74964360008016,4,0.516375200124457,True
sub-18,63,1,63,1,12,80.0,12500,12740,12800,18.425926,-61.574074,61.574074,6.45672859996557,2,1.06765659991651,True
sub-18,64,1,64,1,60,20.0,6042,6342,7542,17.12963,-2.87037,2.87037,4.60522759985178,2,1.26764580002054,True
sub-18,65,1,65,2,60,80.0,9187,10387,10687,41.203704,-38.796296,38.796296,7.65794919990003,4,1.13448529993183,True
sub-18,66,1,66,1,12,40.0,11500,11620,11800,91.388889,51.388889,51.388889,7.2565642001573,4,0.901087200036272,True
sub-18,67,1,67,2,300,60.0,19476,23976,26976,86.851852,26.851852,26.851852,1.33427120000123,3,0.717442899942398,True
sub-18,68,1,68,1,60,40.0,22148,22748,23648,83.425926,43.425926,43.425926,4.48794729984365,4,0.767296199919655,True
sub-18,69,1,69,2,300,40.0,16072,19072,23572,35.925926,-4.074074,4.074074,7.67442309996113,2,1.00073600001633,True
sub-18,70,1,70,2,300,20.0,21224,22724,28724,65.277778,45.277778,45.277778,6.02256419998593,4,0.48369300016202,True
sub-18,71,1,71,2,300,20.0,17351,18851,24851,37.5,17.5,17.5,4.22124239988625,2,0.734016299946233,True
sub-18,72,1,72,1,60,60.0,26923,27823,28423,86.666667,26.666667,26.666667,5.67180819995701,4,0.633764300029724,True
sub-18,73,1,73,2,300,60.0,12645,17145,20145,12.037037,-47.962963,47.962963,4.60461729997769,4,0.7674719998613,True
sub-18,74,1,74,2,60,20.0,3650,3950,5150,6.203704,-13.796296,13.796296,4.79184670001268,4,1.26792520005255,True
sub-18,75,1,75,2,60,40.0,17621,18221,19121,21.759259,-18.240741,18.240741,6.1535537999589,2,0.51706949993968,True
sub-18,76,1,76,2,300,80.0,13458,19458,20958,22.777778,-57.222222,57.222222,1.93524620006792,3,1.01703160000033,True
sub-18,77,1,77,1,12,20.0,24250,24310,24550,69.351852,49.351852,49.351852,4.25423969980329,2,0.6338694000151,True
sub-18,78,1,78,1,60,60.0,1414,2314,2914,29.259259,-30.740741,30.740741,4.52107380004599,4,2.16859450004994,True
sub-18,79,1,79,2,60,40.0,25202,25802,26702,23.981481,-16.018519,16.018519,10.0439425001386,4,1.76854019984602,True
sub-18,80,1,80,1,60,80.0,20386,21586,21886,63.055556,-16.944444,16.944444,4.45735109993256,3,0.549914899980649,True
sub-18,81,1,81,2,60,20.0,23865,24165,25365,77.222222,57.222222,57.222222,3.75511409994214,3,0.350311500020325,True
sub-18,82,1,82,1,12,60.0,23864,24045,24165,27.12963,-32.87037,32.87037,3.85139170009642,2,0.633519300026819,True
sub-18,83,1,83,1,12,60.0,15586,15766,15886,5.833333,-54.166667,54.166667,4.90458760014735,4,0.851080600172281,True
sub-18,84,1,84,2,60,60.0,28296,29196,29796,71.851852,11.851852,11.851852,2.53587520006112,3,0.434074100106954,True
sub-18,85,1,85,2,300,80.0,22736,28736,30236,23.333333,-56.666667,56.666667,9.06234359997324,2,1.05113640008494,True
sub-18,86,1,86,2,300,60.0,18922,23422,26422,72.222222,12.222222,12.222222,6.28745149984024,3,1.26809719996526,True
sub-18,87,1,87,2,300,80.0,1960,7960,9460,62.87037,-17.12963,17.12963,3.28729080012999,3,0.650732000125572,True
sub-18,88,1,88,2,300,40.0,11153,14153,18653,65.37037,25.37037,25.37037,13.2133190999738,3,1.58450009999796,True
sub-18,89,1,89,1,12,80.0,15586,15826,15886,22.962963,-57.037037,57.037037,9.27921880013309,2,1.08416820014826,True
sub-18,90,1,90,2,60,60.0,25202,26102,26702,82.592593,22.592593,22.592593,2.75035300012677,3,0.917663499945774,True
sub-18,91,1,91,2,300,80.0,16072,22072,23572,66.296296,-13.703704,13.703704,7.15695950016379,3,7.84089920017868,True
sub-18,92,1,92,1,60,20.0,5494,5794,6994,23.425926,3.425926,3.425926,6.05931899999268,3,0.934184900019317,True
sub-18,93,1,93,1,60,80.0,13942,15142,15442,92.685185,12.685185,12.685185,2.04959310009144,4,0.41686029988341,True
sub-18,94,1,94,2,300,40.0,1638,4638,9138,34.351852,-5.648148,5.648148,7.34120020014233,3,0.617202800000086,True
sub-18,95,1,95,2,300,40.0,22736,25736,30236,67.87037,27.87037,27.87037,2.75308229983784,2,1.31813900009728,True
sub-18,96,1,96,1,12,20.0,23864,23925,24165,5.648148,-14.351852,14.351852,3.73719680006615,4,0.566874400014057,True
sub-18,97,1,97,2,60,60.0,3650,4550,5150,23.703704,-36.296296,36.296296,5.0257433000952,4,1.26809450006112,True
sub-18,98,1,98,1,12,20.0,12500,12560,12800,72.592593,52.592593,52.592593,9.85697209998034,4,1.23423040006309,True
sub-18,99,1,99,2,300,40.0,21224,24224,28724,76.574074,36.574074,36.574074,5.17195819993503,3,0.734403399983421,True
sub-18,100,1,100,1,12,60.0,14329,14509,14629,36.111111,-23.888889,23.888889,4.72125639999285,3,1.75140599999576,True
sub-18,101,2,1,1,12,40.0,13450,13570,13750,65.833333,25.833333,25.833333,8.29951689997688,3,1.35100269992835,True
sub-18,102,2,2,1,12,20.0,10400,10460,10700,2.962963,-17.037037,17.037037,7.72434590011835,4,1.33415309991687,True
sub-18,103,2,3,1,12,40.0,21273,21393,21573,5.648148,-34.351852,34.351852,3.26965579995885,4,0.884268900146707,True
sub-18,104,2,4,1,60,80.0,22148,23348,23648,18.888889,-61.111111,61.111111,2.63922609994187,2,2.13505630008876,True
sub-18,105,2,5,2,60,80.0,11369,12569,12869,88.703704,8.703704,8.703704,3.23361929995007,4,0.534103200072422,True
sub-18,106,2,6,2,300,60.0,13458,17958,20958,58.981481,-1.018519,1.018519,3.13668450014665,2,1.46823200001381,True
sub-18,107,2,7,1,12,60.0,3739,3919,4039,96.944444,36.944444,36.944444,3.20610159984789,4,0.700453800149262,True
sub-18,108,2,8,1,12,80.0,27281,27521,27581,96.111111,16.111111,16.111111,3.60346899996511,4,0.667065899819135,True
sub-18,109,2,9,2,300,20.0,7365,8865,14865,7.777778,-12.222222,12.222222,5.6390509000048,4,0.650702999904751,True
sub-18,110,2,10,1,12,80.0,26328,26568,26628,97.314815,17.314815,17.314815,4.08783169998787,4,0.533794400049373,True
sub-18,111,2,11,1,12,40.0,12500,12620,12800,74.166667,34.166667,34.166667,4.05355639988556,3,0.767147400183603,True
sub-18,112,2,12,2,300,40.0,14066,17066,21566,21.018519,-18.981481,18.981481,3.75399039988406,3,0.767226500203833,True
sub-18,113,2,13,2,300,40.0,10518,13518,18018,69.814815,29.814815,29.814815,1.80180340004153,2,1.01806970010511,True
sub-18,114,2,14,1,60,60.0,13176,14076,14676,95.092593,35.092593,35.092593,3.94067099993117,4,0.383982199942693,True
sub-18,115,2,15,2,300,40.0,19476,22476,26976,11.481481,-28.518519,28.518519,2.91694769985042,2,0.535829600179567,True
sub-18,116,2,16,1,12,20.0,13450,13510,13750,76.111111,56.111111,56.111111,5.9057213999331,3,0.550655900035053,True
sub-18,117,2,17,1,12,20.0,27281,27341,27581,6.666667,-13.333333,13.333333,3.72059720009565,3,0.750570000149309,True
sub-18,118,2,18,2,60,80.0,23865,25065,25365,91.296296,11.296296,11.296296,2.78586369985714,3,0.751267699990421,True
sub-18,119,2,19,1,60,80.0,1414,2614,2914,84.166667,4.166667,4.166667,5.63910009991377,4,0.500562699977308,True
sub-18,120,2,20,2,300,80.0,2522,8522,10022,19.259259,-60.740741,60.740741,5.5921711998526,4,0.734178100014105,True
sub-18,121,2,21,2,300,20.0,10518,12018,18018,44.814815,24.814815,24.814815,8.33872830006294,2,0.669145599938929,True
sub-18,122,2,22,2,300,60.0,11153,15653,18653,70.740741,10.740741,10.740741,8.3089892999269,2,0.767430299893021,True
sub-18,123,2,23,1,60,20.0,15628,15928,17128,76.481481,56.481481,56.481481,5.83671259996481,2,0.550456600030884,True
sub-18,124,2,24,2,60,20.0,17621,17921,19121,12.314815,-7.685185,7.685185,3.190132800024,4,0.600877499906346,True
sub-18,125,2,25,2,60,40.0,9187,9787,10687,10.833333,-29.166667,29.166667,5.00211780006066,4,0.700952300103381,True
sub-18,126,2,26,2,300,60.0,11085,15585,18585,36.111111,-23.888889,23.888889,7.99122920003719,2,0.434129900066182,True
sub-18,127,2,27,1,12,60.0,24250,24430,24550,36.111111,-23.888889,23.888889,5.73921900009736,2,0.450629699975252,True
sub-18,128,2,28,1,12,60.0,11500,11680,11800,79.444444,19.444444,19.444444,4.23757879994809,4,0.483991699991747,True
sub-18,129,2,29,2,60,80.0,17621,18821,19121,86.481481,6.481481,6.481481,1.30128150014206,3,0.500345099950209,True
sub-18,130,2,30,2,300,40.0,7365,10365,14865,88.703704,48.703704,48.703704,5.49258299986831,4,0.400773100089281,True
sub-18,131,2,31,1,12,20.0,4600,4660,4900,30.462963,10.462963,10.462963,7.37151589989662,4,1.46848979988135,True
sub-18,132,2,32,2,300,60.0,9381,13881,16881,15.092593,-44.907407,44.907407,3.00298999994993,4,0.70067759999074,True
sub-18,133,2,33,2,60,20.0,14390,14690,15890,17.407407,-2.592593,2.592593,2.51881690020672,3,1.75174329988658,True
sub-18,134,2,34,2,60,60.0,19722,20622,21222,92.5,32.5,32.5,4.77122620004229,4,1.26758669991977,True
sub-18,135,2,35,2,60,40.0,3650,4250,5150,22.685185,-17.314815,17.314815,2.25541979982517,4,0.650854600127786,True
sub-18,136,2,36,1,12,60.0,21273,21453,21573,5.092593,-54.907407,54.907407,1.39852249994874,4,0.400344500085338,True
sub-18,137,2,37,1,12,40.0,15162,15282,15462,95.925926,55.925926,55.925926,3.30349149997346,4,0.433640099829062,True
sub-18,138,2,38,1,12,80.0,23864,24105,24165,19.074074,-60.925926,60.925926,5.37183360010385,2,0.667325400048866,True
sub-18,139,2,39,1,12,60.0,27281,27461,27581,86.666667,26.666667,26.666667,2.46974889980629,4,0.483303300105035,True
sub-18,140,2,40,1,12,40.0,6414,6534,6714,7.314815,-32.685185,32.685185,4.48809970007278,4,1.41862490004859,True
sub-18,141,2,41,1,12,20.0,14329,14389,14629,25.555556,5.555556,5.555556,5.95580040011555,4,0.533661499852314,True
sub-18,142,2,42,2,300,80.0,14066,20066,21566,72.12963,-7.87037,7.87037,5.57561390008777,2,0.550876300083473,True
sub-18,143,2,43,2,300,60.0,5739,10239,13239,48.148148,-11.851852,11.851852,5.63646120019257,3,1.0343343000859,True
sub-18,144,2,44,2,60,40.0,12596,13196,14096,86.111111,46.111111,46.111111,7.10723729990422,4,0.900347199989482,True
sub-18,145,2,45,2,60,20.0,25895,26195,27395,93.611111,73.611111,73.611111,2.10262680007144,2,0.934064199915155,True
sub-18,146,2,46,1,60,20.0,26923,27223,28423,54.166667,34.166667,34.166667,3.42064520018175,3,0.416892699897289,True
sub-18,147,2,47,2,60,60.0,9187,10087,10687,28.703704,-31.296296,31.296296,2.20247550006024,3,0.617266600020229,True
sub-18,148,2,48,2,60,40.0,10035,10635,11535,72.12963,32.12963,32.12963,4.003925899975,2,0.36693499982357,True
sub-18,149,2,49,1,12,40.0,10400,10520,10700,25.648148,-14.351852,14.351852,3.77067170012742,4,0.467243099818006,True
sub-18,150,2,50,1,12,40.0,9950,10070,10250,18.981481,-21.018519,21.018519,6.40973419998772,3,0.483629500027745,True
sub-18,151,2,51,1,12,60.0,15162,15342,15462,95.462963,35.462963,35.462963,4.63517750008031,4,0.567382099805399,True
sub-18,152,2,52,2,60,60.0,12596,13496,14096,82.12963,22.12963,22.12963,3.97407969995401,3,0.784168099984526,True
sub-18,153,2,53,2,60,40.0,16451,17051,17951,48.981481,8.981481,8.981481,6.23687289981171,3,0.31600879994221,True
sub-18,154,2,54,1,12,20.0,17600,17660,17900,88.055556,68.055556,68.055556,3.60686379997059,4,1.26790740014985,True
sub-18,155,2,55,1,60,40.0,6042,6642,7542,87.685185,47.685185,47.685185,6.70413959980942,4,1.41761560016311,True
sub-18,156,2,56,1,60,60.0,5494,6394,6994,17.685185,-42.314815,42.314815,5.74191730003804,4,0.650728800101205,True
sub-18,157,2,57,2,300,60.0,1960,6460,9460,70.648148,10.648148,10.648148,10.3075629998929,4,0.400401100050658,True
sub-18,158,2,58,2,60,40.0,14390,14990,15890,85.555556,45.555556,45.555556,2.93955609994009,4,0.617098700022324,True
sub-18,159,2,59,2,300,80.0,16327,22327,23827,32.12963,-47.87037,47.87037,8.62566339992918,2,0.65079510002397,True
sub-18,160,2,60,1,12,60.0,16152,16332,16452,25.648148,-34.351852,34.351852,8.58949650009162,4,0.583416100125759,True
sub-18,161,2,61,2,300,60.0,10273,14773,17773,10.185185,-49.814815,49.814815,3.26962970010936,4,0.650403500068932,True
sub-18,162,2,62,2,60,60.0,11369,12269,12869,61.018519,1.018519,1.018519,6.59361939993687,2,2.30178029998205,True
sub-18,163,2,63,1,12,80.0,2486,2726,2786,85.462963,5.462963,5.462963,3.93442220008,4,0.584054399980232,True
sub-18,164,2,64,2,60,20.0,10035,10335,11535,33.055556,13.055556,13.055556,4.4411144000478,2,0.400585299823433,True
sub-18,165,2,65,2,60,80.0,10035,11235,11535,18.703704,-61.296296,61.296296,2.0160616999492,2,0.367002199869602,True
sub-18,166,2,66,2,300,40.0,9381,12381,16881,66.851852,26.851852,26.851852,4.60795910004526,3,0.350496999919414,True
sub-18,167,2,67,2,300,60.0,2522,7022,10022,18.333333,-41.666667,41.666667,3.48469639988616,4,0.783604099880904,True
sub-18,168,2,68,1,12,20.0,2393,2453,2693,76.759259,56.759259,56.759259,4.59139680000953,4,1.0009260000661,True
sub-18,169,2,69,1,12,20.0,11500,11560,11800,91.574074,71.574074,71.574074,3.95166360004805,4,1.85175799997523,True
sub-18,170,2,70,1,12,20.0,9950,10010,10250,16.388889,-3.611111,3.611111,2.03867629985325,3,0.584065799834206,True
sub-18,171,2,71,2,300,20.0,22736,24236,30236,43.611111,23.611111,23.611111,4.40220389980822,3,0.453438100172206,True
sub-18,172,2,72,1,12,40.0,21800,21920,22100,32.777778,-7.222222,7.222222,1.86608049995265,4,0.750528899952769,True
sub-18,173,2,73,2,300,20.0,9381,10881,16881,93.425926,73.425926,73.425926,3.98696469981223,4,0.600698900176212,True
sub-18,174,2,74,2,300,80.0,21224,27224,28724,66.018519,-13.981481,13.981481,3.17013050010427,3,0.400273200124502,True
sub-18,175,2,75,1,12,20.0,16152,16212,16452,32.592593,12.592593,12.592593,5.72232820000499,3,0.517264999914914,True
sub-18,176,2,76,2,60,60.0,10035,10935,11535,78.518519,18.518519,18.518519,7.2939748999197,2,1.48470390005968,True
sub-18,177,2,77,1,12,20.0,6414,6474,6714,5.37037,-14.62963,14.62963,4.86908209999091,4,0.567031200043857,True
sub-18,178,2,78,1,12,80.0,25820,26060,26120,14.907407,-65.092593,65.092593,2.68617390003055,4,1.0498955999501,True
sub-18,179,2,79,2,60,20.0,9187,9487,10687,3.240741,-16.759259,16.759259,5.37265079980716,4,0.433845499996095,True
sub-18,180,2,80,2,60,40.0,28296,28896,29796,31.574074,-8.425926,8.425926,4.7548864998389,4,0.4673705000896,True
sub-18,181,2,81,2,60,20.0,25202,25502,26702,14.259259,-5.740741,5.740741,6.95744969998486,4,1.08435149979777,True
sub-18,182,2,82,1,12,40.0,16152,16272,16452,85.277778,45.277778,45.277778,8.17834550002589,3,1.86914229998365,True
sub-18,183,2,83,2,300,20.0,18200,19700,25700,7.5,-12.5,12.5,4.33495840011164,2,0.900877599837258,True
sub-18,184,2,84,1,12,60.0,21800,21980,22100,81.111111,21.111111,21.111111,8.64206159999594,3,0.48336139996536,True
sub-18,185,2,85,1,12,40.0,17600,17720,17900,87.037037,47.037037,47.037037,9.62626529997214,4,0.366851499769836,True
sub-18,186,2,86,1,12,20.0,3739,3799,4039,21.851852,1.851852,1.851852,4.25766070000827,3,0.48363359994255,True
sub-18,187,2,87,2,60,80.0,14390,15590,15890,66.388889,-13.611111,13.611111,4.23487429996021,4,0.867464199895039,True
sub-18,188,2,88,2,60,60.0,25895,26795,27395,77.314815,17.314815,17.314815,2.0519771000836,2,0.967577499803155,True
sub-18,189,2,89,2,300,40.0,13557,16557,21057,42.87037,2.87037,2.87037,6.70658580004237,2,1.15112619986757,True
sub-18,190,2,90,1,60,80.0,13176,14376,14676,6.851852,-73.148148,73.148148,4.50776199996471,2,1.11779139982536,True
sub-18,191,2,91,2,60,20.0,19722,20022,21222,3.796296,-16.203704,16.203704,1.93253930006176,4,0.900838900124654,True
sub-18,192,2,92,1,60,20.0,1414,1714,2914,3.796296,-16.203704,16.203704,3.08988320012576,4,1.15128150000236,True
sub-18,193,2,93,2,300,60.0,17351,21851,24851,83.333333,23.333333,23.333333,4.06804240006022,4,0.667397100012749,True
sub-18,194,2,94,1,60,40.0,20386,20986,21886,31.944444,-8.055556,8.055556,6.19002630002796,4,0.717341100098565,True
sub-18,195,2,95,2,300,20.0,14066,15566,21566,11.944444,-8.055556,8.055556,5.85630069999024,4,0.934084600070491,True
sub-18,196,2,96,2,300,80.0,10518,16518,18018,25.0,-55.0,55.0,4.97158540016971,2,0.567091399803757,True
sub-18,197,2,97,1,12,40.0,26328,26448,26628,93.703704,53.703704,53.703704,2.31919549987651,4,0.366682599997147,True
sub-18,198,2,98,2,300,40.0,11085,14085,18585,11.574074,-28.425926,28.425926,3.99059259984642,4,1.73550579999573,True
sub-18,199,2,99,2,300,60.0,16072,20572,23572,7.87037,-52.12963,52.12963,2.28308459999971,4,0.701072599971666,True
sub-18,200,2,100,2,300,20.0,16327,17827,23827,38.425926,18.425926,18.425926,6.84004399995319,3,0.433853300055488,True
sub-18,201,3,1,1,60,80.0,15628,16828,17128,88.981481,8.981481,8.981481,3.09709469997324,4,0.351136999903246,True
sub-18,202,3,2,2,60,80.0,28296,29496,29796,76.296296,-3.703704,3.703704,3.67091250000521,4,0.400656499899923,True
sub-18,203,3,3,2,60,80.0,19722,20922,21222,92.222222,12.222222,12.222222,2.03507039998658,4,0.417177699971944,True
sub-18,204,3,4,2,300,40.0,10273,13273,17773,32.12963,-7.87037,7.87037,2.58611589996144,2,0.349919900065287,True
sub-18,205,3,5,1,60,60.0,6042,6942,7542,92.037037,32.037037,32.037037,2.68564360006712,4,0.984405199997127,True
sub-18,206,3,6,2,300,20.0,10273,11773,17773,23.148148,3.148148,3.148148,3.85756869986653,3,1.58445289987139,True
sub-18,207,3,7,2,300,40.0,19988,22988,27488,74.444444,34.444444,34.444444,4.21875540004111,2,0.551039200043305,True
sub-18,208,3,8,2,60,60.0,23865,24765,25365,22.87037,-37.12963,37.12963,1.71858519990928,3,0.317649800097569,True
sub-18,209,3,9,2,300,60.0,20069,24569,27569,52.222222,-7.777778,7.777778,4.23374859988689,2,0.367676699999719,True
sub-18,210,3,10,2,300,80.0,7365,13365,14865,80.555556,0.555556,0.555556,6.72682729992084,3,0.433670499827712,True
sub-18,211,3,11,1,12,40.0,14329,14449,14629,80.555556,40.555556,40.555556,4.15173109993338,4,0.684005000162869,True
sub-18,212,3,12,1,12,80.0,24970,25210,25270,88.240741,8.240741,8.240741,4.95521909999661,4,0.333575799828395,True
sub-18,213,3,13,2,60,60.0,21629,22529,23129,92.777778,32.777778,32.777778,1.5517316001933,3,0.651002400089055,True
sub-18,214,3,14,2,60,40.0,19722,20322,21222,76.018519,36.018519,36.018519,4.92192839994095,4,0.817544900113716,True
sub-18,215,3,15,1,60,40.0,4556,5156,6056,83.981481,43.981481,43.981481,5.12193710007704,4,0.400522700045257,True
sub-18,216,3,16,1,12,60.0,6414,6594,6714,30.37037,-29.62963,29.62963,4.02435770002193,4,1.4680919998791,True
sub-18,217,3,17,1,12,40.0,3739,3859,4039,5.648148,-34.351852,34.351852,3.10069629992358,4,1.98501150007359,True
sub-18,218,3,18,2,60,60.0,14390,15290,15890,73.240741,13.240741,13.240741,4.9724511001259,4,0.383332299999892,True
sub-18,219,3,19,2,300,80.0,18922,24922,26422,81.666667,1.666667,1.666667,1.78542229998856,3,1.3849237000104,True
sub-18,220,3,20,1,12,80.0,29300,29540,29600,33.055556,-46.944444,46.944444,7.74074380006641,2,0.984582999954,True
sub-18,221,3,21,1,12,60.0,24970,25150,25270,87.314815,27.314815,27.314815,2.90296040009707,4,0.800510099856182,True
sub-18,222,3,22,1,60,40.0,5494,6094,6994,19.074074,-20.925926,20.925926,4.77492029988206,4,0.500163499964401,True
sub-18,223,3,23,2,300,40.0,16327,19327,23827,83.425926,43.425926,43.425926,2.71687919995747,1,0.934852199861779,True
sub-18,224,3,24,1,12,40.0,2486,2606,2786,23.425926,-16.574074,16.574074,4.04073889995925,3,0.416958199813962,True
sub-18,225,3,25,1,12,60.0,17600,17780,17900,89.166667,29.166667,29.166667,7.18824919988401,4,1.067711800104,True
sub-18,226,3,26,1,12,80.0,11500,11740,11800,96.203704,16.203704,16.203704,3.4864646999631,4,0.38364820019342,True
sub-18,227,3,27,1,60,60.0,20386,21286,21886,71.944444,11.944444,11.944444,2.90288639999926,4,0.567377100000158,True
sub-18,228,3,28,1,60,80.0,5494,6694,6994,97.962963,17.962963,17.962963,2.7056562998332,3,0.500749800121411,True
sub-18,229,3,29,2,300,80.0,18200,24200,25700,67.962963,-12.037037,12.037037,4.13501720014028,3,0.500711100175976,True
sub-18,230,3,30,2,300,80.0,20069,26069,27569,40.462963,-39.537037,39.537037,3.30360840004868,2,0.449800000060349,True
sub-18,231,3,31,2,60,80.0,25895,27095,27395,90.0,10.0,10.0,3.10284440009854,4,0.333935200003907,True
sub-18,232,3,32,1,60,20.0,4556,4856,6056,3.333333,-16.666667,16.666667,6.80958779994398,4,1.13162140012718,True
sub-18,233,3,33,1,12,60.0,13450,13630,13750,72.222222,12.222222,12.222222,3.73727559996768,3,0.267198299989104,True
sub-18,234,3,34,2,300,40.0,13458,16458,20958,35.740741,-4.259259,4.259259,4.27447900013066,3,0.433705399977043,True
sub-18,235,3,35,1,12,40.0,4600,4720,4900,16.666667,-23.333333,23.333333,6.83785130013711,4,0.633555899839848,True
sub-18,236,3,36,1,60,40.0,1414,2014,2914,10.462963,-29.537037,29.537037,3.63704150007106,4,0.884018500102683,True
sub-18,237,3,37,2,300,40.0,14351,17351,21851,49.722222,9.722222,9.722222,4.49104420002549,2,0.767775599844753,True
sub-18,238,3,38,1,12,40.0,29300,29420,29600,46.388889,6.388889,6.388889,3.65076000010594,3,0.433621099917218,True
sub-18,239,3,39,2,300,60.0,22736,27236,30236,77.777778,17.777778,17.777778,3.2871936999727,1,0.587011399911716,True
sub-18,240,3,40,1,12,60.0,1602,1782,1902,64.351852,4.351852,4.351852,5.53964740014635,2,0.817266199970617,True
sub-18,241,3,41,1,12,80.0,14329,14569,14629,66.574074,-13.425926,13.425926,4.10139859979972,2,1.73482859996147,True
sub-18,242,3,42,2,300,80.0,10273,16273,17773,29.074074,-50.925926,50.925926,2.88586480007506,4,0.417170499917119,True
sub-18,243,3,43,2,60,40.0,21629,22229,23129,91.851852,51.851852,51.851852,2.80282029998488,3,0.817345799878239,True
sub-18,244,3,44,1,12,80.0,16152,16392,16452,96.111111,16.111111,16.111111,3.39013070007786,4,1.21785790007561,True
sub-18,245,3,45,2,60,40.0,25895,26495,27395,87.5,47.5,47.5,6.33658319991081,1,0.367104500066489,True
sub-18,246,3,46,2,300,80.0,9381,15381,16881,18.240741,-61.759259,61.759259,3.52003629994578,2,0.683873900212347,True
sub-18,247,3,47,1,12,80.0,9950,10190,10250,78.240741,-1.759259,1.759259,7.37445900007151,4,0.701327900169417,True
sub-18,248,3,48,2,300,20.0,13557,15057,21057,22.5,2.5,2.5,6.64314309996552,2,0.36717580002732497,True
sub-18,249,3,49,2,300,60.0,1638,6138,9138,42.777778,-17.222222,17.222222,6.40415990003384,3,0.433691600104793,True
sub-18,250,3,50,1,12,20.0,26328,26388,26628,91.203704,71.203704,71.203704,4.3578124998603,4,0.651023300131782,True
sub-18,251,3,51,2,300,20.0,11085,12585,18585,91.203704,71.203704,71.203704,2.51707859989255,2,0.633555599953979,True
sub-18,252,3,52,1,12,20.0,1602,1662,1902,15.0,-5.0,5.0,2.67241539992392,4,0.349717600038275,True
sub-18,253,3,53,1,12,40.0,27281,27401,27581,11.574074,-28.425926,28.425926,6.20402239984832,4,0.567004299955442,True
sub-18,254,3,54,2,300,20.0,20069,21569,27569,73.703704,53.703704,53.703704,2.83923269994556,2,0.467767199967056,True
sub-18,255,3,55,2,60,80.0,3650,4850,5150,89.537037,9.537037,9.537037,6.98763929982669,4,0.150193199981004,True
sub-18,256,3,56,2,300,40.0,17351,20351,24851,89.444444,49.444444,49.444444,3.07002179999835,3,0.734080999856814,True
sub-18,257,3,57,2,300,40.0,1960,4960,9460,39.814815,-0.185185,0.185185,8.84264330007135,4,0.567523199832066,True
sub-18,258,3,58,2,300,20.0,5739,7239,13239,2.592593,-17.407407,17.407407,3.77388980006799,4,0.550948600051924,True
sub-18,259,3,59,1,12,80.0,15162,15402,15462,63.333333,-16.666667,16.666667,3.31741919997148,2,0.51684910012409,True
sub-18,260,3,60,1,12,60.0,12500,12680,12800,70.740741,10.740741,10.740741,3.13683090009726,4,0.316693800035864,True
sub-18,261,3,61,2,300,40.0,18200,21200,25700,75.740741,35.740741,35.740741,4.18788570002652,2,0.700588000006973,True
sub-18,262,3,62,1,12,80.0,3739,3979,4039,85.37037,5.37037,5.37037,7.95686080004088,4,0.384018700104206,True
sub-18,263,3,63,2,60,80.0,16451,17651,17951,78.518519,-1.481481,1.481481,2.16925179981626,4,0.299746799981221,True
sub-18,264,3,64,2,300,20.0,11153,12653,18653,84.722222,64.722222,64.722222,2.72272389987483,2,0.534037600038573,True
sub-18,265,3,65,1,12,60.0,2393,2573,2693,10.37037,-49.62963,49.62963,2.80033400002867,3,0.517326300032436,True
sub-18,266,3,66,2,300,80.0,17351,23351,24851,79.166667,-0.833333,0.833333,5.27213619998656,3,0.467061199946329,True
sub-18,267,3,67,1,60,20.0,2714,3014,4214,29.907407,9.907407,9.907407,4.97177170007489,3,0.417251700069755,True
sub-18,268,3,68,1,60,40.0,2714,3314,4214,22.592593,-17.407407,17.407407,2.27204890013672,2,0.350450299913063,True
sub-18,269,3,69,2,300,80.0,1638,7638,9138,40.185185,-39.814815,39.814815,1.61580109992064,4,0.500539699802175,True
sub-18,270,3,70,2,300,80.0,12645,18645,20145,82.222222,2.222222,2.222222,7.62452239985577,4,0.517193900188431,True
sub-18,271,3,71,1,12,20.0,21800,21860,22100,87.12963,67.12963,67.12963,2.90264769992791,4,1.01731269992887,True
sub-18,272,3,72,2,300,60.0,14351,18851,21851,75.0,15.0,15.0,3.59006730001419,2,0.383626000024378,True
sub-18,273,3,73,1,12,80.0,4600,4840,4900,64.444444,-15.555556,15.555556,6.67412069998681,4,0.583839599974453,True
sub-18,274,3,74,1,60,80.0,26923,28123,28423,81.944444,1.944444,1.944444,6.33726480021141,4,1.05060210009105,True
sub-18,275,3,75,1,12,40.0,15586,15706,15886,35.740741,-4.259259,4.259259,7.07405559998005,4,0.399935999885201,True
sub-18,276,3,76,2,300,20.0,13458,14958,20958,18.148148,-1.851852,1.851852,2.70576489996165,3,0.718014399986714,True
sub-18,277,3,77,1,12,20.0,15586,15646,15886,17.037037,-2.962963,2.962963,6.78773789992556,4,4.58768990007229,True
sub-18,278,3,78,2,300,80.0,11153,17153,18653,51.481481,-28.518519,28.518519,3.3531235998962,3,0.333550000097602,True
sub-18,279,3,79,2,300,20.0,1960,3460,9460,8.425926,-11.574074,11.574074,3.85421399981714,3,0.516912700142711,True
sub-18,280,3,80,2,300,20.0,19988,21488,27488,67.12963,47.12963,47.12963,3.03967499989084,3,0.734107199823483,True
sub-18,281,3,81,1,60,40.0,13176,13776,14676,20.925926,-19.074074,19.074074,1.61547770001925,3,0.667693299939855,True
sub-18,282,3,82,2,300,20.0,14351,15851,21851,35.185185,15.185185,15.185185,3.20617690007202,2,0.933988400036469,True
sub-18,283,3,83,1,60,80.0,4556,5756,6056,76.388889,-3.611111,3.611111,7.73867430002428,4,0.950598299968987,True
sub-18,284,3,84,1,60,80.0,2714,3914,4214,81.851852,1.851852,1.851852,3.13646619999781,2,1.65144319995306,True
sub-18,285,3,85,2,300,60.0,16327,20827,23827,69.62963,9.62963,9.62963,4.65490680001676,4,0.66699880012311,True
sub-18,286,3,86,1,12,80.0,6414,6654,6714,5.462963,-74.537037,74.537037,5.94256939995102,4,0.817474400158971,True
sub-18,287,3,87,1,60,60.0,15628,16528,17128,21.018519,-38.981481,38.981481,3.09999340004287,3,0.817449199967086,True
sub-18,288,3,88,1,12,60.0,4600,4780,4900,75.277778,15.277778,15.277778,4.77448600018397,3,0.767400400014594,True
sub-18,289,3,89,1,12,80.0,21800,22040,22100,90.185185,10.185185,10.185185,2.56639809999614,4,1.30140349990688,True
sub-18,290,3,90,2,300,80.0,11085,17085,18585,89.444444,9.444444,9.444444,4.5078843999654,2,0.850947699975222,True
sub-18,291,3,91,1,12,80.0,21273,21513,21573,96.944444,16.944444,16.944444,3.05063499999232,4,0.250100800069049,True
sub-18,292,3,92,1,12,20.0,21273,21333,21573,13.703704,-6.296296,6.296296,2.88873380003497,4,0.967266200110316,True
sub-18,293,3,93,1,12,40.0,24250,24370,24550,84.814815,44.814815,44.814815,4.06802819995209,4,0.317563399905338,True
sub-18,294,3,94,1,12,80.0,13450,13690,13750,86.203704,6.203704,6.203704,4.89097900013439,4,0.833978699985891,True
sub-18,295,3,95,2,60,40.0,11369,11969,12869,73.148148,33.148148,33.148148,3.18394210003316,3,0.400265799835324,True
sub-18,296,3,96,1,60,60.0,2714,3614,4214,88.518519,28.518519,28.518519,2.05531540000811,3,2.08524830010719,True
sub-18,297,3,97,2,60,60.0,17621,18521,19121,84.444444,24.444444,24.444444,2.28299719979986,3,0.68447560002096,True
sub-18,298,3,98,1,12,40.0,24970,25090,25270,86.111111,46.111111,46.111111,1.36838270002044,3,0.483546399977058,True
sub-18,299,3,99,2,300,60.0,19988,24488,27488,45.185185,-14.814815,14.814815,4.50453709997236,1,0.550710099982097,True
sub-18,300,3,100,1,12,60.0,25820,26000,26120,5.555556,-54.444444,54.444444,3.35363169992342,4,0.834125499939546,True
sub-19,1,1,1,2,60,80.0,11369,12569,12869,69.907407,-10.092593,10.092593,7.84756879997439,2,1.86905249999836,True
sub-19,2,1,2,2,300,40.0,11085,14085,18585,63.333333,23.333333,23.333333,9.94662830000743,2,2.9199313998688,True
sub-19,3,1,3,1,12,20.0,10400,10460,10700,14.351852,-5.648148,5.648148,7.09059509984217,3,1.88618099992163,True
sub-19,4,1,4,1,12,80.0,26328,26568,26628,82.685185,2.685185,2.685185,7.20710149989463,3,1.03414749982766,True
sub-19,5,1,5,1,12,60.0,11500,11680,11800,54.259259,-5.740741,5.740741,14.0449526999145,2,0.80077420012094,True
sub-19,6,1,6,1,12,80.0,16152,16392,16452,79.074074,-0.925926,0.925926,5.9898041000124,4,1.50166069995611,True
sub-19,7,1,7,2,60,80.0,28296,29496,29796,75.740741,-4.259259,4.259259,6.13952299999073,2,2.05239740014076,True
sub-19,8,1,8,1,12,80.0,13450,13690,13750,73.425926,-6.574074,6.574074,3.41990039986558,3,0.800358599983155,True
sub-19,9,1,9,1,12,40.0,15586,15706,15886,38.518519,-1.481481,1.481481,4.20383570017293,3,1.98572260001674,True
sub-19,10,1,10,2,300,40.0,1638,4638,9138,65.0,25.0,25.0,8.75874820002354,2,1.03434500005096,True
sub-19,11,1,11,2,60,60.0,11369,12269,12869,71.111111,11.111111,11.111111,7.54086460010148,1,1.06784119992516,True
sub-19,12,1,12,1,60,40.0,15628,16228,17128,41.203704,1.203704,1.203704,12.1457167998887,2,0.650286099873483,True
sub-19,13,1,13,1,12,20.0,13450,13510,13750,62.592593,42.592593,42.592593,5.02139490004628,2,0.667145099956542,True
sub-19,14,1,14,1,60,40.0,6042,6642,7542,61.481481,21.481481,21.481481,8.05826990003697,2,0.4836806000676,True
sub-19,15,1,15,2,300,60.0,7365,11865,14865,41.296296,-18.703704,18.703704,12.9798787001054,1,0.634186499984934,True
sub-19,16,1,16,2,60,60.0,9187,10087,10687,57.314815,-2.685185,2.685185,6.08956949994899,1,0.867602700134739,True
sub-19,17,1,17,2,300,60.0,12645,17145,20145,39.444444,-20.555556,20.555556,5.50531959999352,1,0.700752800097689,True
sub-19,18,1,18,2,300,20.0,9381,10881,16881,54.444444,34.444444,34.444444,7.92498699994757,2,0.717457799939438,True
sub-19,19,1,19,2,60,20.0,21629,21929,23129,32.592593,12.592593,12.592593,4.33769229985773,3,2.26935479999519,True
sub-19,20,1,20,1,12,20.0,29300,29360,29600,44.166667,24.166667,24.166667,8.29091869993135,3,0.71717739989981,True
sub-19,21,1,21,2,300,80.0,1638,7638,9138,53.611111,-26.388889,26.388889,9.72962280013598,2,0.817535900045186,True
sub-19,22,1,22,2,60,80.0,16451,17651,17951,77.12963,-2.87037,2.87037,7.34119799989275,3,1.16788429999724,True
sub-19,23,1,23,2,300,40.0,10273,13273,17773,35.648148,-4.351852,4.351852,9.49328270019032,2,1.15066499984823,True
sub-19,24,1,24,2,300,80.0,5739,11739,13239,47.685185,-32.314815,32.314815,6.0905206000898,2,0.616741100093349,True
sub-19,25,1,25,2,60,60.0,16451,17351,17951,50.648148,-9.351852,9.351852,8.49140990013256,2,2.0187323000282,True
sub-19,26,1,26,1,12,40.0,24250,24370,24550,61.018519,21.018519,21.018519,4.17173860012553,3,0.634192200144752,True
sub-19,27,1,27,1,12,40.0,9950,10070,10250,33.703704,-6.296296,6.296296,6.12269530002959,2,0.734324300196021,True
sub-19,28,1,28,2,60,60.0,17621,18521,19121,72.12963,12.12963,12.12963,7.35805919999256,1,0.634172399993985,True
sub-19,29,1,29,1,12,80.0,9950,10190,10250,79.722222,-0.277778,0.277778,3.83717909990809,3,1.00075300014577,True
sub-19,30,1,30,2,60,60.0,10035,10935,11535,31.388889,-28.611111,28.611111,4.22199560003355,3,0.950580299831926,True
sub-19,31,1,31,1,12,40.0,1602,1722,1902,56.574074,16.574074,16.574074,8.57260219985619,3,0.717399299843236,True
sub-19,32,1,32,1,12,80.0,11500,11740,11800,80.833333,0.833333,0.833333,3.25326170003972,3,0.767353799892589,True
sub-19,33,1,33,1,12,80.0,12500,12740,12800,67.314815,-12.685185,12.685185,4.47144510014914,3,1.48510010004974,True
sub-19,34,1,34,1,60,40.0,1414,2014,2914,47.5,7.5,7.5,6.85742409992963,2,1.40130080003291,True
sub-19,35,1,35,1,12,60.0,4600,4780,4900,50.277778,-9.722222,9.722222,6.80425769998692,3,0.50009540002793,True
sub-19,36,1,36,2,300,80.0,19476,25476,26976,73.425926,-6.574074,6.574074,2.96986890002153,3,1.00081440014764,True
sub-19,37,1,37,2,60,20.0,28296,28596,29796,50.648148,30.648148,30.648148,3.47062880010344,3,0.900788800092414,True
sub-19,38,1,38,1,60,20.0,6042,6342,7542,46.018519,26.018519,26.018519,5.9396438000258,2,1.35119570000097,True
sub-19,39,1,39,1,12,60.0,9950,10130,10250,28.333333,-31.666667,31.666667,5.63941669999621,2,0.583809100091457,True
sub-19,40,1,40,2,300,40.0,20069,23069,27569,39.537037,-0.462963,0.462963,9.9764164998196,2,1.0673540001735,True
sub-19,41,1,41,2,300,60.0,10273,14773,17773,57.407407,-2.592593,2.592593,5.22162660001777,2,1.78517469996586,True
sub-19,42,1,42,2,300,40.0,18922,21922,26422,36.944444,-3.055556,3.055556,6.75662989984266,3,0.850734299980104,True
sub-19,43,1,43,2,300,80.0,22736,28736,30236,58.888889,-21.111111,21.111111,10.9946759000886,3,2.00109770009294,True
sub-19,44,1,44,2,60,20.0,23865,24165,25365,68.518519,48.518519,48.518519,8.82596319983713,1,0.717040200019255,True
sub-19,45,1,45,2,60,40.0,28296,28896,29796,71.203704,31.203704,31.203704,3.77102710003964,3,0.68410769989714,True
sub-19,46,1,46,1,12,80.0,29300,29540,29600,70.462963,-9.537037,9.537037,6.02300459984689,3,0.550141799962148,True
sub-19,47,1,47,2,300,40.0,7365,10365,14865,38.333333,-1.666667,1.666667,6.10627999994903,2,2.11871060007251,True
sub-19,48,1,48,2,300,60.0,2522,7022,10022,34.166667,-25.833333,25.833333,7.67431270005181,2,0.700855799950659,True
sub-19,49,1,49,2,300,20.0,5739,7239,13239,25.925926,5.925926,5.925926,5.78910850011743,3,2.50155969988554,True
sub-19,50,1,50,1,12,60.0,16152,16332,16452,24.351852,-35.648148,35.648148,5.75554149993695,3,1.80201139999553,True
sub-19,51,1,51,2,60,80.0,14390,15590,15890,60.833333,-19.166667,19.166667,6.18921569990925,3,0.633393599884584,True
sub-19,52,1,52,1,12,80.0,14329,14569,14629,83.518519,3.518519,3.518519,5.33881260012276,3,2.03512040013447,True
sub-19,53,1,53,1,12,40.0,2486,2606,2786,60.462963,20.462963,20.462963,4.43793689995072,3,1.50173600018024,True
sub-19,54,1,54,2,60,20.0,19722,20022,21222,28.796296,8.796296,8.796296,4.33735190005973,3,1.53515819995664,True
sub-19,55,1,55,2,300,60.0,22736,27236,30236,61.296296,1.296296,1.296296,8.32502719992771,2,1.45119869988411,True
sub-19,56,1,56,1,12,40.0,27281,27401,27581,19.351852,-20.648148,20.648148,5.9559375999961,3,1.48504909989424,True
sub-19,57,1,57,2,300,20.0,13557,15057,21057,16.574074,-3.425926,3.425926,8.25810520001687,2,3.620089400094,True
sub-19,58,1,58,2,60,80.0,25895,27095,27395,66.759259,-13.240741,13.240741,6.80699780001305,3,1.28472880017943,True
sub-19,59,1,59,1,12,60.0,2486,2666,2786,87.962963,27.962963,27.962963,8.82577660004608,3,1.35157219995744,True
sub-19,60,1,60,1,12,60.0,23864,24045,24165,69.351852,9.351852,9.351852,6.52727949991822,2,0.667175200069323,True
sub-19,61,1,61,2,300,60.0,9381,13881,16881,65.925926,5.925926,5.925926,6.60753959999419,1,0.550993300043046,True
sub-19,62,1,62,1,60,40.0,13942,14542,15442,77.12963,37.12963,37.12963,5.12288630008697,2,1.25143030006438,True
sub-19,63,1,63,1,12,20.0,15162,15222,15462,36.944444,16.944444,16.944444,3.42053060000762,2,0.667551799910143,True
sub-19,64,1,64,2,60,40.0,19722,20322,21222,70.185185,30.185185,30.185185,4.08744270005263,2,1.35143909999169,True
sub-19,65,1,65,1,12,60.0,25820,26000,26120,48.055556,-11.944444,11.944444,5.51996259996667,2,1.80198970017954,True
sub-19,66,1,66,2,300,80.0,13458,19458,20958,49.907407,-30.092593,30.092593,7.52414170000702,2,1.75189119996503,True
sub-19,67,1,67,1,12,60.0,21273,21453,21573,24.259259,-35.740741,35.740741,3.07030709995888,3,1.21801840001717,True
sub-19,68,1,68,1,60,60.0,13942,14842,15442,55.555556,-4.444444,4.444444,5.5220158000011,3,1.41818369994871,True
sub-19,69,1,69,2,300,40.0,16327,19327,23827,64.444444,24.444444,24.444444,4.42098709987476,2,1.56834949995391,True
sub-19,70,1,70,1,60,40.0,26923,27523,28423,39.722222,-0.277778,0.277778,4.58751440001651,3,0.784488300094381,True
sub-19,71,1,71,2,60,20.0,17621,17921,19121,26.296296,6.296296,6.296296,3.78722160006873,3,1.61793230008333,True
sub-19,72,1,72,1,12,60.0,17600,17780,17900,88.148148,28.148148,28.148148,3.90412559988908,4,1.86868659988977,True
sub-19,73,1,73,1,12,40.0,3739,3859,4039,74.351852,34.351852,34.351852,6.47342829988338,3,0.984434199985116,True
sub-19,74,1,74,2,300,20.0,16072,17572,23572,64.166667,44.166667,44.166667,5.5386346001178,2,1.56783950002864,True
sub-19,75,1,75,2,300,80.0,11153,17153,18653,43.703704,-36.296296,36.296296,5.78894690005108,1,1.36767449998296,True
sub-19,76,1,76,1,12,20.0,21273,21333,21573,25.092593,5.092593,5.092593,7.82433940004557,3,1.51853180001489,True
sub-19,77,1,77,2,300,60.0,13557,18057,21057,75.277778,15.277778,15.277778,9.78035670006647,2,1.3345505001489,True
sub-19,78,1,78,2,300,20.0,16327,17827,23827,43.055556,23.055556,23.055556,7.47529380000196,1,1.30090899998322,True
sub-19,79,1,79,2,300,20.0,17351,18851,24851,42.407407,22.407407,22.407407,3.20365649997256,2,1.05135200009681,True
sub-19,80,1,80,1,60,80.0,2714,3914,4214,75.555556,-4.444444,4.444444,8.65997519996017,3,0.784294300014153,True
sub-19,81,1,81,1,60,40.0,20386,20986,21886,31.574074,-8.425926,8.425926,8.20848200004547,3,1.68498930009081,True
sub-19,82,1,82,2,60,20.0,25895,26195,27395,60.462963,40.462963,40.462963,6.75625339988619,2,2.08556400006636,True
sub-19,83,1,83,2,300,60.0,14066,18566,21566,47.407407,-12.592593,12.592593,7.89206600002944,1,1.11758890002965,True
sub-19,84,1,84,2,60,20.0,11369,11669,12869,9.537037,-10.462963,10.462963,7.2241420999635,2,1.61758059985004,True
sub-19,85,1,85,2,300,80.0,14066,20066,21566,62.5,-17.5,17.5,4.33849840005859,2,1.40159439994022,True
sub-19,86,1,86,1,12,40.0,23864,23985,24165,63.425926,23.425926,23.425926,5.82356379996053,1,0.664213099982589,True
sub-19,87,1,87,1,12,80.0,21800,22040,22100,68.981481,-11.018519,11.018519,5.45529750012792,3,3.30335269984789,True
sub-19,88,1,88,1,60,40.0,4556,5156,6056,57.5,17.5,17.5,4.5212128998246,2,0.467362300027161,True
sub-19,89,1,89,1,12,80.0,23864,24105,24165,45.740741,-34.259259,34.259259,4.68804659997113,2,0.967790399910882,True
sub-19,90,1,90,1,12,80.0,27281,27521,27581,68.611111,-11.388889,11.388889,3.25318820006214,3,0.600817299913615,True
sub-19,91,1,91,1,12,20.0,14329,14389,14629,28.148148,8.148148,8.148148,7.50779969990253,3,0.600646900013089,True
sub-19,92,1,92,2,60,80.0,10035,11235,11535,45.740741,-34.259259,34.259259,14.0307962999213,3,1.3016126002185,True
sub-19,93,1,93,1,60,80.0,22148,23348,23648,24.62963,-55.37037,55.37037,4.8550049001351,3,1.31798439985141,True
sub-19,94,1,94,2,300,80.0,14351,20351,21851,47.314815,-32.685185,32.685185,3.51993270008824,1,1.1681844999548,True
sub-19,95,1,95,2,300,40.0,2522,5522,10022,30.925926,-9.074074,9.074074,2.61957530002109,3,3.13612230005674,True
sub-19,96,1,96,1,12,20.0,21800,21860,22100,72.314815,52.314815,52.314815,4.45452859997749,3,1.36769709992222,True
sub-19,97,1,97,1,12,60.0,3739,3919,4039,80.37037,20.37037,20.37037,2.95302919996902,3,1.26773309987038,True
sub-19,98,1,98,1,12,60.0,1602,1782,1902,65.0,5.0,5.0,5.07455659983679,3,2.00071740010753,True
sub-19,99,1,99,1,12,60.0,13450,13630,13750,62.222222,2.222222,2.222222,3.01684230007231,2,1.6685144000221,True
sub-19,100,1,100,1,12,60.0,21800,21980,22100,68.981481,8.981481,8.981481,4.50468150014057,1,1.10105079994536,True
sub-19,101,2,1,2,60,60.0,25202,26102,26702,57.5,-2.5,2.5,9.84728899993933,3,1.16795569984242,True
sub-19,102,2,2,2,300,20.0,19988,21488,27488,53.333333,33.333333,33.333333,4.12084349989891,1,0.633949400158599,True
sub-19,103,2,3,2,300,80.0,21224,27224,28724,58.240741,-21.759259,21.759259,3.67108220001682,2,2.55216180020943,True
sub-19,104,2,4,1,60,80.0,15628,16828,17128,60.37037,-19.62963,19.62963,4.10482719982974,3,1.10114119993522,True
sub-19,105,2,5,1,60,80.0,1414,2614,2914,60.092593,-19.907407,19.907407,9.05907689989544,3,1.46799289993941,True
sub-19,106,2,6,2,300,40.0,10518,13518,18018,52.777778,12.777778,12.777778,8.5752600999549,2,1.48499080003239,True
sub-19,107,2,7,1,12,20.0,26328,26388,26628,44.814815,24.814815,24.814815,9.14241950004361,3,0.700438800035044,True
sub-19,108,2,8,1,60,20.0,26923,27223,28423,38.981481,18.981481,18.981481,2.95312429987825,3,1.15128850005567,True
sub-19,109,2,9,1,12,60.0,15162,15342,15462,75.092593,15.092593,15.092593,3.95435669994913,3,1.10070539987646,True
sub-19,110,2,10,1,12,60.0,10400,10580,10700,61.574074,1.574074,1.574074,4.24102660012431,3,1.23501139995642,True
sub-19,111,2,11,1,12,80.0,2486,2726,2786,64.722222,-15.277778,15.277778,3.90153560019098,2,0.700357599882409,True
sub-19,112,2,12,1,12,60.0,14329,14509,14629,76.574074,16.574074,16.574074,6.52301919995807,3,1.40184279996901,True
sub-19,113,2,13,2,300,40.0,16072,19072,23572,35.833333,-4.166667,4.166667,8.22507429984398,2,1.31778779998421,True
sub-19,114,2,14,2,300,40.0,5739,8739,13239,32.592593,-7.407407,7.407407,6.27314469986595,2,0.900656000012531,True
sub-19,115,2,15,2,300,80.0,19988,25988,27488,40.833333,-39.166667,39.166667,4.41886659990996,2,1.18415760016068,True
sub-19,116,2,16,1,60,20.0,15628,15928,17128,64.814815,44.814815,44.814815,4.72191950003616,2,1.20058270008303,True
sub-19,117,2,17,2,60,20.0,10035,10335,11535,45.0,25.0,25.0,3.97028609993867,1,1.20082399994134,True
sub-19,118,2,18,1,12,60.0,27281,27461,27581,79.444444,19.444444,19.444444,4.10812709992751,3,0.917529199970886,True
sub-19,119,2,19,2,300,80.0,10273,16273,17773,30.555556,-49.444444,49.444444,3.93783310009166,2,1.43442310020327,True
sub-19,120,2,20,1,12,40.0,29300,29420,29600,29.444444,-10.555556,10.555556,10.4281380998436,3,1.78537589986808,True
sub-19,121,2,21,1,12,20.0,11500,11560,11800,21.203704,1.203704,1.203704,3.56753939995542,3,1.10140009992755,True
sub-19,122,2,22,2,300,20.0,7365,8865,14865,23.703704,3.703704,3.703704,2.56987670017406,3,1.45113630010746,True
sub-19,123,2,23,2,60,60.0,3650,4550,5150,53.981481,-6.018519,6.018519,5.98954320000484,3,1.50162169989198,True
sub-19,124,2,24,2,300,80.0,1960,7960,9460,54.537037,-25.462963,25.462963,8.04162440006621,3,2.65205309982411,True
sub-19,125,2,25,1,12,20.0,25820,25880,26120,39.259259,19.259259,19.259259,3.57017319998703,3,1.10129080014303,True
sub-19,126,2,26,2,300,20.0,11153,12653,18653,18.333333,-1.666667,1.666667,5.22178569994866,2,0.817559299990534,True
sub-19,127,2,27,2,60,80.0,23865,25065,25365,62.592593,-17.407407,17.407407,11.6448307998944,3,1.50131059996783,True
sub-19,128,2,28,1,12,20.0,23864,23925,24165,29.074074,9.074074,9.074074,2.66951919998973,3,1.06775980000384,True
sub-19,129,2,29,1,12,40.0,4600,4720,4900,51.481481,11.481481,11.481481,2.80284289992414,3,0.817363600013777,True
sub-19,130,2,30,2,300,40.0,9381,12381,16881,81.018519,41.018519,41.018519,5.85576379997655,3,0.550341300200671,True
sub-19,131,2,31,1,12,80.0,21273,21513,21573,86.388889,6.388889,6.388889,2.35269999993033,3,2.98626329982653,True
sub-19,132,2,32,2,60,80.0,19722,20922,21222,75.092593,-4.907407,4.907407,4.12100709998048,4,0.900939600076526,True
sub-19,133,2,33,2,300,20.0,12645,14145,20145,30.555556,10.555556,10.555556,4.43768500001169,2,0.566932999994605,True
sub-19,134,2,34,1,60,20.0,20386,20686,21886,26.296296,6.296296,6.296296,3.03611189988441,2,1.46765220002271,True
sub-19,135,2,35,1,60,80.0,6042,7242,7542,41.574074,-38.425926,38.425926,2.83637000015005,2,0.650672199903056,True
sub-19,136,2,36,1,12,20.0,2486,2546,2786,42.222222,22.222222,22.222222,4.10405049985274,3,1.20096530020236,True
sub-19,137,2,37,2,300,80.0,11085,17085,18585,45.0,-35.0,35.0,5.77288040006533,2,0.967397199943661,True
sub-19,138,2,38,1,12,80.0,17600,17840,17900,86.296296,6.296296,6.296296,5.33830890012905,3,1.60212179995141,True
sub-19,139,2,39,1,12,20.0,12500,12560,12800,53.981481,33.981481,33.981481,4.65465670009143,3,5.99176739994436,True
sub-19,140,2,40,2,60,20.0,12596,12896,14096,31.574074,11.574074,11.574074,15.0455909001175,2,0.533973200013861,True
sub-19,141,2,41,2,300,40.0,19988,22988,27488,43.703704,3.703704,3.703704,6.13986990018747,2,0.600611800095066,True
sub-19,142,2,42,2,60,40.0,23865,24465,25365,34.444444,-5.555556,5.555556,2.18603680003434,2,1.05104569997638,True
sub-19,143,2,43,2,60,60.0,28296,29196,29796,60.925926,0.925926,0.925926,3.63686630013398,2,1.35090079996734,True
sub-19,144,2,44,1,12,20.0,2393,2453,2693,41.018519,21.018519,21.018519,7.05659699998796,3,1.33501369995065,True
sub-19,145,2,45,1,60,60.0,22148,23048,23648,73.888889,13.888889,13.888889,5.08842099993489,3,1.467980600195,True
sub-19,146,2,46,2,300,60.0,11085,15585,18585,58.333333,-1.666667,1.666667,6.67330979998223,2,1.00068709999322,True
sub-19,147,2,47,1,60,40.0,2714,3314,4214,65.833333,25.833333,25.833333,4.00445700017735,3,1.23505469993688,True
sub-19,148,2,48,1,12,80.0,25820,26060,26120,64.166667,-15.833333,15.833333,3.61984920012764,3,1.05104199983179,True
sub-19,149,2,49,1,12,20.0,24250,24310,24550,74.537037,54.537037,54.537037,5.03888479992747,3,1.26803909987211,True
sub-19,150,2,50,1,12,80.0,15162,15402,15462,92.685185,12.685185,12.685185,5.30528259999118,3,1.13430659985169,True
sub-19,151,2,51,2,300,60.0,19988,24488,27488,35.277778,-24.722222,24.722222,3.60401190002448,2,0.650446600047871,True
sub-19,152,2,52,2,300,40.0,22736,25736,30236,68.981481,28.981481,28.981481,3.6703119999729,1,0.601070800097659,True
sub-19,153,2,53,2,300,40.0,18200,21200,25700,52.685185,12.685185,12.685185,4.87181649985723,1,0.617464500013738,True
sub-19,154,2,54,2,60,20.0,3650,3950,5150,28.333333,8.333333,8.333333,3.58701610006392,3,0.550915200030431,True
sub-19,155,2,55,2,300,60.0,16072,20572,23572,64.351852,4.351852,4.351852,4.47128729987889,3,1.71848320006392,True
sub-19,156,2,56,1,60,80.0,20386,21586,21886,75.0,-5.0,5.0,4.08740500011481,3,1.4011218000669,True
sub-19,157,2,57,1,12,80.0,3739,3979,4039,53.425926,-26.574074,26.574074,11.2619301998056,3,0.58355089998804,True
sub-19,158,2,58,1,12,80.0,24970,25210,25270,78.518519,-1.481481,1.481481,3.2700887999963,3,0.682014400139451,True
sub-19,159,2,59,1,60,60.0,15628,16528,17128,51.296296,-8.703704,8.703704,4.02091749990358,3,0.650539500173181,True
sub-19,160,2,60,2,60,40.0,9187,9787,10687,56.388889,16.388889,16.388889,3.10294909984804,3,0.883689600042998,True
sub-19,161,2,61,2,60,80.0,12596,13796,14096,49.351852,-30.648148,30.648148,1.98555079987272,1,0.733932399889454,True
sub-19,162,2,62,2,300,80.0,9381,15381,16881,61.018519,-18.981481,18.981481,5.90592829999513,2,2.40182880009524,True
sub-19,163,2,63,2,300,20.0,14351,15851,21851,47.12963,27.12963,27.12963,3.70349749992601,1,0.517045499989762,True
sub-19,164,2,64,1,60,80.0,4556,5756,6056,78.796296,-1.203704,1.203704,3.46999440016225,3,0.667317300103604,True
sub-19,165,2,65,2,60,40.0,14390,14990,15890,69.444444,29.444444,29.444444,4.63824480003677,3,0.533725100103765,True
sub-19,166,2,66,2,60,80.0,9187,10387,10687,21.388889,-58.611111,58.611111,11.2950452000368,2,0.800591400125995,True
sub-19,167,2,67,1,60,20.0,4556,4856,6056,50.0,30.0,30.0,3.03663069987669,2,1.40188269992358,True
sub-19,168,2,68,1,12,80.0,1602,1842,1902,72.314815,-7.685185,7.685185,2.50285710021853,3,0.583782299887389,True
sub-19,169,2,69,1,60,20.0,13942,14242,15442,40.833333,20.833333,20.833333,2.91967969993129,3,1.25124330003745,True
sub-19,170,2,70,1,12,20.0,24970,25030,25270,67.962963,47.962963,47.962963,3.2202135999687,3,1.15078090014867,True
sub-19,171,2,71,1,60,80.0,5494,6694,6994,53.333333,-26.666667,26.666667,5.20939409988932,3,1.71863460005261,True
sub-19,172,2,72,2,300,40.0,13458,16458,20958,65.555556,25.555556,25.555556,4.65506549994461,2,0.450358199886977,True
sub-19,173,2,73,2,300,80.0,18922,24922,26422,48.333333,-31.666667,31.666667,9.79036309989169,2,0.41689550015144,True
sub-19,174,2,74,1,60,40.0,13176,13776,14676,41.388889,1.388889,1.388889,3.73696740018203,3,0.633515900000929,True
sub-19,175,2,75,2,300,20.0,1638,3138,9138,32.592593,12.592593,12.592593,5.4390151000116,2,2.48599059996195,True
sub-19,176,2,76,2,60,40.0,3650,4250,5150,38.981481,-1.018519,1.018519,4.8384061998222,3,1.90163530013524,True
sub-19,177,2,77,2,300,60.0,18922,23422,26422,60.648148,0.648148,0.648148,2.25257899984717,2,1.40131420013494,True
sub-19,178,2,78,2,300,40.0,14351,17351,21851,42.685185,2.685185,2.685185,2.01864630007185,2,1.1012885000091,True
sub-19,179,2,79,1,12,20.0,3739,3799,4039,58.425926,38.425926,38.425926,6.33934579999186,3,1.28392429999075,True
sub-19,180,2,80,1,12,60.0,15586,15766,15886,67.407407,7.407407,7.407407,2.1020529998932,3,0.666948599973693,True
sub-19,181,2,81,1,60,60.0,1414,2314,2914,53.703704,-6.296296,6.296296,8.52537879999727,3,0.867135500069707,True
sub-19,182,2,82,1,60,60.0,26923,27823,28423,42.592593,-17.407407,17.407407,5.97258129995316,3,1.88505699997767,True
sub-19,183,2,83,2,300,20.0,20069,21569,27569,30.37037,10.37037,10.37037,4.60502630006521,3,1.91893859999254,True
sub-19,184,2,84,1,60,80.0,13176,14376,14676,61.851852,-18.148148,18.148148,5.20541310007683,3,1.25088760000653,True
sub-19,185,2,85,2,300,20.0,2522,4022,10022,40.37037,20.37037,20.37037,2.3692957998719,2,1.81835409998893,True
sub-19,186,2,86,2,60,20.0,25202,25502,26702,41.296296,21.296296,21.296296,4.42147559998557,3,1.13469800003804,True
sub-19,187,2,87,2,300,20.0,19476,20976,26976,41.111111,21.111111,21.111111,4.05399679997935,2,0.700646300101652,True
sub-19,188,2,88,2,300,20.0,21224,22724,28724,41.296296,21.296296,21.296296,3.78654629993252,2,0.600497900042682,True
sub-19,189,2,89,1,12,40.0,12500,12620,12800,64.444444,24.444444,24.444444,5.08839249983429,3,1.98503649979829,True
sub-19,190,2,90,2,300,40.0,21224,24224,28724,38.425926,-1.574074,1.574074,4.72181629994884,1,0.517331699840724,True
sub-19,191,2,91,1,12,40.0,26328,26448,26628,49.259259,9.259259,9.259259,5.17198830004781,3,1.18450289987958,True
sub-19,192,2,92,2,60,80.0,21629,22829,23129,70.648148,-9.351852,9.351852,3.02347919996827,3,2.06863069999963,True
sub-19,193,2,93,1,12,40.0,2393,2513,2693,51.018519,11.018519,11.018519,8.00552820018492,2,1.38440770003944,True
sub-19,194,2,94,1,12,20.0,9950,10010,10250,42.962963,22.962963,22.962963,2.71918519982136,3,0.550485899904742,True
sub-19,195,2,95,1,60,80.0,26923,28123,28423,67.685185,-12.314815,12.314815,4.12053710012696,3,1.10129159991629,True
sub-19,196,2,96,1,60,60.0,2714,3614,4214,63.796296,3.796296,3.796296,5.50517300004139,2,1.06737249996513,True
sub-19,197,2,97,2,300,60.0,18200,22700,25700,62.962963,2.962963,2.962963,4.22063150000758,1,0.684124100022018,True
sub-19,198,2,98,2,300,40.0,13557,16557,21057,33.888889,-6.111111,6.111111,5.50551150017418,2,0.750317999860271,True
sub-19,199,2,99,2,300,60.0,20069,24569,27569,45.833333,-14.166667,14.166667,3.67021130002103,1,0.433867299929261,True
sub-19,200,2,100,2,60,40.0,25202,25802,26702,41.851852,1.851852,1.851852,3.68691079993732,3,0.71748589980416,True
sub-19,201,3,1,2,300,60.0,10518,15018,18018,54.722222,-5.277778,5.277778,3.67873319983482,1,0.76743120001629,True
sub-19,202,3,2,1,60,20.0,5494,5794,6994,38.240741,18.240741,18.240741,4.05414770008064,3,1.33454099996015,True
sub-19,203,3,3,1,12,20.0,15586,15646,15886,30.277778,10.277778,10.277778,4.80516569991596,3,1.43490229989402,True
sub-19,204,3,4,2,60,40.0,10035,10635,11535,61.759259,21.759259,21.759259,3.20293759997002,2,0.767302399966865,True
sub-19,205,3,5,1,12,60.0,24250,24430,24550,41.851852,-18.148148,18.148148,3.32016520015895,3,1.1677099999506,True
sub-19,206,3,6,1,12,40.0,10400,10520,10700,26.388889,-13.611111,13.611111,5.57243439997546,3,1.13374629989266,True
sub-19,207,3,7,2,60,80.0,25202,26402,26702,59.62963,-20.37037,20.37037,4.84968369989655,3,0.651082199998199,True
sub-19,208,3,8,1,60,60.0,5494,6394,6994,41.574074,-18.425926,18.425926,3.11961319996044,2,1.08385270019061,True
sub-19,209,3,9,2,60,60.0,25895,26795,27395,67.962963,7.962963,7.962963,3.90392020018771,3,1.134336899966,True
sub-19,210,3,10,2,60,20.0,16451,16751,17951,44.722222,24.722222,24.722222,3.80399700021371,1,1.01809670007787,True
sub-19,211,3,11,2,300,80.0,7365,13365,14865,59.351852,-20.648148,20.648148,3.82087460020557,3,1.15150710009038,True
sub-19,212,3,12,1,12,20.0,1602,1662,1902,18.333333,-1.666667,1.666667,3.38760749995708,2,0.766864700010046,True
sub-19,213,3,13,1,12,40.0,14329,14449,14629,72.962963,32.962963,32.962963,14.4311510999687,3,4.35412669996731,True
sub-19,214,3,14,1,60,20.0,1414,1714,2914,59.351852,39.351852,39.351852,6.32260130019858,3,0.534181399969384,True
sub-19,215,3,15,1,12,40.0,21273,21393,21573,20.925926,-19.074074,19.074074,3.90381709998473,2,3.18649650015868,True
sub-19,216,3,16,2,60,20.0,9187,9487,10687,41.203704,21.203704,21.203704,2.2855406999588,3,0.750432499917224,True
sub-19,217,3,17,1,12,80.0,15586,15826,15886,79.907407,-0.092593,0.092593,3.22008750005625,3,0.750633700052276,True
sub-19,218,3,18,2,300,40.0,11153,14153,18653,40.462963,0.462963,0.462963,3.77048379997722,1,1.45118879992514,True
sub-19,219,3,19,2,300,20.0,22736,24236,30236,34.814815,14.814815,14.814815,2.0518770001363,2,1.65138289984315,True
sub-19,220,3,20,2,300,40.0,12645,15645,20145,34.074074,-5.925926,5.925926,2.88947950000874,2,0.651371600106358,True
sub-19,221,3,21,2,60,80.0,17621,18821,19121,60.648148,-19.351852,19.351852,3.93794999993406,2,1.51826139981858,True
sub-19,222,3,22,1,12,60.0,24970,25150,25270,75.092593,15.092593,15.092593,3.53787720017135,3,0.700656699948012,True
sub-19,223,3,23,2,300,40.0,1960,4960,9460,40.092593,0.092593,0.092593,4.53523429995402,3,1.20099129993468,True
sub-19,224,3,24,1,12,40.0,15162,15282,15462,87.12963,47.12963,47.12963,3.72027990012429,3,1.51848160009831,True
sub-19,225,3,25,2,300,40.0,17351,20351,24851,35.925926,-4.074074,4.074074,4.3880073998589,2,0.967439900152385,True
sub-19,226,3,26,2,60,40.0,11369,11969,12869,25.092593,-14.907407,14.907407,10.4938078001141,2,1.66888889996334,True
sub-19,227,3,27,2,60,40.0,17621,18221,19121,36.481481,-3.518519,3.518519,5.15503260004334,2,2.55244849994778,True
sub-19,228,3,28,1,12,80.0,2393,2633,2693,77.592593,-2.407407,2.407407,4.18760460009798,3,1.21739230002276,True
sub-19,229,3,29,1,60,60.0,4556,5456,6056,62.222222,2.222222,2.222222,3.93711429997347,3,0.967530699912458,True
sub-19,230,3,30,2,300,20.0,14066,15566,21566,46.296296,26.296296,26.296296,12.7958436000626,2,2.58585099992342,True
sub-19,231,3,31,1,60,20.0,13176,13476,14676,32.777778,12.777778,12.777778,2.40212650015018,2,0.967139299958944,True
sub-19,232,3,32,1,12,40.0,16152,16272,16452,30.185185,-9.814815,9.814815,3.28703789995051,3,0.4173132001888,True
sub-19,233,3,33,2,300,20.0,18922,20422,26422,57.592593,37.592593,37.592593,4.97173360013403,2,0.717501900158822,True
sub-19,234,3,34,1,12,20.0,16152,16212,16452,17.222222,-2.777778,2.777778,3.67058899998664,3,1.41810450004413,True
sub-19,235,3,35,2,300,20.0,1960,3460,9460,32.777778,12.777778,12.777778,7.52408090000972,3,1.08470469992607,True
sub-19,236,3,36,2,60,20.0,14390,14690,15890,50.0,30.0,30.0,4.0204620999284,3,1.16787720005959,True
sub-19,237,3,37,2,300,60.0,5739,10239,13239,37.777778,-22.222222,22.222222,5.97247610008344,2,0.750939100049436,True
sub-19,238,3,38,2,300,40.0,19476,22476,26976,41.759259,1.759259,1.759259,8.14153259992599,2,1.60185340000316,True
sub-19,239,3,39,2,60,60.0,14390,15290,15890,66.203704,6.203704,6.203704,2.8695797000546,3,0.583541800035163,True
sub-19,240,3,40,2,300,80.0,2522,8522,10022,43.703704,-36.296296,36.296296,4.02065160009078,2,1.03381009981967,True
sub-19,241,3,41,1,12,80.0,24250,24490,24550,73.611111,-6.388889,6.388889,4.17124400008469,3,0.983976900111883,True
sub-19,242,3,42,2,300,20.0,10518,12018,18018,41.666667,21.666667,21.666667,4.27097550011239,1,0.516576000023633,True
sub-19,243,3,43,2,300,60.0,16327,20827,23827,68.333333,8.333333,8.333333,4.27119809994474,2,0.750512300059199,True
sub-19,244,3,44,2,300,20.0,18200,19700,25700,48.055556,28.055556,28.055556,1.93563250009901,2,0.667253300081938,True
sub-19,245,3,45,1,12,40.0,11500,11620,11800,36.111111,-3.888889,3.888889,4.87157080019824,3,2.26863879989832,True
sub-19,246,3,46,2,60,40.0,25895,26495,27395,67.407407,27.407407,27.407407,5.37212929991073,3,1.10103329992853,True
sub-19,247,3,47,1,12,80.0,10400,10640,10700,59.814815,-20.185185,20.185185,3.80735070002265,1,0.650759299984201,True
sub-19,248,3,48,2,300,60.0,14351,18851,21851,68.611111,8.611111,8.611111,3.15344500006176,1,0.683941999915987,True
sub-19,249,3,49,1,12,80.0,6414,6654,6714,62.12963,-17.87037,17.87037,5.90291290008463,3,0.601179599994793,True
sub-19,250,3,50,2,300,80.0,16072,22072,23572,63.148148,-16.851852,16.851852,3.03635090007446,3,3.33545630006119,True
sub-19,251,3,51,1,12,60.0,12500,12680,12800,43.981481,-16.018519,16.018519,4.20130799990147,3,1.28501360001973,True
sub-19,252,3,52,2,300,80.0,18200,24200,25700,57.5,-22.5,22.5,3.87036970001645,2,1.03516829991713,True
sub-19,253,3,53,1,60,60.0,6042,6942,7542,74.444444,14.444444,14.444444,3.70344549999572,3,0.984254100127145,True
sub-19,254,3,54,2,300,20.0,11085,12585,18585,42.962963,22.962963,22.962963,3.50336950016208,1,0.800300900125876,True
sub-19,255,3,55,1,12,40.0,21800,21920,22100,73.981481,33.981481,33.981481,4.03718729992397,3,1.18465880001895,True
sub-19,256,3,56,1,60,20.0,22148,22448,23648,67.5,47.5,47.5,2.00178520008921,2,2.35229069995693,True
sub-19,257,3,57,2,300,60.0,1960,6460,9460,36.944444,-23.055556,23.055556,3.336661899928,3,0.48385540000163,True
sub-19,258,3,58,2,60,40.0,21629,22229,23129,71.018519,31.018519,31.018519,4.89119570003822,3,0.550017799949273,True
sub-19,259,3,59,1,60,40.0,5494,6094,6994,33.333333,-6.666667,6.666667,9.27686000009998,3,0.700432399986311,True
sub-19,260,3,60,1,60,40.0,22148,22748,23648,35.0,-5.0,5.0,2.62010619998909,2,1.5177406000439,True
sub-19,261,3,61,2,60,60.0,23865,24765,25365,63.981481,3.981481,3.981481,13.6278087999671,3,0.483056799974292,True
sub-19,262,3,62,2,300,80.0,12645,18645,20145,67.12963,-12.87037,12.87037,4.60474290000274,2,0.984372199978679,True
sub-19,263,3,63,2,300,20.0,10273,11773,17773,36.666667,16.666667,16.666667,6.67341120005585,2,0.700504400068894,True
sub-19,264,3,64,1,60,80.0,13942,15142,15442,89.537037,9.537037,9.537037,3.48685340001247,3,0.450086700031533,True
sub-19,265,3,65,2,60,60.0,21629,22529,23129,69.166667,9.166667,9.166667,3.66973849991336,3,1.11852289992384,True
sub-19,266,3,66,1,12,40.0,17600,17720,17900,28.888889,-11.111111,11.111111,3.58689659996889,3,0.800399499945342,True
sub-19,267,3,67,1,12,80.0,4600,4840,4900,59.814815,-20.185185,20.185185,4.9887568000704,3,0.550150100141763,True
sub-19,268,3,68,1,12,40.0,25820,25940,26120,46.574074,6.574074,6.574074,6.94032229995355,3,0.500295500038191,True
sub-19,269,3,69,2,300,60.0,13458,17958,20958,63.611111,3.611111,3.611111,2.51898079994134,2,0.499502700055018,True
sub-19,270,3,70,1,60,60.0,13176,14076,14676,61.018519,1.018519,1.018519,4.83812780003063,3,1.47055110009387,True
sub-19,271,3,71,1,60,60.0,20386,21286,21886,62.12963,2.12963,2.12963,3.67097619990818,3,0.500381499994546,True
sub-19,272,3,72,1,12,60.0,26328,26508,26628,69.074074,9.074074,9.074074,2.62003200012259,3,6.22295310022309,True
sub-19,273,3,73,1,12,60.0,2393,2573,2693,69.259259,9.259259,9.259259,2.73356009996496,3,0.900467699859291,True
sub-19,274,3,74,2,60,60.0,12596,13496,14096,64.722222,4.722222,4.722222,3.05313040013425,1,0.667389499954879,True
sub-19,275,3,75,1,12,60.0,29300,29480,29600,68.888889,8.888889,8.888889,4.37090700003318,3,0.950596000067889,True
sub-19,276,3,76,2,300,60.0,1638,6138,9138,33.703704,-26.296296,26.296296,2.86968099977821,3,0.633834699867293,True
sub-19,277,3,77,2,300,80.0,13557,19557,21057,63.611111,-16.388889,16.388889,3.22016989998519,2,0.516659900080412,True
sub-19,278,3,78,2,300,60.0,17351,21851,24851,61.944444,1.944444,1.944444,3.41959609999321,2,0.433458199957385,True
sub-19,279,3,79,1,12,20.0,4600,4660,4900,43.981481,23.981481,23.981481,2.81922530010342,3,0.500623200088739,True
sub-19,280,3,80,2,300,60.0,11153,15653,18653,60.648148,0.648148,0.648148,4.93852830003015,1,0.950999499997124,True
sub-19,281,3,81,2,60,40.0,16451,17051,17951,62.592593,22.592593,22.592593,4.00748119992204,2,2.85226249997504,True
sub-19,282,3,82,1,12,40.0,24970,25090,25270,73.703704,33.703704,33.703704,3.38772160001099,3,1.11763289989903,True
sub-19,283,3,83,1,12,20.0,17600,17660,17900,75.555556,55.555556,55.555556,2.08605519984848,3,0.567264900077134,True
sub-19,284,3,84,2,60,80.0,3650,4850,5150,71.296296,-8.703704,8.703704,2.43658190011046,3,0.917113399831578,True
sub-19,285,3,85,1,12,40.0,13450,13570,13750,62.037037,22.037037,22.037037,3.20111589995212,3,0.634278200101107,True
sub-19,286,3,86,2,300,60.0,21224,25724,28724,57.777778,-2.222222,2.222222,4.62113370001316,1,0.634148300159722,True
sub-19,287,3,87,1,12,60.0,6414,6594,6714,66.111111,6.111111,6.111111,3.42060650000348,3,0.617028600070625,True
sub-19,288,3,88,2,300,60.0,19476,23976,26976,64.814815,4.814815,4.814815,4.10418759984895,2,0.483690500026568,True
sub-19,289,3,89,2,300,80.0,16327,22327,23827,65.648148,-14.351852,14.351852,1.6687523999717,2,0.517838599858805,True
sub-19,290,3,90,1,12,40.0,6414,6534,6714,36.666667,-3.333333,3.333333,4.35483379987999,3,0.53364049992524,True
sub-19,291,3,91,2,300,40.0,14066,17066,21566,36.296296,-3.703704,3.703704,3.67081649997271,2,1.0842347999569,True
sub-19,292,3,92,1,12,20.0,27281,27341,27581,56.296296,36.296296,36.296296,3.13654739991761,3,0.849964200053364,True
sub-19,293,3,93,2,300,80.0,20069,26069,27569,56.851852,-23.148148,23.148148,6.87390869995579,3,0.484115599887445,True
sub-19,294,3,94,1,12,20.0,6414,6474,6714,37.222222,17.222222,17.222222,3.20298870000988,3,0.433206900022923,True
sub-19,295,3,95,1,60,20.0,2714,3014,4214,50.462963,30.462963,30.462963,4.271268799901,3,2.1689003999345,True
sub-19,296,3,96,2,60,60.0,19722,20622,21222,75.648148,15.648148,15.648148,5.70545709994621,3,2.05211419984698,True
sub-19,297,3,97,2,300,80.0,10518,16518,18018,59.166667,-20.833333,20.833333,3.153887799941,1,0.450249300105497,True
sub-19,298,3,98,2,300,80.0,17351,23351,24851,67.685185,-12.314815,12.314815,4.0372489998117,2,0.550576800014823,True
sub-19,299,3,99,2,60,40.0,12596,13196,14096,49.351852,9.351852,9.351852,1.81891679996624,1,0.550340699963271,True
sub-19,300,3,100,2,300,20.0,13458,14958,20958,63.611111,43.611111,43.611111,2.98675910010933,3,0.566963999997824,True
sub-20,1,1,1,1,60,40.0,4556,5156,6056,49.722222,9.722222,9.722222,16.0632755000115,3,1.15121899999212,True
sub-20,2,1,2,2,60,20.0,9187,9487,10687,13.333333,-6.666667,6.666667,14.2952938999951,3,3.28602169999794,True
sub-20,3,1,3,2,300,60.0,19476,23976,26976,21.203704,-38.796296,38.796296,28.6451382999948,1,4.28712229999655,True
sub-20,4,1,4,2,300,20.0,11153,12653,18653,17.12963,-2.87037,2.87037,13.5638364999904,2,3.18629779999901,True
sub-20,5,1,5,2,300,60.0,17351,21851,24851,50.0,-10.0,10.0,35.8693582999985,2,0.700744400004623,True
sub-20,6,1,6,2,300,80.0,22736,28736,30236,68.148148,-11.851852,11.851852,14.6982066000055,3,0.450564200000371,True
sub-20,7,1,7,2,60,40.0,16451,17051,17951,33.425926,-6.574074,6.574074,19.2025307000003,2,2.8696101999958,True
sub-20,8,1,8,1,60,20.0,2714,3014,4214,20.0,0.0,0.0,24.6579868999979,4,0.800778700009686,True
sub-20,9,1,9,2,300,40.0,9381,12381,16881,45.092593,5.092593,5.092593,12.3626666000054,1,0.917501699994318,True
sub-20,10,1,10,1,12,20.0,23864,23924,24164,10.0,-10.0,10.0,11.9788889999908,2,0.550600800008396,True
sub-20,11,1,11,2,300,40.0,19476,22476,26976,40.0,0.0,0.0,17.5042274000006,2,0.583938499999931,True
sub-20,12,1,12,2,60,60.0,19722,20622,21222,95.37037,35.37037,35.37037,10.9420596999989,4,2.1022132999933,True
sub-20,13,1,13,1,12,60.0,11500,11680,11800,64.074074,4.074074,4.074074,28.9792881999892,3,0.650465200000326,True
sub-20,14,1,14,1,12,80.0,12500,12740,12800,50.185185,-29.814815,29.814815,13.1302142000058,3,0.433428399992408,True
sub-20,15,1,15,2,60,60.0,23865,24765,25365,30.740741,-29.259259,29.259259,19.9033097000065,1,0.884475700004259,True
sub-20,16,1,16,1,60,20.0,20386,20686,21886,25.925926,5.925926,5.925926,10.1767360999947,3,0.400501900003291,True
sub-20,17,1,17,2,60,80.0,12596,13796,14096,58.703704,-21.296296,21.296296,24.4409294999932,2,0.550440000006347,True
sub-20,18,1,18,1,12,20.0,10400,10460,10700,16.574074,-3.425926,3.425926,19.3724871000013,3,0.950713599988375,True
sub-20,19,1,19,1,12,60.0,21800,21980,22100,96.481481,36.481481,36.481481,7.52200820000143,4,0.950748399991425,True
sub-20,20,1,20,2,60,40.0,14390,14990,15890,51.388889,11.388889,11.388889,17.6511070999986,3,0.516913799991016,True
sub-20,21,1,21,2,300,40.0,10273,13273,17773,27.037037,-12.962963,12.962963,23.5733602999971,2,2.66944250000233,True
sub-20,22,1,22,1,12,20.0,1602,1662,1902,50.0,30.0,30.0,22.9223372999986,3,0.416926099991542,True
sub-20,23,1,23,1,12,40.0,25820,25940,26120,35.277778,-4.722222,4.722222,10.5436353999975,2,0.467113000006065,True
sub-20,24,1,24,1,12,20.0,12500,12560,12800,20.833333,0.833333,0.833333,15.2322985999926,3,0.483736700000008,True
sub-20,25,1,25,2,300,60.0,13458,17958,20958,57.5,-2.5,2.5,20.8873977000039,1,0.65078799999901,True
sub-20,26,1,26,2,60,20.0,28296,28596,29796,33.425926,13.425926,13.425926,10.076631799995,3,0.751104000009945,True
sub-20,27,1,27,2,300,40.0,12645,15645,20145,21.018519,-18.981481,18.981481,22.7925070999917,2,0.534309900001972,True
sub-20,28,1,28,2,300,20.0,11085,12585,18585,18.796296,-1.203704,1.203704,12.7771797000023,2,0.617026799998711,True
sub-20,29,1,29,1,12,60.0,9950,10130,10250,25.092593,-34.907407,34.907407,10.4603471000009,1,0.800098100007744,True
sub-20,30,1,30,2,300,40.0,17351,20351,24851,48.148148,8.148148,8.148148,6.8738607000123,1,0.951265800002147,True
sub-20,31,1,31,2,300,40.0,16072,19072,23572,45.092593,5.092593,5.092593,10.343561200003,2,0.517087899992475,True
sub-20,32,1,32,2,300,20.0,13557,15057,21057,23.611111,3.611111,3.611111,10.5435734000056,2,1.38447820000874,True
sub-20,33,1,33,2,60,80.0,28296,29496,29796,60.740741,-19.259259,19.259259,18.8521239999972,3,0.45034320000559,True
sub-20,34,1,34,1,12,80.0,13450,13690,13750,61.388889,-18.611111,18.611111,8.82903259999875,3,0.549937100004172,True
sub-20,35,1,35,1,12,60.0,21273,21453,21573,48.888889,-11.111111,11.111111,12.3270358000008,3,1.3182555999956,True
sub-20,36,1,36,1,12,60.0,23864,24044,24164,63.611111,3.611111,3.611111,9.67968129999644,2,1.20074020000174,True
sub-20,37,1,37,2,300,40.0,2522,5522,10022,50.833333,10.833333,10.833333,22.9538475000008,2,0.867910600005416,True
sub-20,38,1,38,1,60,40.0,26923,27523,28423,69.722222,29.722222,29.722222,5.15497970000433,3,0.817722499996307,True
sub-20,39,1,39,2,300,60.0,7365,11865,14865,23.981481,-36.018519,36.018519,10.043405599994,2,0.517318199999863,True
sub-20,40,1,40,2,60,60.0,25202,26102,26702,70.277778,10.277778,10.277778,13.3132115000044,3,0.450731800010544,True
sub-20,41,1,41,1,60,20.0,6042,6342,7542,5.37037,-14.62963,14.62963,15.9855073999933,4,0.600827800008119,True
sub-20,42,1,42,2,300,60.0,9381,13881,16881,50.555556,-9.444444,9.444444,10.7251656000007,1,1.38474589999532,True
sub-20,43,1,43,2,300,60.0,11085,15585,18585,63.240741,3.240741,3.240741,12.7125500999973,2,0.467159499996341,True
sub-20,44,1,44,2,60,60.0,14390,15290,15890,71.574074,11.574074,11.574074,8.99275960000522,3,0.417038200001115,True
sub-20,45,1,45,2,300,20.0,16327,17827,23827,54.537037,34.537037,34.537037,18.0847165000013,2,0.651179499996942,True
sub-20,46,1,46,2,60,20.0,14390,14690,15890,35.925926,15.925926,15.925926,15.3151535999932,3,0.683596300004865,True
sub-20,47,1,47,1,60,40.0,2714,3314,4214,70.277778,30.277778,30.277778,9.77678559999913,4,0.500019599989173,True
sub-20,48,1,48,1,60,40.0,13176,13776,14676,36.851852,-3.148148,3.148148,14.9681463000015,3,0.617551699993782,True
sub-20,49,1,49,1,12,20.0,11500,11560,11800,18.055556,-1.944444,1.944444,14.1616563999996,4,0.667470399988815,True
sub-20,50,1,50,2,60,40.0,17621,18221,19121,54.351852,14.351852,14.351852,11.945808000004,1,0.567018499990808,True
sub-20,51,1,51,1,60,60.0,13176,14076,14676,65.925926,5.925926,5.925926,7.75797130000137,3,0.483666799991624,True
sub-20,52,1,52,2,300,20.0,2522,4022,10022,32.685185,12.685185,12.685185,8.89216540000052,3,0.450473400007467,True
sub-20,53,1,53,1,12,80.0,1602,1842,1902,67.12963,-12.87037,12.87037,7.62403300000005,3,0.533895799992024,True
sub-20,54,1,54,2,300,20.0,16072,17572,23572,55.740741,35.740741,35.740741,11.2811418000055,2,0.483652499999152,True
sub-20,55,1,55,2,60,80.0,16451,17651,17951,71.944444,-8.055556,8.055556,11.6123249999945,2,0.684280999994371,True
sub-20,56,1,56,2,60,60.0,17621,18521,19121,49.259259,-10.740741,10.740741,9.92694570000458,1,0.600617600008263,True
sub-20,57,1,57,1,12,80.0,16152,16392,16452,95.185185,15.185185,15.185185,6.25723459999426,3,0.550849200008087,True
sub-20,58,1,58,1,12,40.0,23864,23984,24164,70.092593,30.092593,30.092593,5.55611910000152,2,0.550783200000296,True
sub-20,59,1,59,1,12,80.0,11500,11740,11800,68.611111,-11.388889,11.388889,5.75712420001218,3,0.984276200004387,True
sub-20,60,1,60,2,60,60.0,21629,22529,23129,62.962963,2.962963,2.962963,17.0147348000027,3,0.350388100006966,True
sub-20,61,1,61,2,60,40.0,19722,20322,21222,51.388889,11.388889,11.388889,17.867725899996,3,0.45041060000949,True
sub-20,62,1,62,1,12,20.0,13450,13510,13750,25.185185,5.185185,5.185185,6.43970820000686,3,0.517621499995584,True
sub-20,63,1,63,2,300,80.0,1960,7960,9460,51.388889,-28.611111,28.611111,10.043645800004,3,0.483397400006651,True
sub-20,64,1,64,2,60,80.0,21629,22829,23129,82.222222,2.222222,2.222222,10.8774290999863,3,0.35025710001355,True
sub-20,65,1,65,2,300,20.0,20069,21569,27569,33.703704,13.703704,13.703704,28.5622235000046,3,0.483033800002886,True
sub-20,66,1,66,2,300,80.0,18200,24200,25700,32.5,-47.5,47.5,11.295060000004,1,0.884469699987676,True
sub-20,67,1,67,1,12,40.0,13450,13570,13750,39.444444,-0.555556,0.555556,8.80863839999074,3,0.600424500007648,True
sub-20,68,1,68,1,12,80.0,29300,29540,29600,53.981481,-26.018519,26.018519,7.84094209999602,3,0.367334700000355,True
sub-20,69,1,69,2,60,40.0,23865,24465,25365,55.740741,15.740741,15.740741,5.78962739999406,1,0.533568500002729,True
sub-20,70,1,70,2,60,40.0,21629,22229,23129,57.5,17.5,17.5,13.1798927000054,3,0.483938999997917,True
sub-20,71,1,71,1,12,60.0,2486,2666,2786,71.944444,11.944444,11.944444,19.8531933000049,3,0.483361300008255,True
sub-20,72,1,72,2,300,20.0,19476,20976,26976,33.333333,13.333333,13.333333,10.4605897000001,2,0.434269499994115,True
sub-20,73,1,73,2,300,80.0,14351,20351,21851,71.666667,-8.333333,8.333333,11.0609665999945,2,0.39994449999358,True
sub-20,74,1,74,2,300,80.0,17351,23351,24851,68.611111,-11.388889,11.388889,8.59203470000648,2,0.70036240000627,True
sub-20,75,1,75,2,300,60.0,18922,23422,26422,59.537037,-0.462963,0.462963,20.7703374999982,3,0.366954700002679,True
sub-20,76,1,76,1,60,80.0,5494,6694,6994,75.0,-5.0,5.0,16.9499974999926,3,1.15103979999548,True
sub-20,77,1,77,2,300,20.0,21224,22724,28724,42.962963,22.962963,22.962963,15.2318265000067,2,0.534045299995341,True
sub-20,78,1,78,1,60,20.0,13942,14242,15442,29.444444,9.444444,9.444444,31.0975827000074,2,1.48437029999331,True
sub-20,79,1,79,1,60,80.0,6042,7242,7542,55.092593,-24.907407,24.907407,10.5434701000049,2,2.16837229998782,True
sub-20,80,1,80,2,300,40.0,5739,8739,13239,12.592593,-27.407407,27.407407,26.9938504000019,3,0.517515200001071,True
sub-20,81,1,81,2,300,60.0,10273,14773,17773,37.685185,-22.314815,22.314815,21.1190018000052,2,0.333615499999723,True
sub-20,82,1,82,1,12,60.0,13450,13630,13750,58.796296,-1.203704,1.203704,8.84240599999611,3,0.400212000007741,True
sub-20,83,1,83,1,60,40.0,22148,22748,23648,46.111111,6.111111,6.111111,24.9246567999944,2,0.633425599997281,True
sub-20,84,1,84,1,12,60.0,17600,17780,17900,82.592593,22.592593,22.592593,5.82231059999321,3,0.433354200009489,True
sub-20,85,1,85,1,12,80.0,17600,17840,17900,91.759259,11.759259,11.759259,6.27565409999806,3,0.450087999997776,True
sub-20,86,1,86,2,60,60.0,25895,26795,27395,60.0,0.0,0.0,22.1702106000011,2,0.549303599997074,True
sub-20,87,1,87,1,12,60.0,15162,15342,15462,79.722222,19.722222,19.722222,9.84644620001199,3,0.317085700007737,True
sub-20,88,1,88,1,12,40.0,16152,16272,16452,54.722222,14.722222,14.722222,27.3416540000034,3,0.467083799987449,True
sub-20,89,1,89,1,60,80.0,2714,3914,4214,69.907407,-10.092593,10.092593,25.0085435999935,3,0.433886500002699,True
sub-20,90,1,90,2,60,40.0,9187,9787,10687,27.962963,-12.037037,12.037037,13.2800916999985,3,0.433648200007155,True
sub-20,91,1,91,2,60,40.0,28296,28896,29796,48.240741,8.240741,8.240741,10.4465977000072,2,0.449912099997163,True
sub-20,92,1,92,1,12,80.0,24250,24490,24550,72.87037,-7.12963,7.12963,5.48619170000893,2,0.283629300000029,True
sub-20,93,1,93,1,60,60.0,5494,6394,6994,33.981481,-26.018519,26.018519,13.9141297000023,3,0.400405100008356,True
sub-20,94,1,94,1,12,20.0,16152,16212,16452,22.5,2.5,2.5,6.88983030000235,3,0.483434100009617,True
sub-20,95,1,95,2,300,60.0,11153,15653,18653,21.574074,-38.425926,38.425926,12.162462200009,2,0.717435600003227,True
sub-20,96,1,96,2,300,20.0,1638,3138,9138,24.074074,4.074074,4.074074,12.5989627999952,3,0.500365500003681,True
sub-20,97,1,97,1,12,60.0,24250,24430,24550,64.444444,4.444444,4.444444,5.90398590000404,2,0.417325200003688,True
sub-20,98,1,98,2,60,80.0,9187,10387,10687,78.333333,-1.666667,1.666667,25.6258092000061,2,0.383458099997369,True
sub-20,99,1,99,2,300,80.0,11153,17153,18653,50.37037,-29.62963,29.62963,6.13949450000654,1,0.600866900000255,True
sub-20,100,1,100,1,12,20.0,9950,10010,10250,37.87037,17.87037,17.87037,9.80970030000025,1,2.13567469999543,True
sub-20,101,2,1,2,300,20.0,18922,20422,26422,33.611111,13.611111,13.611111,21.4945108999963,3,0.0830507000064244,True
sub-20,102,2,2,1,12,80.0,2486,2726,2786,71.388889,-8.611111,8.611111,10.2797532000113,3,0.364553699997486,True
sub-20,103,2,3,1,12,20.0,21800,21860,22100,50.462963,30.462963,30.462963,13.2999951000092,3,0.41734830000496,True
sub-20,104,2,4,1,12,60.0,15586,15766,15886,51.759259,-8.240741,8.240741,9.62429039999551,3,0.400349399991682,True
sub-20,105,2,5,2,300,40.0,1960,4960,9460,41.666667,1.666667,1.666667,11.9618809000094,3,0.18354550001095,True
sub-20,106,2,6,2,300,20.0,14066,15566,21566,28.981481,8.981481,8.981481,21.5718320000014,3,0.200300299999071,True
sub-20,107,2,7,1,12,40.0,14329,14449,14629,71.111111,31.111111,31.111111,20.4545359999901,3,0.166569799999706,True
sub-20,108,2,8,2,300,80.0,10518,16518,18018,55.277778,-24.722222,24.722222,10.7103999999962,1,0.53361159999622,True
sub-20,109,2,9,2,300,40.0,22736,25736,30236,21.851852,-18.148148,18.148148,13.0660009999992,3,0.299770300000091,True
sub-20,110,2,10,2,300,80.0,13557,19557,21057,58.796296,-21.203704,21.203704,13.0105328000063,3,0.200037400005385,True
sub-20,111,2,11,2,300,40.0,21224,24224,28724,71.203704,31.203704,31.203704,8.99533219999284,3,0.0333262999920407,True
sub-20,112,2,12,2,60,20.0,16451,16751,17951,54.444444,34.444444,34.444444,8.42274059999908,1,0.366799099996569,True
sub-20,113,2,13,1,60,20.0,5494,5794,6994,24.537037,4.537037,4.537037,21.8384871000016,3,0.550306000004638,True
sub-20,114,2,14,1,12,60.0,29300,29480,29600,27.12963,-32.87037,32.87037,6.52281090000178,3,0.400281099995481,True
sub-20,115,2,15,2,300,60.0,18200,22700,25700,53.611111,-6.388889,6.388889,7.17674619999888,1,0.650840999995125,True
sub-20,116,2,16,1,12,40.0,12500,12620,12800,60.37037,20.37037,20.37037,17.9020760999992,3,1.08406110000214,True
sub-20,117,2,17,1,60,60.0,15628,16528,17128,50.833333,-9.166667,9.166667,9.40670179999142,1,1.48479170000064,True
sub-20,118,2,18,2,300,80.0,20069,26069,27569,69.351852,-10.648148,10.648148,14.317333400002,3,0.149985700001707,True
sub-20,119,2,19,2,60,60.0,9187,10087,10687,39.814815,-20.185185,20.185185,8.00616449999506,2,0.450316200003726,True
sub-20,120,2,20,2,60,80.0,10035,11235,11535,69.537037,-10.462963,10.462963,13.7636598999961,3,1.53478899999754,True
sub-20,121,2,21,2,60,80.0,25895,27095,27395,57.592593,-22.407407,22.407407,13.9475287999957,3,0.45058049999352,True
sub-20,122,2,22,1,60,80.0,15628,16828,17128,72.407407,-7.592593,7.592593,7.9414844999992,3,0.550165399996331,True
sub-20,123,2,23,1,12,80.0,6414,6654,6714,52.87037,-27.12963,27.12963,12.5124669999931,3,0.216838899999856,True
sub-20,124,2,24,1,60,60.0,13942,14842,15442,53.888889,-6.111111,6.111111,7.24090639999485,3,0.150357300008181,True
sub-20,125,2,25,1,12,80.0,4600,4840,4900,63.055556,-16.944444,16.944444,13.2297295000025,3,0.0501108000025851,True
sub-20,126,2,26,2,300,40.0,11153,14153,18653,38.981481,-1.018519,1.018519,16.0990472999983,3,0.0669871999998577,True
sub-20,127,2,27,1,12,40.0,2486,2606,2786,58.240741,18.240741,18.240741,6.6397316000075,3,0.717283000005409,True
sub-20,128,2,28,1,12,80.0,14329,14569,14629,87.777778,7.777778,7.777778,12.145583999998,4,0.650538200003211,True
sub-20,129,2,29,1,60,20.0,1414,1714,2914,63.240741,43.240741,43.240741,11.6119628000014,2,1.85184200000367,True
sub-20,130,2,30,2,300,20.0,18200,19700,25700,40.277778,20.277778,20.277778,5.02166179999767,1,0.450119000000995,True
sub-20,131,2,31,2,300,20.0,10518,12018,18018,26.759259,6.759259,6.759259,7.04071220000332,1,1.43441449999227,True
sub-20,132,2,32,2,300,40.0,16327,19327,23827,15.740741,-24.259259,24.259259,10.2801773999963,2,0.550455000004149,True
sub-20,133,2,33,2,300,80.0,5739,11739,13239,49.444444,-30.555556,30.555556,9.37660100001085,2,0.367608899992774,True
sub-20,134,2,34,2,300,40.0,20069,23069,27569,55.277778,15.277778,15.277778,11.6260253999935,3,0.567697399994358,True
sub-20,135,2,35,2,300,20.0,7365,8865,14865,36.666667,16.666667,16.666667,6.65678350000234,3,0.600609499990241,True
sub-20,136,2,36,1,12,40.0,3739,3859,4039,50.092593,10.092593,10.092593,17.4201545999967,3,0.817846399993868,True
sub-20,137,2,37,1,12,60.0,3739,3919,4039,72.777778,12.777778,12.777778,5.93647020000207,3,0.199640000006183,True
sub-20,138,2,38,1,12,60.0,26328,26508,26628,67.777778,7.777778,7.777778,11.0275052999932,3,0.416896799986716,True
sub-20,139,2,39,2,300,40.0,11085,14085,18585,47.5,7.5,7.5,8.00829619998694,2,0.350734999999986,True
sub-20,140,2,40,2,300,40.0,18200,21200,25700,46.666667,6.666667,6.666667,2.98656340000161,1,0.433766499991179,True
sub-20,141,2,41,1,12,80.0,23864,24104,24164,43.240741,-36.759259,36.759259,6.95970469999883,1,1.15160500000638,True
sub-20,142,2,42,1,12,20.0,15162,15222,15462,79.814815,59.814815,59.814815,12.2933461999928,3,0.633535700006177,True
sub-20,143,2,43,2,300,60.0,20069,24569,27569,57.037037,-2.962963,2.962963,22.7921989000024,2,0.517383500002324,True
sub-20,144,2,44,2,60,60.0,11369,12269,12869,35.37037,-24.62963,24.62963,7.1043967000005,1,0.617189500000677,True
sub-20,145,2,45,1,12,40.0,26328,26448,26628,50.925926,10.925926,10.925926,5.62270959999295,2,1.21770199999446,True
sub-20,146,2,46,2,60,20.0,17621,17921,19121,54.537037,34.537037,34.537037,6.35909379999793,1,0.584360000008018,True
sub-20,147,2,47,2,300,80.0,12645,18645,20145,66.388889,-13.611111,13.611111,12.3098069999978,2,0.367116999987047,True
sub-20,148,2,48,1,60,40.0,13942,14542,15442,59.166667,19.166667,19.166667,20.137210899993,3,0.533835099995485,True
sub-20,149,2,49,2,300,60.0,16072,20572,23572,60.648148,0.648148,0.648148,20.571989700009,3,0.567285500001162,True
sub-20,150,2,50,2,60,80.0,14390,15590,15890,79.074074,-0.925926,0.925926,6.70693800000299,3,0.367260900005931,True
sub-20,151,2,51,2,300,60.0,5739,10239,13239,33.518519,-26.481481,26.481481,15.5681726999901,3,0.517142700002295,True
sub-20,152,2,52,2,60,20.0,25202,25502,26702,27.407407,7.407407,7.407407,12.1099209999956,3,0.500664099992718,True
sub-20,153,2,53,2,300,20.0,1960,3460,9460,36.574074,16.574074,16.574074,7.39082629999029,3,0.366579900000942,True
sub-20,154,2,54,1,60,60.0,4556,5456,6056,64.62963,4.62963,4.62963,11.5779372999968,3,0.350084500008961,True
sub-20,155,2,55,2,60,40.0,25895,26495,27395,69.722222,29.722222,29.722222,21.1713821000012,3,0.883998000004794,True
sub-20,156,2,56,1,60,80.0,13176,14376,14676,86.018519,6.018519,6.018519,16.9836951000033,3,0.517259300002479,True
sub-20,157,2,57,1,12,20.0,2486,2546,2786,62.12963,42.12963,42.12963,4.87198450000141,3,0.299955499998759,True
sub-20,158,2,58,1,12,40.0,17600,17720,17900,62.777778,22.777778,22.777778,2.38552860000345,2,0.734163100001751,True
sub-20,159,2,59,1,12,60.0,6414,6594,6714,51.481481,-8.518519,8.518519,9.40962259999651,2,0.449909300004947,True
sub-20,160,2,60,2,60,60.0,10035,10935,11535,53.055556,-6.944444,6.944444,10.8106767999997,2,0.667254400003003,True
sub-20,161,2,61,1,12,60.0,1602,1782,1902,58.888889,-1.111111,1.111111,6.89026260000537,3,0.535005800004,True
sub-20,162,2,62,2,300,80.0,9381,15381,16881,64.814815,-15.185185,15.185185,21.2880490000097,3,0.217142399997101,True
sub-20,163,2,63,2,300,20.0,9381,10881,16881,16.944444,-3.055556,3.055556,8.37546870000369,3,0.500067899993155,True
sub-20,164,2,64,2,300,20.0,17351,18851,24851,46.388889,26.388889,26.388889,6.15959929999371,1,0.550324399999226,True
sub-20,165,2,65,2,300,80.0,18922,24922,26422,77.314815,-2.685185,2.685185,15.9162458000064,3,0.466351900002337,True
sub-20,166,2,66,1,60,20.0,22148,22448,23648,54.62963,34.62963,34.62963,20.8688143000035,3,0.484050400002161,True
sub-20,167,2,67,1,12,80.0,9950,10190,10250,52.87037,-27.12963,27.12963,5.42211420000239,2,0.450346100013121,True
sub-20,168,2,68,1,12,20.0,21273,21333,21573,23.796296,3.796296,3.796296,16.5162609000108,3,0.583567099994979,True
sub-20,169,2,69,2,300,40.0,13557,16557,21057,32.12963,-7.87037,7.87037,14.4977798000036,2,0.0834083999943686,True
sub-20,170,2,70,1,12,40.0,15586,15706,15886,30.092593,-9.907407,9.907407,6.00576879999425,3,0.483940900012385,True
sub-20,171,2,71,2,300,40.0,1638,4638,9138,35.277778,-4.722222,4.722222,10.7772116999985,3,0.500818800006527,True
sub-20,172,2,72,2,300,20.0,10273,11773,17773,40.925926,20.925926,20.925926,10.1270229000074,2,0.434294799997587,True
sub-20,173,2,73,1,12,60.0,25820,26000,26120,88.888889,28.888889,28.888889,22.0918732999998,2,0.56714450000436,True
sub-20,174,2,74,1,12,80.0,27281,27521,27581,86.296296,6.296296,6.296296,13.1106251000019,3,0.317618900007801,True
sub-20,175,2,75,1,12,80.0,2393,2633,2693,93.425926,13.425926,13.425926,13.4998646000021,4,0.416801100000157,True
sub-20,176,2,76,2,300,20.0,13458,14958,20958,37.5,17.5,17.5,18.5191856999881,3,0.183603200013749,True
sub-20,177,2,77,1,12,60.0,24970,25150,25270,82.777778,22.777778,22.777778,23.6880186999915,3,0.0164591999928234,True
sub-20,178,2,78,1,60,20.0,4556,4856,6056,32.037037,12.037037,12.037037,12.7961109000025,3,0.684186200000112,True
sub-20,179,2,79,2,300,20.0,22736,24236,30236,37.5,17.5,17.5,7.04053159999602,3,0.516998000006424,True
sub-20,180,2,80,1,60,40.0,20386,20986,21886,25.185185,-14.814815,14.814815,14.4645269000029,3,0.733972000001813,True
sub-20,181,2,81,1,60,80.0,22148,23348,23648,91.111111,11.111111,11.111111,2.41952649998711,3,0.350238200000603,True
sub-20,182,2,82,2,60,80.0,19722,20922,21222,88.425926,8.425926,8.425926,15.1655083999939,3,0.617118499998468,True
sub-20,183,2,83,1,12,80.0,26328,26568,26628,82.314815,2.314815,2.314815,5.24159540000255,3,0.0504725000064354,True
sub-20,184,2,84,1,12,20.0,24250,24310,24550,66.388889,46.388889,46.388889,8.93950290000066,3,0.0502023000008193,True
sub-20,185,2,85,1,12,20.0,15586,15646,15886,11.759259,-8.240741,8.240741,4.72163359999831,3,0.283208000008016,True
sub-20,186,2,86,2,300,80.0,1638,7638,9138,68.703704,-11.296296,11.296296,15.265439499999,3,0.0996616000047652,True
sub-20,187,2,87,1,12,60.0,27281,27461,27581,63.981481,3.981481,3.981481,20.4735622000007,3,0.0669336999999359,True
sub-20,188,2,88,2,60,80.0,25202,26402,26702,63.055556,-16.944444,16.944444,11.125518700006,3,0.383780400006799,True
sub-20,189,2,89,1,12,20.0,6414,6474,6714,43.055556,23.055556,23.055556,9.32635569998819,3,0.383574899999075,True
sub-20,190,2,90,1,12,40.0,21273,21393,21573,22.87037,-17.12963,17.12963,9.3460444999946,3,0.250353800001903,True
sub-20,191,2,91,2,300,60.0,14066,18566,21566,34.166667,-25.833333,25.833333,22.5373154999979,2,2.50271580000116,True
sub-20,192,2,92,2,60,20.0,10035,10335,11535,51.666667,31.666667,31.666667,10.109919800001,3,0.300548300001537,True
sub-20,193,2,93,2,60,20.0,21629,21929,23129,37.777778,17.777778,17.777778,16.8838057999964,3,0.199679400000604,True
sub-20,194,2,94,1,60,60.0,6042,6942,7542,74.62963,14.62963,14.62963,14.1474176000047,2,0.750365799991414,True
sub-20,195,2,95,2,60,40.0,12596,13196,14096,66.111111,26.111111,26.111111,16.3661278999934,1,0.96725940000033,True
sub-20,196,2,96,2,300,80.0,16327,22327,23827,72.12963,-7.87037,7.87037,9.04557129999739,2,0.283846899998025,True
sub-20,197,2,97,1,12,20.0,29300,29360,29600,37.12963,17.12963,17.12963,8.03873739999835,3,0.667257499997504,True
sub-20,198,2,98,1,12,80.0,21800,22040,22100,93.055556,13.055556,13.055556,11.6614890000055,3,0.867373899993253,True
sub-20,199,2,99,2,60,80.0,23865,25065,25365,60.37037,-19.62963,19.62963,4.10689999999885,1,0.383566499993321,True
sub-20,200,2,100,1,60,40.0,6042,6642,7542,59.074074,19.074074,19.074074,6.40444129999377,2,1.25093749999359,True
sub-21,1,1,1,2,300,40.0,13458,16458,20958,52.685185,12.685185,12.685185,18.6247325000003,2,1.71830029999546,True
sub-21,2,1,2,2,300,40.0,13557,16557,21057,29.722222,-10.277778,10.277778,8.17556069999409,3,2.25198329999693,True
sub-21,3,1,3,2,300,60.0,22736,27236,30236,72.222222,12.222222,12.222222,8.21108829999866,4,1.48487080000631,True
sub-21,4,1,4,1,60,20.0,20386,20686,21886,50.925926,30.925926,30.925926,8.83950590000313,4,1.46769480001239,True
sub-21,5,1,5,2,60,20.0,14390,14690,15890,29.722222,9.722222,9.722222,8.70848750000004,4,0.684395699994638,True
sub-21,6,1,6,1,12,20.0,4600,4660,4900,49.62963,29.62963,29.62963,12.9158516999887,4,2.88641880000068,True
sub-21,7,1,7,2,300,80.0,9381,15381,16881,28.333333,-51.666667,51.666667,20.3040345000044,2,2.15250999999989,True
sub-21,8,1,8,2,300,40.0,20069,23069,27569,22.87037,-17.12963,17.12963,14.9817907000106,1,1.36792469999636,True
sub-21,9,1,9,1,12,60.0,26328,26508,26628,49.351852,-10.648148,10.648148,6.68729420000454,3,1.81846739999309,True
sub-21,10,1,10,1,12,80.0,29300,29540,29600,49.62963,-30.37037,30.37037,5.80819539999356,3,0.701084499989519,True
sub-21,11,1,11,2,60,20.0,28296,28596,29796,21.388889,1.388889,1.388889,5.68998080000164,3,0.634170300007099,True
sub-21,12,1,12,1,60,20.0,15628,15928,17128,2.592593,-17.407407,17.407407,7.93899780001083,2,1.63525199999276,True
sub-21,13,1,13,2,60,80.0,16451,17651,17951,75.462963,-4.537037,4.537037,13.3297238000086,2,1.93518689999473,True
sub-21,14,1,14,2,300,20.0,21224,22724,28724,20.0,0.0,0.0,7.10702450000098,3,1.28462019999278,True
sub-21,15,1,15,1,12,20.0,26328,26388,26628,49.537037,29.537037,29.537037,6.3396070000017,3,1.93626950000179,True
sub-21,16,1,16,1,60,20.0,13176,13476,14676,49.074074,29.074074,29.074074,15.4656938999978,1,2.6023331000033,True
sub-21,17,1,17,1,60,20.0,6042,6342,7542,65.648148,45.648148,45.648148,9.04265380000288,1,0.566756300002452,True
sub-21,18,1,18,2,60,80.0,11369,12569,12869,81.574074,1.574074,1.574074,7.907982299992,2,2.01904050000302,True
sub-21,19,1,19,1,12,60.0,10400,10580,10700,14.259259,-45.740741,45.740741,7.5738005000021,3,0.633492799999658,True
sub-21,20,1,20,2,60,60.0,25202,26102,26702,63.333333,3.333333,3.333333,6.32638649998989,3,1.71827049998682,True
sub-21,21,1,21,2,300,80.0,22736,28736,30236,31.944444,-48.055556,48.055556,8.30582179999328,3,0.550172299990663,True
sub-21,22,1,22,1,12,20.0,27281,27341,27581,87.314815,67.314815,67.314815,7.85779059999913,3,1.31814000000304,True
sub-21,23,1,23,2,60,80.0,17621,18821,19121,68.518519,-11.481481,11.481481,13.5633925000001,1,1.06813910001073,True
sub-21,24,1,24,1,12,40.0,2393,2513,2693,73.240741,33.240741,33.240741,7.49062389999744,4,0.383689099995535,True
sub-21,25,1,25,2,300,60.0,13557,18057,21057,52.5,-7.5,7.5,7.9609380000038,3,0.533689400006551,True
sub-21,26,1,26,1,12,80.0,15586,15826,15886,49.259259,-30.740741,30.740741,4.2025716999924,4,0.834072300000116,True
sub-21,27,1,27,2,300,60.0,19476,23976,26976,73.796296,13.796296,13.796296,15.5351789999986,2,2.45280159999674,True
sub-21,28,1,28,1,12,60.0,14329,14509,14629,75.0,15.0,15.0,7.59061329999531,3,0.667428399989148,True
sub-21,29,1,29,1,12,60.0,23864,24045,24165,60.555556,0.555556,0.555556,10.7445734000066,3,0.483975399998598,True
sub-21,30,1,30,1,60,60.0,13942,14842,15442,93.333333,33.333333,33.333333,4.84096499999577,3,0.56659899999795,True
sub-21,31,1,31,1,12,60.0,25820,26000,26120,45.925926,-14.074074,14.074074,7.25807599999825,2,0.483614900003885,True
sub-21,32,1,32,1,60,80.0,6042,7242,7542,51.296296,-28.703704,28.703704,4.98618339998938,2,1.01765729999169,True
sub-21,33,1,33,1,12,60.0,15162,15342,15462,52.592593,-7.407407,7.407407,10.5440117000107,3,1.50157419999595,True
sub-21,34,1,34,1,12,40.0,17600,17720,17900,83.333333,43.333333,43.333333,6.54003700001339,3,0.93440530000953,True
sub-21,35,1,35,1,12,20.0,29300,29360,29600,77.037037,57.037037,57.037037,7.29098150000209,4,0.566846300003817,True
sub-21,36,1,36,1,12,40.0,14329,14449,14629,65.833333,25.833333,25.833333,5.10458430000289,4,1.11789639999915,True
sub-21,37,1,37,2,60,20.0,25895,26195,27395,29.907407,9.907407,9.907407,8.69537169999966,2,0.483739300005254,True
sub-21,38,1,38,1,60,20.0,22148,22448,23648,6.759259,-13.240741,13.240741,5.7899030999979,3,0.817238100004033,True
sub-21,39,1,39,2,300,40.0,22736,25736,30236,48.148148,8.148148,8.148148,9.47358069999609,2,2.01859449999756,True
sub-21,40,1,40,2,300,60.0,9381,13881,16881,76.203704,16.203704,16.203704,11.4282475999934,3,0.633848500001477,True
sub-21,41,1,41,1,12,80.0,16152,16392,16452,81.666667,1.666667,1.666667,8.87557839999499,3,0.449963500010198,True
sub-21,42,1,42,2,60,80.0,14390,15590,15890,79.351852,-0.648148,0.648148,4.75477210000099,4,1.60134639999887,True
sub-21,43,1,43,1,12,40.0,29300,29420,29600,26.018519,-13.981481,13.981481,8.0074284000002,4,1.22039850000874,True
sub-21,44,1,44,2,300,40.0,2522,5522,10022,70.092593,30.092593,30.092593,9.39396570000099,3,1.0010142000101,True
sub-21,45,1,45,2,300,20.0,13557,15057,21057,24.907407,4.907407,4.907407,7.92166649999853,3,1.13412160000007,True
sub-21,46,1,46,1,60,80.0,20386,21586,21886,74.722222,-5.277778,5.277778,3.50382759999774,4,1.0008216999995,True
sub-21,47,1,47,2,300,40.0,11153,14153,18653,39.074074,-0.925926,0.925926,6.70675019999907,2,0.667307199997594,True
sub-21,48,1,48,1,12,80.0,11500,11740,11800,93.888889,13.888889,13.888889,4.08716309998999,3,0.667521499999566,True
sub-21,49,1,49,1,12,80.0,21800,22040,22100,97.87037,17.87037,17.87037,4.17077870000503,3,0.834282199997687,True
sub-21,50,1,50,1,60,40.0,22148,22748,23648,36.111111,-3.888889,3.888889,9.39236170001095,2,0.533628099990892,True
sub-21,51,1,51,1,60,20.0,4556,4856,6056,48.703704,28.703704,28.703704,8.59178719999909,4,0.533605000004172,True
sub-21,52,1,52,2,300,40.0,7365,10365,14865,59.537037,19.537037,19.537037,8.24143290000211,3,0.484500899998238,True
sub-21,53,1,53,2,60,40.0,9187,9787,10687,19.351852,-20.648148,20.648148,3.08640699999523,4,0.650680699996883,True
sub-21,54,1,54,2,300,80.0,20069,26069,27569,58.148148,-21.851852,21.851852,5.8396924999979,2,0.550749599991831,True
sub-21,55,1,55,1,60,80.0,26923,28123,28423,76.574074,-3.425926,3.425926,5.53876969999691,3,0.600376999995205,True
sub-21,56,1,56,1,60,60.0,22148,23048,23648,8.703704,-51.296296,51.296296,5.28883649999625,2,1.55191579999518,True
sub-21,57,1,57,2,60,80.0,28296,29496,29796,43.518519,-36.481481,36.481481,7.22724399999424,3,1.35167409999121,True
sub-21,58,1,58,2,60,40.0,12596,13196,14096,74.907407,34.907407,34.907407,3.60424260000581,3,0.68362640000123,True
sub-21,59,1,59,2,60,80.0,21629,22829,23129,74.351852,-5.648148,5.648148,7.07103259999712,3,0.60062040000048,True
sub-21,60,1,60,1,12,60.0,12500,12680,12800,43.703704,-16.296296,16.296296,6.0062048999971,2,0.466723999998066,True
sub-21,61,1,61,1,60,40.0,26923,27523,28423,75.925926,35.925926,35.925926,2.65570360000128,3,0.533803999991505,True
sub-21,62,1,62,1,12,80.0,4600,4840,4900,65.0,-15.0,15.0,16.9806997999985,3,1.73494670000218,True
sub-21,63,1,63,1,12,40.0,24970,25090,25270,86.851852,46.851852,46.851852,8.47522530000424,2,0.566801799999666,True
sub-21,64,1,64,1,12,20.0,2393,2453,2693,59.814815,39.814815,39.814815,9.42611909999686,3,0.583487099997,True
sub-21,65,1,65,1,12,60.0,9950,10130,10250,20.277778,-39.722222,39.722222,5.78883499999938,3,0.600587900000391,True
sub-21,66,1,66,2,300,20.0,19476,20976,26976,21.018519,1.018519,1.018519,3.75386090000392,4,0.934256699998513,True
sub-21,67,1,67,1,60,80.0,2714,3914,4214,86.851852,6.851852,6.851852,3.65340159999323,4,0.60097990000213,True
sub-21,68,1,68,1,60,60.0,6042,6942,7542,50.092593,-9.907407,9.907407,4.75516650000645,4,0.617001500009791,True
sub-21,69,1,69,1,12,40.0,3739,3859,4039,47.685185,7.685185,7.685185,4.53816409999853,4,0.666784699991694,True
sub-21,70,1,70,2,300,20.0,14351,15851,21851,26.388889,6.388889,6.388889,6.13991060000262,3,0.700710999997681,True
sub-21,71,1,71,2,300,60.0,18200,22700,25700,75.740741,15.740741,15.740741,7.59085759999288,3,0.483727600003476,True
sub-21,72,1,72,1,60,80.0,5494,6694,6994,73.796296,-6.203704,6.203704,2.48580310000397,3,0.633996299991849,True
sub-21,73,1,73,1,12,20.0,2486,2546,2786,50.0,30.0,30.0,5.5556695000123,4,0.667496900001424,True
sub-21,74,1,74,2,60,60.0,21629,22529,23129,84.537037,24.537037,24.537037,4.8221276999975,4,0.466795600004843,True
sub-21,75,1,75,1,12,40.0,23864,23985,24165,32.87037,-7.12963,7.12963,11.1109913000109,2,0.367288499997812,True
sub-21,76,1,76,1,12,20.0,24970,25030,25270,48.981481,28.981481,28.981481,6.30678929999703,2,0.633882499998435,True
sub-21,77,1,77,2,300,20.0,11153,12653,18653,26.111111,6.111111,6.111111,8.02792430001136,3,1.03381689998786,True
sub-21,78,1,78,1,12,80.0,2393,2633,2693,80.462963,0.462963,0.462963,3.46808340000279,3,0.549953800000366,True
sub-21,79,1,79,1,12,20.0,16152,16212,16452,48.796296,28.796296,28.796296,4.67419829999562,3,0.550558799994178,True
sub-21,80,1,80,2,300,80.0,1960,7960,9460,48.611111,-31.388889,31.388889,5.43633009999757,3,1.36770270000852,True
sub-21,81,1,81,1,12,20.0,15586,15646,15886,51.111111,31.111111,31.111111,3.30649640000774,4,0.416994600003818,True
sub-21,82,1,82,1,60,40.0,4556,5156,6056,71.574074,31.574074,31.574074,6.78752999998687,4,0.900576300002285,True
sub-21,83,1,83,2,60,20.0,19722,20022,21222,36.296296,16.296296,16.296296,6.27252410000073,2,0.400089600007049,True
sub-21,84,1,84,1,12,60.0,1602,1782,1902,72.12963,12.12963,12.12963,5.17195310001261,4,1.5014244000049,True
sub-21,85,1,85,2,300,80.0,18922,24922,26422,34.537037,-45.462963,45.462963,6.30633530000341,3,0.883938300001318,True
sub-21,86,1,86,2,300,80.0,19476,25476,26976,51.759259,-28.240741,28.240741,4.13730129999748,2,0.433379399997647,True
sub-21,87,1,87,1,12,60.0,2486,2666,2786,65.648148,5.648148,5.648148,4.3740536999976,3,0.667326399998273,True
sub-21,88,1,88,1,12,20.0,10400,10460,10700,21.296296,1.296296,1.296296,2.75045710000267,3,1.23504359999788,True
sub-21,89,1,89,2,60,40.0,25895,26495,27395,29.074074,-10.925926,10.925926,3.82366369999363,2,0.967316300011589,True
sub-21,90,1,90,1,12,60.0,21273,21453,21573,39.351852,-20.648148,20.648148,4.28835950000211,4,0.700371800005086,True
sub-21,91,1,91,1,60,60.0,1414,2314,2914,28.703704,-31.296296,31.296296,4.81925239998963,4,0.700166599999647,True
sub-21,92,1,92,1,12,80.0,2486,2726,2786,77.962963,-2.037037,2.037037,6.65642159999697,3,0.700639100003172,True
sub-21,93,1,93,2,60,80.0,9187,10387,10687,71.111111,-8.888889,8.888889,4.83805650001158,3,0.667255599997588,True
sub-21,94,1,94,2,300,60.0,13458,17958,20958,62.12963,2.12963,2.12963,12.1789872000081,3,0.550252300003194,True
sub-21,95,1,95,1,12,80.0,12500,12740,12800,58.425926,-21.574074,21.574074,3.20605410001007,2,0.499921900001936,True
sub-21,96,1,96,1,12,60.0,16152,16332,16452,50.0,-10.0,10.0,6.37079279999306,3,0.700241999991703,True
sub-21,97,1,97,1,12,80.0,3739,3979,4039,93.888889,13.888889,13.888889,6.04221559999859,3,0.700967099997797,True
sub-21,98,1,98,2,300,80.0,16327,22327,23827,89.814815,9.814815,9.814815,3.63727289999951,3,0.633922700013499,True
sub-21,99,1,99,2,300,40.0,14066,17066,21566,25.0,-15.0,15.0,5.6395557999931,3,0.167137099997489,True
sub-21,100,1,100,1,60,20.0,5494,5794,6994,47.87037,27.87037,27.87037,5.08592490000592,3,0.633809000006294,True
sub-21,101,2,1,1,12,40.0,2486,2606,2786,49.814815,9.814815,9.814815,4.39577250000729,3,1.95219340000767,True
sub-21,102,2,2,2,300,80.0,11153,17153,18653,24.444444,-55.555556,55.555556,8.488746300005,3,0.650538999994751,True
sub-21,103,2,3,1,12,80.0,10400,10640,10700,52.407407,-27.592593,27.592593,7.44125240000721,2,0.934218900001724,True
sub-21,104,2,4,2,60,40.0,17621,18221,19121,19.351852,-20.648148,20.648148,6.53982009999163,2,0.817691699994611,True
sub-21,105,2,5,2,300,60.0,5739,10239,13239,17.592593,-42.407407,42.407407,4.40518620000511,3,0.717305000012856,True
sub-21,106,2,6,2,300,40.0,5739,8739,13239,77.685185,37.685185,37.685185,9.17874849999498,3,0.517248000003746,True
sub-21,107,2,7,2,300,40.0,19476,22476,26976,82.314815,42.314815,42.314815,5.7533884000004,3,1.13426449999678,True
sub-21,108,2,8,2,60,80.0,3650,4850,5150,33.055556,-46.944444,46.944444,11.7316344999999,3,1.36773009999888,True
sub-21,109,2,9,1,12,80.0,25820,26060,26120,21.203704,-58.796296,58.796296,4.96992600000521,3,0.466777099994942,True
sub-21,110,2,10,2,300,40.0,17351,20351,24851,44.074074,4.074074,4.074074,4.55483029999595,2,1.13423290000355,True
sub-21,111,2,11,1,12,40.0,25820,25940,26120,67.87037,27.87037,27.87037,8.04160070000216,3,0.500160800002049,True
sub-21,112,2,12,2,60,20.0,3650,3950,5150,30.648148,10.648148,10.648148,4.27413560000422,4,0.750288199997157,True
sub-21,113,2,13,2,300,40.0,14351,17351,21851,33.796296,-6.203704,6.203704,4.85540640000544,2,0.8503980999958,True
sub-21,114,2,14,2,300,40.0,1960,4960,9460,35.0,-5.0,5.0,7.20473369999672,4,1.58454080000228,True
sub-21,115,2,15,1,12,40.0,9950,10070,10250,26.018519,-13.981481,13.981481,3.44020700000692,4,0.603768700006185,True
sub-21,116,2,16,1,12,40.0,15586,15706,15886,50.740741,10.740741,10.740741,4.01834389999567,4,0.550059100001817,True
sub-21,117,2,17,2,300,80.0,21224,27224,28724,73.055556,-6.944444,6.944444,3.20123069999681,3,1.70206599999801,True
sub-21,118,2,18,2,300,60.0,19988,24488,27488,53.240741,-6.759259,6.759259,6.68999949999852,2,0.550653099999181,True
sub-21,119,2,19,1,12,60.0,17600,17780,17900,79.722222,19.722222,19.722222,4.0406367000105,3,0.68381399998907,True
sub-21,120,2,20,2,60,20.0,16451,16751,17951,20.277778,0.277778,0.277778,3.25074210000457,3,0.516870199993718,True
sub-21,121,2,21,2,300,40.0,1638,4638,9138,50.277778,10.277778,10.277778,12.462492999999,3,0.867621500001405,True
sub-21,122,2,22,2,300,60.0,14066,18566,21566,80.925926,20.925926,20.925926,4.65475089999381,3,0.667168200001469,True
sub-21,123,2,23,1,12,40.0,11500,11620,11800,93.981481,53.981481,53.981481,7.42423509999935,4,1.13445919999503,True
sub-21,124,2,24,2,300,20.0,18200,19700,25700,36.851852,16.851852,16.851852,7.5575045000005,3,0.600662500000908,True
sub-21,125,2,25,2,300,20.0,1638,3138,9138,30.37037,10.37037,10.37037,5.43887539999559,3,0.850946600010502,True
sub-21,126,2,26,1,12,80.0,21273,21513,21573,84.166667,4.166667,4.166667,3.80493579999892,4,1.63500049999856,True
sub-21,127,2,27,1,12,40.0,26328,26448,26628,63.703704,23.703704,23.703704,3.84037299999909,4,0.550977599996258,True
sub-21,128,2,28,2,300,80.0,10518,16518,18018,46.203704,-33.796296,33.796296,6.45679240000026,2,1.10110290000739,True
sub-21,129,2,29,2,300,40.0,16072,19072,23572,80.092593,40.092593,40.092593,6.42434120000689,3,0.600476799998432,True
sub-21,130,2,30,1,60,40.0,13942,14542,15442,59.907407,19.907407,19.907407,8.02258730000176,3,0.65088359999936,True
sub-21,131,2,31,2,60,40.0,11369,11969,12869,74.722222,34.722222,34.722222,7.97405060000892,2,0.550033000006806,True
sub-21,132,2,32,1,12,20.0,15162,15222,15462,49.351852,29.351852,29.351852,5.45580260000133,4,0.76750549999997,True
sub-21,133,2,33,1,12,60.0,24970,25150,25270,81.111111,21.111111,21.111111,3.75678559999505,4,0.683880800002953,True
sub-21,134,2,34,1,12,20.0,17600,17660,17900,53.055556,33.055556,33.055556,7.35504590001073,2,1.23462370000197,True
sub-21,135,2,35,1,12,20.0,9950,10010,10250,28.333333,8.333333,8.333333,2.92226619999564,3,0.683881099990685,True
sub-21,136,2,36,2,60,80.0,23865,25065,25365,51.666667,-28.333333,28.333333,6.83748099999502,2,0.500432100001489,True
sub-21,137,2,37,2,300,80.0,14351,20351,21851,35.0,-45.0,45.0,6.1392249000055,1,0.833505700007663,True
sub-21,138,2,38,2,60,40.0,19722,20322,21222,60.648148,20.648148,20.648148,5.92266149999341,3,0.467123400012496,True
sub-21,139,2,39,2,300,20.0,1960,3460,9460,25.555556,5.555556,5.555556,5.99241500000061,3,0.567586899996968,True
sub-21,140,2,40,2,300,40.0,9381,12381,16881,69.166667,29.166667,29.166667,4.0852850999945,3,0.35036250000121,True
sub-21,141,2,41,1,12,40.0,15162,15282,15462,49.537037,9.537037,9.537037,3.25329160000546,4,0.484288999999989,True
sub-21,142,2,42,1,12,40.0,16152,16272,16452,39.814815,-0.185185,0.185185,5.18847280000045,3,0.800972299999557,True
sub-21,143,2,43,1,60,40.0,6042,6642,7542,72.592593,32.592593,32.592593,3.55628619999333,3,0.533739199992851,True
sub-21,144,2,44,2,300,60.0,11153,15653,18653,28.888889,-31.111111,31.111111,4.25200359999144,3,0.066807900002459,True
sub-21,145,2,45,2,300,20.0,17351,18851,24851,62.222222,42.222222,42.222222,5.14149909999105,3,0.850646499995491,True
sub-21,146,2,46,2,60,20.0,9187,9487,10687,27.407407,7.407407,7.407407,5.01909260000684,4,0.350141200004145,True
sub-21,147,2,47,2,60,20.0,10035,10335,11535,24.722222,4.722222,4.722222,3.67053460000897,3,0.366741400008322,True
sub-21,148,2,48,2,300,40.0,21224,24224,28724,46.388889,6.388889,6.388889,6.50681030000851,2,0.366995499993208,True
sub-21,149,2,49,2,300,80.0,10273,16273,17773,52.222222,-27.777778,27.777778,5.98899890000757,3,0.600051399989752,True
sub-21,150,2,50,1,12,40.0,12500,12620,12800,53.981481,13.981481,13.981481,8.37491030000092,3,0.433262200007448,True
sub-21,151,2,51,1,12,60.0,29300,29480,29600,36.481481,-23.518519,23.518519,5.34167860000161,4,0.533899300004122,True
sub-21,152,2,52,1,60,80.0,22148,23348,23648,51.759259,-28.240741,28.240741,4.78518690000055,3,0.383570300007704,True
sub-21,153,2,53,2,60,20.0,17621,17921,19121,30.555556,10.555556,10.555556,2.93944049999117,4,0.43351299999631,True
sub-21,154,2,54,1,60,40.0,2714,3314,4214,66.851852,26.851852,26.851852,5.70356200000969,4,0.4504195000045,True
sub-21,155,2,55,2,300,60.0,12645,17145,20145,31.388889,-28.611111,28.611111,3.16955379999126,3,0.567349500008276,True
sub-21,156,2,56,2,60,20.0,25202,25502,26702,48.148148,28.148148,28.148148,2.43534399999771,4,0.500810899990028,True
sub-21,157,2,57,1,12,80.0,26328,26568,26628,58.981481,-21.018519,21.018519,4.95807229999627,4,0.517045000000507,True
sub-21,158,2,58,2,300,40.0,10518,13518,18018,30.277778,-9.722222,9.722222,7.65532809999422,3,1.13456730000325,True
sub-21,159,2,59,1,60,40.0,5494,6094,6994,22.037037,-17.962963,17.962963,4.05699589999858,2,0.350531199990655,True
sub-21,160,2,60,1,60,20.0,2714,3014,4214,29.166667,9.166667,9.166667,2.90084029998979,3,0.383594300001277,True
sub-21,161,2,61,2,60,60.0,23865,24765,25365,40.37037,-19.62963,19.62963,2.75668449999648,2,0.549949899999774,True
sub-21,162,2,62,1,12,60.0,24250,24430,24550,52.314815,-7.685185,7.685185,2.88692469999659,3,0.667517199995927,True
sub-21,163,2,63,1,12,20.0,21800,21860,22100,65.925926,45.925926,45.925926,15.9800339000066,2,0.500882099993759,True
sub-21,164,2,64,1,12,80.0,24250,24490,24550,76.388889,-3.611111,3.611111,3.0863648999948,3,0.30046540001058,True
sub-21,165,2,65,2,300,60.0,1638,6138,9138,45.37037,-14.62963,14.62963,10.9606988000014,3,0.383700199992745,True
sub-21,166,2,66,2,300,60.0,18922,23422,26422,28.611111,-31.388889,31.388889,6.20632330000808,2,0.617624699996667,True
sub-21,167,2,67,1,60,80.0,1414,2614,2914,81.759259,1.759259,1.759259,5.1746770000027,4,0.400661600011517,True
sub-21,168,2,68,2,300,80.0,14066,20066,21566,77.962963,-2.037037,2.037037,4.10178660000383,3,0.66747739999846,True
sub-21,169,2,69,2,300,40.0,18200,21200,25700,35.833333,-4.166667,4.166667,3.93764350000128,2,0.500778200002969,True
sub-21,170,2,70,2,300,40.0,10273,13273,17773,43.888889,3.888889,3.888889,7.07385559999966,3,0.433590000000549,True
sub-21,171,2,71,1,60,80.0,13942,15142,15442,67.037037,-12.962963,12.962963,3.02315510000335,3,0.45077759999549,True
sub-21,172,2,72,2,300,80.0,11085,17085,18585,42.12963,-37.87037,37.87037,3.01695019999169,3,0.917797700007213,True
sub-21,173,2,73,2,60,60.0,14390,15290,15890,85.555556,25.555556,25.555556,4.72446860000491,4,0.350496099999872,True
sub-21,174,2,74,1,12,40.0,1602,1722,1902,69.074074,29.074074,29.074074,6.50391130000934,4,0.60067309999431,True
sub-21,175,2,75,1,12,20.0,13450,13510,13750,19.537037,-0.462963,0.462963,7.05750619999889,3,0.41682500000752,True
sub-21,176,2,76,1,12,40.0,21273,21393,21573,25.277778,-14.722222,14.722222,5.65581289998954,4,0.533614700005273,True
sub-21,177,2,77,2,300,80.0,2522,8522,10022,70.0,-10.0,10.0,6.91008269999292,4,0.984366699995007,True
sub-21,178,2,78,2,300,80.0,5739,11739,13239,70.092593,-9.907407,9.907407,5.6705942999979,4,1.06767389999004,True
sub-21,179,2,79,1,60,80.0,15628,16828,17128,85.740741,5.740741,5.740741,2.90577040000061,3,0.466915299999527,True
sub-21,180,2,80,2,60,80.0,25202,26402,26702,88.796296,8.796296,8.796296,4.85228600000846,4,1.25148320000153,True
sub-21,181,2,81,2,300,60.0,20069,24569,27569,53.981481,-6.018519,6.018519,4.49089069999172,2,0.483172000007471,True
sub-21,182,2,82,2,60,40.0,14390,14990,15890,62.777778,22.777778,22.777778,3.31711300001188,4,0.450101200010976,True
sub-21,183,2,83,2,300,20.0,14066,15566,21566,53.518519,33.518519,33.518519,5.0550857999915,3,0.500127599996631,True
sub-21,184,2,84,1,12,80.0,6414,6654,6714,67.962963,-12.037037,12.037037,7.64105010000639,4,0.634267099987482,True
sub-21,185,2,85,1,12,60.0,15586,15766,15886,50.37037,-9.62963,9.62963,3.95307590000447,4,0.833823799999663,True
sub-21,186,2,86,2,60,20.0,12596,12896,14096,22.685185,2.685185,2.685185,5.79228129998955,3,0.550797800009604,True
sub-21,187,2,87,1,12,80.0,9950,10190,10250,61.851852,-18.148148,18.148148,6.63784209999721,2,0.467195499993977,True
sub-21,188,2,88,1,12,40.0,10400,10520,10700,35.37037,-4.62963,4.62963,7.27329779999854,3,0.600792800003546,True
sub-21,189,2,89,1,12,20.0,3739,3799,4039,32.5,12.5,12.5,2.82233159999304,3,0.583876799995778,True
sub-21,190,2,90,2,300,20.0,5739,7239,13239,15.740741,-4.259259,4.259259,4.25197409999964,4,0.383699000012711,True
sub-21,191,2,91,2,300,80.0,18200,24200,25700,50.277778,-29.722222,29.722222,2.80273200001101,2,0.51697779999813,True
sub-21,192,2,92,1,12,80.0,27281,27521,27581,76.203704,-3.796296,3.796296,7.22402549999242,3,0.450021700002253,True
sub-21,193,2,93,2,60,20.0,21629,21929,23129,65.092593,45.092593,45.092593,7.96101340001041,3,0.65049220000219,True
sub-21,194,2,94,2,60,40.0,25202,25802,26702,45.462963,5.462963,5.462963,3.68457970001327,3,0.700851800007512,True
sub-21,195,2,95,2,60,60.0,12596,13496,14096,58.055556,-1.944444,1.944444,5.54182959999889,3,0.366584799994598,True
sub-21,196,2,96,2,300,60.0,21224,25724,28724,51.666667,-8.333333,8.333333,8.00545370001054,2,0.583541300002252,True
sub-21,197,2,97,2,60,20.0,23865,24165,25365,46.388889,26.388889,26.388889,2.51942280000366,2,0.38381020000088,True
sub-21,198,2,98,1,60,20.0,26923,27223,28423,33.981481,13.981481,13.981481,4.63794279999274,3,0.36692590000166,True
sub-21,199,2,99,2,300,40.0,12645,15645,20145,41.666667,1.666667,1.666667,6.87367760000051,3,0.400255699991248,True
sub-21,200,2,100,1,12,20.0,1602,1662,1902,39.62963,19.62963,19.62963,12.428983100006,3,0.366926599992439,True
sub-21,201,3,1,1,60,80.0,13176,14376,14676,76.111111,-3.888889,3.888889,22.4794415000069,3,0.884214299992891,True
sub-21,202,3,2,1,12,60.0,21800,21980,22100,67.037037,7.037037,7.037037,5.73920219999854,4,0.483793299994431,True
sub-21,203,3,3,1,60,60.0,15628,16528,17128,38.703704,-21.296296,21.296296,3.21981909999158,2,1.0345881999965,True
sub-21,204,3,4,1,12,40.0,13450,13570,13750,42.12963,2.12963,2.12963,6.87359519999881,3,0.567276799993123,True
sub-21,205,3,5,2,300,60.0,11085,15585,18585,37.407407,-22.592593,22.592593,8.52532919999794,3,0.0665355999954044,True
sub-21,206,3,6,2,300,40.0,18922,21922,26422,56.018519,16.018519,16.018519,5.6921299000096,3,0.45031949999975,True
sub-21,207,3,7,2,60,60.0,19722,20622,21222,81.574074,21.574074,21.574074,5.63674210000317,4,0.600255500001367,True
sub-21,208,3,8,2,300,60.0,2522,7022,10022,74.722222,14.722222,14.722222,6.55977409999468,4,0.400576400003046,True
sub-21,209,3,9,2,300,60.0,10273,14773,17773,53.425926,-6.574074,6.574074,4.81887570000253,4,0.850565799992182,True
sub-21,210,3,10,2,300,20.0,16327,17827,23827,48.425926,28.425926,28.425926,4.90505679999478,3,0.483294699995894,True
sub-21,211,3,11,1,12,80.0,17600,17840,17900,65.925926,-14.074074,14.074074,4.79139520000899,3,0.533947000003536,True
sub-21,212,3,12,2,60,60.0,11369,12269,12869,66.851852,6.851852,6.851852,5.45291300000099,2,0.133553700012271,True
sub-21,213,3,13,1,12,80.0,14329,14569,14629,81.388889,1.388889,1.388889,3.99024100000679,4,0.700575199996819,True
sub-21,214,3,14,2,60,60.0,3650,4550,5150,23.796296,-36.203704,36.203704,6.65423390001524,3,0.400513200002023,True
sub-21,215,3,15,2,60,40.0,16451,17051,17951,53.981481,13.981481,13.981481,3.08936059998814,2,0.433743300003698,True
sub-21,216,3,16,1,12,40.0,27281,27401,27581,69.814815,29.814815,29.814815,3.03353650000644,2,0.61776490000193,True
sub-21,217,3,17,2,60,80.0,12596,13796,14096,73.611111,-6.388889,6.388889,2.93933699998888,3,0.267432399996323,True
sub-21,218,3,18,1,12,20.0,21273,21333,21573,33.240741,13.240741,13.240741,4.61886180000146,4,0.500491399987367,True
sub-21,219,3,19,2,300,20.0,20069,21569,27569,58.518519,38.518519,38.518519,5.37462479999521,4,0.633980700018582,True
sub-21,220,3,20,2,300,20.0,7365,8865,14865,39.074074,19.074074,19.074074,4.3020921999996,4,0.684263700008159,True
sub-21,221,3,21,1,12,80.0,13450,13690,13750,79.074074,-0.925926,0.925926,2.23873649997403,4,0.300119499996071,True
sub-21,222,3,22,2,300,80.0,17351,23351,24851,76.574074,-3.425926,3.425926,6.82142469999962,3,0.517337199999019,True
sub-21,223,3,23,1,12,60.0,2393,2573,2693,76.203704,16.203704,16.203704,8.87874759998521,4,0.400658600003225,True
sub-21,224,3,24,2,300,60.0,16072,20572,23572,75.740741,15.740741,15.740741,5.21922769999946,4,0.483809400000609,True
sub-21,225,3,25,1,60,40.0,15628,16228,17128,45.740741,5.740741,5.740741,6.20983209999394,2,0.851068000018131,True
sub-21,226,3,26,1,12,60.0,3739,3919,4039,86.203704,26.203704,26.203704,2.86684619999141,4,0.350636899995151,True
sub-21,227,3,27,1,12,60.0,11500,11680,11800,84.444444,24.444444,24.444444,8.16133129998343,3,0.617721799993887,True
sub-21,228,3,28,2,60,60.0,25895,26795,27395,46.388889,-13.611111,13.611111,4.25182129998575,3,0.4668983000156,True
sub-21,229,3,29,2,300,20.0,19988,21488,27488,49.351852,29.351852,29.351852,6.03948849998414,3,0.433791099989321,True
sub-21,230,3,30,1,12,40.0,4600,4720,4900,36.574074,-3.425926,3.425926,7.12672699999529,4,0.0666289000073447,True
sub-21,231,3,31,2,60,80.0,10035,11235,11535,80.925926,0.925926,0.925926,5.56984589999774,3,0.433695799991255,True
sub-21,232,3,32,2,60,80.0,25895,27095,27395,75.925926,-4.074074,4.074074,3.36971349999657,3,0.550870700011728,True
sub-21,233,3,33,2,300,80.0,12645,18645,20145,35.833333,-44.166667,44.166667,4.0203703000152,3,0.400313799997093,True
sub-21,234,3,34,2,300,20.0,16072,17572,23572,37.5,17.5,17.5,3.65350240000407,3,0.533939899993129,True
sub-21,235,3,35,2,300,60.0,10518,15018,18018,43.518519,-16.481481,16.481481,5.27151829999638,3,0.600911400018958,True
sub-21,236,3,36,2,300,80.0,13458,19458,20958,71.574074,-8.425926,8.425926,2.85302219999721,3,0.166218800004571,True
sub-21,237,3,37,2,300,20.0,12645,14145,20145,36.944444,16.944444,16.944444,3.28963990000193,3,0.467048599995905,True
sub-21,238,3,38,2,300,60.0,14351,18851,21851,63.981481,3.981481,3.981481,6.52434670002548,4,0.284010600007604,True
sub-21,239,3,39,2,60,60.0,16451,17351,17951,70.462963,10.462963,10.462963,3.11749180001788,2,0.366733400005614,True
sub-21,240,3,40,2,60,40.0,3650,4250,5150,78.240741,38.240741,38.240741,5.67211560002761,3,0.317213100002845,True
sub-21,241,3,41,2,300,80.0,1638,7638,9138,71.759259,-8.240741,8.240741,3.84013550000963,4,0.466761999996379,True
sub-21,242,3,42,1,60,20.0,1414,1714,2914,36.388889,16.388889,16.388889,5.43665409999084,3,0.934406599990325,True
sub-21,243,3,43,2,300,20.0,13458,14958,20958,27.685185,7.685185,7.685185,4.99161590001313,4,0.733897300000535,True
sub-21,244,3,44,2,300,20.0,10518,12018,18018,27.222222,7.222222,7.222222,5.65335089998552,2,0.400458499992964,True
sub-21,245,3,45,1,12,60.0,13450,13630,13750,51.018519,-8.981481,8.981481,3.08633020002162,3,0.550347400014288,True
sub-21,246,3,46,2,60,40.0,10035,10635,11535,60.925926,20.925926,20.925926,2.96941279998281,3,0.383928600000217,True
sub-21,247,3,47,1,60,40.0,20386,20986,21886,67.037037,27.037037,27.037037,6.43963389997952,4,0.016341900016414,True
sub-21,248,3,48,2,300,20.0,22736,24236,30236,32.685185,12.685185,12.685185,5.10511519998544,2,0.533918500004801,True
sub-21,249,3,49,1,60,80.0,4556,5756,6056,61.759259,-18.240741,18.240741,9.59604899998521,3,0.350830700015649,True
sub-21,250,3,50,2,300,60.0,17351,21851,24851,58.888889,-1.111111,1.111111,4.00481330000911,3,0.733743199991295,True
sub-21,251,3,51,2,60,60.0,9187,10087,10687,14.722222,-45.277778,45.277778,3.48421750002307,3,0.216866999980993,True
sub-21,252,3,52,1,12,20.0,14329,14389,14629,51.203704,31.203704,31.203704,3.92074289999436,4,0.583706900011748,True
sub-21,253,3,53,1,60,60.0,26923,27823,28423,70.925926,10.925926,10.925926,3.90370089997304,4,0.0997679000138305,True
sub-21,254,3,54,2,300,20.0,10273,11773,17773,28.148148,8.148148,8.148148,2.71987430000444,3,1.61852220000582,True
sub-21,255,3,55,2,60,40.0,23865,24465,25365,36.018519,-3.981481,3.981481,3.47338350000791,2,0.867508600000292,True
sub-21,256,3,56,2,300,60.0,1960,6460,9460,54.537037,-5.462963,5.462963,5.85680249999859,4,0.316640600009122,True
sub-21,257,3,57,2,300,80.0,19988,25988,27488,50.37037,-29.62963,29.62963,3.48373709997395,2,0.567179099976783,True
sub-21,258,3,58,1,60,40.0,13176,13776,14676,72.777778,32.777778,32.777778,5.55583789999946,3,0.500838500011013,True
sub-21,259,3,59,1,60,60.0,2714,3614,4214,93.240741,33.240741,33.240741,3.10373750000144,3,0.683660199982114,True
sub-21,260,3,60,2,300,20.0,2522,4022,10022,38.425926,18.425926,18.425926,5.97237169998697,4,0.867516800004523,True
sub-21,261,3,61,1,12,20.0,12500,12560,12800,52.87037,32.87037,32.87037,4.74111750000156,3,0.550356299994746,True
sub-21,262,3,62,1,12,20.0,23864,23925,24165,52.962963,32.962963,32.962963,2.76671709999209,2,0.366763199999695,True
sub-21,263,3,63,2,300,80.0,7365,13365,14865,78.055556,-1.944444,1.944444,4.04047780000837,3,0.450572600006125,True
sub-21,264,3,64,2,300,60.0,16327,20827,23827,72.87037,12.87037,12.87037,2.80036229998222,3,0.333855500008212,True
sub-21,265,3,65,1,12,20.0,25820,25880,26120,52.12963,32.12963,32.12963,4.08728320000227,3,0.183491500007221,True
sub-21,266,3,66,1,12,60.0,6414,6594,6714,35.092593,-24.907407,24.907407,4.45443559999694,4,0.44984749998548,True
sub-21,267,3,67,2,300,20.0,18922,20422,26422,58.981481,38.981481,38.981481,6.52661230001831,2,0.367482299974653,True
sub-21,268,3,68,2,300,60.0,7365,11865,14865,60.277778,0.277778,0.277778,7.10492070001782,3,0.366520999989006,True
sub-21,269,3,69,2,300,20.0,11085,12585,18585,51.296296,31.296296,31.296296,2.12203840000438,2,1.3013512000034,True
sub-21,270,3,70,1,60,20.0,13942,14242,15442,36.111111,16.111111,16.111111,3.08441799998399,4,0.283339500019792,True
sub-21,271,3,71,2,60,40.0,21629,22229,23129,86.296296,46.296296,46.296296,2.28836989999399,4,0.350318799988599,True
sub-21,272,3,72,1,60,60.0,20386,21286,21886,78.425926,18.425926,18.425926,5.25222540000686,3,0.533887600002344,True
sub-21,273,3,73,2,60,60.0,28296,29196,29796,66.203704,6.203704,6.203704,3.47025640000356,2,1.36792620000778,True
sub-21,274,3,74,1,60,60.0,5494,6394,6994,68.981481,8.981481,8.981481,7.10755960000096,3,0.0998116999980993,True
sub-21,275,3,75,2,300,40.0,19988,22988,27488,50.462963,10.462963,10.462963,2.52192109997849,2,0.467227799992542,True
sub-21,276,3,76,1,12,40.0,24250,24370,24550,52.222222,12.222222,12.222222,3.11697800000547,3,0.850695599976461,True
sub-21,277,3,77,2,300,80.0,13557,19557,21057,68.055556,-11.944444,11.944444,2.28894940001191,3,0.483553500002017,True
sub-21,278,3,78,1,60,40.0,1414,2014,2914,75.37037,35.37037,35.37037,6.30374259999371,3,0.500284000008832,True
sub-21,279,3,79,2,60,60.0,17621,18521,19121,50.740741,-9.259259,9.259259,3.53946840000571,3,0.216710600012447,True
sub-21,280,3,80,1,12,80.0,1602,1842,1902,50.740741,-29.259259,29.259259,5.86992389999795,4,0.066646600025706,True
sub-21,281,3,81,1,12,80.0,24970,25210,25270,66.944444,-13.055556,13.055556,3.586973700003,4,0.0501497999939601,True
sub-21,282,3,82,2,60,80.0,19722,20922,21222,84.074074,4.074074,4.074074,2.26873290000367,4,0.533812299981946,True
sub-21,283,3,83,1,12,20.0,24250,24310,24550,73.055556,53.055556,53.055556,2.235878699983,3,0.517133300018031,True
sub-21,284,3,84,2,60,60.0,10035,10935,11535,23.981481,-36.018519,36.018519,3.31992429998354,3,0.48373239999637,True
sub-21,285,3,85,1,12,40.0,6414,6534,6714,29.351852,-10.648148,10.648148,2.73606999998446,4,0.48371760000009,True
sub-21,286,3,86,1,12,60.0,4600,4780,4900,55.277778,-4.722222,4.722222,3.35590510000474,4,0.316907500004163,True
sub-21,287,3,87,2,60,20.0,11369,11669,12869,39.444444,19.444444,19.444444,3.53700429998571,3,0.349997999990591,True
sub-21,288,3,88,1,12,20.0,11500,11560,11800,48.333333,28.333333,28.333333,4.26926779997302,4,0.116237399983219,True
sub-21,289,3,89,2,300,80.0,16072,22072,23572,66.203704,-13.796296,13.796296,4.55734229998779,3,0.150064000015845,True
sub-21,290,3,90,2,300,20.0,9381,10881,16881,64.722222,44.722222,44.722222,2.81703330000164,2,0.283686400012811,True
sub-21,291,3,91,1,12,80.0,23864,24105,24165,55.0,-25.0,25.0,4.42400060000363,2,0.333527300012065,True
sub-21,292,3,92,1,60,60.0,4556,5456,6056,47.407407,-12.592593,12.592593,5.85311389999697,4,0.483963499980745,True
sub-21,293,3,93,1,60,60.0,13176,14076,14676,75.462963,15.462963,15.462963,3.25663039999199,3,0.349898200016468,True
sub-21,294,3,94,2,60,40.0,28296,28896,29796,47.777778,7.777778,7.777778,3.40132000000448,3,0.349889400007668,True
sub-21,295,3,95,1,12,20.0,6414,6474,6714,28.611111,8.611111,8.611111,3.67309240001486,4,0.40029780002078,True
sub-21,296,3,96,1,12,80.0,15162,15402,15462,49.166667,-30.833333,30.833333,3.00064869999187,3,1.0676929000183,True
sub-21,297,3,97,2,300,40.0,11085,14085,18585,33.333333,-6.666667,6.666667,3.45646819999092,3,0.266696000006049,True
sub-21,298,3,98,2,300,40.0,16327,19327,23827,60.37037,20.37037,20.37037,3.76783929998055,3,0.38361829999485,True
sub-21,299,3,99,1,12,60.0,27281,27461,27581,79.351852,19.351852,19.351852,2.28889339999295,3,0.633972000010544,True
sub-21,300,3,100,1,12,40.0,21800,21920,22100,49.259259,9.259259,9.259259,4.4859170000127,4,0.416797000012593,True
sub-22,1,1,1,2,300,20.0,13458,14958,20958,12.962963,-7.037037,7.037037,6.8933485999878,3,1.03388859998085,True
sub-22,2,1,2,2,300,20.0,11153,12653,18653,26.574074,6.574074,6.574074,9.77670420001959,3,1.66845399999874,True
sub-22,3,1,3,2,300,40.0,9381,12381,16881,70.185185,30.185185,30.185185,12.6291113000188,2,0.7009309999994,True
sub-22,4,1,4,2,300,80.0,19988,25988,27488,90.092593,10.092593,10.092593,8.77536020000116,3,2.81956279999576,True
sub-22,5,1,5,2,300,40.0,1960,4960,9460,66.203704,26.203704,26.203704,8.27456040002289,3,0.784132700006011,True
sub-22,6,1,6,2,300,60.0,11085,15585,18585,38.611111,-21.388889,21.388889,11.8090417000057,2,0.800498099997639,True
sub-22,7,1,7,1,12,60.0,15586,15766,15886,90.277778,30.277778,30.277778,8.05849090000265,4,0.834482700010994,True
sub-22,8,1,8,1,12,40.0,13450,13570,13750,90.555556,50.555556,50.555556,9.25664649999816,4,0.851050600002054,True
sub-22,9,1,9,2,300,80.0,7365,13365,14865,75.092593,-4.907407,4.907407,7.17376849998254,3,0.850978700007544,True
sub-22,10,1,10,2,300,60.0,14351,18851,21851,81.574074,21.574074,21.574074,10.0770479999773,3,1.11736720000044,True
sub-22,11,1,11,1,60,40.0,4556,5156,6056,80.277778,40.277778,40.277778,7.17359210000722,3,0.684172400011448,True
sub-22,12,1,12,1,12,80.0,24250,24490,24550,93.888889,13.888889,13.888889,6.60667150001972,4,0.967834699986269,True
sub-22,13,1,13,2,60,80.0,25895,27095,27395,89.166667,9.166667,9.166667,5.288048300019,4,1.21834759999183,True
sub-22,14,1,14,2,60,20.0,17621,17921,19121,13.981481,-6.018519,6.018519,6.80712350000976,3,0.483915000018896,True
sub-22,15,1,15,2,300,60.0,10273,14773,17773,58.148148,-1.851852,1.851852,6.67415119998622,2,1.10080110002309,True
sub-22,16,1,16,2,300,40.0,16327,19327,23827,75.925926,35.925926,35.925926,5.60637950000818,3,0.767697799979941,True
sub-22,17,1,17,1,12,80.0,13450,13690,13750,96.018519,16.018519,16.018519,3.28745209999033,4,0.950285600003553,True
sub-22,18,1,18,1,12,60.0,12500,12680,12800,74.537037,14.537037,14.537037,10.7585063000151,4,1.58454549999441,True
sub-22,19,1,19,2,300,60.0,22736,27236,30236,54.351852,-5.648148,5.648148,6.5394894000201,3,0.700792700023157,True
sub-22,20,1,20,2,60,60.0,3650,4550,5150,87.037037,27.037037,27.037037,7.42436830000951,3,0.71720300000743,True
sub-22,21,1,21,1,60,80.0,13176,14376,14676,65.740741,-14.259259,14.259259,5.55869890001486,3,0.500657900003716,True
sub-22,22,1,22,1,12,20.0,23864,23925,24165,36.759259,16.759259,16.759259,14.3949938000005,3,2.1690496999945,True
sub-22,23,1,23,1,12,80.0,10400,10640,10700,61.759259,-18.240741,18.240741,6.74332529999082,3,0.734216200013179,True
sub-22,24,1,24,2,60,60.0,23865,24765,25365,77.12963,17.12963,17.12963,7.43784870000672,3,0.50012440001592,True
sub-22,25,1,25,1,60,20.0,2714,3014,4214,51.851852,31.851852,31.851852,5.87262330000521,3,0.667308900010539,True
sub-22,26,1,26,2,300,60.0,13557,18057,21057,10.740741,-49.259259,49.259259,8.10838940000394,3,2.8859568000189,True
sub-22,27,1,27,2,300,60.0,19988,24488,27488,76.111111,16.111111,16.111111,6.74017840001033,3,0.683663800009526,True
sub-22,28,1,28,2,60,80.0,11369,12569,12869,82.222222,2.222222,2.222222,9.07567789999302,3,0.717558000003919,True
sub-22,29,1,29,2,300,40.0,10518,13518,18018,22.222222,-17.777778,17.777778,4.53848310001194,3,1.4681644999946,True
sub-22,30,1,30,2,60,20.0,25202,25502,26702,77.777778,57.777778,57.777778,5.73917639997671,3,0.967765599983977,True
sub-22,31,1,31,1,60,60.0,5494,6394,6994,65.925926,5.925926,5.925926,4.43738560000201,4,1.11764079998829,True
sub-22,32,1,32,2,300,20.0,19476,20976,26976,8.703704,-11.296296,11.296296,6.08949199999915,3,0.984040899988031,True
sub-22,33,1,33,1,60,40.0,1414,2014,2914,24.444444,-15.555556,15.555556,6.15590149999479,3,0.533964400005061,True
sub-22,34,1,34,2,300,40.0,12645,15645,20145,17.592593,-22.407407,22.407407,5.85549730001366,3,0.917618699982995,True
sub-22,35,1,35,2,60,60.0,10035,10935,11535,29.444444,-30.555556,30.555556,6.50641289999475,2,0.81761679999181,True
sub-22,36,1,36,1,60,20.0,13176,13476,14676,46.666667,26.666667,26.666667,4.60454810000374,3,0.483516400010557,True
sub-22,37,1,37,1,12,40.0,17600,17720,17900,53.796296,13.796296,13.796296,5.23846339998999,3,0.883911200013244,True
sub-22,38,1,38,2,300,60.0,18200,22700,25700,81.388889,21.388889,21.388889,9.15901610002038,3,0.717482700012624,True
sub-22,39,1,39,1,12,40.0,29300,29420,29600,47.12963,7.12963,7.12963,2.90330420000827,2,1.26832639999338,True
sub-22,40,1,40,1,60,60.0,15628,16528,17128,38.703704,-21.296296,21.296296,6.70636949999607,3,0.750357500015525,True
sub-22,41,1,41,1,60,60.0,6042,6942,7542,87.777778,27.777778,27.777778,3.7537333999935,3,0.917565099982312,True
sub-22,42,1,42,1,60,80.0,20386,21586,21886,82.037037,2.037037,2.037037,5.40520510001806,3,0.600417500012554,True
sub-22,43,1,43,2,60,80.0,23865,25065,25365,66.666667,-13.333333,13.333333,9.4095133000228,2,0.550501399993663,True
sub-22,44,1,44,2,300,20.0,17351,18851,24851,87.87037,67.87037,67.87037,8.3086138999788,2,0.66694510000525,True
sub-22,45,1,45,2,300,40.0,20069,23069,27569,37.407407,-2.592593,2.592593,9.49299870000686,3,0.933860799996182,True
sub-22,46,1,46,2,300,60.0,18922,23422,26422,69.074074,9.074074,9.074074,7.42432130000088,3,0.751023899996653,True
sub-22,47,1,47,2,300,20.0,7365,8865,14865,9.814815,-10.185185,10.185185,4.4045186000003,3,0.68402590000187,True
sub-22,48,1,48,1,12,40.0,23864,23985,24165,35.648148,-4.351852,4.351852,5.52264420001301,2,0.683712300000479,True
sub-22,49,1,49,1,12,60.0,6414,6594,6714,53.981481,-6.018519,6.018519,4.12165230000391,3,0.617729699995834,True
sub-22,50,1,50,2,300,20.0,16327,17827,23827,11.111111,-8.888889,8.888889,4.41943720000563,3,0.817348600015975,True
sub-22,51,1,51,2,300,20.0,11085,12585,18585,30.0,10.0,10.0,5.38879699999233,2,0.483608799986541,True
sub-22,52,1,52,2,300,60.0,7365,11865,14865,26.944444,-33.055556,33.055556,3.78730729999369,3,2.28530250000767,True
sub-22,53,1,53,2,300,80.0,9381,15381,16881,79.537037,-0.462963,0.462963,7.42412879999028,2,0.516962299996521,True
sub-22,54,1,54,2,300,60.0,2522,7022,10022,35.740741,-24.259259,24.259259,7.97460409998893,2,1.01776229997631,True
sub-22,55,1,55,1,12,80.0,12500,12740,12800,54.351852,-25.648148,25.648148,3.47075760000734,3,1.35098089999519,True
sub-22,56,1,56,1,12,40.0,11500,11620,11800,56.296296,16.296296,16.296296,2.80232830002205,3,1.55120810001972,True
sub-22,57,1,57,2,300,20.0,9381,10881,16881,42.87037,22.87037,22.87037,5.55564229999436,3,1.31764620001195,True
sub-22,58,1,58,1,12,20.0,16152,16212,16452,53.981481,33.981481,33.981481,5.12180130000342,3,1.05082810000749,True
sub-22,59,1,59,2,300,60.0,5739,10239,13239,36.111111,-23.888889,23.888889,5.75596609999774,3,1.28444780001882,True
sub-22,60,1,60,1,12,40.0,2486,2606,2786,65.462963,25.462963,25.462963,3.08662829999229,3,0.500710699998308,True
sub-22,61,1,61,2,60,60.0,19722,20622,21222,68.796296,8.796296,8.796296,3.60370540001895,3,0.750787800003308,True
sub-22,62,1,62,1,60,40.0,6042,6642,7542,78.796296,38.796296,38.796296,6.7399138000037,3,0.61720140001853,True
sub-22,63,1,63,2,60,20.0,11369,11669,12869,22.407407,2.407407,2.407407,6.28934119999758,3,1.40085809997981,True
sub-22,64,1,64,2,300,80.0,2522,8522,10022,68.425926,-11.574074,11.574074,5.25534679999691,1,0.817315200023585,True
sub-22,65,1,65,2,300,80.0,22736,28736,30236,37.685185,-42.314815,42.314815,6.18945669999811,2,0.75043819998973,True
sub-22,66,1,66,1,12,40.0,10400,10520,10700,55.37037,15.37037,15.37037,4.72119949999614,3,0.934380399994552,True
sub-22,67,1,67,1,12,80.0,27281,27521,27581,64.62963,-15.37037,15.37037,9.79339989999425,3,0.817423500004224,True
sub-22,68,1,68,1,12,80.0,4600,4840,4900,68.055556,-11.944444,11.944444,5.68937879998702,3,0.517248999996809,True
sub-22,69,1,69,1,60,40.0,22148,22748,23648,77.407407,37.407407,37.407407,3.85359469999093,3,0.634095799992792,True
sub-22,70,1,70,1,12,20.0,21800,21860,22100,59.166667,39.166667,39.166667,5.82214989999192,3,0.450256899988744,True
sub-22,71,1,71,2,300,40.0,22736,25736,30236,31.296296,-8.703704,8.703704,4.00422770000295,3,0.450101499998709,True
sub-22,72,1,72,2,300,80.0,17351,23351,24851,87.222222,7.222222,7.222222,9.4929691000143,3,4.10436540000955,True
sub-22,73,1,73,2,300,40.0,18200,21200,25700,34.907407,-5.092593,5.092593,5.28860030000214,3,0.783931799989659,True
sub-22,74,1,74,2,300,20.0,5739,7239,13239,8.796296,-11.203704,11.203704,6.72343280000495,3,1.0341674000083,True
sub-22,75,1,75,1,12,80.0,2486,2726,2786,60.648148,-19.351852,19.351852,4.83789640001487,3,0.533818199997767,True
sub-22,76,1,76,2,60,40.0,25202,25802,26702,77.037037,37.037037,37.037037,6.77382970001781,3,0.483901700004935,True
sub-22,77,1,77,2,60,20.0,16451,16751,17951,63.518519,43.518519,43.518519,8.17487889999756,3,0.717380199988838,True
sub-22,78,1,78,1,12,20.0,4600,4660,4900,50.925926,30.925926,30.925926,3.35285799999837,4,0.550663800007896,True
sub-22,79,1,79,2,60,20.0,10035,10335,11535,23.888889,3.888889,3.888889,6.99012020000373,3,0.633653900003992,True
sub-22,80,1,80,1,12,60.0,1602,1782,1902,84.074074,24.074074,24.074074,12.5793415999796,3,1.86857069999678,True
sub-22,81,1,81,1,60,20.0,22148,22448,23648,58.981481,38.981481,38.981481,5.62246690000756,3,2.06892260001041,True
sub-22,82,1,82,2,300,80.0,19476,25476,26976,90.462963,10.462963,10.462963,5.22205359998042,3,1.40116510001826,True
sub-22,83,1,83,1,60,40.0,15628,16228,17128,78.888889,38.888889,38.888889,3.65361549999215,3,1.23461669997777,True
sub-22,84,1,84,2,300,40.0,18922,21922,26422,66.481481,26.481481,26.481481,6.48944969999138,3,0.550653599988436,True
sub-22,85,1,85,1,60,80.0,1414,2614,2914,87.962963,7.962963,7.962963,3.57053330002236,3,0.850730399979511,True
sub-22,86,1,86,2,60,40.0,14390,14990,15890,75.277778,35.277778,35.277778,4.83801959999254,3,0.6335403000121,True
sub-22,87,1,87,2,60,80.0,25202,26402,26702,93.518519,13.518519,13.518519,9.02531119997729,3,1.06748109997715,True
sub-22,88,1,88,1,12,60.0,23864,24045,24165,85.925926,25.925926,25.925926,4.22070930001791,3,1.01726960000814,True
sub-22,89,1,89,1,60,60.0,22148,23048,23648,87.222222,27.222222,27.222222,2.96956319999299,3,1.96846900001401,True
sub-22,90,1,90,1,12,80.0,21273,21513,21573,90.185185,10.185185,10.185185,4.45451199999661,3,1.16756189998704,True
sub-22,91,1,91,1,60,40.0,5494,6094,6994,14.62963,-25.37037,25.37037,3.98766789998626,3,1.4850174000021,True
sub-22,92,1,92,2,60,40.0,23865,24465,25365,75.462963,35.462963,35.462963,3.90354259999003,3,1.33473490001051,True
sub-22,93,1,93,2,300,20.0,16072,17572,23572,6.111111,-13.888889,13.888889,9.54279710000264,3,0.500548999989405,True
sub-22,94,1,94,1,12,80.0,1602,1842,1902,82.685185,2.685185,2.685185,3.31983150000451,3,1.05105459998594,True
sub-22,95,1,95,1,12,20.0,12500,12560,12800,17.12963,-2.87037,2.87037,5.78936300001805,3,1.21811469999374,True
sub-22,96,1,96,1,60,20.0,6042,6342,7542,23.796296,3.796296,3.796296,9.94385929999407,2,1.76822659999015,True
sub-22,97,1,97,1,60,80.0,2714,3914,4214,90.0,10.0,10.0,2.83636849999311,3,0.950618700007908,True
sub-22,98,1,98,2,300,60.0,1960,6460,9460,51.296296,-8.703704,8.703704,4.58785400001215,1,0.833554500015452,True
sub-22,99,1,99,2,60,40.0,11369,11969,12869,67.777778,27.777778,27.777778,5.15723619997152,2,0.883866999996826,True
sub-22,100,1,100,2,300,60.0,13458,17958,20958,16.018519,-43.981481,43.981481,5.03619609997258,3,1.33448629998019,True
sub-22,101,2,1,2,60,40.0,19722,20322,21222,77.222222,37.222222,37.222222,5.20998169999802,3,0.917472700006328,True
sub-22,102,2,2,1,60,60.0,4556,5456,6056,75.185185,15.185185,15.185185,4.07060000000638,3,0.934844599978532,True
sub-22,103,2,3,1,60,80.0,13942,15142,15442,84.259259,4.259259,4.259259,6.09016370002063,3,0.717086299991933,True
sub-22,104,2,4,1,60,80.0,4556,5756,6056,66.018519,-13.981481,13.981481,3.58765119998133,3,0.867273999989265,True
sub-22,105,2,5,2,300,20.0,18922,20422,26422,33.981481,13.981481,13.981481,7.32443680000142,3,0.967775800003437,True
sub-22,106,2,6,1,12,20.0,17600,17660,17900,70.648148,50.648148,50.648148,5.15247910001198,3,1.48465759999817,True
sub-22,107,2,7,1,12,60.0,9950,10130,10250,43.425926,-16.574074,16.574074,11.0611040000221,2,2.61943479999899,True
sub-22,108,2,8,2,300,80.0,18922,24922,26422,87.314815,7.314815,7.314815,9.67696919999434,3,1.03421199999866,True
sub-22,109,2,9,2,60,20.0,19722,20022,21222,24.537037,4.537037,4.537037,4.75532979998388,3,2.00171310000587,True
sub-22,110,2,10,1,12,20.0,25820,25880,26120,26.296296,6.296296,6.296296,4.48823650000849,3,0.633885300019756,True
sub-22,111,2,11,2,300,40.0,11085,14085,18585,26.851852,-13.148148,13.148148,8.09239929998875,1,0.550747800007229,True
sub-22,112,2,12,2,300,40.0,5739,8739,13239,20.277778,-19.722222,19.722222,5.36916329999803,2,0.517244799993932,True
sub-22,113,2,13,1,12,60.0,13450,13630,13750,53.981481,-6.018519,6.018519,3.90418539999518,3,0.63382509999792,True
sub-22,114,2,14,1,12,80.0,15586,15826,15886,48.888889,-31.111111,31.111111,4.47148909998941,3,0.683710200013592,True
sub-22,115,2,15,1,12,40.0,27281,27401,27581,54.074074,14.074074,14.074074,9.1094746000017,2,0.900787799997488,True
sub-22,116,2,16,2,300,60.0,10518,15018,18018,36.111111,-23.888889,23.888889,6.73993609999888,2,0.534070499998051,True
sub-22,117,2,17,2,60,60.0,28296,29196,29796,66.666667,6.666667,6.666667,5.50551379998796,2,1.3178727000195,True
sub-22,118,2,18,1,12,80.0,14329,14569,14629,55.092593,-24.907407,24.907407,3.55347680000704,3,0.517326500004855,True
sub-22,119,2,19,1,60,20.0,15628,15928,17128,25.648148,5.648148,5.648148,4.77142999999341,3,0.667335500009357,True
sub-22,120,2,20,1,12,20.0,14329,14389,14629,58.981481,38.981481,38.981481,4.92208239997853,3,0.584043300012126,True
sub-22,121,2,21,2,300,40.0,11153,14153,18653,36.574074,-3.425926,3.425926,12.0124572000058,1,0.550296599976718,True
sub-22,122,2,22,1,60,20.0,5494,5794,6994,15.092593,-4.907407,4.907407,4.38776300000608,3,0.533767799992347,True
sub-22,123,2,23,1,12,20.0,21273,21333,21573,36.388889,16.388889,16.388889,3.16984200000297,3,0.617202599998563,True
sub-22,124,2,24,2,60,80.0,17621,18821,19121,86.666667,6.666667,6.666667,8.0247406999988,2,0.450277399999322,True
sub-22,125,2,25,2,300,60.0,14066,18566,21566,75.925926,15.925926,15.925926,4.33684020000509,2,0.766995399986626,True
sub-22,126,2,26,1,12,20.0,13450,13510,13750,29.907407,9.907407,9.907407,2.26927039999282,3,0.684294500009855,True
sub-22,127,2,27,2,300,80.0,14351,20351,21851,94.814815,14.814815,14.814815,9.47631219998584,3,0.616988699999637,True
sub-22,128,2,28,2,60,20.0,12596,12896,14096,36.574074,16.574074,16.574074,5.27271889999974,3,0.617499499989207,True
sub-22,129,2,29,2,300,40.0,21224,24224,28724,82.87037,42.87037,42.87037,5.62218609999399,3,0.850545399996917,True
sub-22,130,2,30,1,12,20.0,3739,3799,4039,53.148148,33.148148,33.148148,3.88756020000437,3,0.633936500002164,True
sub-22,131,2,31,2,60,40.0,16451,17051,17951,79.907407,39.907407,39.907407,5.92222049998235,3,0.60037500000908,True
sub-22,132,2,32,2,300,60.0,17351,21851,24851,94.537037,34.537037,34.537037,8.22478170000249,3,0.567152100004022,True
sub-22,133,2,33,2,60,80.0,9187,10387,10687,76.296296,-3.703704,3.703704,9.89328399999067,3,0.633757399977184,True
sub-22,134,2,34,2,60,20.0,9187,9487,10687,41.296296,21.296296,21.296296,4.55422250000992,3,0.433722400019178,True
sub-22,135,2,35,1,60,80.0,6042,7242,7542,88.796296,8.796296,8.796296,2.75306309998268,3,0.483739400020567,True
sub-22,136,2,36,1,12,60.0,24250,24430,24550,61.481481,1.481481,1.481481,3.08610000001499,3,0.650196800008416,True
sub-22,137,2,37,2,300,40.0,17351,20351,24851,96.203704,56.203704,56.203704,4.50416280000354,3,1.11793890001717,True
sub-22,138,2,38,1,12,40.0,14329,14449,14629,56.944444,16.944444,16.944444,2.96948850000626,3,0.550631699996301,True
sub-22,139,2,39,2,60,40.0,3650,4250,5150,26.203704,-13.796296,13.796296,4.80467899999348,3,0.56673000002047,True
sub-22,140,2,40,1,12,60.0,21273,21453,21573,29.351852,-30.648148,30.648148,3.28690269999788,3,1.00077469999087,True
sub-22,141,2,41,2,300,60.0,16072,20572,23572,91.296296,31.296296,31.296296,6.70649399998365,3,0.583965800004079,True
sub-22,142,2,42,2,60,80.0,12596,13796,14096,90.462963,10.462963,10.462963,6.37323080000351,3,0.450403900002129,True
sub-22,143,2,43,2,300,80.0,16072,22072,23572,95.0,15.0,15.0,5.70582250002189,3,0.41673389999778,True
sub-22,144,2,44,1,12,80.0,15162,15402,15462,50.648148,-29.351852,29.351852,2.78606529999524,3,0.717260700010228,True
sub-22,145,2,45,1,12,80.0,24970,25210,25270,82.685185,2.685185,2.685185,4.35441319999517,3,0.767339999991236,True
sub-22,146,2,46,2,300,20.0,12645,14145,20145,10.555556,-9.444444,9.444444,4.97204359999159,3,0.467075900000054,True
sub-22,147,2,47,2,300,80.0,10518,16518,18018,79.537037,-0.462963,0.462963,9.70971480000298,3,0.467051400017226,True
sub-22,148,2,48,1,12,80.0,9950,10190,10250,63.703704,-16.296296,16.296296,3.03645270000561,3,0.534072000009473,True
sub-22,149,2,49,1,12,60.0,24970,25150,25270,87.962963,27.962963,27.962963,2.56914070001221,3,0.416865500010317,True
sub-22,150,2,50,2,60,80.0,14390,15590,15890,81.666667,1.666667,1.666667,3.93732840000302,3,0.566932600020663,True
sub-22,151,2,51,2,60,80.0,28296,29496,29796,66.574074,-13.425926,13.425926,2.95283840000047,3,0.433291599998483,True
sub-22,152,2,52,1,60,20.0,4556,4856,6056,24.907407,4.907407,4.907407,4.35446660002344,3,0.883624699985375,True
sub-22,153,2,53,1,12,40.0,6414,6534,6714,40.277778,0.277778,0.277778,2.98668659999384,3,1.01722819998394,True
sub-22,154,2,54,1,12,60.0,29300,29480,29600,67.407407,7.407407,7.407407,3.02262099998188,3,1.31771300002583,True
sub-22,155,2,55,1,12,60.0,15162,15342,15462,34.351852,-25.648148,25.648148,3.70432419999269,3,0.917606600007275,True
sub-22,156,2,56,2,300,40.0,10273,13273,17773,30.185185,-9.814815,9.814815,6.67075119999935,1,0.517291500000283,True
sub-22,157,2,57,1,60,60.0,13176,14076,14676,36.296296,-23.703704,23.703704,2.90305850000004,3,0.667222400021273,True
sub-22,158,2,58,1,12,20.0,26328,26388,26628,46.666667,26.666667,26.666667,2.63581479998538,3,0.651174900005571,True
sub-22,159,2,59,2,300,20.0,20069,21569,27569,31.944444,11.944444,11.944444,11.8155676999886,2,0.981642500002635,True
sub-22,160,2,60,1,12,20.0,15162,15222,15462,25.462963,5.462963,5.462963,3.53726179999648,2,2.15162439999403,True
sub-22,161,2,61,2,300,80.0,1960,7960,9460,74.722222,-5.277778,5.277778,8.27490920000127,3,0.617074099980527,True
sub-22,162,2,62,2,60,60.0,16451,17351,17951,72.592593,12.592593,12.592593,5.55550980000407,3,0.667272499995306,True
sub-22,163,2,63,2,300,80.0,1638,7638,9138,86.388889,6.388889,6.388889,4.153959999996,3,0.651000100013334,True
sub-22,164,2,64,2,300,40.0,7365,10365,14865,78.240741,38.240741,38.240741,4.90487860000575,3,0.534165499993832,True
sub-22,165,2,65,2,60,40.0,10035,10635,11535,70.925926,30.925926,30.925926,4.37375230001634,1,0.783719300001394,True
sub-22,166,2,66,2,300,40.0,13458,16458,20958,7.037037,-32.962963,32.962963,4.60148709997884,4,0.683741499989992,True
sub-22,167,2,67,1,12,20.0,15586,15646,15886,56.759259,36.759259,36.759259,2.41919419998885,3,0.950714400009019,True
sub-22,168,2,68,2,300,80.0,13557,19557,21057,93.055556,13.055556,13.055556,3.9878652000043,4,0.667170600005192,True
sub-22,169,2,69,1,12,20.0,6414,6474,6714,38.148148,18.148148,18.148148,2.58586990000912,3,0.500535799976205,True
sub-22,170,2,70,1,12,40.0,26328,26448,26628,43.888889,3.888889,3.888889,4.52173049998236,3,0.734008700004778,True
sub-22,171,2,71,1,60,40.0,20386,20986,21886,28.611111,-11.388889,11.388889,2.55263749998994,3,0.550826299993787,True
sub-22,172,2,72,1,12,40.0,16152,16272,16452,23.888889,-16.111111,16.111111,6.8565528000181,2,0.600672599975951,True
sub-22,173,2,73,1,12,40.0,21273,21393,21573,50.740741,10.740741,10.740741,2.36960810000891,3,0.416488499991828,True
sub-22,174,2,74,1,60,60.0,13942,14842,15442,74.444444,14.444444,14.444444,3.88750640000216,3,0.650434500013943,True
sub-22,175,2,75,1,12,40.0,2393,2513,2693,79.722222,39.722222,39.722222,3.50373739999486,3,0.767345100000966,True
sub-22,176,2,76,2,300,40.0,19988,22988,27488,62.87037,22.87037,22.87037,6.8900117999874,3,0.617446799995377,True
sub-22,177,2,77,1,12,80.0,17600,17840,17900,56.481481,-23.518519,23.518519,2.75309060001745,3,0.600403199990978,True
sub-22,178,2,78,2,300,80.0,14066,20066,21566,93.981481,13.981481,13.981481,3.25351900001987,4,1.15023010000004,True
sub-22,179,2,79,1,60,80.0,26923,28123,28423,90.092593,10.092593,10.092593,4.67105589999118,3,0.600466300005791,True
sub-22,180,2,80,1,12,60.0,2393,2573,2693,82.685185,22.685185,22.685185,3.62045279997983,3,0.516974199999822,True
sub-22,181,2,81,1,12,40.0,24250,24370,24550,64.62963,24.62963,24.62963,3.28685740000219,3,0.483950200024992,True
sub-22,182,2,82,1,12,20.0,24250,24310,24550,64.62963,44.62963,44.62963,8.9925052000035,3,4.05423179999343,True
sub-22,183,2,83,1,12,20.0,2393,2453,2693,74.62963,54.62963,54.62963,12.2786069999856,3,1.45112570002675,True
sub-22,184,2,84,1,12,40.0,3739,3859,4039,46.574074,6.574074,6.574074,3.18677549998392,3,0.817761199985398,True
sub-22,185,2,85,1,12,60.0,16152,16332,16452,27.592593,-32.407407,32.407407,4.83849130000453,3,0.717272500012768,True
sub-22,186,2,86,2,300,20.0,10273,11773,17773,17.314815,-2.685185,2.685185,4.93859720000182,1,1.86839330001384,True
sub-22,187,2,87,1,60,60.0,2714,3614,4214,82.685185,22.685185,22.685185,7.50683370002661,3,1.03422530001262,True
sub-22,188,2,88,1,12,40.0,9950,10070,10250,77.962963,37.962963,37.962963,8.77565629998571,2,1.31820480001624,True
sub-22,189,2,89,2,300,40.0,2522,5522,10022,32.222222,-7.777778,7.777778,21.0714052999974,2,1.45123279999825,True
sub-22,190,2,90,1,60,80.0,5494,6694,6994,87.037037,7.037037,7.037037,4.05459770001471,2,1.73488040000665,True
sub-22,191,2,91,1,60,20.0,26923,27223,28423,39.351852,19.351852,19.351852,9.27575859997887,2,1.71820119998301,True
sub-22,192,2,92,1,12,20.0,27281,27341,27581,33.333333,13.333333,13.333333,13.5467015999893,2,2.30208059999858,True
sub-22,193,2,93,1,60,60.0,20386,21286,21886,40.833333,-19.166667,19.166667,2.552391300007,3,1.6680686000036,True
sub-22,194,2,94,1,12,40.0,4600,4720,4900,66.666667,26.666667,26.666667,3.63713219997589,3,1.46835899999132,True
sub-22,195,2,95,1,60,20.0,13942,14242,15442,60.648148,40.648148,40.648148,9.12553410002146,2,1.35129580000648,True
sub-22,196,2,96,1,12,80.0,25820,26060,26120,52.592593,-27.407407,27.407407,8.45849610000732,3,1.55176030000438,True
sub-22,197,2,97,2,300,80.0,11085,17085,18585,32.12963,-47.87037,47.87037,5.75588350000907,1,0.600623000005725,True
sub-22,198,2,98,2,60,80.0,19722,20922,21222,87.037037,7.037037,7.037037,8.77516990000731,2,0.867722900002263,True
sub-22,199,2,99,2,300,40.0,14066,17066,21566,11.481481,-28.518519,28.518519,4.57125559999258,4,0.600082000019028,True
sub-22,200,2,100,2,60,60.0,21629,22529,23129,64.814815,4.814815,4.814815,6.90722180000739,3,0.500711300002876,True
sub-22,201,3,1,2,60,60.0,25895,26795,27395,27.962963,-32.037037,32.037037,8.79831290000584,1,0.503923099982785,True
sub-22,202,3,2,2,300,20.0,2522,4022,10022,10.092593,-9.907407,9.907407,4.78719730000011,3,0.517433900007745,True
sub-22,203,3,3,2,300,20.0,18200,19700,25700,30.648148,10.648148,10.648148,6.43998369999462,2,0.501095199986593,True
sub-22,204,3,4,1,12,60.0,21800,21980,22100,83.518519,23.518519,23.518519,4.26873369998065,3,1.13447839999571,True
sub-22,205,3,5,2,300,80.0,21224,27224,28724,84.074074,4.074074,4.074074,4.17076020000968,3,0.8508465999912,True
sub-22,206,3,6,1,12,60.0,25820,26000,26120,30.092593,-29.907407,29.907407,6.43738879999727,3,0.884387300000526,True
sub-22,207,3,7,2,60,60.0,14390,15290,15890,75.185185,15.185185,15.185185,3.70367099999566,3,1.30154819999006,True
sub-22,208,3,8,2,300,60.0,16327,20827,23827,92.87037,32.87037,32.87037,4.98853000000235,4,0.581496799975866,True
sub-22,209,3,9,2,60,40.0,9187,9787,10687,20.0,-20.0,20.0,3.82024380000075,3,1.83592219999991,True
sub-22,210,3,10,1,12,20.0,29300,29360,29600,72.407407,52.407407,52.407407,8.14202120000845,3,1.35141810000641,True
sub-22,211,3,11,2,300,20.0,22736,24236,30236,43.055556,23.055556,23.055556,9.76081180002074,2,1.98513409998849,True
sub-22,212,3,12,2,300,20.0,21224,22724,28724,73.240741,53.240741,53.240741,6.30623459999333,3,1.38477789997705,True
sub-22,213,3,13,2,300,40.0,14351,17351,21851,17.5,-22.5,22.5,7.07385459999204,3,0.550739099999191,True
sub-22,214,3,14,2,60,60.0,12596,13496,14096,73.055556,13.055556,13.055556,8.58951259998139,3,0.684137200005352,True
sub-22,215,3,15,2,60,40.0,21629,22229,23129,78.611111,38.611111,38.611111,6.20632969998405,3,0.533900899987202,True
sub-22,216,3,16,1,12,20.0,2486,2546,2786,53.611111,33.611111,33.611111,2.26621709999744,4,1.18416279999655,True
sub-22,217,3,17,1,12,40.0,1602,1722,1902,42.962963,2.962963,2.962963,7.67435970000224,3,1.95177840001997,True
sub-22,218,3,18,1,60,40.0,2714,3314,4214,72.12963,32.12963,32.12963,2.83427039999514,3,0.717342699994333,True
sub-22,219,3,19,2,300,40.0,13557,16557,21057,15.740741,-24.259259,24.259259,5.22209600001224,3,0.550515500013716,True
sub-22,220,3,20,2,300,40.0,1638,4638,9138,43.888889,3.888889,3.888889,6.38995519999298,3,0.967499999998835,True
sub-22,221,3,21,2,300,80.0,20069,26069,27569,90.462963,10.462963,10.462963,5.80544359999476,3,0.433671400009188,True
sub-22,222,3,22,1,12,20.0,24970,25030,25270,28.425926,8.425926,8.425926,3.62008829999831,3,0.617200400010915,True
sub-22,223,3,23,1,60,60.0,26923,27823,28423,69.537037,9.537037,9.537037,4.58849860000191,3,0.450045100005809,True
sub-22,224,3,24,1,12,20.0,11500,11560,11800,55.092593,35.092593,35.092593,2.73619369999505,3,0.499746299989055,True
sub-22,225,3,25,2,60,80.0,10035,11235,11535,60.833333,-19.166667,19.166667,11.111342899996,2,0.48396660000435,True
sub-22,226,3,26,1,12,80.0,16152,16392,16452,67.777778,-12.222222,12.222222,3.8372376000043,3,0.533891400002175,True
sub-22,227,3,27,2,60,20.0,3650,3950,5150,25.185185,5.185185,5.185185,3.55339089999324,3,0.433640899980673,True
sub-22,228,3,28,2,300,20.0,10518,12018,18018,21.111111,1.111111,1.111111,6.12250260001746,2,0.967485399974975,True
sub-22,229,3,29,1,12,20.0,10400,10460,10700,24.907407,4.907407,4.907407,4.08752500000991,3,0.483920700004091,True
sub-22,230,3,30,1,12,80.0,3739,3979,4039,50.555556,-29.444444,29.444444,4.7878100000089,3,0.817458900011843,True
sub-22,231,3,31,2,300,20.0,14351,15851,21851,7.962963,-12.037037,12.037037,4.65450730000156,3,0.934250699996482,True
sub-22,232,3,32,2,60,80.0,16451,17651,17951,75.555556,-4.444444,4.444444,3.98763660000986,3,0.417140600009588,True
sub-22,233,3,33,1,12,80.0,26328,26568,26628,69.351852,-10.648148,10.648148,2.6027890999976,3,0.450411700003314,True
sub-22,234,3,34,1,60,60.0,1414,2314,2914,38.518519,-21.481481,21.481481,4.05410369997844,3,0.417186100006802,True
sub-22,235,3,35,1,12,40.0,21800,21920,22100,63.796296,23.796296,23.796296,3.88703909999458,3,1.63509320002049,True
sub-22,236,3,36,2,300,80.0,16327,22327,23827,95.0,15.0,15.0,4.57145790001959,4,0.667250600003171,True
sub-22,237,3,37,2,300,80.0,18200,24200,25700,88.611111,8.611111,8.611111,7.22383210001862,1,0.600558600010117,True
sub-22,238,3,38,1,60,40.0,13176,13776,14676,29.62963,-10.37037,10.37037,3.78767339998739,3,0.567006900004344,True
sub-22,239,3,39,2,60,20.0,28296,28596,29796,35.555556,15.555556,15.555556,3.63655239998479,3,0.616870999976527,True
sub-22,240,3,40,2,300,20.0,19988,21488,27488,19.814815,-0.185185,0.185185,24.1248234000231,1,0.46717770001851,True
sub-22,241,3,41,2,300,80.0,13458,19458,20958,87.962963,7.962963,7.962963,6.94033439998747,3,0.467333000007784,True
sub-22,242,3,42,2,300,60.0,12645,17145,20145,8.425926,-51.574074,51.574074,5.33854309999151,4,0.800672700017457,True
sub-22,243,3,43,2,300,20.0,1638,3138,9138,17.222222,-2.777778,2.777778,3.18669210001826,3,0.533836100017651,True
sub-22,244,3,44,2,300,80.0,11153,17153,18653,81.759259,1.759259,1.759259,6.55614040000364,3,0.500241900008404,True
sub-22,245,3,45,1,60,40.0,26923,27523,28423,72.87037,32.87037,32.87037,2.92261169999255,3,0.51701770001091,True
sub-22,246,3,46,2,60,60.0,11369,12269,12869,35.648148,-24.351852,24.351852,5.21971289999783,1,0.650654700002633,True
sub-22,247,3,47,1,60,80.0,22148,23348,23648,59.351852,-20.648148,20.648148,2.50275439998949,3,0.584075699996901,True
sub-22,248,3,48,1,12,80.0,29300,29540,29600,56.666667,-23.333333,23.333333,1.6850897000113,3,0.417371899995487,True
sub-22,249,3,49,2,60,60.0,9187,10087,10687,77.12963,17.12963,17.12963,5.38885899999877,3,0.400672200019471,True
sub-22,250,3,50,1,12,20.0,1602,1662,1902,60.462963,40.462963,40.462963,6.02275979999103,3,0.917058899998664,True
sub-22,251,3,51,2,60,20.0,25895,26195,27395,37.407407,17.407407,17.407407,13.8976725999964,1,0.617346699989866,True
sub-22,252,3,52,2,60,20.0,23865,24165,25365,83.703704,63.703704,63.703704,5.82298639998771,2,0.71731579999323,True
sub-22,253,3,53,1,12,40.0,25820,25940,26120,39.351852,-0.648148,0.648148,2.66913170000771,3,0.70111320001888,True
sub-22,254,3,54,2,300,40.0,16072,19072,23572,88.148148,48.148148,48.148148,3.9542369999981,4,0.550503400008892,True
sub-22,255,3,55,1,12,80.0,21800,22040,22100,93.888889,13.888889,13.888889,2.68638739999732,3,0.667398899997351,True
sub-22,256,3,56,1,60,20.0,1414,1714,2914,36.018519,16.018519,16.018519,3.12000619998434,3,0.450396900007035,True
sub-22,257,3,57,2,300,20.0,13557,15057,21057,6.851852,-13.148148,13.148148,4.48820680001517,4,0.466785700002219,True
sub-22,258,3,58,1,12,60.0,27281,27461,27581,75.555556,15.555556,15.555556,4.85453609999967,3,0.583708099991781,True
sub-22,259,3,59,2,300,80.0,10273,16273,17773,77.87037,-2.12963,2.12963,4.98837639999692,3,0.467103800008771,True
sub-22,260,3,60,2,60,40.0,25895,26495,27395,78.055556,38.055556,38.055556,2.50269160000607,2,1.8689388000057,True
sub-22,261,3,61,1,12,40.0,15162,15282,15462,43.148148,3.148148,3.148148,1.75146509998012,3,0.43370589998085,True
sub-22,262,3,62,2,60,80.0,21629,22829,23129,73.796296,-6.203704,6.203704,2.77003169999807,3,0.467002099991077,True
sub-22,263,3,63,1,12,80.0,2393,2633,2693,69.722222,-10.277778,10.277778,1.43477680001524,3,0.434101899998495,True
sub-22,264,3,64,2,60,20.0,21629,21929,23129,40.555556,20.555556,20.555556,4.02111039997544,3,0.433543799998005,True
sub-22,265,3,65,1,12,40.0,24970,25090,25270,85.0,45.0,45.0,3.25299130001803,3,0.500758000009227,True
sub-22,266,3,66,1,12,20.0,9950,10010,10250,72.407407,52.407407,52.407407,4.50445459998445,1,0.800636100000701,True
sub-22,267,3,67,1,12,60.0,26328,26508,26628,53.703704,-6.296296,6.296296,1.51848659999086,3,0.583515100006479,True
sub-22,268,3,68,2,300,60.0,20069,24569,27569,72.685185,12.685185,12.685185,5.25495969998883,3,0.517483400006312,True
sub-22,269,3,69,1,12,60.0,14329,14509,14629,65.462963,5.462963,5.462963,1.73535930001526,3,0.41708159999689,True
sub-22,270,3,70,1,60,20.0,20386,20686,21886,31.666667,11.666667,11.666667,3.82062479999149,3,0.717233100003795,True
sub-22,271,3,71,2,60,80.0,3650,4850,5150,71.666667,-8.333333,8.333333,3.46984199999133,3,0.349583600007463,True
sub-22,272,3,72,1,12,60.0,11500,11680,11800,52.685185,-7.314815,7.314815,2.43578040000284,3,0.583781799999997,True
sub-22,273,3,73,2,60,60.0,17621,18521,19121,22.314815,-37.685185,37.685185,13.4965205000189,1,0.500712900015059,True
sub-22,274,3,74,1,12,80.0,6414,6654,6714,80.277778,0.277778,0.277778,2.45248969999374,3,1.15028410000377,True
sub-22,275,3,75,2,300,80.0,12645,18645,20145,82.592593,2.592593,2.592593,8.70890950001194,3,0.434162899997318,True
sub-22,276,3,76,2,300,20.0,1960,3460,9460,16.851852,-3.148148,3.148148,4.13735769997583,3,0.517170999984955,True
sub-22,277,3,77,1,60,40.0,13942,14542,15442,34.259259,-5.740741,5.740741,2.45277209999039,3,0.583539299987023,True
sub-22,278,3,78,2,60,40.0,17621,18221,19121,75.0,35.0,35.0,5.75572229997487,3,0.400310000026365,True
sub-22,279,3,79,1,12,60.0,10400,10580,10700,68.981481,8.981481,8.981481,2.488700899994,3,0.73392529998091,True
sub-22,280,3,80,2,300,60.0,9381,13881,16881,77.407407,17.407407,17.407407,4.75533379998523,3,0.667590199998812,True
sub-22,281,3,81,2,60,20.0,14390,14690,15890,29.444444,9.444444,9.444444,2.8200552999915,3,0.600688900012755,True
sub-22,282,3,82,1,12,80.0,23864,24105,24165,82.222222,2.222222,2.222222,2.10240870001143,3,0.634134799998719,True
sub-22,283,3,83,1,12,40.0,15586,15706,15886,52.12963,12.12963,12.12963,3.95448549999855,3,0.399878600001102,True
sub-22,284,3,84,2,60,60.0,25202,26102,26702,81.018519,21.018519,21.018519,3.46788149999338,1,1.26751829998102,True
sub-22,285,3,85,1,12,40.0,12500,12620,12800,55.277778,15.277778,15.277778,3.97078699999838,3,0.417257199995219,True
sub-22,286,3,86,1,12,60.0,3739,3919,4039,53.240741,-6.759259,6.759259,1.9518236000149,3,0.366656600002897,True
sub-22,287,3,87,2,300,60.0,1638,6138,9138,72.314815,12.314815,12.314815,3.90411979999044,2,1.1506068999879,True
sub-22,288,3,88,1,60,80.0,15628,16828,17128,92.314815,12.314815,12.314815,5.2386744999967,3,0.900721099984366,True
sub-22,289,3,89,2,300,20.0,14066,15566,21566,9.074074,-10.925926,10.925926,2.78599929998745,4,0.533984200010309,True
sub-22,290,3,90,2,300,60.0,21224,25724,28724,24.074074,-35.925926,35.925926,6.69034279999323,3,0.583504600013839,True
sub-22,291,3,91,2,60,40.0,28296,28896,29796,22.592593,-17.407407,17.407407,2.63603819999843,3,0.651140600006328,True
sub-22,292,3,92,1,12,80.0,11500,11740,11800,83.888889,3.888889,3.888889,3.13636330000008,3,0.516933299979427,True
sub-22,293,3,93,1,12,60.0,4600,4780,4900,66.018519,6.018519,6.018519,3.92048030000296,3,0.483971399982692,True
sub-22,294,3,94,2,300,80.0,5739,11739,13239,40.277778,-39.722222,39.722222,8.52528810000512,1,0.550468400004319,True
sub-22,295,3,95,1,12,60.0,2486,2666,2786,72.777778,12.777778,12.777778,3.85437630000524,3,0.483533999999053,True
sub-22,296,3,96,2,300,40.0,19476,22476,26976,77.12963,37.12963,37.12963,3.4207194999908,3,0.417029200005345,True
sub-22,297,3,97,2,300,60.0,11153,15653,18653,24.166667,-35.833333,35.833333,3.85449860000517,3,0.600617399992188,True
sub-22,298,3,98,1,12,60.0,17600,17780,17900,68.055556,8.055556,8.055556,3.92091859999345,3,0.433482699998421,True
sub-22,299,3,99,2,60,40.0,12596,13196,14096,78.148148,38.148148,38.148148,6.92358100001001,3,0.550299199996516,True
sub-22,300,3,100,2,300,60.0,19476,23976,26976,79.444444,19.444444,19.444444,5.40556929999729,2,0.534033400006592,True
sub-23,1,1,1,2,300,20.0,18200,19700,25700,44.722222,24.722222,24.722222,19.1559827000019,2,1.10072900002705,True
sub-23,2,1,2,1,12,20.0,29300,29360,29600,46.111111,26.111111,26.111111,13.9308346000034,2,0.751233799994224,True
sub-23,3,1,3,2,300,20.0,10273,11773,17773,13.518519,-6.481481,6.481481,10.5445926999964,4,0.61726389999967,True
sub-23,4,1,4,2,300,40.0,10518,13518,18018,29.166667,-10.833333,10.833333,8.39238209999166,3,0.550210299988975,True
sub-23,5,1,5,1,12,20.0,25820,25880,26120,51.388889,31.388889,31.388889,6.57342139998218,2,0.483911499992245,True
sub-23,6,1,6,2,300,80.0,7365,13365,14865,89.444444,9.444444,9.444444,6.40690780000295,4,0.800485000014305,True
sub-23,7,1,7,1,12,80.0,3739,3979,4039,81.111111,1.111111,1.111111,6.52271640000981,4,0.567204899998614,True
sub-23,8,1,8,1,12,40.0,26328,26448,26628,69.259259,29.259259,29.259259,10.5275593999831,2,0.967378600005758,True
sub-23,9,1,9,1,12,80.0,2486,2726,2786,82.592593,2.592593,2.592593,11.1111739000189,4,1.50148259999696,True
sub-23,10,1,10,1,60,20.0,13942,14242,15442,26.574074,6.574074,6.574074,5.45566659999894,4,0.800852999993367,True
sub-23,11,1,11,1,12,20.0,15586,15646,15886,32.407407,12.407407,12.407407,6.68993860000046,4,0.53413630000432,True
sub-23,12,1,12,2,300,80.0,12645,18645,20145,35.462963,-44.537037,44.537037,12.9297828999988,1,0.516833400004543,True
sub-23,13,1,13,1,12,60.0,12500,12680,12800,47.12963,-12.87037,12.87037,9.32611429999815,2,0.467230800015386,True
sub-23,14,1,14,2,60,20.0,12596,12896,14096,25.277778,5.277778,5.277778,6.37269430002197,4,0.500837200001115,True
sub-23,15,1,15,1,60,80.0,6042,7242,7542,46.944444,-33.055556,33.055556,3.42030009999871,1,0.484159799991175,True
sub-23,16,1,16,2,60,60.0,11369,12269,12869,44.074074,-15.925926,15.925926,9.59294140001293,1,0.517297400016104,True
sub-23,17,1,17,2,60,60.0,25202,26102,26702,41.759259,-18.240741,18.240741,7.84159409999847,2,0.500416499999119,True
sub-23,18,1,18,1,12,40.0,3739,3859,4039,39.444444,-0.555556,0.555556,2.70268560000113,3,0.567269399994984,True
sub-23,19,1,19,1,60,80.0,15628,16828,17128,47.314815,-32.685185,32.685185,10.3936588999931,3,0.683508000016445,True
sub-23,20,1,20,2,300,80.0,20069,26069,27569,50.462963,-29.537037,29.537037,4.62130569998407,1,0.434135799994692,True
sub-23,21,1,21,2,60,20.0,10035,10335,11535,35.092593,15.092593,15.092593,4.53711909998673,2,0.533495300012873,True
sub-23,22,1,22,1,60,20.0,26923,27223,28423,44.537037,24.537037,24.537037,5.45546369999647,3,0.483506999997189,True
sub-23,23,1,23,2,300,40.0,18200,21200,25700,25.925926,-14.074074,14.074074,19.7531223999976,4,0.51737809999031,True
sub-23,24,1,24,1,12,20.0,13450,13510,13750,39.62963,19.62963,19.62963,6.77352729998529,2,0.383968300011474,True
sub-23,25,1,25,1,12,40.0,24970,25090,25270,51.851852,11.851852,11.851852,5.70568509999429,2,0.433407999982591,True
sub-23,26,1,26,2,300,20.0,11153,12653,18653,35.185185,15.185185,15.185185,11.6785116999817,1,0.934390599984908,True
sub-23,27,1,27,1,12,40.0,29300,29420,29600,42.5,2.5,2.5,9.27584709998336,2,0.550756600016029,True
sub-23,28,1,28,2,300,80.0,14351,20351,21851,83.611111,3.611111,3.611111,5.40600439999252,4,0.300525800004834,True
sub-23,29,1,29,1,12,40.0,15586,15706,15886,49.814815,9.814815,9.814815,4.58810759999323,2,0.450010200001997,True
sub-23,30,1,30,1,12,60.0,4600,4780,4900,60.092593,0.092593,0.092593,7.55728740000631,2,0.700424700014991,True
sub-23,31,1,31,1,12,40.0,27281,27401,27581,70.092593,30.092593,30.092593,9.65953609999269,4,0.433584899990819,True
sub-23,32,1,32,1,60,80.0,5494,6694,6994,43.518519,-36.481481,36.481481,9.4926254999882,3,0.417108299996471,True
sub-23,33,1,33,2,60,60.0,19722,20622,21222,70.833333,10.833333,10.833333,6.10621080000419,4,0.684783800010336,True
sub-23,34,1,34,2,60,80.0,21629,22829,23129,80.925926,0.925926,0.925926,11.5942130000039,4,0.433992900012526,True
sub-23,35,1,35,1,12,60.0,2486,2666,2786,65.462963,5.462963,5.462963,4.62092739998479,3,0.367205800022929,True
sub-23,36,1,36,1,12,20.0,23864,23925,24165,23.055556,3.055556,3.055556,9.35940070002107,3,0.450378100009402,True
sub-23,37,1,37,2,60,60.0,14390,15290,15890,63.518519,3.518519,3.518519,7.55794899997999,3,0.38380949999555,True
sub-23,38,1,38,2,60,80.0,14390,15590,15890,83.981481,3.981481,3.981481,3.01966290001291,4,0.333096400019712,True
sub-23,39,1,39,2,300,60.0,11085,15585,18585,62.685185,2.685185,2.685185,8.82538550000754,3,0.31704819999868,True
sub-23,40,1,40,1,12,40.0,23864,23985,24165,41.666667,1.666667,1.666667,4.32097520001116,1,0.650637400016421,True
sub-23,41,1,41,2,300,80.0,11085,17085,18585,81.666667,1.666667,1.666667,9.60941330000059,4,0.383796799986157,True
sub-23,42,1,42,2,300,20.0,22736,24236,30236,66.759259,46.759259,46.759259,16.6838091000099,3,0.399738700012676,True
sub-23,43,1,43,2,300,20.0,19988,21488,27488,31.203704,11.203704,11.203704,17.4006224000186,3,0.648425899998983,True
sub-23,44,1,44,2,300,40.0,9381,12381,16881,81.018519,41.018519,41.018519,18.0180972999951,4,0.567168400011723,True
sub-23,45,1,45,2,60,40.0,17621,18221,19121,56.574074,16.574074,16.574074,13.496502599999,2,0.533894100022735,True
sub-23,46,1,46,2,60,20.0,17621,17921,19121,36.388889,16.388889,16.388889,8.42477780001354,3,0.383758400013903,True
sub-23,47,1,47,2,60,20.0,28296,28596,29796,29.259259,9.259259,9.259259,7.55726990001858,4,0.400743600010173,True
sub-23,48,1,48,2,300,60.0,2522,7022,10022,36.203704,-23.796296,23.796296,12.6798784000275,3,0.333701900002779,True
sub-23,49,1,49,1,60,20.0,1414,1714,2914,34.259259,14.259259,14.259259,23.940718400001,1,0.784077799995429,True
sub-23,50,1,50,1,60,20.0,15628,15928,17128,58.333333,38.333333,38.333333,13.6137076999875,2,0.317150699993362,True
sub-23,51,1,51,1,12,20.0,2393,2453,2693,62.12963,42.12963,42.12963,7.40728469999157,3,0.28389540000353,True
sub-23,52,1,52,2,300,20.0,21224,22724,28724,64.444444,44.444444,44.444444,3.01978989999042,4,0.266917899978579,True
sub-23,53,1,53,2,300,40.0,13557,16557,21057,59.074074,19.074074,19.074074,8.79218869999749,3,0.266866199992364,True
sub-23,54,1,54,2,300,20.0,17351,18851,24851,64.814815,44.814815,44.814815,11.3280584000167,2,0.800886499986518,True
sub-23,55,1,55,2,300,40.0,19476,22476,26976,35.092593,-4.907407,4.907407,4.57169620000058,1,0.817479899997124,True
sub-23,56,1,56,2,60,60.0,25895,26795,27395,61.018519,1.018519,1.018519,12.5626281999866,2,2.0348881999962,True
sub-23,58,1,58,1,12,60.0,23864,24045,24165,66.666667,6.666667,6.666667,6.95750670001143,3,0.200380599999334,True
sub-23,59,1,59,1,12,20.0,11500,11560,11800,67.037037,47.037037,47.037037,14.6151418999943,4,0.133559899986721,True
sub-23,60,1,60,2,300,40.0,20069,23069,27569,58.518519,18.518519,18.518519,5.63892910000868,3,0.500618100020801,True
sub-23,61,1,61,2,60,20.0,21629,21929,23129,42.12963,22.12963,22.12963,8.02506610000273,4,0.383724999992409,True
sub-23,62,1,62,1,60,20.0,4556,4856,6056,24.722222,4.722222,4.722222,7.27387730000191,4,0.0664282999932766,True
sub-23,63,1,63,1,12,40.0,14329,14449,14629,35.185185,-4.814815,4.814815,5.2720934000099,4,0.216968299995642,True
sub-23,64,1,64,2,300,80.0,18200,24200,25700,36.759259,-43.240741,43.240741,11.2947879999992,4,0.217119199980516,True
sub-23,65,1,65,2,300,40.0,16072,19072,23572,52.037037,12.037037,12.037037,5.3890972000081,1,0.400608700001612,True
sub-23,66,1,66,2,300,80.0,5739,11739,13239,30.925926,-49.074074,49.074074,5.6056677000015,4,0.349732200003927,True
sub-23,67,1,67,1,12,80.0,24250,24490,24550,36.851852,-43.148148,43.148148,14.998385600018,3,0.183116000000154,True
sub-23,68,1,68,2,60,20.0,25202,25502,26702,33.888889,13.888889,13.888889,8.02488230000017,3,0.21715640000184,True
sub-23,69,1,69,1,12,40.0,16152,16272,16452,51.388889,11.388889,11.388889,13.7813501000055,3,0.283614799991482,True
sub-23,70,1,70,2,300,20.0,7365,8865,14865,8.703704,-11.296296,11.296296,16.8677227000007,4,0.399971699982415,True
sub-23,71,1,71,1,60,40.0,5494,6094,6994,39.537037,-0.462963,0.462963,9.29269410000415,3,0.250324799999361,True
sub-23,72,1,72,1,12,80.0,4600,4840,4900,60.555556,-19.444444,19.444444,4.50743779999902,4,0.167272999999113,True
sub-23,73,1,73,2,300,80.0,14066,20066,21566,47.592593,-32.407407,32.407407,3.06745070000761,2,3.4534369999892,True
sub-23,74,1,74,1,60,40.0,26923,27523,28423,66.111111,26.111111,26.111111,4.90506650001043,4,0.199924100015778,True
sub-23,75,1,75,2,300,40.0,10273,13273,17773,61.296296,21.296296,21.296296,4.62147370001184,3,0.266718700004275,True
sub-23,76,1,76,1,12,60.0,26328,26508,26628,30.092593,-29.907407,29.907407,10.043385100027,4,0.26746929998626,True
sub-23,77,1,77,1,12,80.0,6414,6654,6714,68.981481,-11.018519,11.018519,10.4604659999895,4,0.116557700006524,True
sub-23,78,1,78,2,300,40.0,16327,19327,23827,53.981481,13.981481,13.981481,5.20567160000791,2,0.283376600011251,True
sub-23,79,1,79,2,300,20.0,18922,20422,26422,34.351852,14.351852,14.351852,6.8562907000014,4,0.450557499978458,True
sub-23,80,1,80,1,60,60.0,6042,6942,7542,42.592593,-17.407407,17.407407,12.2627589999756,2,0.550263100012671,True
sub-23,81,1,81,1,60,80.0,22148,23348,23648,65.277778,-14.722222,14.722222,4.83794630001648,4,1.11781560000963,True
sub-23,82,1,82,2,60,20.0,25895,26195,27395,56.666667,36.666667,36.666667,4.72142529999837,1,0.500170400016941,True
sub-23,83,1,83,2,300,80.0,16327,22327,23827,67.12963,-12.87037,12.87037,9.15913159999763,4,1.06726229999912,True
sub-23,84,1,84,1,12,80.0,17600,17840,17900,73.240741,-6.759259,6.759259,6.32318760000634,4,0.0835948000021744,True
sub-23,85,1,85,2,60,80.0,16451,17651,17951,60.185185,-19.814815,19.814815,5.32161099999211,4,0.166434500017203,True
sub-23,86,1,86,1,12,80.0,12500,12740,12800,65.925926,-14.074074,14.074074,13.7139039999747,3,0.316713200008962,True
sub-23,87,1,87,1,60,20.0,2714,3014,4214,45.37037,25.37037,25.37037,7.52421840000897,3,0.300417699996614,True
sub-23,88,1,88,2,60,60.0,9187,10087,10687,61.296296,1.296296,1.296296,16.8501849999884,2,0.567634099978022,True
sub-23,89,1,89,2,60,40.0,23865,24465,25365,51.018519,11.018519,11.018519,17.9345758999988,2,0.500593800010392,True
sub-23,90,1,90,1,12,40.0,21273,21393,21573,64.351852,24.351852,24.351852,7.92451920002349,3,0.367311300011351,True
sub-23,91,1,91,2,60,40.0,9187,9787,10687,28.703704,-11.296296,11.296296,6.73751750000519,4,0.500392800022382,True
sub-23,92,1,92,1,12,20.0,15162,15222,15462,24.351852,4.351852,4.351852,8.77522380001028,4,0.333797800005413,True
sub-23,93,1,93,1,12,60.0,14329,14509,14629,54.907407,-5.092593,5.092593,5.42185009998502,2,0.333661000011488,True
sub-23,94,1,94,2,300,60.0,16072,20572,23572,66.759259,6.759259,6.759259,7.64126390000456,3,0.183161399996606,True
sub-23,95,1,95,2,300,20.0,13557,15057,21057,15.462963,-4.537037,4.537037,7.20701240000198,4,0.350705300021218,True
sub-23,96,1,96,1,12,80.0,11500,11740,11800,82.962963,2.962963,2.962963,6.43967280001379,4,0.751074200001312,True
sub-23,97,1,97,2,300,40.0,11085,14085,18585,44.907407,4.907407,4.907407,7.57476560000213,2,0.31682079998427,True
sub-23,98,1,98,2,60,60.0,16451,17351,17951,69.537037,9.537037,9.537037,6.3229087999789,4,0.0499710000003688,True
sub-23,99,1,99,2,300,40.0,13458,16458,20958,22.12963,-17.87037,17.87037,6.0722060999833,4,0.36688309998135,True
sub-23,100,1,100,2,300,80.0,16072,22072,23572,78.055556,-1.944444,1.944444,3.7537624000106,4,0.267461099982028,True
sub-23,101,2,1,2,60,60.0,12596,13496,14096,62.314815,2.314815,2.314815,11.550110799988,3,0.367194099992048,True
sub-23,102,2,2,2,300,40.0,14066,17066,21566,38.148148,-1.851852,1.851852,5.5086743000138,4,0.317375999991782,True
sub-23,103,2,3,1,60,40.0,4556,5156,6056,46.574074,6.574074,6.574074,11.9096663999953,2,0.449995700008003,True
sub-23,104,2,4,1,12,80.0,15586,15826,15886,53.055556,-26.944444,26.944444,3.152917600004,3,0.267957300005946,True
sub-23,105,2,5,1,12,40.0,10400,10520,10700,58.703704,18.703704,18.703704,9.84366379998391,1,0.416874499991536,True
sub-23,106,2,6,2,60,60.0,10035,10935,11535,32.87037,-27.12963,27.12963,9.72670679999282,3,0.316653699992457,True
sub-23,107,2,7,2,60,40.0,10035,10635,11535,52.685185,12.685185,12.685185,5.07177149999188,2,0.283722499996656,True
sub-23,108,2,8,2,300,20.0,16072,17572,23572,37.592593,17.592593,17.592593,2.98655110000981,3,1.11784669998451,True
sub-23,109,2,9,2,60,20.0,9187,9487,10687,34.259259,14.259259,14.259259,3.87053069999092,4,0.417043200024636,True
sub-23,110,2,10,2,300,40.0,14351,17351,21851,31.111111,-8.888889,8.888889,6.45636200002627,4,0.433711499994387,True
sub-23,111,2,11,1,12,60.0,13450,13630,13750,33.888889,-26.111111,26.111111,13.0463980000058,2,0.567561800009571,True
sub-23,112,2,12,1,12,40.0,12500,12620,12800,52.037037,12.037037,12.037037,3.1532665999839,1,0.316588099987711,True
sub-23,113,2,13,1,60,80.0,20386,21586,21886,68.240741,-11.759259,11.759259,12.5457750000059,3,0.450788700021803,True
sub-23,114,2,14,1,12,20.0,24970,25030,25270,49.814815,29.814815,29.814815,4.95535289999679,2,0.450548799999523,True
sub-23,115,2,15,1,60,20.0,22148,22448,23648,36.944444,16.944444,16.944444,13.4300077999942,3,0.117036399984499,True
sub-23,116,2,16,1,12,40.0,2486,2606,2786,56.296296,16.296296,16.296296,4.03764019999653,2,0.200277900003129,True
sub-23,117,2,17,1,12,60.0,25820,26000,26120,37.962963,-22.037037,22.037037,10.8107431999815,1,0.416523899999447,True
sub-23,118,2,18,1,12,80.0,9950,10190,10250,45.740741,-34.259259,34.259259,3.90398450000793,1,0.300170700007583,True
sub-23,119,2,19,1,12,40.0,17600,17720,17900,40.185185,0.185185,0.185185,6.08972290001111,2,0.217093699990073,True
sub-23,120,2,20,2,300,20.0,9381,10881,16881,17.037037,-2.962963,2.962963,8.80901160000939,4,0.400258000008761,True
sub-23,121,2,21,2,300,80.0,13557,19557,21057,64.074074,-15.925926,15.925926,18.4179179999919,3,0.400107900000875,True
sub-23,122,2,22,1,60,40.0,13942,14542,15442,52.5,12.5,12.5,9.69315360000473,2,0.467293200024869,True
sub-23,123,2,23,1,12,20.0,27281,27341,27581,47.407407,27.407407,27.407407,10.8972026999981,3,0.24991460001911,True
sub-23,124,2,24,1,12,60.0,15162,15342,15462,59.907407,-0.092593,0.092593,9.25918669998645,2,0.149717299995245,True
sub-23,125,2,25,1,12,80.0,2393,2633,2693,78.148148,-1.851852,1.851852,3.67067130000214,4,0.166712899983394,True
sub-23,126,2,26,2,60,20.0,23865,24165,25365,44.259259,24.259259,24.259259,44.7109906000259,3,0.500505000003613,True
sub-23,127,2,27,1,12,60.0,10400,10580,10700,40.925926,-19.074074,19.074074,7.39129050000337,1,0.483831399993505,True
sub-23,128,2,28,2,300,60.0,13557,18057,21057,37.592593,-22.407407,22.407407,5.68676060001598,3,0.717109899997012,True
sub-23,129,2,29,1,60,40.0,22148,22748,23648,61.666667,21.666667,21.666667,5.10542279999936,4,0.417531299986876,True
sub-23,130,2,30,2,300,40.0,17351,20351,24851,62.685185,22.685185,22.685185,23.0558944999938,3,0.467183700005989,True
sub-23,131,2,31,1,12,80.0,16152,16392,16452,77.777778,-2.222222,2.222222,4.23759829998016,4,0.416832200018689,True
sub-23,132,2,32,1,12,60.0,9950,10130,10250,56.851852,-3.148148,3.148148,14.1313705999928,2,0.433550900022964,True
sub-23,133,2,33,1,12,40.0,21800,21920,22100,64.722222,24.722222,24.722222,14.464531000005,3,0.434094500000355,True
sub-23,134,2,34,2,60,80.0,3650,4850,5150,28.888889,-51.111111,51.111111,8.07486299998709,4,0.450624499993864,True
sub-23,135,2,35,2,300,20.0,10518,12018,18018,26.851852,6.851852,6.851852,7.14103409997187,4,0.400309499993454,True
sub-23,136,2,36,2,300,40.0,11153,14153,18653,32.222222,-7.777778,7.777778,8.52503980000619,3,1.05101759999524,True
sub-23,137,2,37,2,300,20.0,5739,7239,13239,16.944444,-3.055556,3.055556,3.57045679999282,4,0.467541799996979,True
sub-23,138,2,38,2,60,40.0,25895,26495,27395,70.37037,30.37037,30.37037,27.4267748999991,4,0.0835735999862663,True
sub-23,139,2,39,2,300,60.0,1638,6138,9138,27.314815,-32.685185,32.685185,7.52500080000027,4,0.500871199998073,True
sub-23,140,2,40,2,300,60.0,14066,18566,21566,53.148148,-6.851852,6.851852,5.9255576999858,2,0.14997480000602,True
sub-23,141,2,41,2,60,80.0,12596,13796,14096,70.462963,-9.537037,9.537037,5.92000610000104,3,0.784225299983518,True
sub-23,142,2,42,2,60,40.0,16451,17051,17951,44.074074,4.074074,4.074074,18.134604699997,3,0.0663202999858185,True
sub-23,143,2,43,1,12,60.0,17600,17780,17900,72.222222,12.222222,12.222222,5.47200020001037,4,0.383670099981827,True
sub-23,144,2,44,2,60,20.0,11369,11669,12869,64.722222,44.722222,44.722222,11.3944392999983,3,0.133457899995846,True
sub-23,145,2,45,1,12,80.0,29300,29540,29600,60.740741,-19.259259,19.259259,1.83874750000541,2,0.300337399996351,True
sub-23,146,2,46,2,60,20.0,3650,3950,5150,35.648148,15.648148,15.648148,4.58876879999297,4,3.17012129997601,True
sub-23,147,2,47,1,12,60.0,11500,11680,11800,44.814815,-15.185185,15.185185,9.34333460000925,3,0.200619400013238,True
sub-23,148,2,48,1,60,40.0,2714,3314,4214,65.462963,25.462963,25.462963,5.23922029999084,2,0.666454799997154,True
sub-23,149,2,49,2,300,40.0,5739,8739,13239,21.666667,-18.333333,18.333333,15.348971600004,4,0.550408999988576,True
sub-23,150,2,50,1,60,20.0,5494,5794,6994,35.555556,15.555556,15.555556,7.35880100002395,4,0.416909100022166,True
sub-23,151,2,51,1,12,80.0,15162,15402,15462,72.037037,-7.962963,7.962963,12.7439552999858,4,0.483496100001502,True
sub-23,152,2,52,1,12,60.0,24250,24430,24550,53.240741,-6.759259,6.759259,25.7089846000017,1,0.533488499990198,True
sub-23,153,2,53,1,12,80.0,1602,1842,1902,56.018519,-23.981481,23.981481,6.85680750000756,2,0.283382099994923,True
sub-23,154,2,54,1,12,60.0,1602,1782,1902,42.592593,-17.407407,17.407407,3.23635660001309,1,0.283548199979122,True
sub-23,155,2,55,1,12,20.0,6414,6474,6714,29.166667,9.166667,9.166667,3.73670760000823,4,0.167022199981147,True
sub-23,156,2,56,1,12,80.0,14329,14569,14629,71.203704,-8.796296,8.796296,5.05510639998829,4,0.284140600007958,True
sub-23,157,2,57,1,12,20.0,17600,17660,17900,37.314815,17.314815,17.314815,4.77133270000922,3,0.233510599995497,True
sub-23,158,2,58,2,300,60.0,13458,17958,20958,59.074074,-0.925926,0.925926,5.33928439998999,3,0.416873900016071,True
sub-23,159,2,59,2,300,60.0,12645,17145,20145,37.777778,-22.222222,22.222222,4.0542492000095,3,0.30033969998476,True
sub-23,160,2,60,1,12,40.0,11500,11620,11800,29.074074,-10.925926,10.925926,6.52300869999453,4,0.416896900016581,True
sub-23,161,2,61,1,12,60.0,24970,25150,25270,56.759259,-3.240741,3.240741,10.1098814000142,3,0.483914099982939,True
sub-23,162,2,62,2,60,80.0,11369,12569,12869,80.185185,0.185185,0.185185,7.52423509999061,4,0.534359000012045,True
sub-23,163,2,63,2,60,40.0,25202,25802,26702,28.240741,-11.759259,11.759259,5.27211369998985,3,0.984469699993496,True
sub-23,164,2,64,2,60,40.0,19722,20322,21222,71.759259,31.759259,31.759259,2.85266489998321,4,0.150244499993277,True
sub-23,165,2,65,2,60,40.0,21629,22229,23129,67.314815,27.314815,27.314815,9.32597440000972,4,0.100389599974732,True
sub-23,166,2,66,1,12,20.0,4600,4660,4900,44.166667,24.166667,24.166667,4.95521620000363,3,0.133505700010573,True
sub-23,167,2,67,2,60,80.0,19722,20922,21222,77.314815,-2.685185,2.685185,8.30846169998403,4,0.350311299989698,True
sub-23,168,2,68,2,300,80.0,1638,7638,9138,49.259259,-30.740741,30.740741,12.5625698000076,2,0.316669300023932,True
sub-23,169,2,69,1,60,20.0,6042,6342,7542,28.425926,8.425926,8.425926,9.25877270000637,4,0.434038800012785,True
sub-23,170,2,70,2,60,60.0,28296,29196,29796,64.259259,4.259259,4.259259,14.9316869000031,3,0.0832399000064469,True
sub-23,171,2,71,1,60,60.0,26923,27823,28423,68.518519,8.518519,8.518519,7.39082869997946,4,0.166590599983464,True
sub-23,172,2,72,1,12,80.0,24970,25210,25270,59.907407,-20.092593,20.092593,11.4118128999834,3,0.0503098999906796,True
sub-23,173,2,73,2,300,60.0,17351,21851,24851,54.259259,-5.740741,5.740741,8.12553809999371,1,0.4670718999987,True
sub-23,174,2,74,1,60,40.0,20386,20986,21886,47.5,7.5,7.5,13.4129636999859,3,0.183311899978434,True
sub-23,175,2,75,1,12,80.0,21800,22040,22100,95.37037,15.37037,15.37037,5.73850999999558,4,0.416910699976142,True
sub-23,176,2,76,1,12,60.0,2393,2573,2693,73.148148,13.148148,13.148148,3.4699214999855,4,1.03452980000292,True
sub-23,177,2,77,1,12,60.0,6414,6594,6714,70.833333,10.833333,10.833333,4.68807420000666,4,0.166964000003645,True
sub-23,178,2,78,2,60,20.0,14390,14690,15890,33.518519,13.518519,13.518519,3.83721229998627,4,0.150144899991573,True
sub-23,179,2,79,1,60,60.0,22148,23048,23648,38.703704,-21.296296,21.296296,6.13944119997904,2,0.517139000003226,True
sub-23,180,2,80,2,60,80.0,23865,25065,25365,45.555556,-34.444444,34.444444,11.3111580999975,1,0.400776700000278,True
sub-23,181,2,81,2,60,60.0,3650,4550,5150,78.611111,18.611111,18.611111,21.3208984000084,4,0.31640630000038,True
sub-23,182,2,82,1,12,20.0,10400,10460,10700,51.759259,31.759259,31.759259,9.03980560001218,1,0.383804300014162,True
sub-23,183,2,83,2,60,40.0,3650,4250,5150,57.87037,17.87037,17.87037,9.05919110000832,3,0.0837171000021044,True
sub-23,184,2,84,2,300,40.0,2522,5522,10022,51.018519,11.018519,11.018519,24.140612099989,2,0.55030020000413,True
sub-23,185,2,85,1,60,80.0,13176,14376,14676,49.444444,-30.555556,30.555556,13.7805208000063,1,0.317425399989588,True
sub-23,186,2,86,2,60,40.0,14390,14990,15890,69.074074,29.074074,29.074074,11.8478966000257,4,0.350726199976634,True
sub-23,187,2,87,1,12,40.0,25820,25940,26120,33.888889,-6.111111,6.111111,15.3627915999968,2,2.18540019998908,True
sub-23,188,2,88,1,12,20.0,21273,21333,21573,17.962963,-2.037037,2.037037,5.72267630000715,4,0.0665142000070773,True
sub-23,189,2,89,1,60,60.0,13176,14076,14676,48.518519,-11.481481,11.481481,4.78752529999474,1,0.467676100000971,True
sub-23,190,2,90,2,60,60.0,23865,24765,25365,48.425926,-11.574074,11.574074,5.8393664000032,1,0.216954500006977,True
sub-23,191,2,91,1,12,80.0,25820,26060,26120,61.574074,-18.425926,18.425926,4.10444450000068,1,0.233498399989912,True
sub-23,192,2,92,2,300,60.0,19476,23976,26976,81.851852,21.851852,21.851852,7.17351759999292,4,0.633675299992319,True
sub-23,193,2,93,2,300,80.0,1960,7960,9460,55.462963,-24.537037,24.537037,12.8965746000176,3,1.10154939998756,True
sub-23,194,2,94,2,300,80.0,10518,16518,18018,37.685185,-42.314815,42.314815,7.841130899993,2,0.266750999988289,True
sub-23,195,2,95,2,60,80.0,10035,11235,11535,32.5,-47.5,47.5,15.8158549999934,2,0.500291900010779,True
sub-23,196,2,96,2,300,80.0,19476,25476,26976,65.092593,-14.907407,14.907407,6.27220199999283,3,0.0667362999811302,True
sub-23,197,2,97,1,60,60.0,20386,21286,21886,71.851852,11.851852,11.851852,12.4627859999891,4,0.400013500009663,True
sub-23,198,2,98,2,300,20.0,13458,14958,20958,22.5,2.5,2.5,7.2401957999973,4,0.21655089998967,True
sub-23,199,2,99,2,300,20.0,1638,3138,9138,38.333333,18.333333,18.333333,8.74194700000225,3,0.0334058000007644,True
sub-23,200,2,100,2,300,60.0,18922,23422,26422,76.574074,16.574074,16.574074,8.92491999999038,4,0.217053900007158,True
sub-23,201,3,1,1,60,60.0,4556,5456,6056,59.907407,-0.092593,0.092593,6.31340240000281,2,0.700443299981998,True
sub-23,202,3,2,2,300,80.0,17351,23351,24851,72.685185,-7.314815,7.314815,4.33751610000035,4,0.0500691999914124,True
sub-23,203,3,3,1,12,60.0,29300,29480,29600,66.203704,6.203704,6.203704,4.05398310002055,2,0.55009040000732,True
sub-23,204,3,4,2,300,80.0,18922,24922,26422,76.203704,-3.796296,3.796296,6.12266630001249,4,0.133541099989088,True
sub-23,205,3,5,2,60,20.0,16451,16751,17951,70.740741,50.740741,50.740741,7.9411976999836,3,0.166157800005748,True
sub-23,206,3,6,2,300,60.0,16327,20827,23827,76.203704,16.203704,16.203704,5.27229560000705,4,0.100032000016653,True
sub-23,207,3,7,2,300,60.0,10518,15018,18018,35.555556,-24.444444,24.444444,19.4696652000129,4,0.784231099998578,True
sub-23,208,3,8,1,60,40.0,13176,13776,14676,53.611111,13.611111,13.611111,3.01977220000117,1,0.400221099989721,True
sub-23,209,3,9,1,12,20.0,21800,21860,22100,68.888889,48.888889,48.888889,5.65557669999543,3,0.616718400007812,True
sub-23,210,3,10,1,60,80.0,1414,2614,2914,76.388889,-3.611111,3.611111,4.70478489997913,4,0.100035499985096,True
sub-23,211,3,11,2,300,20.0,11085,12585,18585,68.981481,48.981481,48.981481,8.20852949999971,2,0.700278399977833,True
sub-23,212,3,12,2,300,60.0,19988,24488,27488,34.074074,-25.925926,25.925926,10.9273949000053,3,1.06842130000586,True
sub-23,213,3,13,2,60,80.0,25895,27095,27395,69.537037,-10.462963,10.462963,5.13832859997637,3,0.367099700000835,True
sub-23,214,3,14,1,60,80.0,4556,5756,6056,77.12963,-2.87037,2.87037,2.53641440000501,3,0.500766400014981,True
sub-23,215,3,15,2,300,40.0,12645,15645,20145,60.0,20.0,20.0,8.15862500001094,2,0.150037799990968,True
sub-23,216,3,16,2,60,80.0,28296,29496,29796,63.240741,-16.759259,16.759259,13.3799852000083,2,0.416893699992215,True
sub-23,217,3,17,2,300,60.0,10273,14773,17773,66.481481,6.481481,6.481481,10.4605688000156,3,0.233852900011697,True
sub-23,218,3,18,2,300,60.0,20069,24569,27569,35.185185,-24.814815,24.814815,8.14174689998617,3,0.717574999987846,True
sub-23,219,3,19,2,300,80.0,22736,28736,30236,62.87037,-17.12963,17.12963,5.15483200000016,4,0.083706399978837,True
sub-23,220,3,20,2,300,40.0,1638,4638,9138,37.5,-2.5,2.5,16.0991429999994,3,0.100155299995094,True
sub-23,221,3,21,1,12,40.0,1602,1722,1902,55.833333,15.833333,15.833333,7.12384600000223,2,0.183669999998528,True
sub-23,222,3,22,2,300,60.0,18200,22700,25700,66.759259,6.759259,6.759259,6.12302259998978,3,0.433869000000413,True
sub-23,223,3,23,1,60,20.0,13176,13476,14676,61.666667,41.666667,41.666667,2.30251040001167,1,0.299986900005023,True
sub-23,224,3,24,1,12,60.0,21800,21980,22100,78.703704,18.703704,18.703704,4.90509230000316,4,0.600535799982026,True
sub-23,225,3,25,2,300,80.0,19988,25988,27488,83.796296,3.796296,3.796296,8.79183420000481,4,0.449959599995054,True
sub-23,226,3,26,1,60,40.0,6042,6642,7542,53.148148,13.148148,13.148148,2.11874459998216,1,0.483664800005499,True
sub-23,227,3,27,2,300,40.0,22736,25736,30236,32.685185,-7.314815,7.314815,6.489848600002,4,0.166975300002377,True
sub-23,228,3,28,1,60,80.0,13942,15142,15442,81.203704,1.203704,1.203704,13.6135699999867,4,0.317021099996054,True
sub-23,229,3,29,1,60,80.0,26923,28123,28423,69.444444,-10.555556,10.555556,4.5547544999863,3,0.433700399997178,True
sub-23,230,3,30,2,300,60.0,11153,15653,18653,43.611111,-16.388889,16.388889,12.3118805999984,3,0.517021600011503,True
sub-23,231,3,31,1,60,40.0,1414,2014,2914,65.925926,25.925926,25.925926,9.42603130001225,3,0.266763899999205,True
sub-23,232,3,32,2,300,80.0,9381,15381,16881,78.055556,-1.944444,1.944444,4.77152629999909,4,0.083617399999639,True
sub-23,233,3,33,1,12,20.0,12500,12560,12800,35.648148,15.648148,15.648148,26.6429396000166,2,0.383460999990347,True
sub-23,234,3,34,2,300,80.0,11153,17153,18653,61.574074,-18.425926,18.425926,8.87588370000594,3,0.116740800003753,True
sub-23,235,3,35,1,12,40.0,6414,6534,6714,27.12963,-12.87037,12.87037,4.20412670000223,3,0.283783499995479,True
sub-23,236,3,36,2,60,20.0,19722,20022,21222,12.222222,-7.777778,7.777778,3.00319700001273,4,0.33367970000836,True
sub-23,237,3,37,1,12,20.0,1602,1662,1902,56.574074,36.574074,36.574074,2.73625079999328,1,0.250162699987413,True
sub-23,238,3,38,2,300,20.0,1960,3460,9460,34.166667,14.166667,14.166667,6.67366619998938,3,0.250083199993241,True
sub-23,239,3,39,2,300,20.0,20069,21569,27569,60.277778,40.277778,40.277778,7.02339210000354,4,0.250074500014307,True
sub-23,240,3,40,1,12,40.0,2393,2513,2693,58.611111,18.611111,18.611111,4.0386123000062,3,0.400556099979439,True
sub-23,241,3,41,1,12,40.0,4600,4720,4900,53.888889,13.888889,13.888889,6.99030340000172,4,0.350516700011212,True
sub-23,242,3,42,2,60,80.0,9187,10387,10687,52.407407,-27.592593,27.592593,4.43774429999757,1,0.350457599997753,True
sub-23,243,3,43,1,60,80.0,2714,3914,4214,67.962963,-12.037037,12.037037,3.98477959999581,4,0.450541199999861,True
sub-23,244,3,44,1,12,60.0,27281,27461,27581,76.203704,16.203704,16.203704,6.35671570000704,4,0.183381300012115,True
sub-23,245,3,45,1,12,60.0,15586,15766,15886,50.37037,-9.62963,9.62963,2.95300039998255,3,0.500705699989339,True
sub-23,246,3,46,2,60,80.0,25202,26402,26702,65.740741,-14.259259,14.259259,13.2131789999839,3,0.100311199988937,True
sub-23,247,3,47,1,12,20.0,24250,24310,24550,50.648148,30.648148,30.648148,5.12502279999898,1,0.250687300023855,True
sub-23,248,3,48,1,12,60.0,21273,21453,21573,61.666667,1.666667,1.666667,5.72358849999727,3,0.166677700006403,True
sub-23,249,3,49,2,300,40.0,7365,10365,14865,37.222222,-2.777778,2.777778,7.35786739998729,4,0.0502950999944005,True
sub-23,250,3,50,1,12,60.0,3739,3919,4039,64.537037,4.537037,4.537037,4.42126110001117,3,0.100362299999687,True
sub-23,251,3,51,2,300,60.0,9381,13881,16881,67.222222,7.222222,7.222222,10.3775277999811,2,1.73512239998672,True
sub-23,252,3,52,2,300,60.0,14351,18851,21851,57.87037,-2.12963,2.12963,10.944941099995,2,0.267296100006205,True
sub-23,253,3,53,2,300,40.0,21224,24224,28724,43.981481,3.981481,3.981481,6.22321779999765,3,0.133062600012635,True
sub-23,254,3,54,2,300,60.0,5739,10239,13239,36.296296,-23.703704,23.703704,5.47237279999535,2,0.0838049999729264,True
sub-23,255,3,55,1,12,80.0,13450,13690,13750,41.851852,-38.148148,38.148148,4.91941699999733,1,1.45185519999358,True
sub-23,256,3,56,2,300,20.0,14066,15566,21566,37.037037,17.037037,17.037037,6.45646350001334,4,0.300505899998825,True
sub-23,257,3,57,1,12,20.0,2486,2546,2786,46.481481,26.481481,26.481481,3.43668449998949,2,0.433737499988637,True
sub-23,258,3,58,2,300,80.0,21224,27224,28724,82.592593,2.592593,2.592593,6.13923510001041,4,0.383890700002666,True
sub-23,259,3,59,2,300,80.0,2522,8522,10022,58.148148,-21.851852,21.851852,7.55767090001609,2,0.300522199977422,True
sub-23,260,3,60,2,60,40.0,12596,13196,14096,78.703704,38.703704,38.703704,5.02181679999921,4,0.867915599985281,True
sub-23,261,3,61,1,12,60.0,16152,16332,16452,66.759259,6.759259,6.759259,13.781015799992,3,1.05090950001613,True
sub-23,262,3,62,1,60,40.0,15628,16228,17128,53.148148,13.148148,13.148148,4.02049229998374,2,0.383508099999744,True
sub-23,263,3,63,2,300,60.0,22736,27236,30236,52.777778,-7.222222,7.222222,10.8110836000123,3,0.133389800001168,True
sub-23,264,3,64,2,300,20.0,19476,20976,26976,57.685185,37.685185,37.685185,16.6675222000048,2,0.216728899977169,True
sub-23,265,3,65,2,300,20.0,2522,4022,10022,31.203704,11.203704,11.203704,13.7304269000014,4,0.116842300019925,True
sub-23,266,3,66,1,60,60.0,5494,6394,6994,41.388889,-18.611111,18.611111,4.33742480000364,1,0.316447900026105,True
sub-23,267,3,67,1,12,40.0,9950,10070,10250,47.962963,7.962963,7.962963,3.43670719998772,1,0.91743800000404,True
sub-23,268,3,68,1,60,60.0,1414,2314,2914,45.462963,-14.537037,14.537037,2.21903009997913,1,0.199894700024742,True
sub-23,269,3,69,2,300,20.0,16327,17827,23827,32.037037,12.037037,12.037037,6.92380799999227,4,0.166616500006057,True
sub-23,270,3,70,2,300,20.0,14351,15851,21851,25.185185,5.185185,5.185185,3.87069589999737,4,0.266788299981271,True
sub-23,271,3,71,2,300,80.0,10273,16273,17773,70.092593,-9.907407,9.907407,11.9287887999962,3,0.183317599992733,True
sub-23,272,3,72,1,12,80.0,26328,26568,26628,85.37037,5.37037,5.37037,3.77041050000116,4,0.166745499998796,True
sub-23,273,3,73,1,12,20.0,9950,10010,10250,82.5,62.5,62.5,9.94347709999419,4,0.0834817000140901,True
sub-23,274,3,74,2,60,40.0,28296,28896,29796,33.240741,-6.759259,6.759259,7.27427930000703,4,0.450091500009875,True
sub-23,275,3,75,2,60,60.0,21629,22529,23129,61.481481,1.481481,1.481481,6.45699679999961,4,0.300344699993729,True
sub-23,276,3,76,2,300,40.0,19988,22988,27488,78.055556,38.055556,38.055556,3.7566388999985,4,0.449690200010081,True
sub-23,277,3,77,2,300,60.0,21224,25724,28724,77.12963,17.12963,17.12963,3.27049830000032,4,0.0830371000047307,True
sub-23,278,3,78,1,60,20.0,20386,20686,21886,53.240741,33.240741,33.240741,7.24119339999742,2,0.233708299987483,True
sub-23,279,3,79,1,12,80.0,21273,21513,21573,58.148148,-21.851852,21.851852,6.73759299999801,2,0.0665746000013314,True
sub-23,280,3,80,2,60,80.0,17621,18821,19121,79.444444,-0.555556,0.555556,6.69004019998828,4,0.25015040001017,True
sub-23,281,3,81,1,12,20.0,14329,14389,14629,53.518519,33.518519,33.518519,10.3604307000059,2,0.150226500001735,True
sub-23,282,3,82,1,12,80.0,10400,10640,10700,38.055556,-41.944444,41.944444,4.20436179998796,1,0.60107030000654,True
sub-23,283,3,83,2,300,40.0,18922,21922,26422,39.074074,-0.925926,0.925926,5.80581489999895,2,0.150357000005897,True
sub-23,284,3,84,1,60,60.0,13942,14842,15442,81.296296,21.296296,21.296296,3.93732679999084,4,0.717229600006248,True
sub-23,285,3,85,2,300,20.0,12645,14145,20145,35.37037,15.37037,15.37037,8.34112130000721,3,0.15066499999375,True
sub-23,286,3,86,1,12,40.0,15162,15282,15462,54.907407,14.907407,14.907407,5.97247730000526,2,0.116825400007655,True
sub-23,287,3,87,2,300,60.0,7365,11865,14865,36.111111,-23.888889,23.888889,5.63897969998652,4,0.250074100011261,True
sub-23,288,3,88,1,12,40.0,24250,24370,24550,62.685185,22.685185,22.685185,2.45273930000257,2,0.283978699997533,True
sub-23,289,3,89,2,300,80.0,13458,19458,20958,65.925926,-14.074074,14.074074,4.35439289998612,4,0.149812099989503,True
sub-23,290,3,90,2,300,60.0,1960,6460,9460,56.574074,-3.425926,3.425926,5.00484569999389,2,0.300043299997923,True
sub-23,291,3,91,1,12,20.0,3739,3799,4039,41.944444,21.944444,21.944444,3.93757370000821,4,0.517218499997397,True
sub-23,292,3,92,1,12,80.0,27281,27521,27581,71.851852,-8.148148,8.148148,6.85659879999002,4,0.500260800006799,True
sub-23,293,3,93,1,60,60.0,2714,3614,4214,63.240741,3.240741,3.240741,7.55775900001754,3,0.20013129999279,True
sub-23,294,3,94,1,12,80.0,23864,24105,24165,42.962963,-37.037037,37.037037,8.00785999998333,1,0.60073609999381,True
sub-23,295,3,95,1,12,40.0,13450,13570,13750,48.611111,8.611111,8.611111,3.82066200001281,1,0.467067799996584,True
sub-23,296,3,96,1,12,20.0,26328,26388,26628,43.240741,23.240741,23.240741,3.82031010001082,1,0.316647800005739,True
sub-23,297,3,97,2,300,40.0,1960,4960,9460,76.388889,36.388889,36.388889,6.30601299999398,4,0.200282900012098,True
sub-23,298,3,98,1,12,20.0,16152,16212,16452,33.981481,13.981481,13.981481,5.57213519999641,4,0.200770600000396,True
sub-23,299,3,99,2,60,40.0,11369,11969,12869,44.074074,4.074074,4.074074,3.4866051999852,1,0.934332299977541,True
sub-23,300,3,100,1,60,60.0,15628,16528,17128,51.388889,-8.611111,8.611111,4.22038149999571,2,0.283525999984703,True
sub-24,1,1,1,2,300,20.0,21224,22724,28724,40.462963,20.462963,20.462963,7.33471429999917,1,2.21844049997162,True
sub-24,2,1,2,2,60,80.0,16451,17651,17951,85.925926,5.925926,5.925926,5.17155229998752,4,0.700036800000816,True
sub-24,3,1,3,2,60,20.0,25202,25502,26702,26.018519,6.018519,6.018519,7.09052060003159,2,0.666402300004847,True
sub-24,4,1,4,2,300,40.0,1960,4960,9460,74.722222,34.722222,34.722222,5.20489400002406,3,0.816860500024631,True
sub-24,5,1,5,1,12,40.0,21273,21393,21573,8.425926,-31.574074,31.574074,4.68820750003214,4,1.251301900018,True
sub-24,6,1,6,2,300,60.0,14351,18851,21851,48.240741,-11.759259,11.759259,11.1279034999897,1,0.733786099997814,True
sub-24,7,1,7,1,12,80.0,11500,11740,11800,91.296296,11.296296,11.296296,7.25695899996208,4,0.499875399982556,True
sub-24,8,1,8,2,300,80.0,22736,28736,30236,73.425926,-6.574074,6.574074,10.4600392999709,3,0.716803700022865,True
sub-24,9,1,9,1,12,60.0,26328,26508,26628,88.796296,28.796296,28.796296,5.18807190004736,4,1.73424109996994,True
sub-24,10,1,10,1,60,20.0,6042,6342,7542,36.203704,16.203704,16.203704,5.63902880001114,3,1.21714690001681,True
sub-24,11,1,11,1,12,40.0,15162,15282,15462,96.666667,56.666667,56.666667,6.43977500003529,4,0.700009599968325,True
sub-24,12,1,12,2,300,80.0,17351,23351,24851,7.407407,-72.592593,72.592593,13.0129227999714,3,0.483435500005725,True
sub-24,13,1,13,1,12,20.0,17600,17660,17900,39.166667,19.166667,19.166667,6.08904030005214,2,0.566806900023948,True
sub-24,14,1,14,1,12,80.0,14329,14569,14629,94.444444,14.444444,14.444444,7.14017440000316,3,1.08365169999888,True
sub-24,15,1,15,2,300,80.0,19988,25988,27488,95.925926,15.925926,15.925926,10.7104949000058,4,0.584041399997659,True
sub-24,16,1,16,2,60,40.0,21629,22229,23129,15.925926,-24.074074,24.074074,8.65828799997689,2,0.466948100016452,True
sub-24,17,1,17,2,60,20.0,17621,17921,19121,9.166667,-10.833333,10.833333,5.15512310003396,3,0.649896299990359,True
sub-24,18,1,18,1,12,60.0,14329,14509,14629,48.055556,-11.944444,11.944444,3.68747839995194,3,1.03376810002373,True
sub-24,19,1,19,2,60,40.0,19722,20322,21222,93.981481,53.981481,53.981481,4.68748539994703,3,0.66672139998991,True
sub-24,20,1,20,1,12,80.0,17600,17840,17900,97.592593,17.592593,17.592593,3.30392049998044,4,0.851175000017974,True
sub-24,21,1,21,1,12,80.0,21273,21513,21573,96.944444,16.944444,16.944444,4.23597169999266,4,0.600490199984051,True
sub-24,22,1,22,2,300,40.0,16072,19072,23572,63.333333,23.333333,23.333333,7.40748280001571,1,0.599996600009035,True
sub-24,23,1,23,2,300,80.0,18200,24200,25700,91.481481,11.481481,11.481481,5.57192859996575,2,0.550324500014539,True
sub-24,24,1,24,1,12,40.0,2393,2513,2693,80.092593,40.092593,40.092593,4.47081530001014,4,1.05039170000236,True
sub-24,25,1,25,1,12,80.0,10400,10640,10700,17.037037,-62.962963,62.962963,5.22168210003292,2,0.416446299990639,True
sub-24,26,1,26,2,300,20.0,19476,20976,26976,51.203704,31.203704,31.203704,6.98942640004679,2,1.15054310002597,True
sub-24,27,1,27,2,300,20.0,18200,19700,25700,75.092593,55.092593,55.092593,6.62322950002271,2,0.633423399995081,True
sub-24,28,1,28,1,60,80.0,26923,28123,28423,81.759259,1.759259,1.759259,4.28738320001866,4,0.566639700031373,True
sub-24,29,1,29,2,60,20.0,28296,28596,29796,38.703704,18.703704,18.703704,7.64059609995456,3,1.06683289998909,True
sub-24,30,1,30,2,60,80.0,25895,27095,27395,77.222222,-2.777778,2.777778,6.82301650004228,3,0.533169600006658,True
sub-24,31,1,31,1,12,60.0,25820,26000,26120,18.425926,-41.574074,41.574074,6.33980899996822,3,0.533124400011729,True
sub-24,32,1,32,2,60,20.0,19722,20022,21222,13.888889,-6.111111,6.111111,3.13618000003043,3,0.533041600021533,True
sub-24,33,1,33,2,300,20.0,5739,7239,13239,18.888889,-1.111111,1.111111,4.60434520000126,3,0.53327110002283,True
sub-24,34,1,34,1,12,80.0,24250,24490,24550,96.388889,16.388889,16.388889,4.35454899998148,4,0.683133800048381,True
sub-24,35,1,35,2,300,40.0,13557,16557,21057,45.462963,5.462963,5.462963,8.84217630000785,1,0.533812600013334,True
sub-24,36,1,36,2,300,80.0,1960,7960,9460,70.092593,-9.907407,9.907407,6.47288479999406,2,0.950910000014118,True
sub-24,37,1,37,1,12,80.0,4600,4840,4900,49.907407,-30.092593,30.092593,7.77394260000437,4,0.650900700013153,True
sub-24,38,1,38,2,300,20.0,10518,12018,18018,58.148148,38.148148,38.148148,7.20680139999603,1,0.700620100018568,True
sub-24,39,1,39,1,12,40.0,15586,15706,15886,50.37037,10.37037,10.37037,4.75476380001055,4,1.65080010000383,True
sub-24,40,1,40,2,60,60.0,25202,26102,26702,26.018519,-33.981481,33.981481,7.64103800000157,3,0.933221700019203,True
sub-24,41,1,41,2,300,60.0,19988,24488,27488,78.333333,18.333333,18.333333,6.00574839999899,2,0.666147199983242,True
sub-24,42,1,42,2,60,80.0,9187,10387,10687,32.777778,-47.222222,47.222222,8.97537089994875,2,0.533052999991923,True
sub-24,43,1,43,1,12,20.0,6414,6474,6714,21.759259,1.759259,1.759259,4.80437510000774,4,0.549840399995446,True
sub-24,44,1,44,2,60,40.0,25895,26495,27395,25.925926,-14.074074,14.074074,10.3766937999753,1,1.13409509998746,True
sub-24,45,1,45,2,300,80.0,21224,27224,28724,94.62963,14.62963,14.62963,4.5547721000039,3,1.40045419998932,True
sub-24,46,1,46,1,12,20.0,13450,13510,13750,88.611111,68.611111,68.611111,5.65531549998559,4,0.466358300007414,True
sub-24,47,1,47,2,300,80.0,13557,19557,21057,36.851852,-43.148148,43.148148,6.73981759999878,1,0.667020699998829,True
sub-24,48,1,48,2,60,80.0,14390,15590,15890,84.814815,4.814815,4.814815,8.89185640000505,3,2.81885440001497,True
sub-24,49,1,49,2,60,60.0,3650,4550,5150,81.388889,21.388889,21.388889,5.52202229999238,4,0.433444100024644,True
sub-24,50,1,50,2,300,40.0,1638,4638,9138,48.796296,8.796296,8.796296,6.82354830001713,2,1.18419070000527,True
sub-24,51,1,51,1,60,40.0,4556,5156,6056,90.092593,50.092593,50.092593,4.5044299000292,3,0.783782300015445,True
sub-24,52,1,52,1,12,80.0,13450,13690,13750,67.12963,-12.87037,12.87037,4.00393659999826,4,0.833762099966406,True
sub-24,53,1,53,2,60,20.0,16451,16751,17951,26.759259,6.759259,6.759259,6.13958720001392,3,1.26775780000025,True
sub-24,54,1,54,1,12,60.0,3739,3919,4039,91.203704,31.203704,31.203704,2.58533549995627,3,0.816548499977216,True
sub-24,55,1,55,1,60,20.0,1414,1714,2914,72.5,52.5,52.5,12.5290594999678,4,0.516784299979917,True
sub-24,56,1,56,2,60,60.0,21629,22529,23129,79.907407,19.907407,19.907407,10.8269522999762,3,0.583534899982623,True
sub-24,57,1,57,1,12,80.0,23864,24105,24165,20.648148,-59.351852,59.351852,10.5767132000182,3,0.499989599979016,True
sub-24,58,1,58,1,12,80.0,24970,25210,25270,76.574074,-3.425926,3.425926,4.68851200002245,4,1.15016640000976,True
sub-24,59,1,59,2,300,20.0,13557,15057,21057,74.537037,54.537037,54.537037,7.39055650000227,3,0.449979199969675,True
sub-24,60,1,60,2,60,20.0,14390,14690,15890,16.388889,-3.611111,3.611111,3.88729149999562,4,1.45107009995263,True
sub-24,61,1,61,2,60,40.0,11369,11969,12869,22.5,-17.5,17.5,5.3052144999965,1,0.584042800008319,True
sub-24,62,1,62,1,60,80.0,1414,2614,2914,94.907407,14.907407,14.907407,4.58775130001595,4,0.617155999992974,True
sub-24,63,1,63,1,12,80.0,25820,26060,26120,19.907407,-60.092593,60.092593,2.98648100002901,3,0.400329599971883,True
sub-24,64,1,64,2,300,80.0,13458,19458,20958,65.833333,-14.166667,14.166667,5.13848510000389,2,1.20066159998532,True
sub-24,65,1,65,1,60,60.0,6042,6942,7542,81.944444,21.944444,21.944444,5.32195270003285,4,0.71695729997009,True
sub-24,66,1,66,1,12,40.0,9950,10070,10250,93.981481,53.981481,53.981481,8.25828379997983,3,1.03397769998991,True
sub-24,67,1,67,1,60,60.0,4556,5456,6056,44.814815,-15.185185,15.185185,5.05464930000016,4,1.41728579998016,True
sub-24,68,1,68,1,12,20.0,26328,26388,26628,92.592593,72.592593,72.592593,4.47098640003241,4,0.683788299968,True
sub-24,69,1,69,2,60,60.0,14390,15290,15890,65.833333,5.833333,5.833333,8.52527019998524,4,0.784328500041738,True
sub-24,70,1,70,1,60,60.0,13942,14842,15442,7.777778,-52.222222,52.222222,3.62027610000222,3,0.683309399988502,True
sub-24,71,1,71,1,12,80.0,2393,2633,2693,95.277778,15.277778,15.277778,3.15331569995032,4,0.583406399993691,True
sub-24,72,1,72,2,60,60.0,17621,18521,19121,89.814815,29.814815,29.814815,3.87041660002432,4,0.650889199983794,True
sub-24,73,1,73,1,12,20.0,12500,12560,12800,17.592593,-2.407407,2.407407,4.73775490000844,3,0.700250199995935,True
sub-24,74,1,74,1,12,80.0,27281,27521,27581,76.111111,-3.888889,3.888889,4.45422269997652,4,0.65054639999289,True
sub-24,75,1,75,2,300,20.0,13458,14958,20958,69.722222,49.722222,49.722222,4.38764149998314,3,0.700196399993728,True
sub-24,76,1,76,1,60,60.0,2714,3614,4214,79.62963,19.62963,19.62963,3.08653619996039,4,0.600675199995748,True
sub-24,77,1,77,1,12,40.0,26328,26448,26628,95.740741,55.740741,55.740741,3.08605260000331,4,1.06707200000528,True
sub-24,78,1,78,1,60,40.0,5494,6094,6994,58.425926,18.425926,18.425926,7.77426870004273,3,1.03393069998128,True
sub-24,79,1,79,1,60,20.0,15628,15928,17128,6.666667,-13.333333,13.333333,4.7210550000309,3,0.61696449998999,True
sub-24,80,1,80,1,60,60.0,1414,2314,2914,9.259259,-50.740741,50.740741,3.06934079999336,3,0.53364199999487,True
sub-24,81,1,81,1,60,80.0,20386,21586,21886,87.592593,7.592593,7.592593,3.97067609999794,4,1.2504335999838,True
sub-24,82,1,82,2,300,40.0,16327,19327,23827,38.425926,-1.574074,1.574074,4.0873323000269,1,0.750551300006918,True
sub-24,83,1,83,2,300,40.0,21224,24224,28724,73.333333,33.333333,33.333333,5.02151990000857,3,0.466899899998679,True
sub-24,84,1,84,1,12,40.0,6414,6534,6714,44.074074,4.074074,4.074074,5.88921479997225,4,0.583286300010513,True
sub-24,85,1,85,2,60,60.0,9187,10087,10687,71.759259,11.759259,11.759259,6.13956540002254,2,0.516897900030016,True
sub-24,86,1,86,1,60,60.0,26923,27823,28423,68.796296,8.796296,8.796296,5.30487420002464,4,1.21751319995382,True
sub-24,87,1,87,1,60,80.0,22148,23348,23648,94.62963,14.62963,14.62963,5.35509660001844,3,1.06728519999887,True
sub-24,88,1,88,2,300,80.0,9381,15381,16881,74.166667,-5.833333,5.833333,7.89135360001819,3,0.500413400004617,True
sub-24,89,1,89,2,60,60.0,25895,26795,27395,23.518519,-36.481481,36.481481,6.75629400002071,2,1.35052789998007,True
sub-24,90,1,90,2,300,60.0,11153,15653,18653,65.0,5.0,5.0,8.69173580000642,2,0.500366899999789,True
sub-24,91,1,91,1,60,20.0,13942,14242,15442,21.018519,1.018519,1.018519,4.52096779999556,4,0.650711000023875,True
sub-24,92,1,92,1,12,60.0,6414,6594,6714,88.796296,28.796296,28.796296,3.55324889998883,4,0.599823300028219,True
sub-24,93,1,93,1,12,40.0,24970,25090,25270,88.148148,48.148148,48.148148,5.97231350000947,4,0.515954300004523,True
sub-24,94,1,94,1,60,20.0,4556,4856,6056,22.314815,2.314815,2.314815,5.92295060004107,3,0.71707770001376,True
sub-24,95,1,95,1,60,60.0,22148,23048,23648,75.0,15.0,15.0,5.43836169998394,3,0.499693100049626,True
sub-24,96,1,96,2,300,60.0,14066,18566,21566,72.037037,12.037037,12.037037,7.85758880001958,3,0.68333500000881,True
sub-24,97,1,97,1,12,20.0,21800,21860,22100,67.685185,47.685185,47.685185,9.07576640002662,4,0.683274300012271,True
sub-24,98,1,98,2,60,40.0,12596,13196,14096,78.518519,38.518519,38.518519,6.3400620999746,2,0.449848500022199,True
sub-24,99,1,99,2,60,20.0,21629,21929,23129,10.092593,-9.907407,9.907407,8.75842520000878,3,1.31783250003354,True
sub-24,100,1,100,2,300,60.0,1960,6460,9460,77.5,17.5,17.5,8.3915871999925,3,0.55024280003272,True
sub-24,101,2,1,2,300,80.0,10518,16518,18018,48.796296,-31.203704,31.203704,11.1714282999746,2,0.666907400009222,True
sub-24,102,2,2,2,300,20.0,16072,17572,23572,32.037037,12.037037,12.037037,5.43875689996639,2,0.449990299995988,True
sub-24,103,2,3,2,300,40.0,2522,5522,10022,35.925926,-4.074074,4.074074,7.87439979996997,3,0.983937899989541,True
sub-24,104,2,4,2,300,40.0,5739,8739,13239,8.888889,-31.111111,31.111111,3.58675200003199,4,0.550319899979513,True
sub-24,105,2,5,2,60,40.0,10035,10635,11535,16.574074,-23.425926,23.425926,7.30717329995241,3,0.483482499956153,True
sub-24,106,2,6,1,12,20.0,15162,15222,15462,79.814815,59.814815,59.814815,6.5901034999988,4,0.666793700016569,True
sub-24,107,2,7,2,300,20.0,22736,24236,30236,64.907407,44.907407,44.907407,7.14008540002396,3,1.03417349996743,True
sub-24,108,2,8,1,12,80.0,26328,26568,26628,94.62963,14.62963,14.62963,3.11933329998282,4,1.06727060000412,True
sub-24,109,2,9,1,60,80.0,15628,16828,17128,60.0,-20.0,20.0,4.25457910000113,4,0.633693600015249,True
sub-24,110,2,10,1,12,60.0,15162,15342,15462,58.981481,-1.018519,1.018519,11.7785731999902,3,1.13451469998108,True
sub-24,111,2,11,2,60,20.0,25895,26195,27395,42.87037,22.87037,22.87037,6.73927269998239,2,1.00062730000354,True
sub-24,112,2,12,2,60,20.0,12596,12896,14096,27.685185,7.685185,7.685185,4.55449779995251,2,0.583574799995403,True
sub-24,113,2,13,1,12,60.0,9950,10130,10250,57.962963,-2.037037,2.037037,7.72417480003787,3,0.68362139997771,True
sub-24,114,2,14,2,300,40.0,14351,17351,21851,36.851852,-3.148148,3.148148,6.89011639996897,3,1.10042199998861,True
sub-24,115,2,15,2,300,60.0,16072,20572,23572,69.074074,9.074074,9.074074,5.05487679998623,3,0.483662400045432,True
sub-24,116,2,16,2,60,40.0,9187,9787,10687,51.111111,11.111111,11.111111,5.83884270000271,2,0.80038929998409,True
sub-24,117,2,17,1,12,60.0,24250,24430,24550,47.962963,-12.037037,12.037037,4.18742619996191,3,0.433115599968004,True
sub-24,118,2,18,2,300,60.0,2522,7022,10022,76.388889,16.388889,16.388889,8.77526620001299,2,0.38342540001031,True
sub-24,119,2,19,1,12,60.0,24970,25150,25270,77.87037,17.87037,17.87037,4.80474779999349,4,0.883743500045966,True
sub-24,120,2,20,1,60,60.0,5494,6394,6994,51.759259,-8.240741,8.240741,6.22309560002759,4,0.566976900037843,True
sub-24,121,2,21,2,300,20.0,16327,17827,23827,31.481481,11.481481,11.481481,5.08794070000294,2,0.782595500000752,True
sub-24,122,2,22,2,60,80.0,25202,26402,26702,73.981481,-6.018519,6.018519,3.16947449999861,4,0.550309600017499,True
sub-24,123,2,23,1,12,20.0,14329,14389,14629,73.981481,53.981481,53.981481,6.2726163000334,3,0.934068300004582,True
sub-24,124,2,24,2,300,80.0,14351,20351,21851,91.574074,11.574074,11.574074,4.73763129999861,4,0.583764800045173,True
sub-24,125,2,25,2,300,20.0,14351,15851,21851,12.777778,-7.222222,7.222222,10.0597978999721,3,0.900876199943013,True
sub-24,126,2,26,1,60,80.0,4556,5756,6056,73.333333,-6.666667,6.666667,4.95454030000837,3,0.650059600011445,True
sub-24,127,2,27,2,60,80.0,10035,11235,11535,60.555556,-19.444444,19.444444,12.0611721000168,1,0.549680799944326,True
sub-24,128,2,28,1,12,60.0,21800,21980,22100,75.648148,15.648148,15.648148,9.44240559998434,3,2.05165639996994,True
sub-24,129,2,29,2,60,20.0,11369,11669,12869,13.981481,-6.018519,6.018519,4.43727349996333,4,0.599904200003948,True
sub-24,130,2,30,2,60,80.0,17621,18821,19121,65.648148,-14.351852,14.351852,6.02281170000787,3,0.533287100028246,True
sub-24,131,2,31,2,60,20.0,3650,3950,5150,11.203704,-8.796296,8.796296,3.43641139997635,2,1.20044919999782,True
sub-24,132,2,32,2,60,20.0,10035,10335,11535,35.648148,15.648148,15.648148,5.23870570003055,1,0.449981299985665,True
sub-24,133,2,33,1,12,20.0,24970,25030,25270,29.259259,9.259259,9.259259,3.72021900000982,4,0.433078800037037,True
sub-24,134,2,34,2,300,20.0,14066,15566,21566,31.851852,11.851852,11.851852,7.25705110002309,2,0.432902899978216,True
sub-24,135,2,35,2,300,20.0,19988,21488,27488,81.759259,61.759259,61.759259,7.00680769997416,2,1.56792220001807,True
sub-24,136,2,36,1,60,20.0,5494,5794,6994,33.981481,13.981481,13.981481,5.33831320004537,3,0.432721599994692,True
sub-24,137,2,37,1,12,60.0,2486,2666,2786,78.796296,18.796296,18.796296,4.87189680000301,4,0.466689999972004,True
sub-24,138,2,38,2,300,80.0,10273,16273,17773,29.166667,-50.833333,50.833333,4.72144250001292,3,1.03397540003061,True
sub-24,139,2,39,2,300,40.0,18200,21200,25700,42.037037,2.037037,2.037037,7.37370220001321,2,0.650249300000723,True
sub-24,140,2,40,2,300,60.0,10273,14773,17773,56.666667,-3.333333,3.333333,13.4630744000314,2,1.1669790999731,True
sub-24,141,2,41,1,12,80.0,9950,10190,10250,87.037037,7.037037,7.037037,3.5202272000024,4,0.399108699988573,True
sub-24,142,2,42,1,12,60.0,11500,11680,11800,75.37037,15.37037,15.37037,3.87047870003152,4,0.767107199993915,True
sub-24,143,2,43,1,12,20.0,11500,11560,11800,7.685185,-12.314815,12.314815,6.77301530004479,4,0.616906600014772,True
sub-24,144,2,44,1,12,40.0,13450,13570,13750,70.648148,30.648148,30.648148,4.27065810002386,3,0.466477399982977,True
sub-24,145,2,45,2,60,60.0,12596,13496,14096,72.87037,12.87037,12.87037,10.9103520000353,2,0.717018499970436,True
sub-24,146,2,46,1,12,20.0,24250,24310,24550,46.203704,26.203704,26.203704,8.40821419999701,3,0.583523200009949,True
sub-24,147,2,47,1,12,40.0,23864,23985,24165,30.740741,-9.259259,9.259259,4.80464380001649,3,0.449962799961213,True
sub-24,148,2,48,2,300,60.0,18200,22700,25700,67.962963,7.962963,7.962963,7.65813140000682,2,0.432915100012905,True
sub-24,149,2,49,1,12,40.0,14329,14449,14629,55.0,15.0,15.0,8.19146390003152,3,0.483326300047338,True
sub-24,150,2,50,2,60,80.0,21629,22829,23129,79.351852,-0.648148,0.648148,8.87544149998575,3,1.91839619999518,True
sub-24,151,2,51,2,300,40.0,12645,15645,20145,31.203704,-8.796296,8.796296,6.40576180000789,2,0.450001799967139,True
sub-24,152,2,52,2,300,40.0,11085,14085,18585,23.240741,-16.759259,16.759259,8.27505359996575,3,0.683526100008748,True
sub-24,153,2,53,1,12,20.0,9950,10010,10250,19.62963,-0.37037,0.37037,8.30824699997902,1,0.533453699958045,True
sub-24,154,2,54,2,300,60.0,10518,15018,18018,31.574074,-28.425926,28.425926,5.88931970001431,3,0.600706500001251,True
sub-24,155,2,55,2,300,60.0,11085,15585,18585,57.777778,-2.222222,2.222222,6.17246380000142,1,0.750241099973209,True
sub-24,156,2,56,2,300,40.0,10518,13518,18018,24.814815,-15.185185,15.185185,8.52542810002341,2,1.65107609995175,True
sub-24,157,2,57,1,12,60.0,15586,15766,15886,46.574074,-13.425926,13.425926,3.48661670001456,4,0.449831500009167,True
sub-24,158,2,58,2,300,40.0,11153,14153,18653,66.111111,26.111111,26.111111,7.09049690002575,3,0.46717289998196,True
sub-24,159,2,59,1,12,20.0,16152,16212,16452,27.314815,7.314815,7.314815,4.32100280001759,3,0.499617199995555,True
sub-24,160,2,60,1,12,20.0,4600,4660,4900,20.833333,0.833333,0.833333,5.42171810002764,4,0.599531000014394,True
sub-24,161,2,61,2,300,80.0,7365,13365,14865,94.907407,14.907407,14.907407,5.37143090000608,4,0.867081800010055,True
sub-24,162,2,62,1,60,20.0,22148,22448,23648,27.962963,7.962963,7.962963,6.67362810001941,2,0.616617499967105,True
sub-24,163,2,63,1,12,80.0,2486,2726,2786,84.62963,4.62963,4.62963,3.73682290001306,3,1.03452370001468,True
sub-24,164,2,64,1,12,40.0,2486,2606,2786,17.592593,-22.407407,22.407407,4.05363510001916,4,0.701020799984689,True
sub-24,165,2,65,2,300,60.0,12645,17145,20145,33.333333,-26.666667,26.666667,4.23732369998469,2,0.616470199951436,True
sub-24,166,2,66,2,300,20.0,18922,20422,26422,72.962963,52.962963,52.962963,7.49041369999758,1,2.63550849998137,True
sub-24,167,2,67,1,12,80.0,29300,29540,29600,88.796296,8.796296,8.796296,5.32155079999938,4,0.600574499985668,True
sub-24,168,2,68,1,12,40.0,1602,1722,1902,65.37037,25.37037,25.37037,7.07313760003307,4,0.500510799989569,True
sub-24,169,2,69,2,300,40.0,7365,10365,14865,90.0,50.0,50.0,4.43758079997496,4,0.616791400010697,True
sub-24,170,2,70,2,300,40.0,17351,20351,24851,61.666667,21.666667,21.666667,5.67186559998663,2,0.499707000039052,True
sub-24,171,2,71,2,300,40.0,19988,22988,27488,76.851852,36.851852,36.851852,4.40408569999272,3,0.566768800024874,True
sub-24,172,2,72,2,60,40.0,17621,18221,19121,26.296296,-13.703704,13.703704,8.70862750004744,1,0.566199099994264,True
sub-24,173,2,73,2,300,40.0,19476,22476,26976,61.574074,21.574074,21.574074,4.68778179999208,2,0.382971799990627,True
sub-24,174,2,74,1,60,60.0,15628,16528,17128,37.87037,-22.12963,22.12963,4.6711983999703,2,0.816721900017,True
sub-24,175,2,75,2,300,20.0,7365,8865,14865,10.648148,-9.351852,9.351852,8.94223550002789,4,0.41637830005493,True
sub-24,176,2,76,1,12,40.0,4600,4720,4900,51.018519,11.018519,11.018519,9.72586530004628,3,0.817536299990024,True
sub-24,177,2,77,1,60,80.0,6042,7242,7542,89.351852,9.351852,9.351852,5.22178730001905,4,0.516809900000225,True
sub-24,178,2,78,1,12,60.0,29300,29480,29600,80.925926,20.925926,20.925926,4.33757740003056,3,0.599600800022017,True
sub-24,179,2,79,1,12,40.0,10400,10520,10700,44.907407,4.907407,4.907407,8.64178330003051,2,0.49989810003899,True
sub-24,180,2,80,1,12,60.0,17600,17780,17900,59.722222,-0.277778,0.277778,4.27128399995854,2,0.466602400003466,True
sub-24,181,2,81,1,60,80.0,13176,14376,14676,80.277778,0.277778,0.277778,6.52302110003074,2,0.466623599990271,True
sub-24,182,2,82,2,300,60.0,21224,25724,28724,91.851852,31.851852,31.851852,4.28686600003857,3,0.415990300010889,True
sub-24,183,2,83,2,300,40.0,14066,17066,21566,35.0,-5.0,5.0,7.52431970002362,3,0.516925700008869,True
sub-24,184,2,84,1,60,40.0,26923,27523,28423,72.87037,32.87037,32.87037,3.75340020004659,3,0.666815800010226,True
sub-24,185,2,85,2,60,20.0,9187,9487,10687,9.722222,-10.277778,10.277778,5.30491149995941,3,0.766489600006025,True
sub-24,186,2,86,2,300,20.0,1638,3138,9138,10.185185,-9.814815,9.814815,5.37182190001476,4,0.383118400000967,True
sub-24,187,2,87,2,300,80.0,12645,18645,20145,91.203704,11.203704,11.203704,8.62472360004903,4,0.850671299966052,True
sub-24,188,2,88,2,300,20.0,17351,18851,24851,73.611111,53.611111,53.611111,5.42174040002282,2,1.50135630002478,True
sub-24,189,2,89,2,300,60.0,5739,10239,13239,30.37037,-29.62963,29.62963,6.12269689998356,2,0.48296560003655,True
sub-24,190,2,90,1,60,80.0,13942,15142,15442,86.018519,6.018519,6.018519,2.81913070002337,3,0.716682600032072,True
sub-24,191,2,91,2,300,80.0,18922,24922,26422,84.814815,4.814815,4.814815,6.02303109999047,4,0.733429200015962,True
sub-24,192,2,92,2,300,80.0,11153,17153,18653,41.018519,-38.981481,38.981481,6.872681799985,2,1.00037880003219,True
sub-24,193,2,93,2,300,60.0,19476,23976,26976,78.148148,18.148148,18.148148,6.89014360000146,1,0.648898099956568,True
sub-24,194,2,94,2,300,60.0,7365,11865,14865,29.351852,-30.648148,30.648148,5.68888420000439,2,1.41741840000031,True
sub-24,195,2,95,1,60,60.0,13176,14076,14676,73.796296,13.796296,13.796296,5.35468670004047,3,0.399723899958189,True
sub-24,196,2,96,1,12,60.0,16152,16332,16452,83.611111,23.611111,23.611111,4.73791900003561,3,0.516462100029457,True
sub-24,197,2,97,2,300,80.0,19476,25476,26976,90.648148,10.648148,10.648148,4.62112159997923,4,0.483110500033944,True
sub-24,198,2,98,2,300,80.0,14066,20066,21566,64.166667,-15.833333,15.833333,7.84094530000584,4,0.666627499973401,True
sub-24,199,2,99,2,60,60.0,23865,24765,25365,59.722222,-0.277778,0.277778,7.79105399997206,3,0.483416700037196,True
sub-24,200,2,100,2,300,60.0,13557,18057,21057,35.925926,-24.074074,24.074074,4.45429020002484,2,0.666914400004316,True
sub-24,201,3,1,1,12,20.0,1602,1662,1902,19.814815,-0.185185,0.185185,6.40273440000601,3,1.45124369999393,True
sub-24,202,3,2,2,300,20.0,11153,12653,18653,26.481481,6.481481,6.481481,7.1567258000141,3,0.366827899997588,True
sub-24,203,3,3,1,12,20.0,10400,10460,10700,13.055556,-6.944444,6.944444,3.88697089999914,4,0.600250600022263,True
sub-24,204,3,4,2,300,80.0,20069,26069,27569,65.462963,-14.537037,14.537037,7.18993320001754,2,0.433616800000891,True
sub-24,205,3,5,1,12,80.0,16152,16392,16452,90.925926,10.925926,10.925926,4.03716389997862,3,0.899951700004749,True
sub-24,206,3,6,1,60,20.0,2714,3014,4214,67.777778,47.777778,47.777778,6.22261719999369,4,0.883567499986384,True
sub-24,207,3,7,1,60,20.0,20386,20686,21886,28.611111,8.611111,8.611111,4.95562239998253,3,0.599727799999527,True
sub-24,208,3,8,2,60,20.0,23865,24165,25365,41.481481,21.481481,21.481481,5.7390449999948,2,0.667107000015676,True
sub-24,209,3,9,1,12,80.0,21800,22040,22100,93.425926,13.425926,13.425926,2.68583329999819,4,0.549873700016178,True
sub-24,210,3,10,2,60,60.0,19722,20622,21222,60.740741,0.740741,0.740741,4.45432530000107,3,1.08369140001013,True
sub-24,211,3,11,1,60,40.0,22148,22748,23648,72.962963,32.962963,32.962963,4.00376489997142,3,1.06728940003085,True
sub-24,212,3,12,1,12,20.0,15586,15646,15886,32.037037,12.037037,12.037037,4.0541941000265,4,0.566730400023516,True
sub-24,213,3,13,2,300,80.0,11085,17085,18585,54.62963,-25.37037,25.37037,10.1095391000271,2,0.717059299990069,True
sub-24,214,3,14,1,60,40.0,15628,16228,17128,64.62963,24.62963,24.62963,7.90841789997648,3,4.87081370002124,True
sub-24,215,3,15,1,12,20.0,27281,27341,27581,56.388889,36.388889,36.388889,12.2784257999737,3,0.499850199965294,True
sub-24,216,3,16,2,300,40.0,13458,16458,20958,17.592593,-22.407407,22.407407,6.42269599996507,4,0.499933700019028,True
sub-24,217,3,17,1,12,40.0,11500,11620,11800,31.944444,-8.055556,8.055556,3.68755129998317,4,0.650422900042031,True
sub-24,218,3,18,2,300,20.0,2522,4022,10022,46.759259,26.759259,26.759259,6.27319340000394,2,0.56682260002708,True
sub-24,219,3,19,1,12,60.0,10400,10580,10700,68.611111,8.611111,8.611111,3.73671169998124,2,0.783559500006958,True
sub-24,220,3,20,1,12,60.0,2393,2573,2693,30.462963,-29.537037,29.537037,4.53759790002368,3,0.516516799980308,True
sub-24,221,3,21,2,300,20.0,10273,11773,17773,25.185185,5.185185,5.185185,4.72102950001135,2,0.450298199953977,True
sub-24,222,3,22,1,60,40.0,13176,13776,14676,29.537037,-10.462963,10.462963,5.83852050005225,3,1.21716540004126,True
sub-24,223,3,23,1,12,60.0,13450,13630,13750,53.611111,-6.388889,6.388889,4.67082290002144,4,0.467127999989315,True
sub-24,224,3,24,1,12,20.0,25820,25880,26120,29.444444,9.444444,9.444444,6.12245279998751,1,0.750470799976028,True
sub-24,225,3,25,1,60,40.0,2714,3314,4214,87.12963,47.12963,47.12963,2.719435099978,4,0.750272599980235,True
sub-24,226,3,26,1,12,40.0,16152,16272,16452,51.481481,11.481481,11.481481,7.27359569998225,3,0.700073699990753,True
sub-24,227,3,27,2,60,80.0,23865,25065,25365,51.851852,-28.148148,28.148148,9.74239410000154,2,0.499809000000823,True
sub-24,228,3,28,1,12,40.0,12500,12620,12800,72.037037,32.037037,32.037037,7.85691420000512,4,1.6844734000042,True
sub-24,229,3,29,2,300,40.0,9381,12381,16881,90.092593,50.092593,50.092593,12.8956227999879,3,0.983730299980379,True
sub-24,230,3,30,1,12,40.0,27281,27401,27581,71.481481,31.481481,31.481481,4.50453239999478,4,0.416991900012362,True
sub-24,231,3,31,1,12,80.0,6414,6654,6714,88.888889,8.888889,8.888889,2.4526435000007,4,0.599615400016773,True
sub-24,232,3,32,2,300,60.0,9381,13881,16881,36.203704,-23.796296,23.796296,5.42217480001272,2,0.533404899993911,True
sub-24,233,3,33,2,300,40.0,10273,13273,17773,42.407407,2.407407,2.407407,5.77258669998263,1,0.550306599994655,True
sub-24,234,3,34,2,300,20.0,20069,21569,27569,63.055556,43.055556,43.055556,4.77137610001955,3,0.500050799979362,True
sub-24,235,3,35,1,60,40.0,1414,2014,2914,78.333333,38.333333,38.333333,6.03980450000381,3,0.466595800011418,True
sub-24,236,3,36,1,12,20.0,3739,3799,4039,23.425926,3.425926,3.425926,4.53781319997506,4,0.699941800034139,True
sub-24,237,3,37,1,12,20.0,29300,29360,29600,63.703704,43.703704,43.703704,4.12078040000051,4,0.850556100020185,True
sub-24,238,3,38,1,60,20.0,13176,13476,14676,9.259259,-10.740741,10.740741,4.15380520001053,4,1.6341161999735,True
sub-24,239,3,39,1,12,80.0,12500,12740,12800,90.740741,10.740741,10.740741,12.8126614000066,4,0.884002700040582,True
sub-24,240,3,40,2,300,60.0,13458,17958,20958,25.462963,-34.537037,34.537037,4.73751020000781,2,0.85034949996043,True
sub-24,241,3,41,2,300,60.0,17351,21851,24851,39.074074,-20.925926,20.925926,5.85579030000371,1,0.499622399976942,True
sub-24,242,3,42,2,60,40.0,14390,14990,15890,69.351852,29.351852,29.351852,6.95673149998765,3,0.716810199955944,True
sub-24,243,3,43,2,300,80.0,5739,11739,13239,10.740741,-69.259259,69.259259,3.80367220001062,4,0.850140499998815,True
sub-24,244,3,44,1,12,80.0,3739,3979,4039,90.277778,10.277778,10.277778,2.88564089999999,4,0.516481300001032,True
sub-24,245,3,45,1,12,60.0,1602,1782,1902,80.185185,20.185185,20.185185,3.93739779997849,4,0.699750500032678,True
sub-24,246,3,46,1,12,80.0,15162,15402,15462,69.074074,-10.925926,10.925926,4.72111690003657,4,1.01739160000579,True
sub-24,247,3,47,1,60,40.0,13942,14542,15442,23.425926,-16.574074,16.574074,3.07009319995995,3,0.566359099990222,True
sub-24,248,3,48,2,60,40.0,16451,17051,17951,32.87037,-7.12963,7.12963,5.45529160002479,2,0.567116699996404,True
sub-24,249,3,49,1,12,80.0,15586,15826,15886,76.111111,-3.888889,3.888889,3.32027450000168,4,0.633885700022801,True
sub-24,250,3,50,1,60,40.0,6042,6642,7542,52.037037,12.037037,12.037037,2.81954739999491,2,0.783852500026114,True
sub-24,251,3,51,1,12,40.0,3739,3859,4039,44.814815,4.814815,4.814815,3.35330190003151,3,0.433142099995166,True
sub-24,252,3,52,1,60,40.0,20386,20986,21886,65.185185,25.185185,25.185185,4.75479640002595,4,0.483351000002585,True
sub-24,253,3,53,2,60,80.0,19722,20922,21222,77.685185,-2.314815,2.314815,5.03795839997474,4,0.549741499999072,True
sub-24,254,3,54,2,60,60.0,11369,12269,12869,56.759259,-3.240741,3.240741,6.80650419997982,1,0.633154400042258,True
sub-24,255,3,55,2,300,80.0,1638,7638,9138,64.907407,-15.092593,15.092593,5.98902480001561,2,0.633707000000868,True
sub-24,256,3,56,1,12,20.0,2486,2546,2786,10.555556,-9.444444,9.444444,3.00245080003514,4,0.533360500005073,True
sub-24,257,3,57,2,300,20.0,9381,10881,16881,22.777778,2.777778,2.777778,4.98783240001648,3,0.800587599980644,True
sub-24,258,3,58,1,60,80.0,5494,6694,6994,77.12963,-2.87037,2.87037,4.67142689996399,3,1.15044639998814,True
sub-24,259,3,59,1,12,40.0,24250,24370,24550,82.222222,42.222222,42.222222,4.22045970003819,3,0.61631930002477,True
sub-24,260,3,60,1,12,60.0,4600,4780,4900,74.074074,14.074074,14.074074,6.08954860002268,3,2.20190260000526,True
sub-24,261,3,61,2,60,40.0,3650,4250,5150,35.277778,-4.722222,4.722222,4.02039060002425,3,0.666599399992264,True
sub-24,262,3,62,2,300,60.0,1638,6138,9138,37.407407,-22.592593,22.592593,5.23860879999119,2,0.53343870001845,True
sub-24,263,3,63,1,60,80.0,2714,3914,4214,78.333333,-1.666667,1.666667,4.68756269995356,3,0.78363130002981,True
sub-24,264,3,64,2,300,80.0,16327,22327,23827,89.074074,9.074074,9.074074,6.65619870001683,2,1.26709719997597,True
sub-24,265,3,65,1,12,40.0,21800,21920,22100,66.666667,26.666667,26.666667,12.428527800017,3,0.599802599987015,True
sub-24,266,3,66,1,60,20.0,26923,27223,28423,63.333333,43.333333,43.333333,5.18855129997246,3,0.767100500001106,True
sub-24,267,3,67,2,300,60.0,16327,20827,23827,74.814815,14.814815,14.814815,4.40433559997472,2,0.617094799992628,True
sub-24,268,3,68,2,60,40.0,28296,28896,29796,37.685185,-2.314815,2.314815,4.90476980002131,2,0.716326599998865,True
sub-24,269,3,69,2,300,60.0,22736,27236,30236,29.259259,-30.740741,30.740741,6.77327720000175,2,0.683096900000236,True
sub-24,270,3,70,2,60,80.0,12596,13796,14096,77.685185,-2.314815,2.314815,6.25614959996892,3,0.499568400031421,True
sub-24,271,3,71,1,12,40.0,17600,17720,17900,90.555556,50.555556,50.555556,7.17424109997227,4,0.516860200033988,True
sub-24,272,3,72,2,60,40.0,23865,24465,25365,69.259259,29.259259,29.259259,5.70631450001383,3,0.516660100023727,True
sub-24,273,3,73,1,12,60.0,23864,24045,24165,39.537037,-20.462963,20.462963,3.53673440002603,2,0.582920100016053,True
sub-24,274,3,74,1,12,80.0,1602,1842,1902,64.722222,-15.277778,15.277778,3.15244109998457,4,1.0168467000476,True
sub-24,275,3,75,2,60,60.0,10035,10935,11535,6.111111,-53.888889,53.888889,6.67328160000033,4,0.850538900005631,True
sub-24,276,3,76,1,12,20.0,23864,23925,24165,30.277778,10.277778,10.277778,3.90389880002476,4,0.449904999986756,True
sub-24,277,3,77,1,12,60.0,27281,27461,27581,75.185185,15.185185,15.185185,4.62080470001092,3,0.483189699996728,True
sub-24,278,3,78,2,300,60.0,18922,23422,26422,59.907407,-0.092593,0.092593,4.37116710003465,1,0.466751100029796,True
sub-24,279,3,79,2,60,60.0,28296,29196,29796,41.666667,-18.333333,18.333333,7.62446369999088,1,1.31740020000142,True
sub-24,280,3,80,2,300,20.0,11085,12585,18585,27.12963,7.12963,7.12963,6.63967740000225,3,0.483071100024972,True
sub-24,281,3,81,2,60,40.0,25202,25802,26702,54.074074,14.074074,14.074074,6.82364320004126,2,0.466310499992687,True
sub-24,282,3,82,2,60,80.0,3650,4850,5150,31.203704,-48.796296,48.796296,7.09068449999904,2,0.49963660002686,True
sub-24,283,3,83,2,60,60.0,16451,17351,17951,43.888889,-16.111111,16.111111,6.17292809998616,2,0.549353900016285,True
sub-24,284,3,84,1,12,40.0,25820,25940,26120,35.925926,-4.074074,4.074074,3.35349110001698,3,0.650493900000583,True
sub-24,285,3,85,1,60,60.0,20386,21286,21886,73.703704,13.703704,13.703704,4.08738929999526,3,0.432885999965947,True
sub-24,286,3,86,2,300,80.0,16072,22072,23572,67.222222,-12.777778,12.777778,5.35498779994668,3,0.650527799967676,True
sub-24,287,3,87,2,300,40.0,20069,23069,27569,60.740741,20.740741,20.740741,5.32196269999258,2,0.466506999975536,True
sub-24,288,3,88,2,300,40.0,18922,21922,26422,35.0,-5.0,5.0,4.60449399997014,1,0.733501900045666,True
sub-24,289,3,89,1,12,60.0,21273,21453,21573,26.666667,-33.333333,33.333333,2.76891329995123,4,0.750441299984231,True
sub-24,290,3,90,2,300,40.0,22736,25736,30236,38.518519,-1.481481,1.481481,5.05445820000022,1,1.21757010003784,True
sub-24,291,3,91,2,60,80.0,11369,12569,12869,81.481481,1.481481,1.481481,5.48915150004904,2,0.683787199959624,True
sub-24,292,3,92,2,300,60.0,20069,24569,27569,67.685185,7.685185,7.685185,4.95449610002106,4,0.78333260002546,True
sub-24,293,3,93,1,12,40.0,29300,29420,29600,49.351852,9.351852,9.351852,3.23677289998158,3,0.466890899988357,True
sub-24,294,3,94,2,300,20.0,12645,14145,20145,29.259259,9.259259,9.259259,3.43708020000485,4,0.733475500019267,True
sub-24,295,3,95,1,12,60.0,12500,12680,12800,17.12963,-42.87037,42.87037,5.97291359998052,3,0.567059099965263,True
sub-24,296,3,96,2,60,80.0,28296,29496,29796,77.037037,-2.962963,2.962963,12.2954153000027,2,0.650096600002143,True
sub-24,297,3,97,1,12,20.0,2393,2453,2693,21.296296,1.296296,1.296296,5.65537360002053,3,0.433884099998977,True
sub-24,298,3,98,2,300,20.0,1960,3460,9460,28.518519,8.518519,8.518519,3.21964019996812,2,0.616184399987105,True
sub-24,299,3,99,2,300,80.0,2522,8522,10022,37.12963,-42.87037,42.87037,3.53679330000886,2,0.449999300006311,True
sub-24,300,3,100,1,12,20.0,21273,21333,21573,5.277778,-14.722222,14.722222,3.38590490003116,4,1.36750510003184,True
sub-25,1,1,1,2,300,60.0,17351,21851,24851,71.203704,11.203704,11.203704,9.19581060000928,3,2.48547650000546,True
sub-25,2,1,2,1,12,20.0,17600,17660,17900,77.962963,57.962963,57.962963,11.3614504999713,1,1.16759229998569,True
sub-25,3,1,3,2,300,80.0,21224,27224,28724,70.833333,-9.166667,9.166667,6.25589150004088,3,0.53403999999864,True
sub-25,4,1,4,2,300,20.0,13458,14958,20958,66.018519,46.018519,46.018519,9.59194740001112,3,0.416747599956579,True
sub-25,5,1,5,2,60,80.0,17621,18821,19121,63.981481,-16.018519,16.018519,12.0455877999775,2,0.767093900009058,True
sub-25,6,1,6,2,300,60.0,22736,27236,30236,73.796296,13.796296,13.796296,8.24154880002606,3,0.466616999998223,True
sub-25,7,1,7,1,12,60.0,23864,24045,24165,43.981481,-16.018519,16.018519,7.79108549997909,1,0.550357699976302,True
sub-25,8,1,8,2,300,40.0,5739,8739,13239,17.777778,-22.222222,22.222222,14.2475426999735,3,0.58388069999637,True
sub-25,9,1,9,2,300,20.0,12645,14145,20145,63.333333,43.333333,43.333333,9.1256846000324,1,0.784569300012663,True
sub-25,10,1,10,2,300,20.0,17351,18851,24851,75.833333,55.833333,55.833333,9.44291729998076,2,0.466463999997358,True
sub-25,11,1,11,2,60,60.0,25895,26795,27395,38.611111,-21.388889,21.388889,13.7966112000285,1,0.466294399986509,True
sub-25,12,1,12,2,60,80.0,9187,10387,10687,84.62963,4.62963,4.62963,10.1099288000259,4,0.416552500042598,True
sub-25,13,1,13,1,12,80.0,12500,12740,12800,24.907407,-55.092593,55.092593,4.78791010001441,2,0.467799900041427,True
sub-25,14,1,14,1,12,20.0,16152,16212,16452,8.611111,-11.388889,11.388889,3.52014810004038,3,1.31739979999838,True
sub-25,15,1,15,1,60,60.0,13942,14842,15442,61.111111,1.111111,1.111111,8.22493660001782,3,0.467574599955696,True
sub-25,16,1,16,1,12,60.0,9950,10130,10250,29.351852,-30.648148,30.648148,4.92149419995257,1,0.417164900049101,True
sub-25,17,1,17,2,300,80.0,14351,20351,21851,68.981481,-11.018519,11.018519,7.24055990000488,4,0.383670900017023,True
sub-25,18,1,18,1,12,20.0,26328,26388,26628,53.240741,33.240741,33.240741,8.25810119998641,3,0.550405399990268,True
sub-25,19,1,19,1,12,20.0,12500,12560,12800,49.62963,29.62963,29.62963,5.222124300024,2,0.450088099983986,True
sub-25,20,1,20,2,60,20.0,28296,28596,29796,25.740741,5.740741,5.740741,6.80679810000583,4,0.850682999996934,True
sub-25,21,1,21,2,60,20.0,21629,21929,23129,28.240741,8.240741,8.240741,8.32482849998632,4,0.450793500000145,True
sub-25,22,1,22,1,12,40.0,2486,2606,2786,38.148148,-1.851852,1.851852,6.58968630002345,3,0.333423200005199,True
sub-25,23,1,23,1,12,80.0,6414,6654,6714,48.240741,-31.759259,31.759259,7.14035399997374,2,0.567433500022161,True
sub-25,24,1,24,1,60,80.0,22148,23348,23648,67.222222,-12.777778,12.777778,5.8558200999978,2,0.683239499980118,True
sub-25,25,1,25,1,12,60.0,24250,24430,24550,56.018519,-3.981481,3.981481,6.85714610002469,2,0.350021700025536,True
sub-25,26,1,26,2,60,20.0,3650,3950,5150,27.685185,7.685185,7.685185,4.17107779998332,3,1.41810180002357,True
sub-25,27,1,27,2,300,40.0,10518,13518,18018,63.611111,23.611111,23.611111,10.8276715999818,1,1.06830630003241,True
sub-25,28,1,28,1,12,80.0,2486,2726,2786,68.055556,-11.944444,11.944444,6.50657339999452,3,0.533662800036836,True
sub-25,29,1,29,1,12,40.0,23864,23985,24165,39.722222,-0.277778,0.277778,4.38738699996611,1,0.316822999971918,True
sub-25,30,1,30,1,12,80.0,23864,24105,24165,51.851852,-28.148148,28.148148,4.55434339999919,1,0.333598800003528,True
sub-25,31,1,31,1,12,20.0,10400,10460,10700,33.703704,13.703704,13.703704,4.37115079996874,2,1.20092940004542,True
sub-25,32,1,32,2,300,40.0,13557,16557,21057,52.592593,12.592593,12.592593,8.17501330003142,2,1.35138159996131,True
sub-25,33,1,33,1,60,60.0,22148,23048,23648,80.37037,20.37037,20.37037,4.17089290003059,3,0.36689300002763,True
sub-25,34,1,34,1,12,80.0,1602,1842,1902,72.962963,-7.037037,7.037037,4.337485200027,2,0.484292800014372,True
sub-25,35,1,35,2,300,40.0,19476,22476,26976,52.87037,12.87037,12.87037,5.10457050002878,1,0.400403500010725,True
sub-25,36,1,36,1,12,20.0,14329,14389,14629,48.425926,28.425926,28.425926,4.8384765999508,3,0.299663400044664,True
sub-25,37,1,37,1,12,60.0,26328,26508,26628,59.62963,-0.37037,0.37037,5.85583729995414,3,0.383758099982515,True
sub-25,38,1,38,2,300,80.0,16072,22072,23572,78.611111,-1.388889,1.388889,7.8905686000362,3,0.383624899957794,True
sub-25,39,1,39,2,60,80.0,11369,12569,12869,49.814815,-30.185185,30.185185,3.06958640000084,1,0.316340400022454,True
sub-25,40,1,40,1,12,40.0,4600,4720,4900,50.185185,10.185185,10.185185,4.12032139999792,2,0.483547699986957,True
sub-25,41,1,41,1,12,60.0,24970,25150,25270,84.166667,24.166667,24.166667,5.4719048999832,3,0.400557300017681,True
sub-25,42,1,42,2,60,40.0,17621,18221,19121,76.666667,36.666667,36.666667,9.95997680001892,2,1.85151709994534,True
sub-25,43,1,43,2,60,60.0,3650,4550,5150,62.777778,2.777778,2.777778,4.88841529999626,3,0.716710900014732,True
sub-25,44,1,44,2,300,20.0,10273,11773,17773,22.222222,2.222222,2.222222,8.45817159995203,3,0.433518599951639,True
sub-25,45,1,45,1,12,80.0,4600,4840,4900,35.555556,-44.444444,44.444444,2.26872950000688,2,0.917559000023175,True
sub-25,46,1,46,2,300,60.0,19476,23976,26976,73.703704,13.703704,13.703704,8.15850110002793,3,0.416778899962082,True
sub-25,47,1,47,1,12,80.0,21800,22040,22100,83.518519,3.518519,3.518519,3.52043040003627,3,0.73402969999006,True
sub-25,48,1,48,2,60,20.0,10035,10335,11535,36.666667,16.666667,16.666667,5.02121800003806,1,0.550441800034605,True
sub-25,49,1,49,1,12,40.0,15162,15282,15462,84.351852,44.351852,44.351852,5.70581839996157,3,0.350072500004898,True
sub-25,50,1,50,1,12,60.0,1602,1782,1902,68.703704,8.703704,8.703704,2.45249400002649,2,0.400032699981238,True
sub-25,51,1,51,2,60,40.0,3650,4250,5150,17.685185,-22.314815,22.314815,3.7533456000383,3,0.317230099986773,True
sub-25,52,1,52,1,12,40.0,2393,2513,2693,53.703704,13.703704,13.703704,8.25832459999946,3,0.350312299968209,True
sub-25,53,1,53,2,300,80.0,19988,25988,27488,51.203704,-28.796296,28.796296,2.88630210002884,1,0.466988500033039,True
sub-25,54,1,54,2,60,20.0,25895,26195,27395,69.722222,49.722222,49.722222,4.78825859999051,2,0.367084499972406,True
sub-25,55,1,55,2,300,80.0,16327,22327,23827,62.87037,-17.12963,17.12963,5.83920450002187,1,0.399947099969722,True
sub-25,56,1,56,1,12,40.0,12500,12620,12800,31.388889,-8.611111,8.611111,4.47092719998909,2,0.767448900034651,True
sub-25,57,1,57,1,12,80.0,25820,26060,26120,34.351852,-45.648148,45.648148,7.29009379999479,3,0.433961500006262,True
sub-25,58,1,58,1,12,20.0,2486,2546,2786,40.648148,20.648148,20.648148,3.50248989998362,3,0.333873800002038,True
sub-25,59,1,59,2,300,40.0,20069,23069,27569,56.481481,16.481481,16.481481,3.52017640002304,1,0.351016299973707,True
sub-25,60,1,60,2,60,60.0,16451,17351,17951,,,,,1,1.05113630002597,False
sub-25,61,1,61,1,12,40.0,27281,27401,27581,32.685185,-7.314815,7.314815,5.93930169998202,2,1.20129520003683,True
sub-25,62,1,62,1,12,60.0,27281,27461,27581,77.222222,17.222222,17.222222,4.38755379995564,2,0.483428900013677,True
sub-25,63,1,63,1,60,80.0,13942,15142,15442,67.314815,-12.685185,12.685185,4.53786650003166,3,0.483061900013126,True
sub-25,64,1,64,1,60,20.0,15628,15928,17128,52.12963,32.12963,32.12963,5.17198370001278,1,0.316849700000602,True
sub-25,65,1,65,2,300,80.0,19476,25476,26976,66.018519,-13.981481,13.981481,4.6547089999658,1,0.416963599971495,True
sub-25,66,1,66,1,12,80.0,17600,17840,17900,64.722222,-15.277778,15.277778,3.43639260000782,2,0.683602800010703,True
sub-25,67,1,67,2,300,20.0,14351,15851,21851,46.111111,26.111111,26.111111,9.09192820003954,3,1.20090409996919,True
sub-25,68,1,68,2,300,20.0,14066,15566,21566,56.481481,36.481481,36.481481,4.07052110001677,2,0.499901500006672,True
sub-25,69,1,69,1,12,40.0,16152,16272,16452,31.574074,-8.425926,8.425926,4.33825969998724,3,0.450533899944275,True
sub-25,70,1,70,2,60,60.0,12596,13496,14096,33.796296,-26.203704,26.203704,3.00285489996895,1,0.284108899999409,True
sub-25,71,1,71,2,300,60.0,14351,18851,21851,63.425926,3.425926,3.425926,3.9264678999898,2,1.06724000000394,True
sub-25,72,1,72,2,300,60.0,10273,14773,17773,45.462963,-14.537037,14.537037,4.45465760002844,1,0.284225300012622,True
sub-25,73,1,73,1,12,80.0,11500,11740,11800,13.518519,-66.481481,66.481481,6.1397787000169,3,0.383378200000152,True
sub-25,74,1,74,2,300,40.0,16072,19072,23572,57.962963,17.962963,17.962963,4.97142560000065,2,0.533597500005271,True
sub-25,75,1,75,2,60,40.0,14390,14990,15890,29.907407,-10.092593,10.092593,5.12171639996813,3,0.684538099972996,True
sub-25,76,1,76,1,12,20.0,13450,13510,13750,60.648148,40.648148,40.648148,7.65743239998118,3,0.300410700030624,True
sub-25,77,1,77,1,12,40.0,9950,10070,10250,31.666667,-8.333333,8.333333,7.45748039998579,2,0.316954299982171,True
sub-25,78,1,78,1,60,20.0,6042,6342,7542,36.203704,16.203704,16.203704,5.05494280002312,2,0.299766600015573,True
sub-25,79,1,79,1,12,80.0,24250,24490,24550,75.925926,-4.074074,4.074074,3.62045839999336,3,0.750653799972496,True
sub-25,80,1,80,2,300,80.0,7365,13365,14865,68.240741,-11.759259,11.759259,6.32282780000241,3,0.284051200025714,True
sub-25,81,1,81,1,60,40.0,13942,14542,15442,46.203704,6.203704,6.203704,6.2890361000318,3,0.45032900001388,True
sub-25,82,1,82,1,12,40.0,21273,21393,21573,19.166667,-20.833333,20.833333,3.30351709999376,3,0.517229700053576,True
sub-25,83,1,83,1,60,80.0,5494,6694,6994,65.185185,-14.814815,14.814815,8.62563149997731,2,0.266643500013742,True
sub-25,84,1,84,1,12,60.0,11500,11680,11800,35.740741,-24.259259,24.259259,6.45641520002391,2,0.249965800030622,True
sub-25,85,1,85,1,60,60.0,1414,2314,2914,54.074074,-5.925926,5.925926,2.38540049997391,2,0.567875200009439,True
sub-25,86,1,86,2,300,40.0,10273,13273,17773,74.444444,34.444444,34.444444,3.136788600008,2,0.416650100029073,True
sub-25,87,1,87,2,300,60.0,20069,24569,27569,66.481481,6.481481,6.481481,3.13633210002444,2,0.450997700041625,True
sub-25,88,1,88,2,60,40.0,16451,17051,17951,29.907407,-10.092593,10.092593,5.07158729998627,3,0.483825500006787,True
sub-25,89,1,89,1,12,60.0,21273,21453,21573,29.074074,-30.925926,30.925926,3.52037689997814,3,0.634443199960514,True
sub-25,90,1,90,2,60,20.0,17621,17921,19121,25.37037,5.37037,5.37037,3.20359769999049,3,0.0997305999626405,True
sub-25,91,1,91,2,300,20.0,11153,12653,18653,42.222222,22.222222,22.222222,3.75424989999737,1,0.216739199997391,True
sub-25,92,1,92,1,12,60.0,14329,14509,14629,45.462963,-14.537037,14.537037,4.37133200000971,3,0.317282199976034,True
sub-25,93,1,93,2,60,20.0,12596,12896,14096,26.759259,6.759259,6.759259,2.7026994000189,1,0.266328900004737,True
sub-25,94,1,94,2,300,20.0,16072,17572,23572,26.296296,6.296296,6.296296,9.02598520001629,3,0.300259299983736,True
sub-25,95,1,95,1,12,80.0,14329,14569,14629,45.277778,-34.722222,34.722222,2.95319080003537,3,0.300688899995293,True
sub-25,96,1,96,1,12,40.0,24970,25090,25270,48.518519,8.518519,8.518519,4.32102650002343,1,0.283648399985395,True
sub-25,97,1,97,1,12,80.0,29300,29540,29600,68.333333,-11.666667,11.666667,8.62551570002688,3,0.100346099992748,True
sub-25,98,1,98,1,60,80.0,4556,5756,6056,69.907407,-10.092593,10.092593,5.45539720001397,3,0.116822200012393,True
sub-25,99,1,99,1,12,60.0,15162,15342,15462,83.240741,23.240741,23.240741,4.30444729997543,3,0.21723769995151,True
sub-25,100,1,100,2,300,80.0,10273,16273,17773,40.740741,-39.259259,39.259259,3.1030719000264,1,0.466691900044679,True
sub-25,101,2,1,1,60,80.0,15628,16828,17128,77.5,-2.5,2.5,6.58030869998037,3,1.21763379999902,True
sub-25,102,2,2,1,60,40.0,22148,22748,23648,67.037037,27.037037,27.037037,2.35225469997385,2,0.367184999980963,True
sub-25,103,2,3,2,60,80.0,3650,4850,5150,73.518519,-6.481481,6.481481,7.04021010000724,3,0.217012499982956,True
sub-25,104,2,4,2,300,20.0,21224,22724,28724,34.907407,14.907407,14.907407,4.27118089998839,2,0.300079300010111,True
sub-25,105,2,5,2,60,60.0,14390,15290,15890,67.222222,7.222222,7.222222,5.12203730002511,3,0.232939000008627,True
sub-25,106,2,6,2,300,60.0,1638,6138,9138,33.333333,-26.666667,26.666667,3.88690679997671,2,0.983719800016842,True
sub-25,107,2,7,1,60,20.0,20386,20686,21886,21.666667,1.666667,1.666667,4.40485519997309,3,0.767637400014791,True
sub-25,108,2,8,1,12,40.0,17600,17720,17900,24.62963,-15.37037,15.37037,3.02010990004055,1,0.683875899994745,True
sub-25,109,2,9,2,300,40.0,18922,21922,26422,61.296296,21.296296,21.296296,6.92325310001615,1,0.300115399993956,True
sub-25,110,2,10,2,300,40.0,9381,12381,16881,34.814815,-5.185185,5.185185,4.37095959996804,1,0.734063500014599,True
sub-25,111,2,11,2,300,60.0,14066,18566,21566,66.111111,6.111111,6.111111,2.70257139997556,1,0.250181099982,True
sub-25,112,2,12,2,300,20.0,13557,15057,21057,67.777778,47.777778,47.777778,4.10467509995214,2,0.417267499957233,True
sub-25,113,2,13,1,12,40.0,10400,10520,10700,70.185185,30.185185,30.185185,5.20512529998086,2,0.450127899996005,True
sub-25,114,2,14,2,60,60.0,17621,18521,19121,66.111111,6.111111,6.111111,2.88601830002153,2,0.433887099963612,True
sub-25,115,2,15,1,12,80.0,3739,3979,4039,85.925926,5.925926,5.925926,4.08698159997584,3,0.350073200010228,True
sub-25,116,2,16,1,60,40.0,20386,20986,21886,45.648148,5.648148,5.648148,8.60840810002992,3,0.233406699961051,True
sub-25,117,2,17,2,300,80.0,9381,15381,16881,44.259259,-35.740741,35.740741,4.48787379998248,1,0.584271300002001,True
sub-25,118,2,18,2,300,40.0,16327,19327,23827,62.314815,22.314815,22.314815,5.5723924000049,1,0.383812500047497,True
sub-25,119,2,19,1,12,40.0,13450,13570,13750,59.537037,19.537037,19.537037,5.1048773000366,3,0.299417500034905,True
sub-25,120,2,20,1,12,40.0,25820,25940,26120,48.888889,8.888889,8.888889,2.35265279997838,1,0.30004469997948,True
sub-25,121,2,21,1,12,60.0,25820,26000,26120,33.888889,-26.111111,26.111111,3.13656999997328,3,0.566846900037489,True
sub-25,122,2,22,1,60,60.0,6042,6942,7542,37.5,-22.5,22.5,5.67196479998529,2,0.233642500010319,True
sub-25,123,2,23,1,12,40.0,24250,24370,24550,53.333333,13.333333,13.333333,2.45260479999706,3,0.166352400032337,True
sub-25,124,2,24,2,300,60.0,18922,23422,26422,59.62963,-0.37037,0.37037,3.55364400002872,2,0.550807899970095,True
sub-25,125,2,25,2,300,40.0,1960,4960,9460,28.796296,-11.203704,11.203704,10.3099626000039,3,0.400432599999476,True
sub-25,126,2,26,2,300,80.0,18922,24922,26422,68.888889,-11.111111,11.111111,12.9129822999821,3,0.283642499998677,True
sub-25,127,2,27,2,60,60.0,25202,26102,26702,63.055556,3.055556,3.055556,4.02188000001478,3,0.266658400010783,True
sub-25,128,2,28,2,60,20.0,14390,14690,15890,38.055556,18.055556,18.055556,33.2663858999731,1,0.533862599986605,True
sub-25,129,2,29,2,300,20.0,16327,17827,23827,57.12963,37.12963,37.12963,3.10264420002931,1,0.18322409997927,True
sub-25,130,2,30,2,300,40.0,19988,22988,27488,70.277778,30.277778,30.277778,5.98980640002992,3,0.333529600000474,True
sub-25,131,2,31,1,12,60.0,4600,4780,4900,40.925926,-19.074074,19.074074,6.90666139998938,2,0.717500100028701,True
sub-25,132,2,32,1,12,60.0,2486,2666,2786,68.888889,8.888889,8.888889,3.67000690003624,3,0.216812599974218,True
sub-25,133,2,33,2,300,40.0,21224,24224,28724,65.833333,25.833333,25.833333,3.40327160002198,2,0.467082299990579,True
sub-25,134,2,34,1,12,60.0,15586,15766,15886,48.888889,-11.111111,11.111111,2.90308050002204,3,0.333651799999643,True
sub-25,135,2,35,2,300,80.0,11085,17085,18585,35.462963,-44.537037,44.537037,3.88659939996432,2,0.332993000047281,True
sub-25,136,2,36,2,60,80.0,28296,29496,29796,56.203704,-23.796296,23.796296,3.52015689999097,1,0.333366299979388,True
sub-25,137,2,37,2,300,20.0,18200,19700,25700,29.62963,9.62963,9.62963,4.97152770002139,1,0.750537700019776,True
sub-25,138,2,38,2,60,80.0,10035,11235,11535,41.018519,-38.981481,38.981481,3.7538963999832,2,0.183187099988572,True
sub-25,139,2,39,2,60,40.0,9187,9787,10687,61.111111,21.111111,21.111111,3.43704650003928,2,0.366780000040307,True
sub-25,140,2,40,2,300,80.0,12645,18645,20145,61.018519,-18.981481,18.981481,4.5045043999562,2,0.2499643000192,True
sub-25,141,2,41,2,60,40.0,10035,10635,11535,34.722222,-5.277778,5.277778,2.48586280003655,1,0.200264999992214,True
sub-25,142,2,42,2,60,20.0,25202,25502,26702,69.074074,49.074074,49.074074,3.50375920004444,1,0.516858700022567,True
sub-25,143,2,43,1,12,60.0,29300,29480,29600,51.574074,-8.425926,8.425926,3.23636650003027,3,0.216458899958524,True
sub-25,144,2,44,2,300,80.0,2522,8522,10022,58.055556,-21.944444,21.944444,4.1039926999947,2,0.934089299989864,True
sub-25,145,2,45,2,300,60.0,13557,18057,21057,40.0,-20.0,20.0,2.46928799996385,1,0.133446899999398,True
sub-25,146,2,46,2,300,40.0,2522,5522,10022,36.481481,-3.518519,3.518519,3.01956819999031,2,0.483458799950312,True
sub-25,147,2,47,1,12,40.0,15586,15706,15886,51.481481,11.481481,11.481481,2.7362892999663,3,0.199894499965012,True
sub-25,148,2,48,1,12,20.0,15162,15222,15462,68.425926,48.425926,48.425926,3.68673750001471,3,0.800593100022524,True
sub-25,149,2,49,2,60,80.0,25895,27095,27395,82.777778,2.777778,2.777778,4.28699819999747,3,0.333379300020169,True
sub-25,150,2,50,1,12,60.0,17600,17780,17900,55.37037,-4.62963,4.62963,2.13522879994707,2,3.65353710000636,True
sub-25,151,2,51,1,12,20.0,6414,6474,6714,27.314815,7.314815,7.314815,3.08656409999821,4,0.300546700018458,True
sub-25,152,2,52,1,60,40.0,15628,16228,17128,61.851852,21.851852,21.851852,3.73682920000283,3,0.233391400019172,True
sub-25,153,2,53,1,12,80.0,16152,16392,16452,83.981481,3.981481,3.981481,4.72115990001475,4,0.183121000009123,True
sub-25,154,2,54,2,300,40.0,11085,14085,18585,28.425926,-11.574074,11.574074,2.46873030002461,2,0.383680500031914,True
sub-25,155,2,55,1,60,40.0,4556,5156,6056,38.240741,-1.759259,1.759259,2.58555390004767,3,0.199819699977524,True
sub-25,156,2,56,1,60,40.0,1414,2014,2914,55.833333,15.833333,15.833333,3.70407350000459,3,0.733811000012792,True
sub-25,157,2,57,2,60,80.0,23865,25065,25365,71.944444,-8.055556,8.055556,4.08703350002178,1,0.400635799975134,True
sub-25,158,2,58,1,12,20.0,21800,21860,22100,61.388889,41.388889,41.388889,5.48847179999575,3,0.28402860002825,True
sub-25,159,2,59,1,12,80.0,24970,25210,25270,61.018519,-18.981481,18.981481,1.56879259995184,1,0.166464900015853,True
sub-25,160,2,60,2,300,80.0,11153,17153,18653,34.62963,-45.37037,45.37037,3.05284240003675,1,0.216549900011159,True
sub-25,161,2,61,2,300,60.0,2522,7022,10022,41.759259,-18.240741,18.240741,9.22677980002481,2,0.350380300020333,True
sub-25,162,2,62,2,60,40.0,11369,11969,12869,26.574074,-13.425926,13.425926,3.33633179997559,1,0.200606000027619,True
sub-25,163,2,63,1,12,60.0,3739,3919,4039,52.12963,-7.87037,7.87037,3.45363000000361,3,0.184223899967037,True
sub-25,164,2,64,2,60,60.0,19722,20622,21222,68.425926,8.425926,8.425926,3.35357839998323,3,0.400794800021685,True
sub-25,165,2,65,1,12,80.0,13450,13690,13750,75.462963,-4.537037,4.537037,3.45298649999313,3,0.399926700047217,True
sub-25,166,2,66,2,60,40.0,19722,20322,21222,49.166667,9.166667,9.166667,3.00271080003585,2,0.683600999996997,True
sub-25,167,2,67,1,12,40.0,21800,21920,22100,52.314815,12.314815,12.314815,3.55346030002692,3,0.367052700021304,True
sub-25,168,2,68,2,60,40.0,21629,22229,23129,70.648148,30.648148,30.648148,2.302425700007,1,0.300368600001093,True
sub-25,169,2,69,2,300,40.0,14066,17066,21566,73.333333,33.333333,33.333333,3.46977650001645,1,0.883991300011985,True
sub-25,170,2,70,2,300,40.0,14351,17351,21851,48.240741,8.240741,8.240741,3.70381069998256,1,0.117135700013022,True
sub-25,171,2,71,1,12,20.0,27281,27341,27581,65.833333,45.833333,45.833333,2.75224639999214,3,0.450029800005722,True
sub-25,172,2,72,1,12,80.0,26328,26568,26628,84.166667,4.166667,4.166667,5.20531980000669,4,1.16800639999564,True
sub-25,173,2,73,1,12,40.0,1602,1722,1902,71.574074,31.574074,31.574074,7.44158649997552,3,0.751092099992092,True
sub-25,174,2,74,2,60,60.0,10035,10935,11535,46.574074,-13.425926,13.425926,2.1356114000082,1,0.533792899979744,True
sub-25,175,2,75,1,60,60.0,5494,6394,6994,75.740741,15.740741,15.740741,3.6036129000131,3,0.651132900035008,True
sub-25,176,2,76,2,60,20.0,11369,11669,12869,27.777778,7.777778,7.777778,1.65194609999889,3,0.566985200042836,True
sub-25,177,2,77,1,12,20.0,29300,29360,29600,27.685185,7.685185,7.685185,4.95498919999226,3,0.165743999998085,True
sub-25,178,2,78,1,12,80.0,9950,10190,10250,40.462963,-39.537037,39.537037,2.76930099999299,1,0.666916099959053,True
sub-25,179,2,79,1,60,80.0,26923,28123,28423,70.0,-10.0,10.0,4.28770450002048,3,0.93425330001628,True
sub-25,180,2,80,2,300,80.0,1638,7638,9138,29.444444,-50.555556,50.555556,4.97082340001361,2,0.533692400029394,True
sub-25,181,2,81,1,12,20.0,3739,3799,4039,66.203704,46.203704,46.203704,4.43792100000428,3,0.666931099956855,True
sub-25,182,2,82,1,60,40.0,2714,3314,4214,56.296296,16.296296,16.296296,7.90763980004703,3,0.250795600004494,True
sub-25,183,2,83,1,60,60.0,2714,3614,4214,50.37037,-9.62963,9.62963,4.93797139998059,3,0.233190299943089,True
sub-25,184,2,84,2,60,80.0,16451,17651,17951,71.851852,-8.148148,8.148148,3.18642000004183,2,0.250134199974127,True
sub-25,185,2,85,1,12,40.0,6414,6534,6714,36.944444,-3.055556,3.055556,2.93649539997568,3,0.767303899978287,True
sub-25,186,2,86,2,300,20.0,20069,21569,27569,45.277778,25.277778,25.277778,2.03527440002653,2,0.300137399986851,True
sub-25,187,2,87,1,12,80.0,21273,21513,21573,87.12963,7.12963,7.12963,3.25330020004184,4,0.283580299990717,True
sub-25,188,2,88,1,60,60.0,4556,5456,6056,32.5,-27.5,27.5,5.57189630001084,3,0.65101070003584,True
sub-25,189,2,89,2,60,60.0,21629,22529,23129,70.37037,10.37037,10.37037,6.50637389998883,2,0.266237800009548,True
sub-25,190,2,90,1,12,80.0,10400,10640,10700,29.351852,-50.648148,50.648148,2.36898410000139,2,0.616877600026782,True
sub-25,191,2,91,1,60,60.0,15628,16528,17128,56.203704,-3.796296,3.796296,3.00295920000644,3,0.517782899958547,True
sub-25,192,2,92,1,12,40.0,11500,11620,11800,18.148148,-21.851852,21.851852,5.28873380000004,3,0.800851900014095,True
sub-25,193,2,93,1,12,40.0,26328,26448,26628,68.888889,28.888889,28.888889,3.2863658000133,3,0.200422999972943,True
sub-25,194,2,94,2,300,60.0,11153,15653,18653,37.962963,-22.037037,22.037037,3.18636759999208,1,0.117212699959054,True
sub-25,195,2,95,2,60,40.0,25202,25802,26702,36.018519,-3.981481,3.981481,2.73616480000782,2,0.250240099965594,True
sub-25,196,2,96,2,60,80.0,21629,22829,23129,79.907407,-0.092593,0.092593,3.95370259997434,3,0.967571699991822,True
sub-25,197,2,97,2,300,20.0,18922,20422,26422,43.611111,23.611111,23.611111,3.11938500002725,2,0.400064699992071,True
sub-25,198,2,98,2,300,20.0,2522,4022,10022,37.407407,17.407407,17.407407,2.51863269996829,2,1.48468850000062,True
sub-25,199,2,99,1,12,20.0,2393,2453,2693,66.111111,46.111111,46.111111,3.78660089999903,2,0.718047600006684,True
sub-25,200,2,100,1,12,20.0,4600,4660,4900,25.462963,5.462963,5.462963,3.13669840001966,3,0.917386699991766,True
sub-25,201,3,1,2,300,80.0,5739,11739,13239,31.203704,-48.796296,48.796296,6.49093249998986,2,0.366587400028947,True
sub-25,202,3,2,1,12,40.0,3739,3859,4039,43.148148,3.148148,3.148148,4.22082019998924,3,0.533293600019533,True
sub-25,203,3,3,1,60,80.0,13176,14376,14676,69.259259,-10.740741,10.740741,4.05416340002557,3,0.166986099968198,True
sub-25,204,3,4,2,300,80.0,14066,20066,21566,53.425926,-26.574074,26.574074,3.10308470000745,2,0.216707499988842,True
sub-25,205,3,5,2,60,60.0,28296,29196,29796,72.12963,12.12963,12.12963,4.25416579999728,3,0.466692599991802,True
sub-25,206,3,6,2,300,60.0,21224,25724,28724,40.648148,-19.351852,19.351852,3.47001260000979,1,0.116703400039114,True
sub-25,207,3,7,1,12,60.0,6414,6594,6714,24.814815,-35.185185,35.185185,1.60165709996363,3,0.984379800036549,True
sub-25,208,3,8,1,12,60.0,13450,13630,13750,62.592593,2.592593,2.592593,3.21966239996254,3,0.216930299997329,True
sub-25,209,3,9,2,300,20.0,10518,12018,18018,43.703704,23.703704,23.703704,3.72021290002157,1,0.216611400013789,True
sub-25,210,3,10,2,300,40.0,11153,14153,18653,52.314815,12.314815,12.314815,2.16854300000704,1,0.23307499999646,True
sub-25,211,3,11,2,300,20.0,19476,20976,26976,72.314815,52.314815,52.314815,3.0365112000145,2,0.466984300001058,True
sub-25,212,3,12,1,60,60.0,26923,27823,28423,66.944444,6.944444,6.944444,2.93624740000814,3,0.133620099979452,True
sub-25,213,3,13,2,300,80.0,13557,19557,21057,72.5,-7.5,7.5,3.82112089998554,3,1.01706669997656,True
sub-25,214,3,14,1,12,20.0,24970,25030,25270,34.259259,14.259259,14.259259,2.41906979994382,3,0.633581800037063,True
sub-25,215,3,15,2,300,60.0,10518,15018,18018,50.37037,-9.62963,9.62963,2.71935280004981,1,0.333921800018288,True
sub-25,216,3,16,1,12,80.0,15586,15826,15886,42.962963,-37.037037,37.037037,4.65439290000358,3,0.166314499976579,True
sub-25,217,3,17,1,60,80.0,2714,3914,4214,73.611111,-6.388889,6.388889,3.80397020000964,3,0.182891700009349,True
sub-25,218,3,18,2,300,60.0,16072,20572,23572,60.37037,0.37037,0.37037,2.48564420000184,2,0.383136700023897,True
sub-25,219,3,19,1,60,20.0,26923,27223,28423,39.537037,19.537037,19.537037,3.97065650002332,3,0.0663930000155232,True
sub-25,220,3,20,2,300,20.0,19988,21488,27488,62.87037,42.87037,42.87037,3.06956599996192,2,0.300266399979591,True
sub-25,221,3,21,2,300,80.0,1960,7960,9460,59.259259,-20.740741,20.740741,6.07265559997176,3,0.50041619996773,True
sub-25,222,3,22,1,60,40.0,6042,6642,7542,65.555556,25.555556,25.555556,4.02154190000146,3,0.284038199984934,True
sub-25,223,3,23,2,300,20.0,11085,12585,18585,32.5,12.5,12.5,1.98481679998803,1,0.283457199984695,True
sub-25,224,3,24,1,60,60.0,20386,21286,21886,62.592593,2.592593,2.592593,3.36987059999955,3,0.450164399982895,True
sub-25,225,3,25,1,60,60.0,13176,14076,14676,64.722222,4.722222,4.722222,2.81986829999368,3,0.116829900012817,True
sub-25,226,3,26,2,300,60.0,11085,15585,18585,41.851852,-18.148148,18.148148,3.45319420000305,1,0.216838099993765,True
sub-25,227,3,27,1,60,20.0,22148,22448,23648,59.351852,39.351852,39.351852,2.63573899999028,2,0.13342610001564,True
sub-25,228,3,28,2,300,60.0,9381,13881,16881,65.277778,5.277778,5.277778,6.87369610002497,1,0.633261400042101,True
sub-25,229,3,29,2,300,60.0,13458,17958,20958,41.203704,-18.796296,18.796296,2.61898530001053,1,0.58347919996595,True
sub-25,230,3,30,1,60,40.0,13176,13776,14676,34.351852,-5.648148,5.648148,4.25457669998286,3,0.433105000003706,True
sub-25,231,3,31,2,300,80.0,22736,28736,30236,28.055556,-51.944444,51.944444,3.50306789996102,2,0.88400099996943,True
sub-25,232,3,32,2,60,20.0,19722,20022,21222,34.074074,14.074074,14.074074,2.93661319999955,3,0.217141999979503,True
sub-25,233,3,33,1,12,80.0,27281,27521,27581,66.111111,-13.888889,13.888889,4.1540208000224,2,0.466736799979116,True
sub-25,234,3,34,1,12,60.0,2393,2573,2693,65.277778,5.277778,5.277778,2.96922349999658,3,0.316586399974767,True
sub-25,235,3,35,1,12,20.0,15586,15646,15886,26.388889,6.388889,6.388889,2.15215350000653,3,0.417645299981813,True
sub-25,236,3,36,2,300,80.0,17351,23351,24851,55.555556,-24.444444,24.444444,1.86816429998725,1,0.233617299993056,True
sub-25,237,3,37,2,300,60.0,1960,6460,9460,54.814815,-5.185185,5.185185,3.20340380002744,3,0.917486499994993,True
sub-25,238,3,38,2,300,40.0,17351,20351,24851,39.444444,-0.555556,0.555556,20.6373817000421,1,1.58454229997005,True
sub-25,239,3,39,2,300,20.0,5739,7239,13239,30.185185,10.185185,10.185185,3.26936440001009,3,0.183611900021787,True
sub-25,240,3,40,1,60,20.0,4556,4856,6056,40.648148,20.648148,20.648148,1.53471959999296,3,0.367056499992031,True
sub-25,241,3,41,2,300,60.0,7365,11865,14865,33.055556,-26.944444,26.944444,3.60361369996098,3,1.08452680002665,True
sub-25,242,3,42,2,60,60.0,23865,24765,25365,58.611111,-1.388889,1.388889,2.05198719998588,1,0.517101300007198,True
sub-25,243,3,43,1,60,80.0,20386,21586,21886,78.981481,-1.018519,1.018519,3.36951580003369,3,0.150297300016973,True
sub-25,244,3,44,2,60,20.0,9187,9487,10687,23.518519,3.518519,3.518519,1.60145270003704,3,0.317350699973758,True
sub-25,245,3,45,2,300,80.0,18200,24200,25700,31.851852,-48.148148,48.148148,1.91894649999449,1,1.30111140001099,True
sub-25,246,3,46,1,12,20.0,1602,1662,1902,27.592593,7.592593,7.592593,7.72400330001255,2,0.433818400022573,True
sub-25,247,3,47,2,300,20.0,1960,3460,9460,36.388889,16.388889,16.388889,2.5190477000433,2,0.26708919997327,True
sub-25,248,3,48,2,60,80.0,19722,20922,21222,75.37037,-4.62963,4.62963,3.73708389996318,3,0.199925200024154,True
sub-25,249,3,49,2,300,60.0,12645,17145,20145,50.185185,-9.814815,9.814815,1.86881170002743,1,0.44977090001339,True
sub-25,250,3,50,2,60,20.0,16451,16751,17951,22.962963,2.962963,2.962963,4.95550439995713,3,0.233573400008026,True
sub-25,251,3,51,1,12,20.0,9950,10010,10250,42.037037,22.037037,22.037037,2.10213559999829,1,0.483662399987224,True
sub-25,252,3,52,1,12,20.0,25820,25880,26120,25.185185,5.185185,5.185185,3.002813900006,3,0.500222800008487,True
sub-25,253,3,53,2,300,40.0,7365,10365,14865,60.833333,20.833333,20.833333,7.52467740001156,3,0.483643000014126,True
sub-25,254,3,54,2,300,20.0,1638,3138,9138,50.277778,30.277778,30.277778,2.26821899996139,2,0.333002600003965,True
sub-25,255,3,55,1,60,40.0,26923,27523,28423,70.555556,30.555556,30.555556,3.01993000000948,3,0.667385099979583,True
sub-25,256,3,56,1,60,20.0,13176,13476,14676,27.592593,7.592593,7.592593,2.6196476999903,3,0.200479700055439,True
sub-25,257,3,57,1,60,80.0,6042,7242,7542,66.388889,-13.611111,13.611111,3.22007599996868,2,0.633774299989454,True
sub-25,258,3,58,1,12,60.0,12500,12680,12800,32.222222,-27.777778,27.777778,1.81861770001705,2,0.183255300042219,True
sub-25,259,3,59,1,60,20.0,13942,14242,15442,52.037037,32.037037,32.037037,3.28720580000663,3,0.133748099964577,True
sub-25,260,3,60,2,300,60.0,18200,22700,25700,66.018519,6.018519,6.018519,2.26919560000533,1,0.300115100049879,True
sub-25,261,3,61,1,60,20.0,1414,1714,2914,27.5,7.5,7.5,1.60124490002635,2,0.483771100000012,True
sub-25,262,3,62,2,300,40.0,22736,25736,30236,55.833333,15.833333,15.833333,2.73571839998476,1,0.267385000013746,True
sub-25,263,3,63,2,60,80.0,25202,26402,26702,78.240741,-1.759259,1.759259,3.00287760002538,3,0.200406999967526,True
sub-25,264,3,64,2,60,80.0,12596,13796,14096,58.518519,-21.481481,21.481481,4.93838649999816,3,0.383700300008058,True
sub-25,265,3,65,2,300,60.0,19988,24488,27488,54.814815,-5.185185,5.185185,2.60231950000161,3,0.399946699966676,True
sub-25,266,3,66,2,300,60.0,16327,20827,23827,64.074074,4.074074,4.074074,4.2204325000057,2,0.283329900004901,True
sub-25,267,3,67,2,60,40.0,25895,26495,27395,36.759259,-3.240741,3.240741,4.43747810000786,1,0.18365389999235,True
sub-25,268,3,68,2,60,20.0,23865,24165,25365,28.148148,8.148148,8.148148,2.01912959996843,1,0.23387720005121,True
sub-25,269,3,69,2,300,40.0,13458,16458,20958,34.62963,-5.37037,5.37037,3.9877405000152,2,0.183298099960666,True
sub-25,270,3,70,1,12,60.0,16152,16332,16452,28.888889,-31.111111,31.111111,4.52097190002678,3,0.166842900041956,True
sub-25,271,3,71,2,300,20.0,22736,24236,30236,40.37037,20.37037,20.37037,2.95288429997162,1,0.0670291999704204,True
sub-25,272,3,72,1,12,20.0,21273,21333,21573,40.37037,20.37037,20.37037,2.81964659999357,3,0.350182400026824,True
sub-25,273,3,73,1,12,60.0,21800,21980,22100,73.333333,13.333333,13.333333,3.80376489995978,3,0.267099100048653,True
sub-25,274,3,74,1,12,20.0,11500,11560,11800,42.685185,22.685185,22.685185,2.81964179995702,3,0.617826200032141,True
sub-25,275,3,75,2,60,60.0,9187,10087,10687,35.648148,-24.351852,24.351852,2.43557719996897,1,0.466916500008665,True
sub-25,276,3,76,2,300,40.0,1638,4638,9138,27.314815,-12.685185,12.685185,1.91833220003172,2,1.11738010001136,True
sub-25,277,3,77,1,60,20.0,5494,5794,6994,61.944444,41.944444,41.944444,3.25332010001875,3,0.61708420002833,True
sub-25,278,3,78,1,60,80.0,1414,2614,2914,69.259259,-10.740741,10.740741,3.21959800005424,3,0.383490699983667,True
sub-25,279,3,79,1,12,80.0,15162,15402,15462,67.12963,-12.87037,12.87037,2.2023179999669,3,0.650515199988149,True
sub-25,280,3,80,2,300,40.0,18200,21200,25700,50.740741,10.740741,10.740741,3.95426460000453,1,0.466839200002141,True
sub-25,281,3,81,2,60,40.0,28296,28896,29796,34.537037,-5.462963,5.462963,5.40561539999907,3,0.300463900028262,True
sub-25,282,3,82,1,12,40.0,29300,29420,29600,70.462963,30.462963,30.462963,2.38533719995757,3,0.617284699983429,True
sub-25,283,3,83,1,12,20.0,24250,24310,24550,42.222222,22.222222,22.222222,1.88477770000463,1,0.283801999990828,True
sub-25,284,3,84,1,60,40.0,5494,6094,6994,28.148148,-11.851852,11.851852,4.50458760000765,2,1.4009324000217,True
sub-25,285,3,85,2,60,60.0,11369,12269,12869,50.648148,-9.351852,9.351852,3.93781719997059,1,0.266420100000686,True
sub-25,286,3,86,1,60,20.0,2714,3014,4214,37.222222,17.222222,17.222222,2.91984340001363,2,0.850884700019378,True
sub-25,287,3,87,2,300,80.0,10518,16518,18018,53.796296,-26.203704,26.203704,2.3525925000431,1,0.317219999968074,True
sub-25,288,3,88,2,300,40.0,12645,15645,20145,32.407407,-7.592593,7.592593,5.03828430001158,1,0.250547700037714,True
sub-25,289,3,89,2,300,80.0,20069,26069,27569,41.481481,-38.518519,38.518519,3.13633609999669,1,0.149936600006185,True
sub-25,290,3,90,2,300,60.0,5739,10239,13239,34.907407,-25.092593,25.092593,3.6867884999956,1,0.383710200025234,True
sub-25,291,3,91,2,300,80.0,13458,19458,20958,52.407407,-27.592593,27.592593,6.60639189998619,1,0.433553100039716,True
sub-25,292,3,92,1,12,80.0,2393,2633,2693,77.407407,-2.592593,2.592593,3.00329600000986,3,0.0663886999827809,True
sub-25,293,3,93,2,300,20.0,7365,8865,14865,22.685185,2.685185,2.685185,4.15457449998939,3,0.0669216000242158,True
sub-25,294,3,94,1,12,20.0,23864,23925,24165,36.481481,16.481481,16.481481,3.01948720001382,3,0.766935800027567,True
sub-25,295,3,95,2,60,80.0,14390,15590,15890,77.314815,-2.685185,2.685185,3.18663770001148,3,0.266868399980012,True
sub-25,296,3,96,1,12,40.0,14329,14449,14629,33.981481,-6.018519,6.018519,2.48590400000102,3,0.25084270001389,True
sub-25,297,3,97,2,60,40.0,12596,13196,14096,59.537037,19.537037,19.537037,4.22020699997665,3,0.383466499974019,True
sub-25,298,3,98,1,12,60.0,10400,10580,10700,56.666667,-3.333333,3.333333,3.80395899998256,2,0.567215399991255,True
sub-25,299,3,99,2,60,40.0,23865,24465,25365,33.333333,-6.666667,6.666667,1.43474500003503,1,0.14992189995246,True
sub-25,300,3,100,2,300,20.0,9381,10881,16881,37.5,17.5,17.5,2.55270489997928,1,0.333105000026989,True
sub-26,1,1,1,1,12,60.0,29300,29480,29600,44.074074,-15.925926,15.925926,8.41080799995688,2,2.1188718000194,True
sub-26,2,1,2,2,300,20.0,1960,3460,9460,39.444444,19.444444,19.444444,22.4721502999891,3,1.51797380001517,True
sub-26,3,1,3,1,12,80.0,27281,27521,27581,72.407407,-7.592593,7.592593,8.15878040000097,4,0.650452300033066,True
sub-26,4,1,4,1,60,40.0,4556,5156,6056,56.018519,16.018519,16.018519,14.898287900025,2,1.55148510000435,True
sub-26,5,1,5,1,12,60.0,6414,6594,6714,41.759259,-18.240741,18.240741,15.7987712000031,3,1.21787019999464,True
sub-26,6,1,6,2,60,20.0,25895,26195,27395,66.574074,46.574074,46.574074,13.696789700014,1,0.634025400038808,True
sub-26,7,1,7,2,300,40.0,1960,4960,9460,67.5,27.5,27.5,10.5103911000187,2,3.30370099999709,True
sub-26,8,1,8,2,300,60.0,13557,18057,21057,74.351852,14.351852,14.351852,16.3158727000118,4,1.56766670005163,True
sub-26,9,1,9,2,60,60.0,25202,26102,26702,21.851852,-38.148148,38.148148,17.2331843000138,4,0.550874300010036,True
sub-26,10,1,10,1,12,60.0,21273,21453,21573,7.685185,-52.314815,52.314815,4.88821199996164,4,0.783902299997862,True
sub-26,11,1,11,2,60,20.0,25202,25502,26702,13.703704,-6.296296,6.296296,5.37239830003818,4,1.01729410002008,True
sub-26,12,1,12,2,300,60.0,14066,18566,21566,36.944444,-23.055556,23.055556,15.6660782999824,2,0.633957999991253,True
sub-26,13,1,13,1,12,20.0,24970,25030,25270,17.222222,-2.777778,2.777778,7.15697979996912,4,1.66743570001563,True
sub-26,14,1,14,1,60,60.0,20386,21286,21886,85.185185,25.185185,25.185185,13.6473086000187,4,0.567177199991419,True
sub-26,15,1,15,2,60,60.0,23865,24765,25365,50.185185,-9.814815,9.814815,5.35541020001983,1,0.600476299994625,True
sub-26,16,1,16,2,300,60.0,10518,15018,18018,58.333333,-1.666667,1.666667,12.2119814000325,2,0.733865000016521,True
sub-26,17,1,17,2,300,40.0,13557,16557,21057,14.166667,-25.833333,25.833333,27.8609983000205,4,1.38469850004185,True
sub-26,18,1,18,2,60,20.0,11369,11669,12869,15.462963,-4.537037,4.537037,12.7458846999797,4,0.983846099989023,True
sub-26,19,1,19,1,12,60.0,26328,26508,26628,77.5,17.5,17.5,11.4955134000047,4,0.516997100028675,True
sub-26,20,1,20,1,12,20.0,25820,25880,26120,65.740741,45.740741,45.740741,7.65772259997902,2,0.433682599978055,True
sub-26,21,1,21,1,12,80.0,14329,14569,14629,70.185185,-9.814815,9.814815,15.6989897000021,3,0.433646699995733,True
sub-26,22,1,22,1,12,60.0,21800,21980,22100,73.425926,13.425926,13.425926,13.2133385000051,3,0.484147699957247,True
sub-26,23,1,23,1,12,40.0,10400,10520,10700,15.740741,-24.259259,24.259259,12.078519200033,4,1.08438690000912,True
sub-26,24,1,24,2,60,80.0,28296,29496,29796,19.259259,-60.740741,60.740741,10.3103527000057,4,1.15117070003179,True
sub-26,25,1,25,2,300,20.0,21224,22724,28724,36.111111,16.111111,16.111111,10.3434656999888,3,0.417116400029044,True
sub-26,26,1,26,1,60,20.0,1414,1714,2914,23.055556,3.055556,3.055556,16.2661008999566,3,1.46838799997931,True
sub-26,27,1,27,2,300,20.0,12645,14145,20145,46.018519,26.018519,26.018519,5.03868639998836,1,0.783962499990593,True
sub-26,28,1,28,1,60,40.0,1414,2014,2914,66.944444,26.944444,26.944444,13.3965783999883,2,3.40277330001117,True
sub-26,29,1,29,2,60,40.0,21629,22229,23129,53.981481,13.981481,13.981481,11.7119287999812,1,0.584177900047507,True
sub-26,30,1,30,1,60,20.0,20386,20686,21886,16.851852,-3.148148,3.148148,14.2641249999869,4,1.0509638999938,True
sub-26,31,1,31,2,60,80.0,19722,20922,21222,80.925926,0.925926,0.925926,9.79309900000225,4,0.566661299963016,True
sub-26,32,1,32,2,300,20.0,10273,11773,17773,24.074074,4.074074,4.074074,8.99286270001903,4,0.934087700035888,True
sub-26,33,1,33,2,60,60.0,10035,10935,11535,48.240741,-11.759259,11.759259,13.3305339000071,1,0.667242900002747,True
sub-26,34,1,34,1,12,80.0,25820,26060,26120,27.407407,-52.592593,52.592593,7.82429770001908,2,0.834551199979614,True
sub-26,35,1,35,1,12,80.0,1602,1842,1902,75.648148,-4.351852,4.351852,3.32030500000109,4,0.68394790001912,True
sub-26,36,1,36,1,12,80.0,26328,26568,26628,79.166667,-0.833333,0.833333,5.12131920002866,4,0.533826800005044,True
sub-26,37,1,37,2,300,40.0,13458,16458,20958,30.555556,-9.444444,9.444444,18.5182811000267,3,0.333414699998684,True
sub-26,38,1,38,2,300,60.0,1960,6460,9460,75.555556,15.555556,15.555556,8.14162589999614,3,0.300424899964127,True
sub-26,39,1,39,2,60,60.0,14390,15290,15890,69.166667,9.166667,9.166667,19.0855588000267,3,2.55252319999272,True
sub-26,40,1,40,1,12,80.0,11500,11740,11800,70.0,-10.0,10.0,6.8566792999627,3,0.717492999974638,True
sub-26,41,1,41,2,300,40.0,10518,13518,18018,22.037037,-17.962963,17.962963,11.5786359000485,3,0.934051599993836,True
sub-26,42,1,42,2,300,60.0,17351,21851,24851,52.777778,-7.222222,7.222222,7.40725940000265,1,0.483779600006528,True
sub-26,43,1,43,1,60,20.0,15628,15928,17128,33.888889,13.888889,13.888889,6.18878579995362,2,0.400075700017623,True
sub-26,44,1,44,1,12,40.0,24970,25090,25270,73.240741,33.240741,33.240741,3.6870717999991,3,0.566881000006105,True
sub-26,45,1,45,1,12,80.0,16152,16392,16452,84.074074,4.074074,4.074074,3.48692130000563,4,0.784092100046109,True
sub-26,46,1,46,2,60,60.0,28296,29196,29796,56.018519,-3.981481,3.981481,7.8413489999948,2,0.900657600024715,True
sub-26,47,1,47,1,12,20.0,13450,13510,13750,20.462963,0.462963,0.462963,8.77469160000328,4,2.20198219997109,True
sub-26,48,1,48,2,300,80.0,14351,20351,21851,76.111111,-3.888889,3.888889,5.58880179998232,4,0.667627400020137,True
sub-26,49,1,49,2,60,20.0,17621,17921,19121,17.037037,-2.962963,2.962963,11.5111404999624,4,1.15087000001221,True
sub-26,50,1,50,1,12,20.0,29300,29360,29600,26.574074,6.574074,6.574074,5.35500260000117,3,0.984514500014483,True
sub-26,51,1,51,2,60,60.0,17621,18521,19121,68.148148,8.148148,8.148148,10.7940224999911,2,0.583996000001207,True
sub-26,52,1,52,1,12,20.0,2486,2546,2786,21.388889,1.388889,1.388889,8.45813929999712,4,0.367172099999152,True
sub-26,53,1,53,2,60,40.0,9187,9787,10687,31.203704,-8.796296,8.796296,3.62072820001048,4,0.450601599994115,True
sub-26,54,1,54,1,12,60.0,2393,2573,2693,83.888889,23.888889,23.888889,7.19012040004599,4,0.383720700046978,True
sub-26,55,1,55,2,60,40.0,16451,17051,17951,76.759259,36.759259,36.759259,4.67180369998095,4,0.784129099978599,True
sub-26,56,1,56,1,12,80.0,21273,21513,21573,70.833333,-9.166667,9.166667,3.55373300000792,4,0.517242099973373,True
sub-26,57,1,57,1,12,60.0,16152,16332,16452,30.0,-30.0,30.0,8.29115270002512,2,0.750661100028082,True
sub-26,58,1,58,1,12,20.0,21800,21860,22100,73.055556,53.055556,53.055556,14.7811546000302,3,0.499917500012088,True
sub-26,59,1,59,1,12,40.0,21273,21393,21573,29.722222,-10.277778,10.277778,7.0070450999774,3,0.399952399951871,True
sub-26,60,1,60,1,12,60.0,3739,3919,4039,81.944444,21.944444,21.944444,4.30400589999044,4,0.316941299999598,True
sub-26,61,1,61,2,60,60.0,16451,17351,17951,38.888889,-21.111111,21.111111,9.15887300000758,2,0.317182400031015,True
sub-26,62,1,62,1,60,80.0,6042,7242,7542,73.055556,-6.944444,6.944444,3.40355519996956,4,0.717340499977581,True
sub-26,63,1,63,2,60,40.0,14390,14990,15890,71.574074,31.574074,31.574074,11.0107380000408,4,0.667663800006266,True
sub-26,64,1,64,1,60,80.0,26923,28123,28423,27.407407,-52.592593,52.592593,11.7278010999434,3,1.26716590003343,True
sub-26,65,1,65,1,12,60.0,1602,1782,1902,73.425926,13.425926,13.425926,5.07143439998617,3,0.400335500016808,True
sub-26,66,1,66,1,12,40.0,13450,13570,13750,61.111111,21.111111,21.111111,14.8646301999688,3,0.433896499976981,True
sub-26,67,1,67,1,12,20.0,4600,4660,4900,24.259259,4.259259,4.259259,2.41869760002009,3,0.383721199992578,True
sub-26,68,1,68,2,300,60.0,22736,27236,30236,65.0,5.0,5.0,9.00901329994667,2,0.432999100012239,True
sub-26,69,1,69,2,300,60.0,14351,18851,21851,63.518519,3.518519,3.518519,7.32388340000761,2,0.366701200022362,True
sub-26,70,1,70,1,12,40.0,23864,23985,24165,38.703704,-1.296296,1.296296,11.2276093999971,2,0.5839258999913,True
sub-26,71,1,71,2,300,60.0,18922,23422,26422,61.944444,1.944444,1.944444,7.22362730000168,1,0.383832100022118,True
sub-26,72,1,72,1,60,40.0,13176,13776,14676,35.740741,-4.259259,4.259259,17.6845088000409,2,0.617278799996711,True
sub-26,73,1,73,1,12,80.0,21800,22040,22100,87.314815,7.314815,7.314815,7.04055730003165,4,0.499983199988491,True
sub-26,74,1,74,1,12,60.0,15162,15342,15462,78.148148,18.148148,18.148148,6.32275849999859,4,0.600465900031849,True
sub-26,75,1,75,2,300,20.0,16327,17827,23827,71.574074,51.574074,51.574074,13.4468350000097,2,0.600848599977325,True
sub-26,76,1,76,1,60,60.0,26923,27823,28423,41.111111,-18.888889,18.888889,6.63993720000144,2,0.850619400036521,True
sub-26,77,1,77,1,60,60.0,1414,2314,2914,43.611111,-16.388889,16.388889,10.5432707999716,2,0.500836599967442,True
sub-26,78,1,78,1,60,80.0,13942,15142,15442,86.111111,6.111111,6.111111,5.90518830000655,3,0.533449599985033,True
sub-26,79,1,79,2,60,20.0,21629,21929,23129,18.333333,-1.666667,1.666667,3.30297250003786,3,0.916968500008806,True
sub-26,80,1,80,1,12,60.0,27281,27461,27581,72.12963,12.12963,12.12963,7.19065770000452,4,0.483824800001457,True
sub-26,81,1,81,2,300,20.0,13557,15057,21057,26.388889,6.388889,6.388889,10.5935982000082,2,0.400357000005897,True
sub-26,82,1,82,1,60,20.0,13176,13476,14676,27.12963,7.12963,7.12963,2.40226729999994,4,0.40039019996766,True
sub-26,83,1,83,2,300,60.0,20069,24569,27569,43.703704,-16.296296,16.296296,4.57044540002243,2,0.567479999968782,True
sub-26,84,1,84,2,300,80.0,12645,18645,20145,46.851852,-33.148148,33.148148,5.87211360002402,1,0.416796700039412,True
sub-26,85,1,85,2,60,20.0,3650,3950,5150,26.759259,6.759259,6.759259,6.28980670002056,4,0.383521800045855,True
sub-26,86,1,86,2,300,40.0,11153,14153,18653,41.388889,1.388889,1.388889,11.294637999963,2,0.233948100009001,True
sub-26,87,1,87,1,12,80.0,29300,29540,29600,77.962963,-2.037037,2.037037,5.02151950000552,3,1.0006516999565,True
sub-26,88,1,88,2,60,80.0,25895,27095,27395,84.166667,4.166667,4.166667,8.62484489998314,4,0.317007099976763,True
sub-26,89,1,89,2,60,40.0,12596,13196,14096,77.592593,37.592593,37.592593,7.03989159996854,4,0.266651200014166,True
sub-26,90,1,90,2,60,20.0,28296,28596,29796,29.166667,9.166667,9.166667,7.62446009996347,3,0.867495100013911,True
sub-26,91,1,91,1,60,60.0,4556,5456,6056,73.888889,13.888889,13.888889,8.34141059999819,3,0.684149700042326,True
sub-26,92,1,92,2,60,80.0,25202,26402,26702,79.62963,-0.37037,0.37037,3.38637159997597,4,0.567007699981331,True
sub-26,93,1,93,1,12,40.0,9950,10070,10250,28.796296,-11.203704,11.203704,9.86029799998505,4,0.38387939997483,True
sub-26,94,1,94,2,300,20.0,18200,19700,25700,60.277778,40.277778,40.277778,9.25912589998915,1,0.400316599989309,True
sub-26,95,1,95,1,12,40.0,17600,17720,17900,73.240741,33.240741,33.240741,5.6891032999847,4,0.800587499979883,True
sub-26,96,1,96,1,60,40.0,6042,6642,7542,37.037037,-2.962963,2.962963,5.68821449996903,2,0.833309400011785,True
sub-26,97,1,97,1,12,80.0,2393,2633,2693,88.703704,8.703704,8.703704,4.6043512999895,4,0.418187600036617,True
sub-26,98,1,98,1,12,80.0,24970,25210,25270,84.537037,4.537037,4.537037,5.60531179996905,4,0.333428200043272,True
sub-26,99,1,99,1,12,20.0,2393,2453,2693,66.944444,46.944444,46.944444,7.94122969999443,3,0.583488999982364,True
sub-26,100,1,100,2,300,20.0,11153,12653,18653,61.111111,41.111111,41.111111,8.9755417999695,2,0.350000199978239,True
sub-26,101,2,1,2,300,20.0,10518,12018,18018,65.37037,45.37037,45.37037,9.76179269998101,2,0.417582500027492,True
sub-26,102,2,2,2,300,40.0,9381,12381,16881,70.740741,30.740741,30.740741,5.67276920005679,2,0.333529399998951,True
sub-26,103,2,3,2,60,40.0,25202,25802,26702,19.907407,-20.092593,20.092593,2.96976260002702,4,0.350524800014682,True
sub-26,104,2,4,2,60,40.0,23865,24465,25365,37.222222,-2.777778,2.777778,9.24276829999871,2,1.01792149996617,True
sub-26,105,2,5,1,12,40.0,4600,4720,4900,79.351852,39.351852,39.351852,6.8900523999473,3,0.383626299968455,True
sub-26,106,2,6,1,12,60.0,12500,12680,12800,32.777778,-27.222222,27.222222,11.6789379999972,3,0.534305599983781,True
sub-26,107,2,7,2,300,60.0,11153,15653,18653,71.388889,11.388889,11.388889,7.87432569998782,4,0.650931100011803,True
sub-26,108,2,8,1,60,20.0,4556,4856,6056,33.611111,13.611111,13.611111,4.53826900001149,4,1.43487679999088,True
sub-26,109,2,9,2,300,60.0,1638,6138,9138,68.240741,8.240741,8.240741,15.3650758999865,4,0.500371399975847,True
sub-26,110,2,10,2,60,80.0,23865,25065,25365,33.425926,-46.574074,46.574074,4.28794419998303,2,0.0163582999957725,True
sub-26,111,2,11,1,60,80.0,1414,2614,2914,78.148148,-1.851852,1.851852,5.27227409998886,4,0.567179100005887,True
sub-26,112,2,12,2,300,20.0,16072,17572,23572,47.962963,27.962963,27.962963,3.58673290000297,1,0.51683179999236,True
sub-26,113,2,13,2,60,80.0,17621,18821,19121,74.722222,-5.277778,5.277778,3.9541899000178,4,0.484765100001823,True
sub-26,114,2,14,1,60,60.0,13176,14076,14676,31.574074,-28.425926,28.425926,5.5226124000037,4,0.383314200036693,True
sub-26,115,2,15,2,300,20.0,9381,10881,16881,66.759259,46.759259,46.759259,22.8059025999973,2,1.35079229995608,True
sub-26,116,2,16,2,300,60.0,19476,23976,26976,68.240741,8.240741,8.240741,7.27375910000409,4,0.500387999985832,True
sub-26,117,2,17,1,12,20.0,17600,17660,17900,36.203704,16.203704,16.203704,9.71001350000733,2,0.366885999974329,True
sub-26,118,2,18,2,300,80.0,2522,8522,10022,58.981481,-21.018519,21.018519,9.76005500002065,2,0.349938000028487,True
sub-26,119,2,19,2,60,80.0,10035,11235,11535,80.37037,0.37037,0.37037,11.3785834000445,3,0.63389910000842,True
sub-26,120,2,20,1,60,80.0,22148,23348,23648,50.833333,-29.166667,29.166667,5.57199880003463,3,0.600974400003906,True
sub-26,121,2,21,2,60,60.0,19722,20622,21222,75.277778,15.277778,15.277778,11.0442375999991,4,0.834218900010455,True
sub-26,122,2,22,1,60,60.0,2714,3614,4214,78.981481,18.981481,18.981481,4.87161689996719,4,0.467716100043617,True
sub-26,123,2,23,1,12,40.0,26328,26448,26628,75.740741,35.740741,35.740741,3.52071559999603,4,0.233332499978132,True
sub-26,124,2,24,2,300,80.0,16327,22327,23827,79.074074,-0.925926,0.925926,4.42106490000151,4,0.917757100018207,True
sub-26,125,2,25,1,60,80.0,4556,5756,6056,66.759259,-13.240741,13.240741,8.4082634000224,4,0.383423799998126,True
sub-26,126,2,26,1,60,20.0,22148,22448,23648,74.537037,54.537037,54.537037,2.55267790000652,2,0.317013500025495,True
sub-26,127,2,27,2,300,80.0,21224,27224,28724,68.425926,-11.574074,11.574074,3.80379959999118,4,0.350419099966529,True
sub-26,128,2,28,2,60,80.0,9187,10387,10687,74.814815,-5.185185,5.185185,4.52116930001648,4,0.267061499995179,True
sub-26,129,2,29,1,60,80.0,20386,21586,21886,75.462963,-4.537037,4.537037,4.43718259996967,4,0.333500500011723,True
sub-26,130,2,30,2,300,60.0,5739,10239,13239,62.12963,2.12963,2.12963,8.62544819997856,2,0.167259600013494,True
sub-26,131,2,31,1,12,40.0,14329,14449,14629,69.444444,29.444444,29.444444,3.85340249998262,4,0.616764399979729,True
sub-26,132,2,32,2,60,20.0,9187,9487,10687,27.777778,7.777778,7.777778,2.31863699998939,4,0.51679259998491,True
sub-26,133,2,33,1,60,20.0,5494,5794,6994,47.592593,27.592593,27.592593,10.5603972999961,2,0.283929000026546,True
sub-26,134,2,34,2,300,40.0,1638,4638,9138,46.296296,6.296296,6.296296,14.1973829999915,3,0.300286100013181,True
sub-26,135,2,35,2,300,20.0,17351,18851,24851,57.037037,37.037037,37.037037,10.5933745999936,2,0.316942900011781,True
sub-26,136,2,36,2,60,60.0,21629,22529,23129,72.685185,12.685185,12.685185,2.41906250000465,4,0.333918699994683,True
sub-26,137,2,37,2,300,80.0,18922,24922,26422,75.833333,-4.166667,4.166667,5.57172220002394,3,0.14993349998258,True
sub-26,138,2,38,1,60,40.0,20386,20986,21886,23.240741,-16.759259,16.759259,5.40544539998518,3,0.667802100011613,True
sub-26,139,2,39,2,300,40.0,21224,24224,28724,74.62963,34.62963,34.62963,3.75389960000757,3,0.550588399986736,True
sub-26,140,2,40,2,60,20.0,12596,12896,14096,25.740741,5.740741,5.740741,2.88669150002533,4,1.18447450001258,True
sub-26,141,2,41,2,60,20.0,16451,16751,17951,26.666667,6.666667,6.666667,7.44105030002538,4,0.383511400024872,True
sub-26,142,2,42,1,12,40.0,2486,2606,2786,42.5,2.5,2.5,4.08679349999874,3,0.367118299996946,True
sub-26,143,2,43,2,60,80.0,16451,17651,17951,70.0,-10.0,10.0,2.71922329999506,3,1.68530110002029,True
sub-26,144,2,44,1,12,40.0,25820,25940,26120,29.259259,-10.740741,10.740741,7.00723479996668,3,2.0689842000138,True
sub-26,145,2,45,2,300,60.0,10273,14773,17773,35.185185,-24.814815,24.814815,3.52009400003589,4,0.349812700005713,True
sub-26,146,2,46,2,60,40.0,10035,10635,11535,31.851852,-8.148148,8.148148,10.4102534000412,2,0.617118800000753,True
sub-26,147,2,47,2,300,20.0,14351,15851,21851,40.925926,20.925926,20.925926,10.0933226000051,3,0.249978300009388,True
sub-26,148,2,48,2,60,80.0,21629,22829,23129,74.166667,-5.833333,5.833333,16.4162779999896,3,0.416951699997298,True
sub-26,149,2,49,1,12,80.0,6414,6654,6714,80.925926,0.925926,0.925926,3.63703099999111,3,0.666798999998718,True
sub-26,150,2,50,1,12,40.0,29300,29420,29600,75.555556,35.555556,35.555556,3.62004040001193,3,0.416983700008131,True
sub-26,151,2,51,2,300,40.0,16327,19327,23827,44.722222,4.722222,4.722222,11.0274646999896,2,0.399781000043731,True
sub-26,152,2,52,1,12,40.0,21800,21920,22100,77.037037,37.037037,37.037037,7.14058390003629,4,0.333400200004689,True
sub-26,153,2,53,1,60,60.0,15628,16528,17128,37.12963,-22.87037,22.87037,6.10649899998679,3,0.532434699998702,True
sub-26,154,2,54,1,12,40.0,3739,3859,4039,37.685185,-2.314815,2.314815,4.90496060001896,3,0.534221299982164,True
sub-26,155,2,55,1,12,60.0,15586,15766,15886,29.722222,-30.277778,30.277778,13.6975645000347,2,0.383354599995072,True
sub-26,156,2,56,1,12,20.0,16152,16212,16452,28.055556,8.055556,8.055556,4.18712700001196,4,0.266785400046501,True
sub-26,157,2,57,2,300,20.0,22736,24236,30236,32.314815,12.314815,12.314815,5.88934699998935,3,0.584114600031171,True
sub-26,158,2,58,2,300,20.0,1638,3138,9138,41.296296,21.296296,21.296296,18.2015407999861,4,1.46783219999633,True
sub-26,159,2,59,2,300,40.0,11085,14085,18585,46.481481,6.481481,6.481481,3.17007880000164,2,0.316835500008892,True
sub-26,160,2,60,2,300,40.0,16072,19072,23572,29.907407,-10.092593,10.092593,10.9778950000181,3,0.200120699999388,True
sub-26,161,2,61,2,300,80.0,13557,19557,21057,59.444444,-20.555556,20.555556,9.50919840001734,2,0.784590199997182,True
sub-26,162,2,62,2,300,20.0,19988,21488,27488,39.62963,19.62963,19.62963,10.743575099972,4,0.600582399987615,True
sub-26,163,2,63,2,300,40.0,14066,17066,21566,34.166667,-5.833333,5.833333,3.78746259998297,2,0.133160800032783,True
sub-26,164,2,64,2,300,80.0,13458,19458,20958,53.796296,-26.203704,26.203704,9.20932979998178,2,0.216635699965991,True
sub-26,165,2,65,1,12,20.0,9950,10010,10250,69.351852,49.351852,49.351852,18.6855460000224,2,0.8337258999818,True
sub-26,166,2,66,2,300,20.0,18922,20422,26422,64.444444,44.444444,44.444444,13.7804348999634,3,1.48525460000382,True
sub-26,167,2,67,2,60,40.0,25895,26495,27395,81.018519,41.018519,41.018519,15.7988587999716,2,0.333424000011291,True
sub-26,168,2,68,1,12,20.0,12500,12560,12800,25.0,5.0,5.0,3.72066950000589,4,0.717081799986772,True
sub-26,169,2,69,1,12,60.0,25820,26000,26120,32.407407,-27.592593,27.592593,3.37017970002489,3,0.350729400001,True
sub-26,170,2,70,2,300,80.0,10518,16518,18018,55.185185,-24.814815,24.814815,5.3720055000158,1,0.250375200004782,True
sub-26,171,2,71,2,300,40.0,17351,20351,24851,67.407407,27.407407,27.407407,9.79323900002054,3,0.867540900013409,True
sub-26,172,2,72,2,300,40.0,2522,5522,10022,44.722222,4.722222,4.722222,10.2101031000493,3,0.434461899974849,True
sub-26,173,2,73,1,12,80.0,2486,2726,2786,77.592593,-2.407407,2.407407,6.89062479999847,4,0.183377299981657,True
sub-26,174,2,74,1,60,20.0,2714,3014,4214,41.666667,21.666667,21.666667,9.69669969996903,3,0.199902100022882,True
sub-26,175,2,75,1,60,40.0,26923,27523,28423,61.851852,21.851852,21.851852,5.10493430000497,2,0.566938200034201,True
sub-26,176,2,76,1,12,20.0,23864,23925,24165,32.5,12.5,12.5,10.2436375999823,4,0.250246400013566,True
sub-26,177,2,77,1,12,80.0,15162,15402,15462,55.092593,-24.907407,24.907407,7.50729129998944,2,0.183856799965724,True
sub-26,178,2,78,2,60,60.0,11369,12269,12869,49.537037,-10.462963,10.462963,2.98671639995882,1,0.133345500042196,True
sub-26,179,2,79,1,60,20.0,13942,14242,15442,,,,,1,7.3572449000203,False
sub-26,180,2,80,2,300,60.0,18200,22700,25700,36.203704,-23.796296,23.796296,13.9802702000015,2,0.550490599998738,True
sub-26,181,2,81,1,12,80.0,10400,10640,10700,24.166667,-55.833333,55.833333,3.50299120001727,4,0.467177699960302,True
sub-26,182,2,82,2,300,40.0,5739,8739,13239,20.833333,-19.166667,19.166667,4.9378194999881,4,0.33360910002375,True
sub-26,183,2,83,2,300,40.0,19988,22988,27488,69.351852,29.351852,29.351852,7.92478050000499,2,0.784409100015182,True
sub-26,184,2,84,2,300,80.0,1638,7638,9138,79.814815,-0.185185,0.185185,5.45513999997638,4,0.350517299957573,True
sub-26,185,2,85,1,12,20.0,3739,3799,4039,22.407407,2.407407,2.407407,5.7220868000295,4,0.317187100008595,True
sub-26,186,2,86,2,60,20.0,10035,10335,11535,27.777778,7.777778,7.777778,3.05308410001453,4,0.0333009000169113,True
sub-26,187,2,87,2,300,40.0,22736,25736,30236,49.62963,9.62963,9.62963,21.1043931000167,2,0.817118299950379,True
sub-26,188,2,88,1,12,80.0,4600,4840,4900,69.537037,-10.462963,10.462963,3.3865916999639,4,1.10161419998621,True
sub-26,189,2,89,2,300,80.0,10273,16273,17773,64.814815,-15.185185,15.185185,6.17261790001066,4,0.717122800007928,True
sub-26,190,2,90,1,12,60.0,13450,13630,13750,69.907407,9.907407,9.907407,6.9762470999849,3,0.650751399982255,True
sub-26,191,2,91,2,60,60.0,3650,4550,5150,29.537037,-30.462963,30.462963,10.5437983999727,3,0.800220499979332,True
sub-26,192,2,92,1,12,60.0,10400,10580,10700,61.666667,1.666667,1.666667,3.35394340002676,3,0.400172800000291,True
sub-26,193,2,93,1,12,60.0,23864,24045,24165,28.055556,-31.944444,31.944444,9.55913909996161,3,1.16788359999191,True
sub-26,194,2,94,1,60,40.0,2714,3314,4214,84.907407,44.907407,44.907407,2.16790470003616,4,0.700635399960447,True
sub-26,195,2,95,2,60,80.0,11369,12569,12869,74.62963,-5.37037,5.37037,2.53578440001001,4,0.350654100009705,True
sub-26,196,2,96,2,300,80.0,7365,13365,14865,84.444444,4.444444,4.444444,7.19092310004634,4,0.383257199951913,True
sub-26,197,2,97,1,12,80.0,23864,24105,24165,30.833333,-49.166667,49.166667,8.74185990000842,2,0.283570200030226,True
sub-26,198,2,98,1,12,20.0,11500,11560,11800,30.925926,10.925926,10.925926,6.82364630000665,3,0.167359399958513,True
sub-26,199,2,99,2,300,20.0,13458,14958,20958,21.018519,1.018519,1.018519,4.85443049995228,4,0.73405890003778,True
sub-26,200,2,100,2,60,60.0,9187,10087,10687,70.833333,10.833333,10.833333,3.13707240001531,4,0.149665399978403,True
sub-26,201,3,1,1,60,20.0,6042,6342,7542,47.962963,27.962963,27.962963,7.79746629996225,3,0.383240299997851,True
sub-26,202,3,2,2,300,80.0,19476,25476,26976,63.703704,-16.296296,16.296296,9.50949570001103,2,0.166513200034387,True
sub-26,203,3,3,2,300,40.0,18200,21200,25700,35.555556,-4.444444,4.444444,7.69061249995138,2,6.95684729999629,True
sub-26,204,3,4,1,12,80.0,12500,12740,12800,41.296296,-38.703704,38.703704,8.35806270001921,3,0.249978900013957,True
sub-26,205,3,5,1,12,60.0,11500,11680,11800,59.074074,-0.925926,0.925926,13.5798961999826,3,0.717404800001531,True
sub-26,206,3,6,1,12,40.0,27281,27401,27581,26.111111,-13.888889,13.888889,8.74203979998128,4,0.333387599966954,True
sub-26,207,3,7,1,60,60.0,6042,6942,7542,73.055556,13.055556,13.055556,3.06997140002204,4,0.0998687000246718,True
sub-26,208,3,8,2,60,20.0,19722,20022,21222,20.277778,0.277778,0.277778,2.36891359998844,4,0.300177499942947,True
sub-26,209,3,9,2,60,40.0,28296,28896,29796,40.092593,0.092593,0.092593,7.3574132999638,3,0.584102399996481,True
sub-26,210,3,10,2,300,20.0,20069,21569,27569,32.037037,12.037037,12.037037,6.10517479997361,3,0.333341999968979,True
sub-26,211,3,11,1,60,80.0,5494,6694,6994,77.407407,-2.592593,2.592593,2.83610210003098,4,0.53397039999254,True
sub-26,212,3,12,2,60,60.0,25895,26795,27395,28.796296,-31.203704,31.203704,9.79338250000728,2,0.367489799973554,True
sub-26,213,3,13,1,12,20.0,1602,1662,1902,33.888889,13.888889,13.888889,6.2399274999625,3,0.400756799965165,True
sub-26,214,3,14,2,300,20.0,5739,7239,13239,19.814815,-0.185185,0.185185,3.23688420001417,4,0.367218500003218,True
sub-26,215,3,15,2,300,80.0,22736,28736,30236,34.351852,-45.648148,45.648148,9.79309189994819,4,0.333564599975943,True
sub-26,216,3,16,2,300,60.0,19988,24488,27488,42.222222,-17.777778,17.777778,3.26960790000157,3,0.316431700019165,True
sub-26,217,3,17,2,300,40.0,18922,21922,26422,40.555556,0.555556,0.555556,17.5009150999831,4,0.350895999989006,True
sub-26,218,3,18,2,60,40.0,19722,20322,21222,74.62963,34.62963,34.62963,3.06983520003268,4,0.150332799996249,True
sub-26,219,3,19,1,12,20.0,6414,6474,6714,27.685185,7.685185,7.685185,2.65316310001071,4,0.333498599997255,True
sub-26,220,3,20,1,12,20.0,27281,27341,27581,28.333333,8.333333,8.333333,7.79101970000192,3,0.617334500013385,True
sub-26,221,3,21,1,12,20.0,15162,15222,15462,74.444444,54.444444,54.444444,4.5207989999908,4,0.333249500021338,True
sub-26,222,3,22,1,12,40.0,12500,12620,12800,66.388889,26.388889,26.388889,3.57050090003758,3,0.383404899970628,True
sub-26,223,3,23,2,300,80.0,17351,23351,24851,52.87037,-27.12963,27.12963,5.55542510002851,2,0.333145899989176,True
sub-26,224,3,24,1,60,80.0,15628,16828,17128,80.37037,0.37037,0.37037,3.57035799999721,4,0.349946999980602,True
sub-26,225,3,25,2,300,60.0,9381,13881,16881,64.074074,4.074074,4.074074,25.1916625000303,4,0.400057799997739,True
sub-26,226,3,26,1,60,40.0,13942,14542,15442,65.277778,25.277778,25.277778,4.90433629998005,4,0.150201000040397,True
sub-26,227,3,27,1,12,60.0,24970,25150,25270,72.962963,12.962963,12.962963,3.87017220002599,4,0.350072400004137,True
sub-26,228,3,28,1,12,40.0,2393,2513,2693,78.796296,38.796296,38.796296,3.72017879999475,4,0.367436900036409,True
sub-26,229,3,29,2,300,40.0,20069,23069,27569,49.537037,9.537037,9.537037,3.57062279997626,1,0.300667200004681,True
sub-26,230,3,30,2,300,80.0,11153,17153,18653,62.777778,-17.222222,17.222222,3.58736399997724,4,0.383437200041953,True
sub-26,231,3,31,1,60,60.0,13942,14842,15442,74.259259,14.259259,14.259259,4.97118270001374,4,0.33355710003525,True
sub-26,232,3,32,2,60,20.0,14390,14690,15890,34.259259,14.259259,14.259259,5.83922349999193,3,0.14995730004739,True
sub-26,233,3,33,1,12,40.0,16152,16272,16452,57.12963,17.12963,17.12963,5.35505640000337,3,0.366602400026749,True
sub-26,234,3,34,2,300,40.0,10273,13273,17773,66.851852,26.851852,26.851852,11.794886699994,2,1.26749549998203,True
sub-26,235,3,35,1,60,60.0,22148,23048,23648,36.203704,-23.796296,23.796296,6.65608179999981,2,0.399721099995076,True
sub-26,236,3,36,2,300,60.0,16327,20827,23827,77.777778,17.777778,17.777778,3.73697829997399,4,0.283555400033947,True
sub-26,237,3,37,2,300,60.0,7365,11865,14865,33.055556,-26.944444,26.944444,5.32244370004627,4,0.284098999982234,True
sub-26,238,3,38,2,300,80.0,11085,17085,18585,67.5,-12.5,12.5,10.1109132000128,4,0.366160499979741,True
sub-26,239,3,39,1,60,40.0,15628,16228,17128,35.185185,-4.814815,4.814815,8.35836320003727,3,0.216831600002478,True
sub-26,240,3,40,2,300,80.0,19988,25988,27488,60.555556,-19.444444,19.444444,7.92457859998103,4,0.250053700001444,True
sub-26,241,3,41,2,300,40.0,19476,22476,26976,65.277778,25.277778,25.277778,7.80801770003745,3,0.383707899949513,True
sub-26,242,3,42,2,300,20.0,11085,12585,18585,62.222222,42.222222,42.222222,5.53902279998874,3,0.717493799980729,True
sub-26,243,3,43,1,12,80.0,3739,3979,4039,88.981481,8.981481,8.981481,2.65321630000835,4,0.516674700018484,True
sub-26,244,3,44,2,300,80.0,18200,24200,25700,54.62963,-25.37037,25.37037,5.93931320001138,1,0.433652399980928,True
sub-26,245,3,45,1,12,20.0,14329,14389,14629,42.12963,22.12963,22.12963,5.82228999998187,3,0.33365300000878,True
sub-26,246,3,46,1,60,80.0,13176,14376,14676,60.092593,-19.907407,19.907407,3.7035687000025,2,0.567481100035365,True
sub-26,247,3,47,2,300,80.0,9381,15381,16881,74.722222,-5.277778,5.277778,3.48674750002101,4,0.534037099976558,True
sub-26,248,3,48,2,60,80.0,12596,13796,14096,63.981481,-16.018519,16.018519,12.4294651999953,4,1.61785720003535,True
sub-26,249,3,49,2,300,20.0,19476,20976,26976,59.166667,39.166667,39.166667,10.5272038999828,2,1.43424580001737,True
sub-26,250,3,50,2,300,40.0,7365,10365,14865,50.740741,10.740741,10.740741,7.70798219996504,2,0.099815999972634,True
sub-26,251,3,51,2,300,60.0,2522,7022,10022,73.425926,13.425926,13.425926,4.03755499998806,3,0.383111400005873,True
sub-26,252,3,52,2,60,60.0,12596,13496,14096,68.611111,8.611111,8.611111,5.93943230004515,4,1.10117089998675,True
sub-26,253,3,53,2,300,40.0,14351,17351,21851,52.12963,12.12963,12.12963,2.43554949999088,1,0.316695799992885,True
sub-26,254,3,54,1,60,40.0,5494,6094,6994,61.203704,21.203704,21.203704,11.0444167999667,2,0.450134099985007,True
sub-26,255,3,55,1,12,40.0,24250,24370,24550,82.777778,42.777778,42.777778,3.85350580001249,4,0.333403300028294,True
sub-26,256,3,56,2,300,40.0,12645,15645,20145,68.518519,28.518519,28.518519,7.07343550003133,3,0.466831400000955,True
sub-26,257,3,57,1,60,80.0,2714,3914,4214,81.203704,1.203704,1.203704,6.37274670001352,4,0.400169699976686,True
sub-26,258,3,58,2,60,80.0,3650,4850,5150,63.148148,-16.851852,16.851852,8.87527359998785,4,0.35024279996287,True
sub-26,259,3,59,2,60,40.0,17621,18221,19121,48.888889,8.888889,8.888889,4.12054959998931,1,0.0663152000051923,True
sub-26,260,3,60,2,300,80.0,20069,26069,27569,68.240741,-11.759259,11.759259,2.83687420003116,3,0.283362799964379,True
sub-26,261,3,61,1,12,60.0,14329,14509,14629,82.037037,22.037037,22.037037,2.85255880001932,4,0.733760699979029,True
sub-26,262,3,62,2,300,80.0,5739,11739,13239,31.296296,-48.703704,48.703704,4.30424689996289,4,0.333287700021173,True
sub-26,263,3,63,1,12,60.0,24250,24430,24550,49.444444,-10.555556,10.555556,7.04018599999835,2,0.433485399989876,True
sub-26,264,3,64,1,12,80.0,17600,17840,17900,86.388889,6.388889,6.388889,4.13798419997328,3,0.950879800016991,True
sub-26,265,3,65,1,12,20.0,24250,24310,24550,79.814815,59.814815,59.814815,2.28584040002897,3,0.183812500035855,True
sub-26,266,3,66,1,12,20.0,21273,21333,21573,9.722222,-10.277778,10.277778,3.3863898999989,4,0.549929299973882,True
sub-26,267,3,67,1,60,20.0,26923,27223,28423,36.111111,16.111111,16.111111,11.5445903000072,4,0.300308900012169,True
sub-26,268,3,68,2,300,60.0,13458,17958,20958,57.685185,-2.314815,2.314815,7.19068589998642,1,0.317246499995235,True
sub-26,269,3,69,2,300,80.0,16072,22072,23572,66.666667,-13.333333,13.333333,3.20361730002332,4,1.36731509998207,True
sub-26,270,3,70,1,12,80.0,13450,13690,13750,79.166667,-0.833333,0.833333,2.35252570000011,4,0.300252699991688,True
sub-26,271,3,71,1,12,60.0,9950,10130,10250,39.722222,-20.277778,20.277778,3.08627309999428,2,0.250013699987903,True
sub-26,272,3,72,1,12,60.0,2486,2666,2786,77.592593,17.592593,17.592593,10.4107060999958,4,0.683697899978142,True
sub-26,273,3,73,1,60,40.0,22148,22748,23648,72.777778,32.777778,32.777778,3.53681919997325,2,0.317030099977273,True
sub-26,274,3,74,2,60,40.0,11369,11969,12869,48.148148,8.148148,8.148148,9.65948360000038,2,0.349906400020699,True
sub-26,275,3,75,2,300,20.0,2522,4022,10022,42.592593,22.592593,22.592593,12.5961354000028,3,0.383739699958823,True
sub-26,276,3,76,2,60,40.0,3650,4250,5150,23.518519,-16.481481,16.481481,2.95282479998422,4,0.234138300002086,True
sub-26,277,3,77,2,60,80.0,14390,15590,15890,83.611111,3.611111,3.611111,4.98817779996898,4,0.316969500039704,True
sub-26,278,3,78,1,12,80.0,15586,15826,15886,85.0,5.0,5.0,7.09090609999839,4,0.634039899974595,True
sub-26,279,3,79,1,12,20.0,15586,15646,15886,44.537037,24.537037,24.537037,2.78582079999614,3,0.250169700011611,True
sub-26,280,3,80,2,300,20.0,7365,8865,14865,19.62963,-0.37037,0.37037,2.95217900001443,4,0.15024429996265,True
sub-26,281,3,81,1,12,40.0,11500,11620,11800,28.611111,-11.388889,11.388889,4.87137299997266,4,0.25009589997353,True
sub-26,282,3,82,2,300,20.0,14066,15566,21566,35.925926,15.925926,15.925926,5.15551970002707,3,0.134151900012511,True
sub-26,283,3,83,1,12,80.0,24250,24490,24550,93.703704,13.703704,13.703704,2.25261299998965,4,0.584140199993271,True
sub-26,284,3,84,1,12,60.0,17600,17780,17900,53.333333,-6.666667,6.666667,3.3036557000014,2,0.73402629996417,True
sub-26,285,3,85,2,300,80.0,1960,7960,9460,72.222222,-7.777778,7.777778,6.10637980001047,4,0.650310299999546,True
sub-26,286,3,86,2,300,60.0,12645,17145,20145,47.314815,-12.685185,12.685185,2.86951789999147,2,0.550326399970799,True
sub-26,287,3,87,1,12,80.0,9950,10190,10250,52.12963,-27.87037,27.87037,3.98757350002415,2,0.350700600014533,True
sub-26,288,3,88,2,300,60.0,21224,25724,28724,66.388889,6.388889,6.388889,5.60560359997907,3,0.349791100015863,True
sub-26,289,3,89,1,12,60.0,4600,4780,4900,59.537037,-0.462963,0.462963,3.87019290000898,3,0.266452499956358,True
sub-26,290,3,90,1,12,20.0,26328,26388,26628,80.37037,60.37037,60.37037,2.76957429997855,4,0.366868400014936,True
sub-26,291,3,91,2,300,60.0,16072,20572,23572,55.740741,-4.259259,4.259259,7.47335009998641,3,1.10100419999798,True
sub-26,292,3,92,2,300,60.0,11085,15585,18585,72.5,12.5,12.5,2.85291409998899,2,0.200549500004854,True
sub-26,293,3,93,2,60,20.0,23865,24165,25365,72.777778,52.777778,52.777778,4.45452899998053,3,0.433894599962513,True
sub-26,294,3,94,1,12,40.0,15586,15706,15886,53.796296,13.796296,13.796296,2.6360538000008,3,0.316321599995717,True
sub-26,295,3,95,1,12,40.0,6414,6534,6714,18.796296,-21.203704,21.203704,3.06972939998377,4,1.00106420001247,True
sub-26,296,3,96,1,12,40.0,15162,15282,15462,73.611111,33.611111,33.611111,1.95172450004611,4,0.316212099976837,True
sub-26,297,3,97,1,60,60.0,5494,6394,6994,78.425926,18.425926,18.425926,3.2534244999988,4,0.383423000050243,True
sub-26,298,3,98,2,300,80.0,14066,20066,21566,46.018519,-33.981481,33.981481,2.15176269999938,1,0.566565599991008,True
sub-26,299,3,99,1,12,40.0,1602,1722,1902,52.962963,12.962963,12.962963,12.7967079999507,2,0.350003400002606,True
sub-26,300,3,100,1,12,20.0,10400,10460,10700,29.074074,9.074074,9.074074,2.45195499999681,4,0.183024400030262,True
sub-27,1,1,1,1,60,20.0,20386,20686,21886,27.87037,7.87037,7.87037,13.0447013000084,3,1.75129970000125,True
sub-27,2,1,2,1,60,40.0,5494,6094,6994,38.148148,-1.851852,1.851852,5.95552730001509,2,1.60169839998707,True
sub-27,3,1,3,2,300,20.0,1960,3460,9460,50.833333,30.833333,30.833333,9.27597750001587,2,1.60152579998248,True
sub-27,4,1,4,1,60,40.0,20386,20986,21886,34.62963,-5.37037,5.37037,14.348087899998,3,1.53480329999001,True
sub-27,5,1,5,1,12,40.0,27281,27401,27581,59.074074,19.074074,19.074074,6.12312969999038,3,1.08418209999217,True
sub-27,6,1,6,2,300,40.0,10273,13273,17773,61.296296,21.296296,21.296296,15.800052800012,2,1.25113269998109,True
sub-27,7,1,7,1,12,20.0,9950,10010,10250,49.722222,29.722222,29.722222,6.77360939999925,1,1.20106719998875,True
sub-27,8,1,8,2,60,20.0,10035,10335,11535,32.87037,12.87037,12.87037,9.62639389999094,2,0.984542299993336,True
sub-27,9,1,9,2,60,20.0,11369,11669,12869,38.333333,18.333333,18.333333,8.00798690001829,2,0.884092899999814,True
sub-27,10,1,10,2,300,20.0,7365,8865,14865,16.574074,-3.425926,3.425926,11.4614581000059,3,1.18413290000171,True
sub-27,11,1,11,2,300,80.0,14066,20066,21566,67.5,-12.5,12.5,11.9285682000045,3,1.03444729998591,True
sub-27,12,1,12,2,300,20.0,19476,20976,26976,44.166667,24.166667,24.166667,14.0833569999958,2,0.88408590000472,True
sub-27,13,1,13,2,300,60.0,17351,21851,24851,30.092593,-29.907407,29.907407,17.2175530999957,2,0.73426619998645,True
sub-27,14,1,14,2,300,20.0,18922,20422,26422,29.444444,9.444444,9.444444,8.87612050000461,3,0.817493200011085,True
sub-27,15,1,15,1,12,20.0,15162,15222,15462,62.314815,42.314815,42.314815,7.6219720999943,2,1.73447789999772,True
sub-27,16,1,16,1,12,40.0,6414,6534,6714,36.388889,-3.611111,3.611111,9.3923788999964,3,1.3010202999867,True
sub-27,17,1,17,2,60,40.0,9187,9787,10687,20.648148,-19.351852,19.351852,4.98851910000667,3,1.83569100001477,True
sub-27,18,1,18,1,12,80.0,15162,15402,15462,76.481481,-3.518519,3.518519,6.1229294000077,3,1.13443360000383,True
sub-27,19,1,19,2,300,20.0,16327,17827,23827,42.777778,22.777778,22.777778,10.2937341000069,2,3.10294519999297,True
sub-27,20,1,20,2,60,20.0,21629,21929,23129,28.333333,8.333333,8.333333,14.4313613000267,3,0.901023399987025,True
sub-27,21,1,21,1,60,40.0,2714,3314,4214,70.462963,30.462963,30.462963,5.98917819999042,3,0.70088439999381,True
sub-27,22,1,22,1,12,60.0,4600,4780,4900,64.722222,4.722222,4.722222,9.52641779999248,2,0.783757099998183,True
sub-27,23,1,23,1,12,60.0,13450,13630,13750,37.12963,-22.87037,22.87037,9.50935340000433,2,0.650518000009469,True
sub-27,24,1,24,1,12,80.0,11500,11740,11800,71.481481,-8.518519,8.518519,6.6734451999946,3,1.96829220000654,True
sub-27,25,1,25,2,60,40.0,3650,4250,5150,44.537037,4.537037,4.537037,11.7781850000028,2,0.784059800003888,True
sub-27,26,1,26,1,60,60.0,13176,14076,14676,69.074074,9.074074,9.074074,9.70962479998706,3,3.33642340000369,True
sub-27,27,1,27,1,60,20.0,26923,27223,28423,37.12963,17.12963,17.12963,5.69193689999519,3,0.800821499986341,True
sub-27,28,1,28,2,300,40.0,19988,22988,27488,68.240741,28.240741,28.240741,11.6763841999927,3,0.566527700022561,True
sub-27,29,1,29,2,300,80.0,18200,24200,25700,43.148148,-36.851852,36.851852,10.4437935000169,2,0.900593800004571,True
sub-27,30,1,30,1,12,80.0,27281,27521,27581,72.314815,-7.685185,7.685185,6.37289249998866,3,1.35094529998605,True
sub-27,31,1,31,2,60,60.0,19722,20622,21222,77.037037,17.037037,17.037037,10.3100978000147,3,1.35111680001136,True
sub-27,32,1,32,2,300,20.0,10518,12018,18018,24.537037,4.537037,4.537037,11.2947555999853,3,0.783820300013758,True
sub-27,33,1,33,2,300,80.0,10518,16518,18018,62.222222,-17.777778,17.777778,10.1300371999968,1,1.70171760002267,True
sub-27,34,1,34,2,300,40.0,21224,24224,28724,20.648148,-19.351852,19.351852,6.60427060001529,3,0.517286699992837,True
sub-27,35,1,35,1,12,40.0,24970,25090,25270,39.074074,-0.925926,0.925926,12.1817729000176,3,1.18487820000154,True
sub-27,36,1,36,1,12,20.0,26328,26388,26628,65.925926,45.925926,45.925926,10.9922031000023,3,0.583899899997049,True
sub-27,37,1,37,1,60,80.0,2714,3914,4214,77.5,-2.5,2.5,6.559964199987,3,0.950858800002606,True
sub-27,38,1,38,1,12,40.0,29300,29420,29600,55.0,15.0,15.0,11.7094512000039,2,2.43528040000819,True
sub-27,39,1,39,2,60,60.0,23865,24765,25365,46.481481,-13.518519,13.518519,7.94486440002219,2,1.11767529998905,True
sub-27,40,1,40,1,60,40.0,22148,22748,23648,73.333333,33.333333,33.333333,4.33576029998948,3,1.38489739998476,True
sub-27,41,1,41,1,60,20.0,4556,4856,6056,33.703704,13.703704,13.703704,13.6304215000127,2,0.834149700007401,True
sub-27,42,1,42,2,300,20.0,12645,14145,20145,34.722222,14.722222,14.722222,9.8265007000009,3,1.23489819999667,True
sub-27,43,1,43,2,300,40.0,10518,13518,18018,46.944444,6.944444,6.944444,11.9477972000022,2,0.951087599998572,True
sub-27,44,1,44,2,300,80.0,17351,23351,24851,68.518519,-11.481481,11.481481,4.86933580000186,3,0.584087099996395,True
sub-27,45,1,45,1,12,60.0,14329,14509,14629,67.314815,7.314815,7.314815,10.8947378000011,3,1.21789610001724,True
sub-27,46,1,46,1,60,40.0,4556,5156,6056,43.148148,3.148148,3.148148,10.7134101999981,2,0.667169199994532,True
sub-27,47,1,47,2,300,80.0,11085,17085,18585,71.759259,-8.240741,8.240741,9.45709579999675,3,0.699973600014345,True
sub-27,48,1,48,1,12,40.0,13450,13570,13750,66.481481,26.481481,26.481481,10.4603948000003,3,0.70059449999826,True
sub-27,49,1,49,2,300,40.0,5739,8739,13239,21.111111,-18.888889,18.888889,7.92444259999319,3,1.80145450000418,True
sub-27,50,1,50,2,60,60.0,10035,10935,11535,28.148148,-31.851852,31.851852,9.59312959999078,3,0.600354700000025,True
sub-27,51,1,51,1,60,80.0,13942,15142,15442,38.703704,-41.296296,41.296296,8.12483799998881,3,0.667528099991614,True
sub-27,52,1,52,2,60,80.0,25202,26402,26702,64.166667,-15.833333,15.833333,7.50809149999986,3,0.750537599989911,True
sub-27,53,1,53,2,300,40.0,16327,19327,23827,71.296296,31.296296,31.296296,7.8243938999949,2,1.05091869999887,True
sub-27,54,1,54,1,12,80.0,1602,1842,1902,41.759259,-38.240741,38.240741,11.210967299994,2,0.800497899996116,True
sub-27,55,1,55,1,12,80.0,21273,21513,21573,67.685185,-12.314815,12.314815,7.59107329999096,3,0.500098799995612,True
sub-27,56,1,56,1,12,80.0,17600,17840,17900,78.148148,-1.851852,1.851852,7.57420950001687,3,0.767350499983876,True
sub-27,57,1,57,1,60,80.0,26923,28123,28423,68.611111,-11.388889,11.388889,6.22293750001699,3,0.934421800018753,True
sub-27,58,1,58,1,12,60.0,21800,21980,22100,75.555556,15.555556,15.555556,7.37452990000019,3,0.734017000009771,True
sub-27,59,1,59,1,12,20.0,16152,16212,16452,40.833333,20.833333,20.833333,14.1143097000021,2,1.13441700002294,True
sub-27,60,1,60,1,60,20.0,5494,5794,6994,34.537037,14.537037,14.537037,7.0432121999911,2,2.25195509998593,True
sub-27,61,1,61,2,60,60.0,9187,10087,10687,23.148148,-36.851852,36.851852,6.77457969999522,3,1.30120290000922,True
sub-27,62,1,62,2,60,80.0,21629,22829,23129,74.259259,-5.740741,5.740741,11.2760799000097,3,0.600410700018983,True
sub-27,63,1,63,1,60,20.0,6042,6342,7542,70.925926,50.925926,50.925926,6.60635680000996,3,0.917537000001175,True
sub-27,64,1,64,1,12,20.0,3739,3799,4039,71.111111,51.111111,51.111111,6.58991710000555,3,0.984376700012944,True
sub-27,65,1,65,2,300,80.0,1638,7638,9138,23.703704,-56.296296,56.296296,10.4438758000032,3,0.600385400000959,True
sub-27,66,1,66,2,300,20.0,1638,3138,9138,35.462963,15.462963,15.462963,7.22675560001516,3,1.93490950000705,True
sub-27,67,1,67,2,60,40.0,3650,4250,5150,43.425926,3.425926,3.425926,5.88988370000151,3,1.78501789999427,True
sub-27,68,1,68,2,300,60.0,11085,15585,18585,40.833333,-19.166667,19.166667,8.17258460001903,2,0.617548999987775,True
sub-27,69,1,69,1,60,80.0,15628,16828,17128,38.055556,-41.944444,41.944444,5.80593020000378,1,0.716982299985829,True
sub-27,70,1,70,2,60,60.0,25895,26795,27395,72.685185,12.685185,12.685185,5.42210619998513,3,0.867285699991043,True
sub-27,71,1,71,2,60,40.0,3650,4250,5150,58.796296,18.796296,18.796296,5.50603759998921,3,1.31796210000175,True
sub-27,72,1,72,2,60,80.0,21629,22829,23129,68.055556,-11.944444,11.944444,6.40634490002412,3,0.750210199999855,True
sub-27,73,1,73,2,60,80.0,12596,13796,14096,48.981481,-31.018519,31.018519,6.13965369999641,2,0.867099600000074,True
sub-27,74,1,74,1,60,80.0,4556,5756,6056,73.611111,-6.388889,6.388889,7.17423210002016,3,0.717355200002202,True
sub-27,75,1,75,2,60,60.0,9187,10087,10687,68.981481,8.981481,8.981481,11.7148081000195,3,0.517071899987058,True
sub-27,76,1,76,2,300,20.0,20069,21569,27569,35.0,15.0,15.0,11.7596006999956,3,0.783611799997743,True
sub-27,77,1,77,1,12,40.0,4600,4720,4900,32.222222,-7.777778,7.777778,5.04126119997818,2,0.733920200000284,True
sub-27,78,1,78,1,12,20.0,9950,10010,10250,67.777778,47.777778,47.777778,7.80543639999814,2,0.68398810000508,True
sub-27,79,1,79,2,300,60.0,11085,15585,18585,68.703704,8.703704,8.703704,14.0642642999882,3,0.533920800022315,True
sub-27,80,1,80,2,300,20.0,1638,3138,9138,43.611111,23.611111,23.611111,6.70678490001591,3,0.683483800006797,True
sub-27,81,1,81,1,12,20.0,21273,21333,21573,19.62963,-0.37037,0.37037,4.67424210000899,3,0.850875300006009,True
sub-27,82,1,82,2,300,80.0,21224,27224,28724,36.481481,-43.518519,43.518519,20.1009176999796,3,0.55033430000185,True
sub-27,83,1,83,2,300,80.0,22736,28736,30236,75.555556,-4.444444,4.444444,7.05990220000967,3,0.567382100009126,True
sub-27,84,1,84,1,12,80.0,24250,24490,24550,68.796296,-11.203704,11.203704,6.30439450000994,1,0.834394100005738,True
sub-27,85,1,85,2,60,60.0,3650,4550,5150,60.0,0.0,0.0,4.00404990001698,3,0.550023000017972,True
sub-27,86,1,86,2,300,20.0,5739,7239,13239,66.203704,46.203704,46.203704,9.49303710000822,3,0.500772700004745,True
sub-27,87,1,87,1,12,20.0,11500,11560,11800,31.018519,11.018519,11.018519,11.3310229000053,3,0.617382800002815,True
sub-27,88,1,88,1,60,60.0,22148,23048,23648,69.259259,9.259259,9.259259,4.2354236000101,3,0.867452099977526,True
sub-27,89,1,89,1,12,20.0,2393,2453,2693,70.185185,50.185185,50.185185,10.9303709000232,3,0.483676200004993,True
sub-27,90,1,90,2,300,60.0,10273,14773,17773,40.648148,-19.351852,19.351852,9.35732730000745,3,0.616801800002576,True
sub-27,91,1,91,1,12,80.0,17600,17840,17900,76.944444,-3.055556,3.055556,5.59590949999983,3,0.951123200007714,True
sub-27,92,1,92,2,300,80.0,13557,19557,21057,72.592593,-7.407407,7.407407,6.30434550001518,3,0.700596299982862,True
sub-27,93,1,93,2,300,40.0,2522,5522,10022,56.018519,16.018519,16.018519,4.15413010001066,3,0.516660500026773,True
sub-27,94,1,94,2,300,80.0,9381,15381,16881,46.388889,-33.611111,33.611111,15.9826210000028,2,1.30112670001108,True
sub-27,95,1,95,1,12,20.0,25820,25880,26120,34.907407,14.907407,14.907407,11.7617549000133,2,0.500097800017101,True
sub-27,96,1,96,1,60,40.0,15628,16228,17128,35.092593,-4.907407,4.907407,7.10689490000368,2,0.617238799983169,True
sub-27,97,1,97,1,60,80.0,13176,14376,14676,32.407407,-47.592593,47.592593,6.50955340001382,3,0.634307600004831,True
sub-27,98,1,98,1,12,60.0,1602,1782,1902,61.018519,1.018519,1.018519,5.78681109999888,2,0.817117700004018,True
sub-27,99,1,99,2,300,40.0,21224,24224,28724,68.055556,28.055556,28.055556,10.0269503000017,3,0.53396529998281,True
sub-27,100,1,100,1,12,40.0,15162,15282,15462,56.481481,16.481481,16.481481,7.00680730000021,2,0.667003999988082,True
sub-27,101,2,1,2,60,80.0,17621,18821,19121,37.037037,-42.962963,42.962963,8.29847859998699,2,2.51899169999524,True
sub-27,102,2,2,1,12,20.0,26328,26388,26628,78.055556,58.055556,58.055556,9.75969259999692,3,0.700583300000289,True
sub-27,103,2,3,2,300,80.0,2522,8522,10022,42.685185,-37.314815,37.314815,10.146535399981,3,0.634117100009461,True
sub-27,104,2,4,1,60,20.0,22148,22448,23648,64.444444,44.444444,44.444444,5.23601270001381,3,0.733677999989595,True
sub-27,105,2,5,2,300,20.0,9381,10881,16881,67.037037,47.037037,47.037037,7.22671529999934,2,1.00080680000246,True
sub-27,106,2,6,2,300,40.0,19988,22988,27488,31.203704,-8.796296,8.796296,9.34049380000215,3,0.684013499994762,True
sub-27,107,2,7,1,12,20.0,4600,4660,4900,41.388889,21.388889,21.388889,12.4486875999718,1,1.38495749997673,True
sub-27,108,2,8,2,300,80.0,18200,24200,25700,53.611111,-26.388889,26.388889,8.22258800000418,1,0.934308500000042,True
sub-27,109,2,9,2,60,20.0,19722,20022,21222,71.759259,51.759259,51.759259,6.89052409998839,3,0.633714199997484,True
sub-27,110,2,10,1,12,20.0,23864,23924,24165,33.333333,13.333333,13.333333,5.95639550001942,3,0.500535800005309,True
sub-27,111,2,11,1,12,60.0,6414,6594,6714,28.703704,-31.296296,31.296296,7.0097373999888,3,1.10115629999199,True
sub-27,112,2,12,1,60,80.0,6042,7242,7542,69.814815,-10.185185,10.185185,6.70463819999713,3,0.500712199980625,True
sub-27,113,2,13,1,12,40.0,3739,3859,4039,74.62963,34.62963,34.62963,5.15490829999907,3,0.583740900008706,True
sub-27,114,2,14,1,60,40.0,15628,16228,17128,36.851852,-3.148148,3.148148,17.3836802000005,3,0.583855000004405,True
sub-27,115,2,15,2,300,60.0,19476,23976,26976,60.0,0.0,0.0,14.0474146999767,3,0.467213600000832,True
sub-27,116,2,16,1,12,40.0,25820,25940,26120,60.925926,20.925926,20.925926,12.1121891000075,1,0.717259299999568,True
sub-27,117,2,17,1,12,20.0,15586,15646,15886,38.148148,18.148148,18.148148,7.8606341999839,3,0.600592700007837,True
sub-27,118,2,18,1,12,80.0,14329,14569,14629,58.888889,-21.111111,21.111111,10.6418237999896,3,0.683770700008608,True
sub-27,119,2,19,1,12,20.0,23864,23924,24165,62.037037,42.037037,42.037037,7.29044419998535,2,0.717365699994843,True
sub-27,120,2,20,1,60,40.0,6042,6642,7542,61.944444,21.944444,21.944444,5.7417417000106,2,0.649900499993236,True
sub-27,121,2,21,2,60,20.0,12596,12896,14096,61.296296,41.296296,41.296296,7.90593229999649,3,0.900583600014215,True
sub-27,122,2,22,2,60,40.0,12596,13196,14096,62.685185,22.685185,22.685185,5.85538970000925,2,0.533727800007909,True
sub-27,123,2,23,1,12,40.0,2393,2513,2693,65.462963,25.462963,25.462963,11.6280508000054,2,1.60168340001837,True
sub-27,124,2,24,2,60,60.0,16451,17351,17951,33.333333,-26.666667,26.666667,12.4459730000235,2,1.684964199987,True
sub-27,125,2,25,2,300,80.0,16327,22327,23827,76.851852,-3.148148,3.148148,6.22298069999669,3,1.06775789998937,True
sub-27,126,2,26,1,12,40.0,16152,16272,16452,87.037037,47.037037,47.037037,9.10888240000349,4,1.51774000001023,True
sub-27,127,2,27,2,300,60.0,1638,6138,9138,52.592593,-7.407407,7.407407,7.57675700000254,3,0.717253699986031,True
sub-27,128,2,28,1,12,20.0,3739,3799,4039,75.462963,55.462963,55.462963,5.58681799998157,3,0.483449099992867,True
sub-27,129,2,29,1,12,20.0,16152,16212,16452,33.240741,13.240741,13.240741,13.366157899989,3,0.70019719999982,True
sub-27,130,2,30,1,60,40.0,1414,2014,2914,27.037037,-12.962963,12.962963,9.99116650002542,3,0.650434599985601,True
sub-27,131,2,31,1,12,40.0,25820,25940,26120,18.518519,-21.481481,21.481481,11.9818230000091,4,1.56826850000652,True
sub-27,132,2,32,1,12,40.0,21273,21393,21573,55.37037,15.37037,15.37037,9.95774969999911,3,0.601019900001119,True
sub-27,133,2,33,2,300,40.0,18200,21200,25700,44.166667,4.166667,4.166667,9.05965690000448,3,0.767456999979913,True
sub-27,134,2,34,1,12,20.0,17600,17660,17900,64.444444,44.444444,44.444444,4.88826429998152,3,0.517287299997406,True
sub-27,135,2,35,2,300,20.0,13557,15057,21057,22.962963,2.962963,2.962963,11.1610038000217,3,0.917615799990017,True
sub-27,136,2,36,2,60,20.0,23865,24165,25365,66.574074,46.574074,46.574074,11.1785114999802,3,0.933828399982303,True
sub-27,137,2,37,2,300,60.0,20069,24569,27569,29.074074,-30.925926,30.925926,8.09128720001899,3,0.750426200014771,True
sub-27,138,2,38,2,300,80.0,22736,28736,30236,40.925926,-39.074074,39.074074,17.3844375000044,3,1.51799289998598,True
sub-27,139,2,39,2,60,80.0,14390,15590,15890,81.388889,1.388889,1.388889,5.4722397000005,4,0.567245000012917,True
sub-27,140,2,40,2,300,80.0,9381,15381,16881,65.277778,-14.722222,14.722222,7.92458359999,3,0.53424680000171,True
sub-27,141,2,41,2,300,40.0,20069,23069,27569,28.425926,-11.574074,11.574074,6.8730479000078,3,0.700551899994025,True
sub-27,142,2,42,1,60,20.0,1414,1714,2914,40.185185,20.185185,20.185185,9.209074399987,2,0.550919000001158,True
sub-27,143,2,43,1,12,80.0,2393,2633,2693,70.37037,-9.62963,9.62963,4.90897119999863,3,0.651063199999043,True
sub-27,144,2,44,2,60,60.0,16451,17351,17951,71.574074,11.574074,11.574074,7.6718706000247,3,0.700525600026594,True
sub-27,145,2,45,1,12,80.0,21273,21513,21573,61.851852,-18.148148,18.148148,8.01099720000638,3,0.533895200002007,True
sub-27,146,2,46,1,12,40.0,2486,2606,2786,76.388889,36.388889,36.388889,8.38967360000242,3,0.584084500005701,True
sub-27,147,2,47,2,300,80.0,2522,8522,10022,61.759259,-18.240741,18.240741,8.92824889998883,3,1.08426800000597,True
sub-27,148,2,48,2,60,20.0,17621,17921,19121,72.5,52.5,52.5,9.85754610001458,3,0.933998199994675,True
sub-27,149,2,49,2,300,80.0,14351,20351,21851,58.333333,-21.666667,21.666667,10.7273162000055,2,0.5838694999984,True
sub-27,150,2,50,2,300,60.0,10273,14773,17773,65.092593,5.092593,5.092593,11.7948338999995,3,0.600472300022374,True
sub-27,151,2,51,2,60,80.0,25895,27095,27395,71.111111,-8.888889,8.888889,7.24053229999844,3,1.28454400002374,True
sub-27,152,2,52,2,300,20.0,12645,14145,20145,71.111111,51.111111,51.111111,5.93909700002404,3,1.16778059999342,True
sub-27,153,2,53,1,60,80.0,2714,3914,4214,35.37037,-44.62963,44.62963,6.20914819999598,3,0.984824400016805,True
sub-27,154,2,54,2,300,40.0,19988,22988,27488,31.759259,-8.240741,8.240741,12.4267049000191,2,1.26769419998163,True
sub-27,155,2,55,1,12,60.0,12500,12680,12800,30.740741,-29.259259,29.259259,6.840137399995,3,0.867342099983943,True
sub-27,156,2,56,2,300,40.0,13458,16458,20958,44.537037,4.537037,4.537037,9.57650240001385,3,0.633239999995566,True
sub-27,157,2,57,1,60,60.0,26923,27823,28423,57.962963,-2.037037,2.037037,5.42275569998309,3,0.683963399991625,True
sub-27,158,2,58,1,12,80.0,1602,1842,1902,60.462963,-19.537037,19.537037,4.15391190000809,2,0.833987599995452,True
sub-27,159,2,59,2,60,20.0,11369,11669,12869,75.462963,55.462963,55.462963,11.7614412000111,3,0.500476599991088,True
sub-27,160,2,60,1,12,60.0,17600,17780,17900,56.111111,-3.888889,3.888889,14.2647461999731,2,0.634406700002728,True
sub-27,161,2,61,2,60,60.0,16451,17351,17951,40.277778,-19.722222,19.722222,8.12475879999692,2,0.533453899988671,True
sub-27,162,2,62,2,300,40.0,18922,21922,26422,63.888889,23.888889,23.888889,9.82682499999646,3,2.03497239999705,True
sub-27,163,2,63,1,12,60.0,26328,26508,26628,73.425926,13.425926,13.425926,6.85980380000546,3,0.850913000002037,True
sub-27,164,2,64,1,12,20.0,9950,10010,10250,38.981481,18.981481,18.981481,13.427749800001,1,0.734122699999716,True
sub-27,165,2,65,1,12,80.0,24970,25210,25270,36.759259,-43.240741,43.240741,4.19046440001693,3,0.584419399994658,True
sub-27,166,2,66,1,12,40.0,6414,6534,6714,64.722222,24.722222,24.722222,4.85238279998884,3,0.717058999987784,True
sub-27,167,2,67,2,60,40.0,14390,14990,15890,52.685185,12.685185,12.685185,11.2973416000022,3,0.700870600005146,True
sub-27,168,2,68,1,12,60.0,12500,12680,12800,63.796296,3.796296,3.796296,6.6871740000206,3,0.616949499992188,True
sub-27,169,2,69,2,300,60.0,7365,11865,14865,23.425926,-36.574074,36.574074,13.2660794999974,3,0.637174500006949,True
sub-27,170,2,70,1,60,80.0,2714,3914,4214,68.796296,-11.203704,11.203704,4.85301230000914,2,1.38460689998464,True
sub-27,171,2,71,1,60,20.0,13176,13476,14676,58.518519,38.518519,38.518519,11.9645901999901,2,0.500474200001917,True
sub-27,172,2,72,2,60,80.0,19722,20922,21222,26.759259,-53.240741,53.240741,7.35533210000721,3,1.60166479999315,True
sub-27,173,2,73,1,60,80.0,20386,21586,21886,67.592593,-12.407407,12.407407,5.93721799997729,3,0.533540399977937,True
sub-27,174,2,74,2,60,20.0,21629,21929,23129,79.351852,59.351852,59.351852,4.4375801999995,3,4.82137439999496,True
sub-27,175,2,75,2,300,20.0,11153,12653,18653,60.37037,40.37037,40.37037,9.65967100000125,3,0.750577500002691,True
sub-27,176,2,76,1,12,20.0,1602,1662,1902,17.592593,-2.407407,2.407407,3.45732449999195,2,1.55183129999204,True
sub-27,177,2,77,2,300,80.0,17351,23351,24851,42.685185,-37.314815,37.314815,6.88802340000984,2,0.683743000001413,True
sub-27,178,2,78,1,12,60.0,13450,13630,13750,55.555556,-4.444444,4.444444,6.1727601000166,2,0.583884300023783,True
sub-27,179,2,79,2,60,60.0,14390,15290,15890,39.259259,-20.740741,20.740741,5.68891769999754,3,0.583863900013966,True
sub-27,180,2,80,1,12,20.0,29300,29360,29600,62.5,42.5,42.5,11.4282655999995,3,0.517206599994096,True
sub-27,181,2,81,1,12,20.0,29300,29360,29600,57.685185,37.685185,37.685185,4.00403499999083,2,1.01774019998265,True
sub-27,182,2,82,2,60,20.0,16451,16751,17951,29.074074,9.074074,9.074074,6.22313939998275,3,0.784023299987893,True
sub-27,183,2,83,1,12,20.0,25820,25880,26120,32.592593,12.592593,12.592593,14.6144130000029,3,0.750515499996254,True
sub-27,184,2,84,2,60,20.0,17621,17921,19121,32.87037,12.87037,12.87037,5.18850089999614,2,1.26776859999517,True
sub-27,185,2,85,1,12,40.0,12500,12620,12800,30.925926,-9.074074,9.074074,6.17515090000233,3,0.716675800009397,True
sub-27,186,2,86,1,12,60.0,23864,24044,24165,39.907407,-20.092593,20.092593,5.72037189998081,1,1.43446799999219,True
sub-27,187,2,87,2,60,20.0,12596,12896,14096,59.814815,39.814815,39.814815,5.70860559999709,2,1.43474319999222,True
sub-27,188,2,88,2,300,60.0,14066,18566,21566,30.740741,-29.259259,29.259259,9.15698749999865,3,0.666844200022751,True
sub-27,189,2,89,2,60,60.0,25202,26102,26702,64.62963,4.62963,4.62963,8.44228940000175,3,0.566887699998915,True
sub-27,190,2,90,2,300,60.0,11153,15653,18653,40.555556,-19.444444,19.444444,12.0483451999898,3,0.734147700015455,True
sub-27,191,2,91,2,300,60.0,10273,14773,17773,30.185185,-29.814815,29.814815,9.12307949998648,3,0.650720600009663,True
sub-27,192,2,92,1,12,60.0,10400,10580,10700,29.259259,-30.740741,30.740741,6.75638410000829,3,0.683678899978986,True
sub-27,193,2,93,1,12,40.0,24970,25090,25270,62.962963,22.962963,22.962963,5.22473429999081,3,0.667287100019166,True
sub-27,194,2,94,2,300,20.0,7365,8865,14865,29.259259,9.259259,9.259259,13.2942942000227,3,0.533926000003702,True
sub-27,195,2,95,1,12,60.0,27281,27461,27581,61.203704,1.203704,1.203704,5.65570420000585,3,0.483857799990801,True
sub-27,196,2,96,2,300,60.0,2522,7022,10022,61.018519,1.018519,1.018519,6.40667270001722,3,0.767314800003077,True
sub-27,197,2,97,2,60,40.0,28296,28896,29796,46.574074,6.574074,6.574074,6.47326830000383,1,0.850666599988471,True
sub-27,198,2,98,2,60,60.0,11369,12269,12869,33.703704,-26.296296,26.296296,4.1372618000023,2,0.467406200012192,True
sub-27,199,2,99,2,300,60.0,18200,22700,25700,65.0,5.0,5.0,6.19020059998729,3,0.817071399971609,True
sub-27,200,2,100,1,60,60.0,13942,14842,15442,33.981481,-26.018519,26.018519,10.5437469999887,3,1.133868600009,True
sub-27,201,3,1,2,300,40.0,13557,16557,21057,75.555556,35.555556,35.555556,5.47929600000497,3,0.766879599977983,True
sub-27,202,3,2,2,60,80.0,19722,20922,21222,65.462963,-14.537037,14.537037,8.24179790000198,3,0.650702699989778,True
sub-27,203,3,3,1,12,60.0,4600,4780,4900,63.148148,3.148148,3.148148,4.07410860000527,2,0.533829000021796,True
sub-27,204,3,4,1,12,60.0,2486,2666,2786,64.814815,4.814815,4.814815,3.56752129999222,3,0.550554499990539,True
sub-27,205,3,5,2,300,60.0,14351,18851,21851,56.574074,-3.425926,3.425926,5.72217709998949,2,0.667161199991824,True
sub-27,206,3,6,1,60,80.0,22148,23348,23648,65.648148,-14.351852,14.351852,16.3004157999821,2,0.667216600006213,True
sub-27,207,3,7,2,300,60.0,11153,15653,18653,30.277778,-29.722222,29.722222,8.82531499999458,3,0.550295499997446,True
sub-27,208,3,8,1,12,40.0,24250,24370,24550,56.111111,16.111111,16.111111,4.55465090001234,2,0.600333300011698,True
sub-27,209,3,9,2,300,60.0,13557,18057,21057,50.0,-10.0,10.0,6.86004969998612,2,0.500508800003444,True
sub-27,210,3,10,2,60,40.0,17621,18221,19121,65.833333,25.833333,25.833333,8.52293900001677,3,1.61824229999911,True
sub-27,211,3,11,2,300,40.0,12645,15645,20145,63.333333,23.333333,23.333333,14.834370699973,3,0.600580199999967,True
sub-27,212,3,12,2,300,80.0,14066,20066,21566,41.018519,-38.981481,38.981481,8.07283240000833,3,0.634200300002703,True
sub-27,213,3,13,2,300,80.0,16072,22072,23572,72.962963,-7.037037,7.037037,5.62248099999851,3,0.533844799996586,True
sub-27,214,3,14,1,12,80.0,9950,10190,10250,61.111111,-18.888889,18.888889,5.5222889999859,2,0.567199599987361,True
sub-27,215,3,15,1,60,60.0,1414,2314,2914,66.851852,6.851852,6.851852,6.33961789999739,3,0.466939200006891,True
sub-27,216,3,16,1,12,80.0,15162,15402,15462,63.888889,-16.111111,16.111111,9.42613560002064,2,0.583937700022943,True
sub-27,217,3,17,1,12,60.0,29300,29480,29600,61.111111,1.111111,1.111111,8.12479380000149,3,0.533898599998792,True
sub-27,218,3,18,1,12,40.0,23864,23984,24165,34.537037,-5.462963,5.462963,5.55574550002347,2,0.517151200008811,True
sub-27,219,3,19,2,300,40.0,20069,23069,27569,58.333333,18.333333,18.333333,10.1270370999991,3,0.533915399981197,True
sub-27,220,3,20,2,300,40.0,18922,21922,26422,35.648148,-4.351852,4.351852,13.1962902999948,3,0.567212399997515,True
sub-27,221,3,21,1,60,60.0,6042,6942,7542,59.537037,-0.462963,0.462963,7.79098019999219,2,0.450574800022877,True
sub-27,222,3,22,2,60,40.0,9187,9787,10687,62.87037,22.87037,22.87037,5.50593610000214,2,0.533515699993586,True
sub-27,223,3,23,1,60,80.0,13942,15142,15442,33.611111,-46.388889,46.388889,9.29223479999927,3,0.684074799995869,True
sub-27,224,3,24,2,300,20.0,13458,14958,20958,,,,,1,4.52114270001766,False
sub-27,225,3,25,1,12,40.0,13450,13570,13750,36.018519,-3.981481,3.981481,4.10398970000096,2,0.583442000002833,True
sub-27,226,3,26,2,60,80.0,23865,25065,25365,69.62963,-10.37037,10.37037,14.6478356999869,3,0.634074000001419,True
sub-27,227,3,27,2,300,80.0,14351,20351,21851,70.462963,-9.537037,9.537037,7.74124060000758,3,0.533909899997524,True
sub-27,228,3,28,2,60,40.0,28296,28896,29796,76.111111,36.111111,36.111111,14.6975233000121,2,0.984037599992007,True
sub-27,229,3,29,2,300,60.0,16327,20827,23827,45.555556,-14.444444,14.444444,10.8438038999738,2,0.583653200010303,True
sub-27,230,3,30,2,300,20.0,10518,12018,18018,48.518519,28.518519,28.518519,8.45845569999073,3,0.700453400000697,True
sub-27,231,3,31,2,300,60.0,5739,10239,13239,24.074074,-35.925926,35.925926,10.4772213000105,3,0.80088200001046,True
sub-27,232,3,32,1,60,60.0,1414,2314,2914,35.833333,-24.166667,24.166667,4.82200990000274,3,0.734081900009186,True
sub-27,233,3,33,1,60,20.0,26923,27223,28423,61.111111,41.111111,41.111111,7.69099040000583,3,0.650201400014339,True
sub-27,234,3,34,1,12,60.0,10400,10580,10700,36.574074,-23.425926,23.425926,4.68817539999145,2,0.483403600024757,True
sub-27,235,3,35,2,300,80.0,1960,7960,9460,57.037037,-22.962963,22.962963,5.63881929998751,3,1.01823770001647,True
sub-27,236,3,36,1,60,80.0,15628,16828,17128,68.611111,-11.388889,11.388889,3.58711049999692,3,0.566937299998244,True
sub-27,237,3,37,2,300,80.0,5739,11739,13239,59.166667,-20.833333,20.833333,7.14077930001076,3,0.534108599997125,True
sub-27,238,3,38,1,12,60.0,15586,15766,15886,61.203704,1.203704,1.203704,10.4438923999841,2,0.583453800005372,True
sub-27,239,3,39,1,12,40.0,11500,11620,11800,42.12963,2.12963,2.12963,4.50705660000676,2,0.617641799995908,True
sub-27,240,3,40,2,300,80.0,17351,23351,24851,41.296296,-38.703704,38.703704,11.1085793999955,2,1.73504430000321,True
sub-27,241,3,41,2,300,40.0,19476,22476,26976,33.055556,-6.944444,6.944444,5.82272739999461,3,0.784220999979879,True
sub-27,242,3,42,2,60,20.0,25202,25502,26702,31.203704,11.203704,11.203704,7.15712789999088,3,0.600487399991834,True
sub-27,243,3,43,2,60,20.0,25895,26195,27395,24.722222,4.722222,4.722222,10.3937707000004,3,0.616987000015797,True
sub-27,244,3,44,2,300,60.0,22736,27236,30236,59.259259,-0.740741,0.740741,7.44090360001428,3,0.667126999993342,True
sub-27,245,3,45,2,300,80.0,19476,25476,26976,39.259259,-40.740741,40.740741,7.64068329997826,1,1.25154500000644,True
sub-27,246,3,46,2,300,20.0,18922,20422,26422,70.185185,50.185185,50.185185,6.32317940000211,3,0.800860900024417,True
sub-27,247,3,47,2,60,80.0,28296,29496,29796,40.462963,-39.537037,39.537037,8.24159869999857,3,0.550249799998709,True
sub-27,248,3,48,1,12,40.0,12500,12620,12800,46.666667,6.666667,6.666667,5.15525279997382,2,0.500190100021427,True
sub-27,249,3,49,1,12,60.0,24250,24430,24550,46.851852,-13.148148,13.148148,13.4637577999965,2,0.650579899986041,True
sub-27,250,3,50,1,60,60.0,20386,21286,21886,36.296296,-23.703704,23.703704,6.89022069997736,3,0.483798700006445,True
sub-27,251,3,51,1,12,20.0,27281,27341,27581,68.333333,48.333333,48.333333,7.72434539999812,3,0.500045100023271,True
sub-27,252,3,52,1,60,20.0,13176,13476,14676,38.333333,18.333333,18.333333,3.36985750001622,3,1.2846525000059,True
sub-27,253,3,53,1,12,20.0,24250,24310,24550,64.259259,44.259259,44.259259,3.55387639999389,2,0.984519799996633,True
sub-27,254,3,54,2,300,60.0,16072,20572,23572,27.962963,-32.037037,32.037037,4.8547913999937,3,0.567167100001825,True
sub-27,255,3,55,2,300,40.0,19988,22988,27488,67.222222,27.222222,27.222222,6.0727515000035,3,0.733516499982215,True
sub-27,256,3,56,1,12,40.0,11500,11620,11800,64.351852,24.351852,24.351852,5.90611770001123,1,0.650753900001291,True
sub-27,257,3,57,1,12,20.0,16152,16212,16452,46.666667,26.666667,26.666667,6.20666560000972,2,0.600551999988965,True
sub-27,258,3,58,1,12,20.0,21800,21860,22100,69.074074,49.074074,49.074074,8.90897270001005,3,0.433801000006496,True
sub-27,259,3,59,1,12,60.0,15586,15766,15886,65.185185,5.185185,5.185185,3.05589789999066,2,0.550549100007629,True
sub-27,260,3,60,2,300,40.0,11085,14085,18585,56.481481,16.481481,16.481481,7.5721893000009,2,0.567127899994375,True
sub-27,261,3,61,2,300,60.0,14351,18851,21851,30.648148,-29.351852,29.351852,9.06585949999862,2,0.817411099997116,True
sub-27,262,3,62,1,60,80.0,4556,5756,6056,64.444444,-15.555556,15.555556,6.35368539998307,3,0.483701499993912,True
sub-27,263,3,63,1,12,40.0,2393,2513,2693,66.203704,26.203704,26.203704,3.90736780001316,3,0.967302300006849,True
sub-27,264,3,64,2,60,80.0,10035,11235,11535,19.537037,-60.462963,60.462963,18.0157308000198,2,0.466831500001717,True
sub-27,265,3,65,1,12,80.0,14329,14569,14629,76.851852,-3.148148,3.148148,3.70316370000364,3,0.550469200010411,True
sub-27,266,3,66,1,12,20.0,24970,25030,25270,65.555556,45.555556,45.555556,4.87164580001262,3,0.617371900007128,True
sub-27,267,3,67,2,300,40.0,13458,16458,20958,25.648148,-14.351852,14.351852,10.1266961999936,3,0.600474000006215,True
sub-27,268,3,68,1,12,80.0,2486,2726,2786,50.0,-30.0,30.0,4.17095569998491,2,0.483529899996938,True
sub-27,269,3,69,2,300,60.0,1960,6460,9460,60.648148,0.648148,0.648148,8.02463369999895,3,1.00089399999706,True
sub-27,270,3,70,1,12,80.0,6414,6654,6714,56.944444,-23.055556,23.055556,6.3227132000029,3,0.484013000008417,True
sub-27,271,3,71,1,60,80.0,5494,6694,6994,57.685185,-22.314815,22.314815,2.63885009998921,2,1.00120510000851,True
sub-27,272,3,72,1,60,40.0,13942,14542,15442,68.333333,28.333333,28.333333,5.31956720000016,3,0.384198099985951,True
sub-27,273,3,73,1,12,80.0,14329,14569,14629,61.759259,-18.240741,18.240741,3.90430580000975,3,0.400030199991306,True
sub-27,274,3,74,2,60,40.0,10035,10635,11535,71.111111,31.111111,31.111111,3.83770430000731,3,0.550084799993783,True
sub-27,275,3,75,1,12,20.0,10400,10460,10700,39.907407,19.907407,19.907407,8.79224049998447,2,0.500575499987462,True
sub-27,276,3,76,1,12,60.0,2486,2666,2786,44.351852,-15.648148,15.648148,3.45643019999261,2,0.500950699992245,True
sub-27,277,3,77,1,12,60.0,15586,15766,15886,51.203704,-8.796296,8.796296,5.70350730000063,2,0.517050900001777,True
sub-27,278,3,78,1,12,80.0,21800,22040,22100,63.425926,-16.574074,16.574074,7.79240510001545,2,0.584275700006401,True
sub-27,279,3,79,2,300,40.0,7365,10365,14865,75.185185,35.185185,35.185185,7.39399250000133,3,0.467282199999317,True
sub-27,280,3,80,2,60,40.0,28296,28896,29796,33.518519,-6.481481,6.481481,6.55405650002649,2,2.96919770000386,True
sub-27,281,3,81,2,300,40.0,1960,4960,9460,59.907407,19.907407,19.907407,5.64213789999485,3,1.03471469998476,True
sub-27,282,3,82,2,300,60.0,13458,17958,20958,41.944444,-18.055556,18.055556,8.7898586000083,3,0.466711199987912,True
sub-27,283,3,83,2,300,20.0,16072,17572,23572,66.111111,46.111111,46.111111,4.00386620001518,3,2.61947509998572,True
sub-27,284,3,84,2,60,40.0,25202,25802,26702,32.592593,-7.407407,7.407407,5.75627029998577,3,0.717428999982075,True
sub-27,285,3,85,1,12,40.0,3739,3859,4039,44.166667,4.166667,4.166667,6.92675109999254,2,0.516981699998723,True
sub-27,286,3,86,2,300,60.0,16072,20572,23572,40.092593,-19.907407,19.907407,5.93689730000915,2,1.05126929999096,True
sub-27,287,3,87,1,12,60.0,26328,26508,26628,52.962963,-7.037037,7.037037,4.37112309999065,2,0.600538099999539,True
sub-27,288,3,88,2,300,80.0,9381,15381,16881,64.166667,-15.833333,15.833333,6.45623529999284,2,0.734225799998967,True
sub-27,289,3,89,2,60,60.0,23865,24765,25365,70.37037,10.37037,10.37037,6.22271139998338,3,0.433797400008188,True
sub-27,290,3,90,2,300,80.0,14066,20066,21566,53.888889,-26.111111,26.111111,4.75427669999771,3,0.500396000017644,True
sub-27,291,3,91,2,300,60.0,21224,25724,28724,81.851852,21.851852,21.851852,5.37201779999304,3,0.500278100022114,True
sub-27,292,3,92,2,60,80.0,11369,12569,12869,34.62963,-45.37037,45.37037,6.72340580000309,2,0.53376130000106,True
sub-27,293,3,93,1,12,60.0,10400,10580,10700,33.611111,-26.388889,26.388889,3.37357780002639,2,0.533947199990507,True
sub-27,294,3,94,2,300,40.0,12645,15645,20145,28.055556,-11.944444,11.944444,6.50430859997868,3,0.917671400005929,True
sub-27,295,3,95,1,12,60.0,21800,21980,22100,74.074074,14.074074,14.074074,5.37201110000023,2,1.03404259998933,True
sub-27,296,3,96,1,60,40.0,5494,6094,6994,72.777778,32.777778,32.777778,4.68802269999287,3,0.483502899995073,True
sub-27,297,3,97,2,300,40.0,22736,25736,30236,33.703704,-6.296296,6.296296,9.85978050000267,3,0.666899000003468,True
sub-27,298,3,98,2,60,40.0,25895,26495,27395,41.018519,1.018519,1.018519,11.9620275000052,3,0.50059159999364,True
sub-27,299,3,99,2,300,20.0,11153,12653,18653,43.055556,23.055556,23.055556,4.57150430002366,1,0.850735699990764,True
sub-27,300,3,100,2,60,20.0,14390,14690,15890,26.481481,6.481481,6.481481,6.15578049997566,3,0.583827700000256,True
sub-28,1,1,1,2,300,20.0,7365,8865,14865,14.814815,-5.185185,5.185185,17.2878213000076,3,1.66859030001796,True
sub-28,2,1,2,1,12,80.0,4600,4840,4900,60.37037,-19.62963,19.62963,21.3577389999991,3,0.817414999997709,True
sub-28,3,1,3,2,60,20.0,10035,10335,11535,25.740741,5.740741,5.740741,17.8682124000042,1,0.867032299982383,True
sub-28,4,1,4,1,12,20.0,15162,15222,15462,51.574074,31.574074,31.574074,9.27345139998942,1,0.650397599994903,True
sub-28,5,1,5,2,300,20.0,12645,14145,20145,35.185185,15.185185,15.185185,13.2631646000081,1,0.6839658000099,True
sub-28,6,1,6,2,300,80.0,10273,16273,17773,71.944444,-8.055556,8.055556,8.0607536000025,2,1.40121019998332,True
sub-28,7,1,7,1,12,20.0,24250,24310,24550,50.092593,30.092593,30.092593,12.0299707000085,3,1.40128750001895,True
sub-28,8,1,8,2,60,20.0,23865,24165,25365,24.537037,4.537037,4.537037,20.9883690999995,1,1.40110379998805,True
sub-28,9,1,9,1,60,20.0,4556,4856,6056,20.925926,0.925926,0.925926,12.5296825999976,3,2.26864699998986,True
sub-28,10,1,10,2,60,80.0,9187,10387,10687,47.222222,-32.777778,32.777778,11.8099716000142,2,0.750788900011684,True
sub-28,11,1,11,2,300,20.0,18200,19700,25700,35.185185,15.185185,15.185185,10.2268523999955,3,1.55145619998802,True
sub-28,12,1,12,2,300,60.0,18200,22700,25700,48.148148,-11.851852,11.851852,5.9227116999973,1,0.700376699998742,True
sub-28,13,1,13,1,12,40.0,2486,2606,2786,58.333333,18.333333,18.333333,10.1604183999879,4,0.784016499994322,True
sub-28,14,1,14,1,60,80.0,5494,6694,6994,70.648148,-9.351852,9.351852,14.9344216000172,3,0.700570499990135,True
sub-28,15,1,15,2,60,20.0,16451,16751,17951,42.407407,22.407407,22.407407,10.0942245000042,1,0.633420099999057,True
sub-28,16,1,16,1,60,80.0,2714,3914,4214,83.703704,3.703704,3.703704,11.8455449999892,4,1.00054539999109,True
sub-28,17,1,17,2,300,20.0,20069,21569,27569,65.740741,45.740741,45.740741,10.6112522000039,3,0.767318300000624,True
sub-28,18,1,18,2,60,20.0,17621,17921,19121,13.425926,-6.574074,6.574074,8.92304789999616,4,0.90051899998798,True
sub-28,19,1,19,1,12,20.0,26328,26388,26628,71.018519,51.018519,51.018519,11.4449770999781,4,0.901156800013268,True
sub-28,20,1,20,2,300,60.0,5739,10239,13239,35.092593,-24.907407,24.907407,14.4180721000011,2,1.26744799999869,True
sub-28,21,1,21,1,12,80.0,16152,16392,16452,94.907407,14.907407,14.907407,9.19289350000326,4,1.73491659999126,True
sub-28,22,1,22,2,300,40.0,1960,4960,9460,57.5,17.5,17.5,16.550487600005,4,1.8176858999941,True
sub-28,23,1,23,2,300,60.0,22736,27236,30236,49.814815,-10.185185,10.185185,16.1166458000079,2,0.600739699992118,True
sub-28,24,1,24,1,12,20.0,13450,13510,13750,51.481481,31.481481,31.481481,6.75748490000842,3,1.16829030000371,True
sub-28,25,1,25,2,300,60.0,11153,15653,18653,66.388889,6.388889,6.388889,10.5440479000099,2,0.815157600009115,True
sub-28,26,1,26,2,300,20.0,19476,20976,26976,40.462963,20.462963,20.462963,9.29261470001074,1,0.466732700006105,True
sub-28,27,1,27,1,60,40.0,13176,13776,14676,51.944444,11.944444,11.944444,9.39259249999304,1,1.41846829999121,True
sub-28,28,1,28,2,300,80.0,2522,8522,10022,58.518519,-21.481481,21.481481,12.9461284999852,1,0.600681500014616,True
sub-28,29,1,29,2,300,20.0,1960,3460,9460,27.314815,7.314815,7.314815,12.6624829999927,4,1.11755329999141,True
sub-28,30,1,30,2,300,60.0,13557,18057,21057,48.425926,-11.574074,11.574074,6.84012720000464,1,1.0343560000183,True
sub-28,31,1,31,1,12,40.0,24250,24370,24550,51.203704,11.203704,11.203704,5.9922871000017,4,1.00081239998689,True
sub-28,32,1,32,2,300,40.0,5739,8739,13239,24.537037,-15.462963,15.462963,22.4371936999959,3,0.583903399994596,True
sub-28,33,1,33,1,60,40.0,13942,14542,15442,62.592593,22.592593,22.592593,9.57667589999619,1,0.817629199998918,True
sub-28,34,1,34,1,12,40.0,15586,15706,15886,41.388889,1.388889,1.388889,7.84130420000292,4,0.617210299998987,True
sub-28,35,1,35,1,60,40.0,2714,3314,4214,76.944444,36.944444,36.944444,14.0337622000079,3,3.97048779999022,True
sub-28,36,1,36,2,60,80.0,14390,15590,15890,87.037037,7.037037,7.037037,6.87111990002449,4,0.600591000023996,True
sub-28,37,1,37,1,12,20.0,2486,2546,2786,50.555556,30.555556,30.555556,6.08914739999454,4,1.28450749997864,True
sub-28,38,1,38,2,300,60.0,10518,15018,18018,35.37037,-24.62963,24.62963,11.6644108000036,3,1.16822359999059,True
sub-28,39,1,39,2,60,60.0,19722,20622,21222,50.740741,-9.259259,9.259259,6.00663809999241,3,0.884360399999423,True
sub-28,40,1,40,2,300,80.0,7365,13365,14865,87.407407,7.407407,7.407407,6.22074129999964,4,1.20082389999879,True
sub-28,41,1,41,2,60,20.0,28296,28596,29796,21.759259,1.759259,1.759259,11.4947246999945,3,4.27078120000078,True
sub-28,42,1,42,1,12,60.0,16152,16332,16452,25.185185,-34.814815,34.814815,12.912972399994,3,0.55048559998977,True
sub-28,43,1,43,1,12,20.0,12500,12560,12800,38.148148,18.148148,18.148148,5.55581339998752,3,1.25131130000227,True
sub-28,44,1,44,1,60,80.0,13176,14376,14676,58.518519,-21.481481,21.481481,16.8334332999947,3,1.88501520000863,True
sub-28,45,1,45,1,12,60.0,24250,24430,24550,52.777778,-7.222222,7.222222,4.35715470000286,3,0.78394880000269,True
sub-28,46,1,46,1,60,20.0,26923,27223,28423,31.481481,11.481481,11.481481,7.84160280000651,4,0.717244900006335,True
sub-28,47,1,47,2,60,80.0,16451,17651,17951,79.074074,-0.925926,0.925926,6.6877079999831,4,0.633849800011375,True
sub-28,48,1,48,1,60,40.0,20386,20986,21886,49.444444,9.444444,9.444444,9.09545069999876,3,0.751003800018224,True
sub-28,49,1,49,2,300,60.0,11085,15585,18585,68.333333,8.333333,8.333333,16.9341807999881,1,0.733928899979218,True
sub-28,50,1,50,2,60,40.0,25202,25802,26702,28.611111,-11.388889,11.388889,5.53934550000121,3,1.06767330001457,True
sub-28,51,1,51,2,300,60.0,9381,13881,16881,49.074074,-10.925926,10.925926,13.2476201000099,1,0.933965400006854,True
sub-28,52,1,52,2,300,40.0,17351,20351,24851,54.62963,14.62963,14.62963,6.73805320000974,1,1.10070880001876,True
sub-28,53,1,53,2,300,80.0,17351,23351,24851,30.092593,-49.907407,49.907407,7.59445569998933,1,1.952256700024,True
sub-28,54,1,54,2,60,80.0,3650,4850,5150,80.462963,0.462963,0.462963,8.7764029999962,4,1.81875420000869,True
sub-28,55,1,55,2,300,40.0,19988,22988,27488,41.851852,1.851852,1.851852,12.2796998000121,1,0.600322799989953,True
sub-28,56,1,56,1,12,80.0,15586,15826,15886,51.759259,-28.240741,28.240741,4.36921010000514,4,1.00077939999755,True
sub-28,57,1,57,1,12,80.0,2486,2726,2786,78.888889,-1.111111,1.111111,13.4801173000014,4,0.750415299989981,True
sub-28,58,1,58,1,60,20.0,1414,1714,2914,8.703704,-11.296296,11.296296,20.3034342000028,3,0.550256799993803,True
sub-28,59,1,59,1,60,40.0,22148,22748,23648,48.703704,8.703704,8.703704,9.35990519999177,2,0.617251099989516,True
sub-28,60,1,60,2,60,80.0,25202,26402,26702,92.222222,12.222222,12.222222,3.97089039999991,3,0.616933400015113,True
sub-28,61,1,61,2,300,80.0,14351,20351,21851,51.851852,-28.148148,28.148148,8.34183099999791,1,0.66719439998269,True
sub-28,62,1,62,1,12,40.0,9950,10070,10250,28.333333,-11.666667,11.666667,11.1282386000093,1,0.850547499983804,True
sub-28,63,1,63,1,12,20.0,2393,2453,2693,67.5,47.5,47.5,6.53996540000662,2,0.600444400013657,True
sub-28,64,1,64,2,60,40.0,19722,20322,21222,80.833333,40.833333,40.833333,6.89034519999404,3,1.20108150001033,True
sub-28,65,1,65,1,60,60.0,4556,5456,6056,52.407407,-7.592593,7.592593,6.69261359999654,2,13.0466493999992,True
sub-28,66,1,66,1,12,60.0,9950,10130,10250,46.481481,-13.518519,13.518519,7.00511430000187,1,0.566880400001537,True
sub-28,67,1,67,1,12,20.0,14329,14389,14629,55.833333,35.833333,35.833333,7.27414970000973,2,2.90255379999871,True
sub-28,68,1,68,2,300,40.0,22736,25736,30236,58.055556,18.055556,18.055556,10.4603612000064,2,0.550554999994346,True
sub-28,69,1,69,1,12,40.0,6414,6534,6714,32.5,-7.5,7.5,11.0444495999836,4,0.583848799986299,True
sub-28,70,1,70,2,300,60.0,10273,14773,17773,67.685185,7.685185,7.685185,10.4772123000002,2,0.617556699988199,True
sub-28,71,1,71,2,300,20.0,2522,4022,10022,42.592593,22.592593,22.592593,8.66145650000544,2,1.11786430000211,True
sub-28,72,1,72,2,300,40.0,1638,4638,9138,64.62963,24.62963,24.62963,14.1142651999834,3,0.617995500011602,True
sub-28,73,1,73,2,300,60.0,14351,18851,21851,70.092593,10.092593,10.092593,12.5269572999968,1,0.600323899998329,True
sub-28,74,1,74,2,300,20.0,16072,17572,23572,46.203704,26.203704,26.203704,8.17757620001793,1,0.584327599994139,True
sub-28,75,1,75,2,60,40.0,16451,17051,17951,29.166667,-10.833333,10.833333,14.6624596999899,1,0.467297399998642,True
sub-28,76,1,76,2,300,60.0,16327,20827,23827,75.277778,15.277778,15.277778,6.89004460000433,1,0.616912900004535,True
sub-28,77,1,77,1,12,60.0,1602,1782,1902,83.796296,23.796296,23.796296,6.38952110000536,4,1.35136239998973,True
sub-28,78,1,78,1,60,60.0,20386,21286,21886,63.333333,3.333333,3.333333,7.75791139999637,3,1.11789699998917,True
sub-28,79,1,79,1,60,20.0,5494,5794,6994,48.425926,28.425926,28.425926,6.42590559998643,3,0.517117799987318,True
sub-28,80,1,80,1,12,80.0,9950,10190,10250,65.185185,-14.814815,14.814815,6.80458539997926,3,0.567705800000112,True
sub-28,81,1,81,2,60,60.0,14390,15290,15890,60.0,0.0,0.0,13.6830450999841,2,0.867400700022699,True
sub-28,82,1,82,1,12,80.0,11500,11740,11800,37.87037,-42.12963,42.12963,11.4618015000014,2,0.650329399999463,True
sub-28,83,1,83,2,60,40.0,3650,4250,5150,38.703704,-1.296296,1.296296,8.68994730000849,4,0.634236199985025,True
sub-28,84,1,84,2,60,20.0,14390,14690,15890,39.074074,19.074074,19.074074,9.64283409999916,2,0.719842999998945,True
sub-28,85,1,85,1,60,20.0,13176,13476,14676,25.37037,5.37037,5.37037,6.87129660000209,3,0.567097399994963,True
sub-28,86,1,86,1,12,40.0,3739,3859,4039,41.018519,1.018519,1.018519,8.62516950001008,3,4.23731970001244,True
sub-28,87,1,87,2,60,60.0,11369,12269,12869,49.814815,-10.185185,10.185185,10.8607201999984,1,15.4988010999804,True
sub-28,88,1,88,2,300,80.0,18922,24922,26422,71.111111,-8.888889,8.888889,13.3495500999852,2,0.700728299998445,True
sub-28,89,1,89,2,300,20.0,13557,15057,21057,29.074074,9.074074,9.074074,9.7571128999989,2,0.483867599978111,True
sub-28,90,1,90,2,300,20.0,9381,10881,16881,54.166667,34.166667,34.166667,5.75606850002077,2,0.650579400011338,True
sub-28,91,1,91,2,300,60.0,12645,17145,20145,23.240741,-36.759259,36.759259,6.28971469998941,3,2.28565589999198,True
sub-28,92,1,92,1,12,80.0,24970,25210,25270,83.888889,3.888889,3.888889,7.02611130001605,4,1.05103989999042,True
sub-28,93,1,93,1,60,60.0,13942,14842,15442,39.537037,-20.462963,20.462963,5.35302859998773,3,1.20082820000243,True
sub-28,94,1,94,1,12,40.0,4600,4720,4900,60.833333,20.833333,20.833333,7.1578114000149,3,22.0052104999776,True
sub-28,95,1,95,1,12,60.0,3739,3919,4039,77.685185,17.685185,17.685185,10.2128482999978,4,0.783373800019035,True
sub-28,96,1,96,1,12,40.0,24970,25090,25270,72.685185,32.685185,32.685185,12.3269614999881,3,0.750441100011812,True
sub-28,97,1,97,2,60,40.0,12596,13196,14096,72.12963,32.12963,32.12963,6.75662820000434,3,0.667450199980521,True
sub-28,98,1,98,2,300,40.0,19476,22476,26976,37.037037,-2.962963,2.962963,6.89042069998686,3,2.06855890000588,True
sub-28,99,1,99,2,300,80.0,5739,11739,13239,26.666667,-53.333333,53.333333,6.20590849997825,3,0.56677179998951,True
sub-28,100,1,100,1,12,60.0,11500,11680,11800,58.981481,-1.018519,1.018519,6.10608749999664,3,1.38482010000734,True
sub-28,101,2,1,1,12,20.0,16152,16212,16452,44.907407,24.907407,24.907407,9.76457130000926,4,0.616969299997435,True
sub-28,102,2,2,2,300,40.0,18922,21922,26422,53.703704,13.703704,13.703704,12.5625933000119,1,0.733914200012804,True
sub-28,103,2,3,1,12,80.0,2393,2633,2693,94.166667,14.166667,14.166667,9.35963089999859,4,0.517429900006391,True
sub-28,104,2,4,2,300,60.0,20069,24569,27569,53.148148,-6.851852,6.851852,5.75561739999102,1,0.466852699988521,True
sub-28,105,2,5,1,12,20.0,27281,27341,27581,54.074074,34.074074,34.074074,7.15738769999006,1,0.667045799986226,True
sub-28,106,2,6,2,300,40.0,11085,14085,18585,26.944444,-13.055556,13.055556,12.6289717000036,3,0.550313600018853,True
sub-28,107,2,7,1,60,20.0,22148,22448,23648,51.666667,31.666667,31.666667,14.0666111999889,2,0.584472699993057,True
sub-28,108,2,8,2,300,20.0,22736,24236,30236,41.851852,21.851852,21.851852,9.95769430001382,2,0.400379200000315,True
sub-28,109,2,9,1,12,60.0,12500,12680,12800,52.592593,-7.407407,7.407407,5.90866289997939,3,0.9666819999984,True
sub-28,110,2,10,2,60,40.0,25895,26495,27395,56.203704,16.203704,16.203704,11.9004818999965,3,1.26774119999026,True
sub-28,111,2,11,1,12,80.0,10400,10640,10700,56.666667,-23.333333,23.333333,10.4612059000064,3,0.567524100013542,True
sub-28,112,2,12,2,60,20.0,3650,3950,5150,43.148148,23.148148,23.148148,7.67177500002435,3,0.30040900001768,True
sub-28,113,2,13,1,60,80.0,4556,5756,6056,55.740741,-24.259259,24.259259,8.19489210000028,3,1.31744419998722,True
sub-28,114,2,14,1,12,80.0,6414,6654,6714,60.740741,-19.259259,19.259259,6.40425639998284,3,1.0841325999936,True
sub-28,115,2,15,2,300,20.0,11153,12653,18653,27.685185,7.685185,7.685185,15.4184250000107,3,0.817248299979837,True
sub-28,116,2,16,1,12,80.0,27281,27521,27581,58.796296,-21.203704,21.203704,9.05672819999745,1,0.734980800014454,True
sub-28,117,2,17,2,300,40.0,7365,10365,14865,35.277778,-4.722222,4.722222,10.2766865000012,3,0.383637699997052,True
sub-28,118,2,18,2,300,80.0,14066,20066,21566,62.314815,-17.685185,17.685185,19.786540400004,3,0.0830381999840028,True
sub-28,119,2,19,2,60,20.0,19722,20022,21222,26.203704,6.203704,6.203704,6.1756854999985,4,0.317087999981595,True
sub-28,120,2,20,1,60,40.0,1414,2014,2914,61.481481,21.481481,21.481481,10.3883127000008,3,0.416664200020022,True
sub-28,121,2,21,2,300,60.0,21224,25724,28724,66.666667,6.666667,6.666667,8.32532060000812,2,0.366745200008153,True
sub-28,122,2,22,1,12,40.0,16152,16272,16452,40.37037,0.37037,0.37037,6.20652540001901,3,0.550304300006246,True
sub-28,123,2,23,2,300,20.0,14066,15566,21566,25.648148,5.648148,5.648148,8.86207050000666,4,0.666976299980888,True
sub-28,124,2,24,2,300,40.0,13458,16458,20958,47.5,7.5,7.5,6.80120309998164,2,0.466572600009385,True
sub-28,125,2,25,2,300,40.0,9381,12381,16881,59.166667,19.166667,19.166667,9.61276359998737,3,0.784096699993824,True
sub-28,126,2,26,1,60,60.0,6042,6942,7542,77.592593,17.592593,17.592593,5.65608310000971,4,0.134072600019862,True
sub-28,127,2,27,2,300,60.0,16072,20572,23572,71.018519,11.018519,11.018519,6.8714187000005,1,0.88414510001894,True
sub-28,128,2,28,2,60,80.0,12596,13796,14096,67.314815,-12.685185,12.685185,8.22481470002094,1,1.16859800001839,True
sub-28,129,2,29,2,300,60.0,18922,23422,26422,54.722222,-5.277778,5.277778,4.45762510001077,1,0.333265000022947,True
sub-28,130,2,30,2,300,80.0,22736,28736,30236,72.592593,-7.407407,7.407407,4.86899560000165,3,0.233344499982194,True
sub-28,131,2,31,1,12,20.0,25820,25880,26120,54.814815,34.814815,34.814815,5.07171469999593,1,12.6625918000063,True
sub-28,132,2,32,1,60,40.0,15628,16228,17128,44.351852,4.351852,4.351852,6.29307330001029,1,0.383615799975814,True
sub-28,133,2,33,1,12,20.0,10400,10460,10700,8.055556,-11.944444,11.944444,7.4384490000084,4,1.36809840000933,True
sub-28,134,2,34,2,300,80.0,13458,19458,20958,65.740741,-14.259259,14.259259,17.5846528999973,2,0.299880999984452,True
sub-28,135,2,35,1,60,60.0,22148,23048,23648,49.537037,-10.462963,10.462963,4.32407909998437,1,0.667277599975932,True
sub-28,136,2,36,1,60,20.0,20386,20686,21886,53.981481,33.981481,33.981481,6.75440239999443,2,0.367418100009672,True
sub-28,137,2,37,2,300,80.0,19988,25988,27488,33.703704,-46.296296,46.296296,6.22334199998294,1,0.533611699996981,True
sub-28,138,2,38,1,12,40.0,26328,26448,26628,80.092593,40.092593,40.092593,7.77483599999686,3,0.500408699997933,True
sub-28,139,2,39,2,300,20.0,21224,22724,28724,20.740741,0.740741,0.740741,7.52671110001392,4,0.551111499982653,True
sub-28,140,2,40,1,12,80.0,29300,29540,29600,77.685185,-2.314815,2.314815,8.02495560000534,4,0.366450400004396,True
sub-28,141,2,41,2,300,60.0,17351,21851,24851,47.222222,-12.777778,12.777778,5.06996100000105,1,0.600491799996234,True
sub-28,142,2,42,2,60,80.0,11369,12569,12869,79.62963,-0.37037,0.37037,10.5942612999933,3,0.633746600011363,True
sub-28,143,2,43,1,60,60.0,1414,2314,2914,37.222222,-22.777778,22.777778,8.17792449999251,3,3.0666351999971,True
sub-28,144,2,44,1,12,40.0,10400,10520,10700,47.037037,7.037037,7.037037,12.8940078000014,4,1.15117820000159,True
sub-28,145,2,45,2,300,20.0,19988,21488,27488,33.518519,13.518519,13.518519,7.54397900000913,2,0.434291899990057,True
sub-28,146,2,46,2,60,60.0,16451,17351,17951,36.018519,-23.981481,23.981481,6.27351309999357,1,0.533855999994557,True
sub-28,147,2,47,2,60,60.0,3650,4550,5150,73.240741,13.240741,13.240741,6.25407170000835,4,0.350540099985664,True
sub-28,148,2,48,2,60,20.0,9187,9487,10687,20.740741,0.740741,0.740741,6.50668900000164,4,0.767557000013766,True
sub-28,149,2,49,1,60,20.0,13942,14242,15442,23.425926,3.425926,3.425926,7.42738060001283,4,1.15021299998625,True
sub-28,150,2,50,2,300,80.0,12645,18645,20145,37.222222,-42.777778,42.777778,7.75525069999275,1,0.383371700008865,True
sub-28,151,2,51,2,60,60.0,21629,22529,23129,40.092593,-19.907407,19.907407,7.54081810000934,1,0.433058099995832,True
sub-28,152,2,52,1,12,20.0,29300,29360,29600,42.962963,22.962963,22.962963,4.22160280001116,4,0.650756499991985,True
sub-28,153,2,53,2,300,80.0,11153,17153,18653,22.222222,-57.777778,57.777778,6.9100410999963,1,0.967505599983269,True
sub-28,154,2,54,1,12,60.0,17600,17780,17900,49.074074,-10.925926,10.925926,6.52742930001113,3,0.516946399991866,True
sub-28,155,2,55,2,60,20.0,25202,25502,26702,22.037037,2.037037,2.037037,9.05689949999214,4,1.10089190001599,True
sub-28,156,2,56,1,60,20.0,2714,3014,4214,29.259259,9.259259,9.259259,7.30772280000383,4,0.483809099998325,True
sub-28,157,2,57,2,300,80.0,16327,22327,23827,76.574074,-3.425926,3.425926,5.00835650000954,1,0.567198200005805,True
sub-28,158,2,58,2,60,60.0,12596,13496,14096,71.759259,11.759259,11.759259,10.3077274000097,3,1.43462909999652,True
sub-28,159,2,59,1,12,60.0,15586,15766,15886,48.981481,-11.018519,11.018519,4.34055079999961,4,0.767735399975208,True
sub-28,160,2,60,1,12,20.0,24970,25030,25270,15.740741,-4.259259,4.259259,6.67098080000141,4,0.833792699995683,True
sub-28,161,2,61,1,12,60.0,6414,6594,6714,51.018519,-8.981481,8.981481,4.39120340000954,3,0.633999500016216,True
sub-28,162,2,62,1,12,60.0,10400,10580,10700,70.555556,10.555556,10.555556,13.6444901000068,3,0.734667900018394,True
sub-28,163,2,63,2,300,40.0,10518,13518,18018,78.518519,38.518519,38.518519,7.71064229999319,3,0.516923399991355,True
sub-28,164,2,64,2,300,80.0,13557,19557,21057,74.074074,-5.925926,5.925926,8.38978029999998,3,8.84207130002323,True
sub-28,165,2,65,1,12,80.0,21273,21513,21573,91.481481,11.481481,11.481481,7.1240131999948,4,0.316857199999503,True
sub-28,166,2,66,2,300,80.0,19476,25476,26976,85.833333,5.833333,5.833333,15.0315694000164,4,0.38361360001727,True
sub-28,167,2,67,1,12,40.0,23864,23984,24164,69.722222,29.722222,29.722222,5.37211860000388,1,0.349607199983438,True
sub-28,168,2,68,2,300,60.0,1960,6460,9460,72.12963,12.12963,12.12963,15.9323803000152,3,1.00116770001477,True
sub-28,169,2,69,1,12,80.0,23864,24104,24164,60.740741,-19.259259,19.259259,5.80875249998644,1,0.317725400003837,True
sub-28,170,2,70,1,12,60.0,13450,13630,13750,53.703704,-6.296296,6.296296,8.12211649998789,2,0.550207600026624,True
sub-28,171,2,71,1,12,20.0,9950,10010,10250,49.62963,29.62963,29.62963,7.49066020001191,1,0.616985899978317,True
sub-28,172,2,72,2,300,20.0,1638,3138,9138,38.333333,18.333333,18.333333,11.4118524999939,1,0.517450400016969,True
sub-28,173,2,73,1,12,60.0,24970,25150,25270,82.5,22.5,22.5,4.07103039999492,4,0.300516499992227,True
sub-28,174,2,74,1,60,80.0,20386,21586,21886,83.148148,3.148148,3.148148,6.52313379998668,4,0.967842300015036,True
sub-28,175,2,75,1,12,80.0,25820,26060,26120,54.722222,-25.277778,25.277778,6.36022939998656,3,1.18519430002197,True
sub-28,176,2,76,2,300,40.0,20069,23069,27569,84.166667,44.166667,44.166667,5.61964759998954,3,1.33463890000712,True
sub-28,177,2,77,1,60,60.0,13176,14076,14676,64.444444,4.444444,4.444444,10.9471771000244,2,0.216895299992756,True
sub-28,178,2,78,1,60,40.0,5494,6094,6994,24.537037,-15.462963,15.462963,6.13721009998698,4,0.233103600010508,True
sub-28,179,2,79,2,60,40.0,11369,11969,12869,50.648148,10.648148,10.648148,3.48977250000461,1,0.5005010000022589,True
sub-28,180,2,80,1,60,60.0,15628,16528,17128,53.611111,-6.388889,6.388889,5.41990889998851,1,1.26751930001773,True
sub-28,181,2,81,1,12,20.0,21273,21333,21573,23.240741,3.240741,3.240741,8.39463070000056,4,0.267384700011462,True
sub-28,182,2,82,2,300,40.0,21224,24224,28724,67.12963,27.12963,27.12963,6.98788369999965,3,0.901327900006435,True
sub-28,183,2,83,2,60,80.0,17621,18821,19121,67.12963,-12.87037,12.87037,7.4935202000197,3,0.150053999997908,True
sub-28,184,2,84,2,60,60.0,23865,24765,25365,38.981481,-21.018519,21.018519,14.5622441000014,1,0.317338599998038,True
sub-28,185,2,85,2,300,40.0,14066,17066,21566,48.333333,8.333333,8.333333,6.57335300001432,1,0.450232799979858,True
sub-28,186,2,86,2,60,60.0,28296,29196,29796,67.037037,7.037037,7.037037,6.05598980002105,1,0.683800099999643,True
sub-28,187,2,87,1,12,80.0,14329,14569,14629,81.111111,1.111111,1.111111,6.7934610999946,3,0.233839100023033,True
sub-28,188,2,88,2,300,80.0,1638,7638,9138,66.388889,-13.611111,13.611111,7.00499369998578,4,0.584054799983277,True
sub-28,189,2,89,2,60,40.0,10035,10635,11535,31.851852,-8.148148,8.148148,32.402772100002,1,0.600705799995921,True
sub-28,190,2,90,1,60,80.0,1414,2614,2914,80.277778,0.277778,0.277778,4.53519300001789,4,0.150349600007757,True
sub-28,191,2,91,2,300,20.0,14351,15851,21851,68.703704,48.703704,48.703704,5.90571150000323,3,0.367312499991385,True
sub-28,192,2,92,1,12,60.0,29300,29480,29600,50.462963,-9.537037,9.537037,5.17184870000346,3,0.350070899992715,True
sub-28,193,2,93,1,12,40.0,13450,13570,13750,54.537037,14.537037,14.537037,14.6840410000004,3,0.700856100011151,True
sub-28,194,2,94,2,300,40.0,13557,16557,21057,37.592593,-2.407407,2.407407,8.95702410000376,2,0.183288900007028,True
sub-28,195,2,95,2,300,80.0,18200,24200,25700,48.888889,-31.111111,31.111111,6.34268060000613,1,0.615514000004623,True
sub-28,196,2,96,1,12,60.0,26328,26508,26628,79.444444,19.444444,19.444444,7.62437279999721,3,1.38437799998791,True
sub-28,197,2,97,1,12,40.0,25820,25940,26120,,,,,2,3.80351900000823,False
sub-28,198,2,98,1,12,80.0,3739,3979,4039,73.796296,-6.203704,6.203704,4.58842549999826,4,0.166767899994738,True
sub-28,199,2,99,2,60,20.0,12596,12896,14096,35.37037,15.37037,15.37037,6.69339060000493,2,0.317465299973264,True
sub-28,200,2,100,1,60,20.0,6042,6342,7542,42.962963,22.962963,22.962963,7.22196029999759,2,3.47013820000574,True
sub-29,1,1,1,2,300,40.0,7365,10365,14865,68.611111,28.611111,28.611111,4.80714930000249,2,0.750657700002193,True
sub-29,2,1,2,2,300,20.0,22736,24236,30236,65.462963,45.462963,45.462963,6.64019639999605,3,0.733795100008137,True
sub-29,3,1,3,1,12,60.0,13450,13630,13750,88.703704,28.703704,28.703704,5.12224789999891,3,0.567265099991345,True
sub-29,4,1,4,1,12,60.0,3739,3919,4039,90.833333,30.833333,30.833333,6.4255295000039,4,0.684064300003228,True
sub-29,5,1,5,2,60,40.0,3650,4250,5150,5.555556,-34.444444,34.444444,7.14081559999613,4,0.750872200005687,True
sub-29,6,1,6,1,12,20.0,17600,17660,17900,53.796296,33.796296,33.796296,7.60539770001196,2,0.550530100008472,True
sub-29,7,1,7,2,300,80.0,10273,16273,17773,51.759259,-28.240741,28.240741,8.5918424000265,2,0.483626200002618,True
sub-29,8,1,8,1,12,60.0,24250,24430,24550,45.740741,-14.259259,14.259259,5.20537949999561,2,0.450659800000721,True
sub-29,9,1,9,1,12,40.0,27281,27401,27581,69.444444,29.444444,29.444444,9.47915560001274,2,0.500483100011479,True
sub-29,10,1,10,1,12,80.0,12500,12740,12800,78.333333,-1.666667,1.666667,5.00283059998764,3,0.433674600004451,True
sub-29,11,1,11,2,300,80.0,13458,19458,20958,57.685185,-22.314815,22.314815,9.29278270000941,3,0.433271000016247,True
sub-29,12,1,12,1,12,40.0,21800,21920,22100,81.759259,41.759259,41.759259,9.87611260000267,4,1.20107739997911,True
sub-29,13,1,13,1,60,20.0,2714,3014,4214,12.962963,-7.037037,7.037037,5.68937799998093,3,0.450552700000116,True
sub-29,14,1,14,2,300,60.0,2522,7022,10022,47.962963,-12.037037,12.037037,9.52649419999215,2,0.767181100003654,True
sub-29,15,1,15,2,300,60.0,7365,11865,14865,14.351852,-45.648148,45.648148,8.14419069999712,3,0.417039399995701,True
sub-29,16,1,16,1,12,40.0,10400,10520,10700,10.462963,-29.537037,29.537037,9.15929529999266,4,0.501144299982115,True
sub-29,17,1,17,1,12,60.0,17600,17780,17900,88.518519,28.518519,28.518519,10.791963399999,4,0.88419129999238,True
sub-29,18,1,18,1,12,40.0,24250,24370,24550,49.907407,9.907407,9.907407,6.45627890000469,2,0.400302800000645,True
sub-29,19,1,19,1,12,60.0,11500,11680,11800,74.444444,14.444444,14.444444,6.72364660000312,3,0.383606999996118,True
sub-29,20,1,20,1,60,20.0,13942,14242,15442,15.37037,-4.62963,4.62963,6.4405483999871596,4,1.05096640001283,True
sub-29,21,1,21,2,60,40.0,28296,28896,29796,27.222222,-12.777778,12.777778,14.4149456000013,4,0.500692100002197,True
sub-29,22,1,22,1,12,60.0,23864,24045,24165,28.425926,-31.574074,31.574074,7.8080265999888,1,0.567255200003273,True
sub-29,23,1,23,1,12,60.0,1602,1782,1902,82.037037,22.037037,22.037037,3.57022950000828,4,0.467368400015402,True
sub-29,24,1,24,1,12,20.0,16152,16212,16452,21.481481,1.481481,1.481481,6.43992360000265,4,0.450892099994234,True
sub-29,25,1,25,2,300,20.0,17351,18851,24851,31.944444,11.944444,11.944444,7.40756610000971,2,0.400895099999615,True
sub-29,26,1,26,2,60,20.0,21629,21929,23129,29.814815,9.814815,9.814815,8.42513290001079,3,0.299848900001961,True
sub-29,27,1,27,2,300,40.0,22736,25736,30236,76.759259,36.759259,36.759259,20.6875290999887,3,0.850470800010953,True
sub-29,28,1,28,2,60,60.0,12596,13496,14096,81.388889,21.388889,21.388889,10.2435947000049,3,1.70152160001453,True
sub-29,29,1,29,2,300,60.0,20069,24569,27569,51.759259,-8.240741,8.240741,8.69241170000168,1,0.500342400016961,True
sub-29,30,1,30,2,300,80.0,9381,15381,16881,55.833333,-24.166667,24.166667,6.50654160001431,2,0.48374149997835,True
sub-29,31,1,31,1,60,20.0,5494,5794,6994,20.092593,0.092593,0.092593,7.52403520001098,4,0.483832600002642,True
sub-29,32,1,32,1,12,40.0,15586,15706,15886,34.814815,-5.185185,5.185185,5.68900869999197,4,0.500269400014076,True
sub-29,33,1,33,2,60,20.0,3650,3950,5150,26.388889,6.388889,6.388889,5.28858709998894,4,0.433770599978743,True
sub-29,34,1,34,2,300,80.0,7365,13365,14865,77.87037,-2.12963,2.12963,7.70787490002112,3,0.383852800005115,True
sub-29,35,1,35,2,300,40.0,1638,4638,9138,44.722222,4.722222,4.722222,8.391904899996,3,1.01739890000317,True
sub-29,36,1,36,2,60,80.0,14390,15590,15890,92.037037,12.037037,12.037037,7.82441070000641,4,0.267201800015755,True
sub-29,37,1,37,2,60,60.0,21629,22529,23129,84.814815,24.814815,24.814815,6.40645890001906,4,0.733947900007478,True
sub-29,38,1,38,2,300,40.0,16072,19072,23572,55.277778,15.277778,15.277778,11.6619754999992,1,0.516670799988787,True
sub-29,39,1,39,2,60,80.0,17621,18821,19121,67.037037,-12.962963,12.962963,11.561424000014,2,1.06711599999107,True
sub-29,40,1,40,2,60,20.0,17621,17921,19121,6.296296,-13.703704,13.703704,4.29060389997903,4,0.483627500012517,True
sub-29,41,1,41,2,300,40.0,9381,12381,16881,87.592593,47.592593,47.592593,6.98808159999316,3,0.466949199995724,True
sub-29,42,1,42,1,12,60.0,21800,21980,22100,79.166667,19.166667,19.166667,4.68820780000533,3,0.867189800017513,True
sub-29,43,1,43,1,60,20.0,4556,4856,6056,12.407407,-7.592593,7.592593,7.2402354000078,4,0.550811499997507,True
sub-29,44,1,44,1,12,40.0,1602,1722,1902,77.962963,37.962963,37.962963,16.5329878000193,3,0.517145399993751,True
sub-29,45,1,45,2,300,80.0,1638,7638,9138,72.962963,-7.037037,7.037037,8.20792270000674,2,1.01759619999211,True
sub-29,46,1,46,1,12,60.0,24970,25150,25270,91.759259,31.759259,31.759259,3.95371060000616,4,0.467092899983981,True
sub-29,47,1,47,2,300,40.0,5739,8739,13239,15.185185,-24.814815,24.814815,4.1876190000039,4,0.417275899992091,True
sub-29,48,1,48,1,12,60.0,16152,16332,16452,53.333333,-6.666667,6.666667,8.84226020000642,2,0.516928700002608,True
sub-29,49,1,49,1,12,40.0,23864,23985,24165,50.648148,10.648148,10.648148,5.08923250000225,1,0.566992699983529,True
sub-29,50,1,50,1,12,80.0,27281,27521,27581,86.851852,6.851852,6.851852,5.37244990002363,3,1.26813149999361,True
sub-29,51,1,51,1,12,40.0,14329,14449,14629,77.962963,37.962963,37.962963,4.33791929998551,4,0.417069399991305,True
sub-29,52,1,52,1,12,80.0,17600,17840,17900,88.425926,8.425926,8.425926,4.4210278999817,4,0.466812800004845,True
sub-29,53,1,53,1,12,40.0,24970,25090,25270,77.12963,37.12963,37.12963,12.579428099998,1,0.600114200002281,True
sub-29,54,1,54,2,60,20.0,11369,11669,12869,11.944444,-8.055556,8.055556,5.58919910000986,4,0.433146399998804,True
sub-29,55,1,55,2,300,80.0,19476,25476,26976,77.037037,-2.962963,2.962963,8.4585272000113,2,0.551074899995001,True
sub-29,56,1,56,2,300,60.0,21224,25724,28724,79.166667,19.166667,19.166667,8.15805570001248,4,0.433801299979677,True
sub-29,57,1,57,2,60,20.0,16451,16751,17951,12.222222,-7.777778,7.777778,7.89123020000988,4,0.367533100012224,True
sub-29,58,1,58,1,60,40.0,15628,16228,17128,8.703704,-31.296296,31.296296,4.80487759999232,3,0.416945999982999,True
sub-29,59,1,59,1,60,40.0,26923,27523,28423,85.37037,45.37037,45.37037,6.20638679998228,4,0.884216699982062,True
sub-29,60,1,60,2,60,40.0,10035,10635,11535,50.462963,10.462963,10.462963,5.33875399999669,1,0.484341400006087,True
sub-29,61,1,61,1,12,80.0,21273,21513,21573,95.833333,15.833333,15.833333,2.75283300000592,4,0.517472699983045,True
sub-29,62,1,62,2,60,80.0,16451,17651,17951,87.685185,7.685185,7.685185,7.67449220002163,4,0.383965999993961,True
sub-29,63,1,63,2,300,60.0,22736,27236,30236,71.759259,11.759259,11.759259,7.22402900000452,3,0.467812000017147,True
sub-29,64,1,64,1,12,40.0,15162,15282,15462,80.555556,40.555556,40.555556,7.09059459998388,4,0.600998299982165,True
sub-29,65,1,65,2,300,40.0,13557,16557,21057,45.0,5.0,5.0,4.43782990000909,3,1.10093350001261,True
sub-29,66,1,66,2,300,40.0,14351,17351,21851,48.425926,8.425926,8.425926,10.5606324000109,1,0.467527799977688,True
sub-29,67,1,67,2,300,60.0,19988,24488,27488,50.277778,-9.722222,9.722222,9.89636309997877,1,0.551028100016992,True
sub-29,68,1,68,2,300,60.0,11153,15653,18653,35.462963,-24.537037,24.537037,9.30977639998309,3,0.367422300012549,True
sub-29,69,1,69,2,300,80.0,1960,7960,9460,7.5,-72.5,72.5,5.97070760000497,3,0.867534999997587,True
sub-29,70,1,70,2,300,40.0,14066,17066,21566,15.37037,-24.62963,24.62963,8.275123600004,4,0.684174099995289,True
sub-29,71,1,71,1,60,20.0,13176,13476,14676,6.759259,-13.240741,13.240741,2.75264390002121,4,0.400705399981234,True
sub-29,72,1,72,1,12,20.0,27281,27341,27581,35.462963,15.462963,15.462963,8.80866939999396,3,0.650388499983819,True
sub-29,73,1,73,2,300,20.0,2522,4022,10022,21.388889,1.388889,1.388889,3.85374310001498,4,0.45071820000885,True
sub-29,74,1,74,2,60,60.0,3650,4550,5150,50.833333,-9.166667,9.166667,5.02114080000319,2,0.466757599991979,True
sub-29,75,1,75,1,60,60.0,20386,21286,21886,85.37037,25.37037,25.37037,7.02387799997814,4,0.183074999978998,True
sub-29,76,1,76,2,60,20.0,14390,14690,15890,13.981481,-6.018519,6.018519,8.5581583000021,4,0.383049500000197,True
sub-29,77,1,77,2,300,80.0,16072,22072,23572,69.722222,-10.277778,10.277778,5.73914759999024,4,0.333781099994666,True
sub-29,78,1,78,1,60,40.0,20386,20986,21886,66.574074,26.574074,26.574074,6.57320260000415,3,0.83383240000694,True
sub-29,79,1,79,1,60,20.0,1414,1714,2914,26.018519,6.018519,6.018519,6.22325939999427,4,0.416685900010634,True
sub-29,80,1,80,2,300,60.0,18922,23422,26422,48.981481,-11.018519,11.018519,14.3972033000027,2,1.53467900000396,True
sub-29,81,1,81,2,300,60.0,14066,18566,21566,77.777778,17.777778,17.777778,9.01206109998747,1,0.867809699993813,True
sub-29,82,1,82,2,300,20.0,18200,19700,25700,43.981481,23.981481,23.981481,30.0275909999909,1,0.43383470000117,True
sub-29,83,1,83,2,300,60.0,10518,15018,18018,42.314815,-17.685185,17.685185,11.6284134000015,3,2.43546700000297,True
sub-29,84,1,84,1,12,60.0,26328,26508,26628,86.759259,26.759259,26.759259,3.1034737000009,4,0.433479100000113,True
sub-29,85,1,85,2,300,80.0,5739,11739,13239,18.611111,-61.388889,61.388889,3.57075849999091,3,1.05084419998456,True
sub-29,86,1,86,1,12,20.0,15162,15222,15462,87.037037,67.037037,67.037037,9.79326039997977,2,0.350079800002276,True
sub-29,87,1,87,1,12,20.0,26328,26388,26628,40.0,20.0,20.0,6.05649200000334,3,0.400395499978913,True
sub-29,88,1,88,2,60,60.0,11369,12269,12869,32.037037,-27.962963,27.962963,8.25836649999837,2,0.517079799989005,True
sub-29,89,1,89,1,12,60.0,10400,10580,10700,81.111111,21.111111,21.111111,4.87161070000729,3,0.951051500014727,True
sub-29,90,1,90,1,60,40.0,13176,13776,14676,22.5,-17.5,17.5,7.44076130000758,4,0.918245299981208,True
sub-29,91,1,91,1,60,40.0,1414,2014,2914,78.148148,38.148148,38.148148,7.85733300002175,4,0.400245700002415,True
sub-29,92,1,92,2,60,40.0,25202,25802,26702,34.074074,-5.925926,5.925926,8.40867509998497,4,0.133481500000925,True
sub-29,93,1,93,2,60,60.0,10035,10935,11535,20.0,-40.0,40.0,7.31004189999657,3,0.133152900001732,True
sub-29,94,1,94,1,12,20.0,29300,29360,29600,57.777778,37.777778,37.777778,6.67394469998544,2,0.767346599983284,True
sub-29,95,1,95,1,12,80.0,1602,1842,1902,83.703704,3.703704,3.703704,3.73466539999935,4,0.417252700019162,True
sub-29,96,1,96,2,300,40.0,19988,22988,27488,72.87037,32.87037,32.87037,5.97241919999942,2,1.15158379997592,True
sub-29,97,1,97,1,12,80.0,24250,24490,24550,90.277778,10.277778,10.277778,8.19457960000727,4,0.63385010001366,True
sub-29,98,1,98,2,300,60.0,10273,14773,17773,20.925926,-39.074074,39.074074,7.09433739999076,4,0.282912399998167,True
sub-29,99,1,99,1,60,80.0,1414,2614,2914,88.981481,8.981481,8.981481,5.72001560000353,4,0.4002623000124,True
sub-29,100,1,100,2,300,40.0,13458,16458,20958,38.240741,-1.759259,1.759259,5.65640839998377,4,0.850610399997094,True
sub-29,101,2,1,2,300,40.0,19476,22476,26976,84.537037,44.537037,44.537037,15.2529628000047,2,0.584110099996905,True
sub-29,102,2,2,1,12,80.0,6414,6654,6714,87.12963,7.12963,7.12963,2.15206750002107,4,0.450886700011324,True
sub-29,103,2,3,2,300,80.0,12645,18645,20145,81.759259,1.759259,1.759259,9.05898649999289,3,0.283838499977719,True
sub-29,104,2,4,1,60,80.0,13176,14376,14676,83.055556,3.055556,3.055556,7.79149159998633,4,0.450695300009101,True
sub-29,105,2,5,1,12,80.0,15162,15402,15462,79.722222,-0.277778,0.277778,4.5378531999886,4,0.767072399990866,True
sub-29,106,2,6,1,12,60.0,15162,15342,15462,67.592593,7.592593,7.592593,4.73804219998419,4,0.467034200002672,True
sub-29,107,2,7,1,12,80.0,13450,13690,13750,84.074074,4.074074,4.074074,6.94306230000802,4,0.217025699996156,True
sub-29,108,2,8,2,60,20.0,19722,20022,21222,15.925926,-4.074074,4.074074,4.45460709999315,4,0.366977300000144,True
sub-29,109,2,9,1,60,80.0,13942,15142,15442,76.203704,-3.796296,3.796296,5.41977410000981,2,0.517215500003658,True
sub-29,110,2,10,2,300,60.0,17351,21851,24851,40.462963,-19.537037,19.537037,6.54021360000479,1,0.867668199993204,True
sub-29,111,2,11,1,12,80.0,14329,14569,14629,85.462963,5.462963,5.462963,3.77019900002051,4,0.400475900009041,True
sub-29,112,2,12,2,60,60.0,17621,18521,19121,75.0,15.0,15.0,7.20752769999671,3,0.483676400006515,True
sub-29,113,2,13,1,60,80.0,26923,28123,28423,68.518519,-11.481481,11.481481,5.00759279998601,4,0.917575800005579,True
sub-29,114,2,14,2,300,60.0,16327,20827,23827,70.833333,10.833333,10.833333,4.55538910001632,4,0.283738800004357,True
sub-29,115,2,15,2,60,80.0,21629,22829,23129,88.888889,8.888889,8.888889,6.73734249998233,4,0.399787400005152,True
sub-29,116,2,16,1,60,60.0,1414,2314,2914,24.351852,-35.648148,35.648148,5.52242419999674,4,0.416686799988383,True
sub-29,117,2,17,1,60,60.0,15628,16528,17128,19.722222,-40.277778,40.277778,6.37296730000525,3,0.884399899980053,True
sub-29,118,2,18,1,12,60.0,14329,14509,14629,77.037037,17.037037,17.037037,4.20450040002469,3,0.417293700011214,True
sub-29,119,2,19,2,300,40.0,10518,13518,18018,49.351852,9.351852,9.351852,11.1945260000065,1,0.450098900008015,True
sub-29,120,2,20,1,60,60.0,13942,14842,15442,76.203704,16.203704,16.203704,6.67342390000703,3,0.533877200010465,True
sub-29,121,2,21,2,300,80.0,11153,17153,18653,30.462963,-49.537037,49.537037,3.90410119999432,2,0.567030299978796,True
sub-29,122,2,22,2,300,80.0,11085,17085,18585,27.777778,-52.222222,52.222222,4.97234350000508,2,0.400302599999122,True
sub-29,123,2,23,2,60,80.0,9187,10387,10687,69.351852,-10.648148,10.648148,5.88937889999942,4,0.383601400011684,True
sub-29,124,2,24,2,300,20.0,11153,12653,18653,39.351852,19.351852,19.351852,7.47373180001159,2,0.333536399994045,True
sub-29,125,2,25,2,300,20.0,19476,20976,26976,46.296296,26.296296,26.296296,5.03843419998884,3,0.533882099989568,True
sub-29,126,2,26,2,300,60.0,1638,6138,9138,72.592593,12.592593,12.592593,6.62302940001245,3,1.38439320001634,True
sub-29,127,2,27,1,12,20.0,11500,11560,11800,51.203704,31.203704,31.203704,4.55748479999601,3,0.350168000004487,True
sub-29,128,2,28,1,60,40.0,5494,6094,6994,40.648148,0.648148,0.648148,6.85722389997681,3,0.517097000003559,True
sub-29,129,2,29,1,12,80.0,4600,4840,4900,88.703704,8.703704,8.703704,3.7185575000185,4,0.267252499994356,True
sub-29,130,2,30,2,60,80.0,28296,29496,29796,63.703704,-16.296296,16.296296,6.72394840000197,2,0.517089100001612,True
sub-29,131,2,31,1,12,40.0,3739,3859,4039,49.814815,9.814815,9.814815,9.22588990000076,3,1.05114749999484,True
sub-29,132,2,32,2,300,20.0,18922,20422,26422,55.0,35.0,35.0,11.0780128999904,2,0.734283999976469,True
sub-29,133,2,33,1,60,40.0,6042,6642,7542,79.259259,39.259259,39.259259,3.95694659999571,4,0.433605900005204,True
sub-29,134,2,34,1,60,80.0,22148,23348,23648,78.055556,-1.944444,1.944444,3.7676846999966,4,0.20000670000445,True
sub-29,135,2,35,1,60,40.0,4556,5156,6056,78.333333,38.333333,38.333333,4.70726890000514,4,0.284417899994878,True
sub-29,136,2,36,1,60,20.0,20386,20686,21886,54.444444,34.444444,34.444444,5.105396799976,2,0.767482399998698,True
sub-29,137,2,37,1,12,20.0,3739,3799,4039,79.166667,59.166667,59.166667,4.385598199995,4,0.133391699986532,True
sub-29,138,2,38,2,60,20.0,23865,24165,25365,24.62963,4.62963,4.62963,4.52085620001889,2,0.634315900009824,True
sub-29,139,2,39,1,12,40.0,16152,16272,16452,35.092593,-4.907407,4.907407,4.63789610000094,3,0.283802699996158,True
sub-29,140,2,40,1,12,20.0,13450,13510,13750,73.981481,53.981481,53.981481,5.80673099998966,4,0.45028610000736,True
sub-29,141,2,41,2,300,20.0,10273,11773,17773,23.888889,3.888889,3.888889,4.57134140000562,2,1.61802259998512,True
sub-29,142,2,42,1,12,20.0,10400,10460,10700,4.814815,-15.185185,15.185185,4.32118400000035,4,0.450230899994494,True
sub-29,143,2,43,1,12,60.0,2393,2573,2693,77.222222,17.222222,17.222222,11.2473343999881,4,0.367242100008297,True
sub-29,144,2,44,1,12,60.0,4600,4780,4900,76.018519,16.018519,16.018519,6.6211032999854,4,0.117043900012504,True
sub-29,145,2,45,1,12,60.0,25820,26000,26120,21.018519,-38.981481,38.981481,7.29036670000641,4,0.583547500020358,True
sub-29,146,2,46,1,12,20.0,1602,1662,1902,43.796296,23.796296,23.796296,6.25632990000303,1,0.46703480000724,True
sub-29,147,2,47,1,12,80.0,9950,10190,10250,73.611111,-6.388889,6.388889,10.6275632999895,3,0.300285900011658,True
sub-29,148,2,48,2,60,40.0,23865,24465,25365,17.222222,-22.777778,22.777778,8.54187890002504,2,0.867246500012697,True
sub-29,149,2,49,1,12,80.0,29300,29540,29600,83.611111,3.611111,3.611111,7.20795549999456,4,0.117126400000415,True
sub-29,150,2,50,2,300,40.0,11153,14153,18653,36.944444,-3.055556,3.055556,6.32323159999214,3,0.383999699988635,True
sub-29,151,2,51,2,60,80.0,10035,11235,11535,9.62963,-70.37037,70.37037,3.7068446999765,4,0.433330800005933,True
sub-29,152,2,52,2,300,20.0,13458,14958,20958,23.333333,3.333333,3.333333,8.52254249999532,3,0.450374699983513,True
sub-29,153,2,53,2,60,60.0,14390,15290,15890,17.592593,-42.407407,42.407407,4.28717709999182,4,0.28353759998572,True
sub-29,154,2,54,1,60,60.0,2714,3614,4214,86.944444,26.944444,26.944444,3.21975830002338,4,0.466924500011373,True
sub-29,155,2,55,2,300,80.0,17351,23351,24851,73.425926,-6.574074,6.574074,5.30521279998356,3,0.116218399984063,True
sub-29,156,2,56,1,60,20.0,15628,15928,17128,38.425926,18.425926,18.425926,8.65833500001463,1,0.60064489999786,True
sub-29,157,2,57,1,12,20.0,24970,25030,25270,16.759259,-3.240741,3.240741,2.71955060001346,4,0.400406600005226,True
sub-29,158,2,58,1,60,60.0,5494,6394,6994,83.611111,23.611111,23.611111,11.4114076000114,4,0.233835899998666,True
sub-29,159,2,59,2,300,60.0,11085,15585,18585,72.685185,12.685185,12.685185,5.53904860001057,3,0.516775299998698,True
sub-29,160,2,60,2,300,60.0,14351,18851,21851,69.62963,9.62963,9.62963,12.6124172999989,3,0.450013900001067,True
sub-29,161,2,61,1,12,20.0,2486,2546,2786,9.074074,-10.925926,10.925926,4.65442450001137,4,0.26708079999662,True
sub-29,162,2,62,2,300,20.0,7365,8865,14865,13.888889,-6.111111,6.111111,9.25885099999141,4,0.416741599998204,True
sub-29,163,2,63,2,60,40.0,11369,11969,12869,47.222222,7.222222,7.222222,7.69115649999002,1,1.11749240002245,True
sub-29,164,2,64,1,12,60.0,15586,15766,15886,49.259259,-10.740741,10.740741,4.35414049998507,4,0.50029359999462,True
sub-29,165,2,65,2,60,80.0,19722,20922,21222,80.185185,0.185185,0.185185,3.63688000000547,4,0.767225499992491,True
sub-29,166,2,66,1,12,80.0,26328,26568,26628,46.666667,-33.333333,33.333333,3.25337340001715,3,0.483665800013113,True
sub-29,167,2,67,1,12,20.0,6414,6474,6714,54.259259,34.259259,34.259259,3.59024910000152,2,2.63604559999657,True
sub-29,168,2,68,2,300,40.0,16327,19327,23827,52.592593,12.592593,12.592593,7.47181230000569,2,0.533755599986761,True
sub-29,169,2,69,2,60,60.0,23865,24765,25365,21.851852,-38.148148,38.148148,2.81955839999136,3,0.333904200000688,True
sub-29,170,2,70,1,60,60.0,22148,23048,23648,51.111111,-8.888889,8.888889,5.75602449997677,2,0.600422000017715,True
sub-29,171,2,71,2,60,40.0,21629,22229,23129,83.240741,43.240741,43.240741,8.22741829999722,4,0.831983300013234,True
sub-29,172,2,72,2,60,80.0,23865,25065,25365,52.222222,-27.777778,27.777778,8.54261160001624,2,0.484173399978317,True
sub-29,173,2,73,2,300,20.0,12645,14145,20145,26.574074,6.574074,6.574074,11.3116556000022,2,0.449819799978286,True
sub-29,174,2,74,2,300,40.0,21224,24224,28724,69.814815,29.814815,29.814815,5.83922819999861,4,0.0334912999824155,True
sub-29,175,2,75,1,12,60.0,6414,6594,6714,77.12963,17.12963,17.12963,4.35439469999983,3,0.167004999995697,True
sub-29,176,2,76,2,60,20.0,25895,26195,27395,52.037037,32.037037,32.037037,3.40420569997513,1,0.467220400023506,True
sub-29,177,2,77,2,300,20.0,1638,3138,9138,21.296296,1.296296,1.296296,2.88662180001847,4,0.20005330001004,True
sub-29,178,2,78,2,300,20.0,13557,15057,21057,13.148148,-6.851852,6.851852,5.92268760001752,4,0.116183400008594,True
sub-29,179,2,79,1,12,60.0,9950,10130,10250,51.574074,-8.425926,8.425926,6.50692839999101,1,0.917286600015359,True
sub-29,180,2,80,1,12,80.0,23864,24105,24165,41.481481,-38.518519,38.518519,5.58877850000863,1,0.45009139998001,True
sub-29,181,2,81,1,12,20.0,14329,14389,14629,29.537037,9.537037,9.537037,5.00496660001226,3,0.367280200007371,True
sub-29,182,2,82,1,12,20.0,21800,21860,22100,83.518519,63.518519,63.518519,6.08919260001857,4,0.383850500016706,True
sub-29,183,2,83,1,12,80.0,10400,10640,10700,18.518519,-61.481481,61.481481,5.70538440000382,3,1.20114960000501,True
sub-29,184,2,84,1,12,20.0,23864,23925,24165,26.759259,6.759259,6.759259,4.53783019998809,4,0.266390499979024,True
sub-29,185,2,85,2,300,40.0,12645,15645,20145,53.055556,13.055556,13.055556,5.3425300999952,1,1.86835370000335,True
sub-29,186,2,86,2,60,80.0,11369,12569,12869,76.018519,-3.981481,3.981481,9.47702879999997,4,0.0835869000002276,True
sub-29,187,2,87,2,300,20.0,19988,21488,27488,52.777778,32.777778,32.777778,5.5062564999971,1,0.483989600004861,True
sub-29,188,2,88,1,12,40.0,29300,29420,29600,71.018519,31.018519,31.018519,3.58461629998055,2,0.834080100001301,True
sub-29,189,2,89,1,12,60.0,27281,27461,27581,81.481481,21.481481,21.481481,6.32589509998797,4,0.316895600000862,True
sub-29,190,2,90,1,60,60.0,13176,14076,14676,66.018519,6.018519,6.018519,9.04303619998972,2,0.500394200003938,True
sub-29,191,2,91,1,60,40.0,22148,22748,23648,76.666667,36.666667,36.666667,6.88812240000697,4,0.316852199990535,True
sub-29,192,2,92,2,60,80.0,3650,4850,5150,84.351852,4.351852,4.351852,4.9051635999931,4,0.467215700016822,True
sub-29,193,2,93,2,60,60.0,16451,17351,17951,50.462963,-9.537037,9.537037,5.38879799999995,1,0.683844299986958,True
sub-29,194,2,94,2,300,20.0,14066,15566,21566,28.981481,8.981481,8.981481,7.17416140000568,3,0.43349239998497,True
sub-29,195,2,95,2,60,40.0,16451,17051,17951,12.592593,-27.407407,27.407407,8.85905769999954,3,0.116442700003972,True
sub-29,196,2,96,2,300,40.0,18922,21922,26422,32.777778,-7.222222,7.222222,7.40649860000121,3,0.533854000008432,True
sub-29,197,2,97,1,12,20.0,12500,12560,12800,35.740741,15.740741,15.740741,8.00795049997395,3,0.100214799982495,True
sub-29,198,2,98,2,300,40.0,11085,14085,18585,41.296296,1.296296,1.296296,8.00772140000481,4,0.31705729998066,True
sub-29,199,2,99,1,60,80.0,15628,16828,17128,81.574074,1.574074,1.574074,2.68576140000368,4,0.25059670000337,True
sub-29,200,2,100,2,300,20.0,11085,12585,18585,48.240741,28.240741,28.240741,5.87242920001153,1,0.367041000019526,True
sub-29,201,3,1,2,60,80.0,25202,26402,26702,83.703704,3.703704,3.703704,3.59349469997687,4,0.400016999978106,True
sub-29,202,3,2,1,60,20.0,22148,22448,23648,73.333333,53.333333,53.333333,2.40274650001083,4,0.15009100001771,True
sub-29,203,3,3,2,60,60.0,9187,10087,10687,75.462963,15.462963,15.462963,3.0726656000188,2,0.617509000003337,True
sub-29,204,3,4,1,60,80.0,4556,5756,6056,77.037037,-2.962963,2.962963,3.53786219999892,4,0.283534399990458,True
sub-29,205,3,5,1,60,80.0,2714,3914,4214,89.62963,9.62963,9.62963,4.02153210001415,4,0.216537799977231,True
sub-29,206,3,6,2,60,80.0,12596,13796,14096,70.092593,-9.907407,9.907407,6.17309520000708,4,0.166625400015618,True
sub-29,207,3,7,2,300,20.0,9381,10881,16881,44.722222,24.722222,24.722222,9.35928959999,1,0.533604399999603,True
sub-29,208,3,8,2,300,60.0,12645,17145,20145,27.314815,-32.685185,32.685185,3.80393709999043,3,0.283638799999607,True
sub-29,209,3,9,2,60,20.0,28296,28596,29796,19.166667,-0.833333,0.833333,2.98600189998978,4,0.100181999994674,True
sub-29,210,3,10,1,60,20.0,26923,27223,28423,22.314815,2.314815,2.314815,2.83584469999186,3,0.150704300001962,True
sub-29,211,3,11,2,300,40.0,10273,13273,17773,44.722222,4.722222,4.722222,17.003187299997,1,0.416770999989239,True
sub-29,212,3,12,2,60,60.0,25895,26795,27395,45.833333,-14.166667,14.166667,7.20463829999789,1,0.300096600025426,True
sub-29,213,3,13,1,60,40.0,2714,3314,4214,86.018519,46.018519,46.018519,2.73652730000321,4,0.433682900009444,True
sub-29,214,3,14,1,12,60.0,2486,2666,2786,80.185185,20.185185,20.185185,7.10762120000436,4,0.349984200001927,True
sub-29,215,3,15,1,12,20.0,24250,24310,24550,87.87037,67.87037,67.87037,4.83861310000065,4,0.366925200010882,True
sub-29,216,3,16,1,12,80.0,16152,16392,16452,84.351852,4.351852,4.351852,4.28773390001151,4,0.0927835000038612,True
sub-29,217,3,17,2,300,20.0,16327,17827,23827,44.074074,24.074074,24.074074,6.80459089999203,1,0.333680200012167,True
sub-29,218,3,18,1,12,80.0,3739,3979,4039,82.87037,2.87037,2.87037,3.35362270000041,4,0.250379900011466,True
sub-29,219,3,19,2,60,20.0,10035,10335,11535,13.796296,-6.203704,6.203704,5.32188040000619,4,0.483755900000687,True
sub-29,220,3,20,1,12,40.0,25820,25940,26120,20.0,-20.0,20.0,3.45477579999715,4,0.183586500003002,True
sub-29,221,3,21,1,12,40.0,4600,4720,4900,32.037037,-7.962963,7.962963,5.08814609999535,4,0.800841199990827,True
sub-29,222,3,22,1,12,20.0,9950,10010,10250,59.259259,39.259259,39.259259,4.53795930001069,3,0.166551100002834,True
sub-29,223,3,23,2,60,40.0,14390,14990,15890,13.796296,-26.203704,26.203704,4.65480230000685,4,0.150214699999196,True
sub-29,224,3,24,1,12,40.0,11500,11620,11800,47.314815,7.314815,7.314815,5.6056764999812,3,0.500449399987701,True
sub-29,225,3,25,2,60,20.0,12596,12896,14096,31.111111,11.111111,11.111111,6.55639399998472,4,0.0498967999883461,True
sub-29,226,3,26,1,60,80.0,20386,21586,21886,85.092593,5.092593,5.092593,10.4272053999884,4,0.200638000009348,True
sub-29,227,3,27,2,300,60.0,13557,18057,21057,46.111111,-13.888889,13.888889,5.03822299998137,1,0.634149499994237,True
sub-29,228,3,28,2,300,20.0,14351,15851,21851,33.611111,13.611111,13.611111,8.00795199998538,4,0.450430299999425,True
sub-29,229,3,29,1,60,60.0,4556,5456,6056,62.962963,2.962963,2.962963,4.021482799988,4,0.383643499983008,True
sub-29,230,3,30,1,12,40.0,2486,2606,2786,27.12963,-12.87037,12.87037,8.52538340000319,4,0.200072100007673,True
sub-29,231,3,31,2,300,80.0,14351,20351,21851,85.37037,5.37037,5.37037,23.4066111000138,4,0.300306099990848,True
sub-29,232,3,32,2,300,20.0,10518,12018,18018,17.12963,-2.87037,2.87037,5.57520389999263,4,0.316692899999907,True
sub-29,233,3,33,1,12,80.0,25820,26060,26120,14.074074,-65.925926,65.925926,5.60308000000077,3,0.300254000001587,True
sub-29,234,3,34,1,12,80.0,2393,2633,2693,81.944444,1.944444,1.944444,2.66930410001077,4,0.166674000007333,True
sub-29,235,3,35,1,60,60.0,6042,6942,7542,86.851852,26.851852,26.851852,2.50269909997587,2,0.56687090001651,True
sub-29,236,3,36,1,12,40.0,17600,17720,17900,69.074074,29.074074,29.074074,4.13754039999912,3,0.433739000000059,True
sub-29,237,3,37,1,12,40.0,21273,21393,21573,24.074074,-15.925926,15.925926,2.93923879999783,4,0.283391899982234,True
sub-29,238,3,38,2,300,80.0,14066,20066,21566,70.37037,-9.62963,9.62963,4.45569470000918,4,0.300193100003525,True
sub-29,239,3,39,2,300,80.0,2522,8522,10022,74.074074,-5.925926,5.925926,8.45606319999205,4,0.116711900016525,True
sub-29,240,3,40,2,60,40.0,25895,26495,27395,62.12963,22.12963,22.12963,3.60351420001825,1,0.433224299980793,True
sub-29,241,3,41,1,60,80.0,6042,7242,7542,80.833333,0.833333,0.833333,2.40549439997994,4,0.133627300005173,True
sub-29,242,3,42,2,300,20.0,21224,22724,28724,53.425926,33.425926,33.425926,6.87415660000988,2,0.416898900002706,True
sub-29,243,3,43,2,300,80.0,20069,26069,27569,49.62963,-30.37037,30.37037,9.99115220000385,1,0.217187900008866,True
sub-29,244,3,44,2,300,40.0,17351,20351,24851,52.037037,12.037037,12.037037,4.80508320001536,1,0.316391099971951,True
sub-29,245,3,45,2,300,80.0,21224,27224,28724,80.833333,0.833333,0.833333,4.07365019997814,4,0.400019299995619,True
sub-29,246,3,46,1,12,80.0,21800,22040,22100,93.240741,13.240741,13.240741,4.20169680000981,4,0.600744700001087,True
sub-29,247,3,47,2,300,80.0,18922,24922,26422,75.555556,-4.444444,4.444444,7.20723289999296,3,19.5861347000172,True
sub-29,248,3,48,2,300,60.0,9381,13881,16881,77.222222,17.222222,17.222222,7.92491209998843,4,0.300230399996507,True
sub-29,249,3,49,1,12,20.0,15586,15646,15886,42.407407,22.407407,22.407407,3.84028839998063,4,0.300212800008012,True
sub-29,250,3,50,1,12,40.0,26328,26448,26628,78.518519,38.518519,38.518519,3.1703867999895,4,0.283677200000965,True
sub-29,251,3,51,2,60,40.0,9187,9787,10687,32.222222,-7.777778,7.777778,4.61941260000458,4,0.316736600012518,True
sub-29,252,3,52,1,12,40.0,12500,12620,12800,68.148148,28.148148,28.148148,6.4234187999973,2,0.650836699991487,True
sub-29,253,3,53,1,60,80.0,5494,6694,6994,78.055556,-1.944444,1.944444,3.75351129999035,3,0.517136600014055,True
sub-29,254,3,54,1,12,20.0,4600,4660,4900,26.203704,6.203704,6.203704,3.63705180000397,4,0.100144099997123,True
sub-29,255,3,55,1,12,20.0,21273,21333,21573,27.314815,7.314815,7.314815,2.08542320001288,4,0.14972040001885,True
sub-29,256,3,56,1,60,20.0,6042,6342,7542,46.574074,26.574074,26.574074,8.87598089998937,2,0.367287400003988,True
sub-29,257,3,57,2,300,60.0,19476,23976,26976,49.814815,-10.185185,10.185185,7.02670779998879,1,0.50025739998091,True
sub-29,258,3,58,2,300,80.0,18200,24200,25700,78.888889,-1.111111,1.111111,20.270704799972,4,0.0834250999905634,True
sub-29,259,3,59,2,60,60.0,19722,20622,21222,81.851852,21.851852,21.851852,4.98697379999794,4,0.533671200013486,True
sub-29,260,3,60,2,300,80.0,13557,19557,21057,70.740741,-9.259259,9.259259,6.63960740002221,4,0.499956199986627,True
sub-29,261,3,61,2,300,80.0,10518,16518,18018,81.944444,1.944444,1.944444,5.35514440000406,2,0.500455900008091,True
sub-29,262,3,62,1,12,40.0,13450,13570,13750,47.592593,7.592593,7.592593,7.03971129999263,2,0.316306599997915,True
sub-29,263,3,63,1,12,60.0,29300,29480,29600,71.296296,11.296296,11.296296,7.57416449999436,4,0.250437300011981,True
sub-29,264,3,64,2,60,40.0,12596,13196,14096,,,,,3,3.05290390001027,False
sub-29,265,3,65,2,60,20.0,9187,9487,10687,14.62963,-5.37037,5.37037,2.45235360000515,4,0.0662990999990142,True
sub-29,266,3,66,2,300,80.0,19988,25988,27488,77.962963,-2.037037,2.037037,7.80751569999847,4,0.467216700024437,True
sub-29,267,3,67,1,12,20.0,2393,2453,2693,77.12963,57.12963,57.12963,14.0305453999899,4,0.366974499978823,True
sub-29,268,3,68,1,12,80.0,2486,2726,2786,88.055556,8.055556,8.055556,3.35360860000946,4,0.28361969999969,True
sub-29,269,3,69,1,12,40.0,6414,6534,6714,17.685185,-22.314815,22.314815,2.43554830001085,4,0.367433999985223,True
sub-29,270,3,70,2,300,60.0,16072,20572,23572,69.166667,9.166667,9.166667,7.37397459999192,4,0.300421499996446,True
sub-29,271,3,71,2,60,40.0,17621,18221,19121,33.240741,-6.759259,6.759259,12.5326899999927,1,0.450205400004051,True
sub-29,272,3,72,1,12,60.0,21273,21453,21573,52.5,-7.5,7.5,3.1176602000196,3,0.28298800002085,True
sub-29,273,3,73,2,300,80.0,16327,22327,23827,78.796296,-1.203704,1.203704,7.10742010001558,4,0.483827799995197,True
sub-29,274,3,74,1,12,40.0,2393,2513,2693,79.537037,39.537037,39.537037,3.78706220001913,3,0.467067599995061,True
sub-29,275,3,75,2,300,40.0,18200,21200,25700,68.518519,28.518519,28.518519,4.46853129999362,4,0.166757099999813,True
sub-29,276,3,76,2,300,40.0,2522,5522,10022,68.703704,28.703704,28.703704,4.10406660000444,3,0.0332852999854367,True
sub-29,277,3,77,2,60,20.0,25202,25502,26702,29.722222,9.722222,9.722222,8.29164260000106,4,0.283333299972582,True
sub-29,278,3,78,2,300,60.0,18200,22700,25700,67.962963,7.962963,7.962963,3.43973230000119,4,0.0667169000080321,True
sub-29,279,3,79,2,300,40.0,1960,4960,9460,62.962963,22.962963,22.962963,7.07152989998576,2,0.233344799984479,True
sub-29,280,3,80,2,300,60.0,13458,17958,20958,73.148148,13.148148,13.148148,7.14010799999232,3,0.116767100000288,True
sub-29,281,3,81,1,12,80.0,15586,15826,15886,74.537037,-5.462963,5.462963,2.70277590001933,4,0.233311499992851,True
sub-29,282,3,82,2,300,40.0,20069,23069,27569,49.166667,9.166667,9.166667,2.53594169998541,1,0.383792900014668,True
sub-29,283,3,83,2,300,20.0,1960,3460,9460,29.907407,9.907407,9.907407,5.07165389999863,4,0.400013500009663,True
sub-29,284,3,84,1,60,60.0,26923,27823,28423,79.907407,19.907407,19.907407,6.13975659999414,3,0.483933199982857,True
sub-29,285,3,85,2,60,80.0,25895,27095,27395,85.185185,5.185185,5.185185,3.45636119999107,4,0.266359800007194,True
sub-29,286,3,86,1,12,80.0,11500,11740,11800,76.111111,-3.888889,3.888889,4.8719178000174,4,0.150441900012083,True
sub-29,287,3,87,2,60,60.0,25202,26102,26702,34.814815,-25.185185,25.185185,5.85337070000241,4,0.166978299996117,True
sub-29,288,3,88,2,300,80.0,22736,28736,30236,57.037037,-22.962963,22.962963,5.17204180001863,2,0.200346800003899,True
sub-29,289,3,89,1,12,60.0,12500,12680,12800,55.092593,-4.907407,4.907407,3.33666159998392,3,0.733506699994904,True
sub-29,290,3,90,2,300,60.0,1960,6460,9460,64.259259,4.259259,4.259259,9.69337700001779,4,2.50222349999239,True
sub-29,291,3,91,2,60,60.0,28296,29196,29796,63.333333,3.333333,3.333333,3.38668920000782,1,0.416872200003126,True
sub-29,292,3,92,2,300,20.0,5739,7239,13239,18.796296,-1.203704,1.203704,4.03708740000729,4,0.266998700011754,True
sub-29,293,3,93,2,300,60.0,5739,10239,13239,19.537037,-40.462963,40.462963,2.70277720000012,2,3.43651560001308,True
sub-29,294,3,94,1,60,40.0,13942,14542,15442,13.333333,-26.666667,26.666667,8.77581320001627,4,0.282954900001641,True
sub-29,295,3,95,2,60,40.0,19722,20322,21222,68.333333,28.333333,28.333333,4.97497120001935,4,0.433894499990856,True
sub-29,296,3,96,1,12,80.0,24970,25210,25270,72.87037,-7.12963,7.12963,3.62121109999134,4,0.15014909999445,True
sub-29,297,3,97,2,300,20.0,20069,21569,27569,51.944444,31.944444,31.944444,2.82059199997456,1,0.316623699996853,True
sub-29,298,3,98,1,12,40.0,9950,10070,10250,59.074074,19.074074,19.074074,4.43855189997702,2,0.249931400001514,True
sub-29,299,3,99,2,300,20.0,16072,17572,23572,72.314815,52.314815,52.314815,3.60130430001299,4,0.934359899983974,True
sub-29,300,3,100,1,12,20.0,25820,25880,26120,25.092593,5.092593,5.092593,4.7551458000089,4,0.117183499998645,True
sub-30,1,1,1,1,12,20.0,23864,23925,24165,50.555556,30.555556,30.555556,12.2648929000133,2,1.45140690001426,True
sub-30,2,1,2,2,60,40.0,14390,14990,15890,76.018519,36.018519,36.018519,9.04296970000723,3,1.03385439998237,True
sub-30,3,1,3,2,60,80.0,11369,12569,12869,69.537037,-10.462963,10.462963,4.82162309999694,2,1.38470410002628,True
sub-30,4,1,4,1,12,80.0,2486,2726,2786,84.351852,4.351852,4.351852,4.58769479999318,3,0.634034899994731,True
sub-30,5,1,5,1,12,80.0,25820,26060,26120,51.111111,-28.888889,28.888889,9.74266219997662,2,0.500168500002473,True
sub-30,6,1,6,2,60,20.0,28296,28596,29796,60.185185,40.185185,40.185185,6.90714510000543,3,0.600199199980124,True
sub-30,7,1,7,1,12,80.0,24250,24490,24550,92.037037,12.037037,12.037037,5.23882080000476,3,0.416951499995775,True
sub-30,8,1,8,2,300,20.0,9381,10881,16881,38.055556,18.055556,18.055556,5.4721142000053,1,0.650415399984922,True
sub-30,9,1,9,1,12,60.0,11500,11680,11800,69.351852,9.351852,9.351852,12.645895499998,2,0.83400159998564,True
sub-30,10,1,10,1,12,20.0,25820,25880,26120,46.944444,26.944444,26.944444,5.68911230002413,2,0.483568900002865,True
sub-30,11,1,11,1,12,40.0,10400,10520,10700,50.37037,10.37037,10.37037,6.59050020002177,2,0.516598599991994,True
sub-30,12,1,12,1,60,40.0,4556,5156,6056,78.333333,38.333333,38.333333,6.79038489999948,3,0.567246599995996,True
sub-30,13,1,13,1,12,60.0,24250,24430,24550,53.055556,-6.944444,6.944444,7.55783840001095,1,0.583904900006018,True
sub-30,14,1,14,2,300,60.0,10518,15018,18018,14.537037,-45.462963,45.462963,11.1443155999877,3,0.483749000006355,True
sub-30,15,1,15,2,300,60.0,20069,24569,27569,55.462963,-4.537037,4.537037,5.25516679999418,1,0.467039599985582,True
sub-30,16,1,16,2,300,40.0,11085,14085,18585,21.574074,-18.425926,18.425926,10.1102603999897,3,0.483972999994875,True
sub-30,17,1,17,2,300,40.0,9381,12381,16881,22.314815,-17.685185,17.685185,14.2670722999901,3,0.450651399994967,True
sub-30,18,1,18,2,300,80.0,1638,7638,9138,78.240741,-1.759259,1.759259,6.23695160000352,3,0.499877199996262,True
sub-30,19,1,19,1,12,60.0,2486,2666,2786,87.407407,27.407407,27.407407,6.38968880000175,3,0.467223800020292,True
sub-30,20,1,20,2,300,40.0,2522,5522,10022,63.611111,23.611111,23.611111,7.75805800000671,2,0.533485699997982,True
sub-30,21,1,21,1,12,80.0,15586,15826,15886,53.888889,-26.111111,26.111111,5.83935730002122,3,0.433135799976298,True
sub-30,22,1,22,1,60,80.0,13176,14376,14676,86.851852,6.851852,6.851852,5.50575979999848,3,0.483546999981626,True
sub-30,23,1,23,1,12,20.0,27281,27341,27581,57.12963,37.12963,37.12963,8.55883250001352,3,0.500702699995599,True
sub-30,24,1,24,2,300,60.0,22736,27236,30236,39.259259,-20.740741,20.740741,11.8781742999854,3,0.499996999977156,True
sub-30,25,1,25,2,60,60.0,10035,10935,11535,14.907407,-45.092593,45.092593,8.09116370000992,3,0.417128000000957,True
sub-30,26,1,26,2,300,40.0,22736,25736,30236,52.407407,12.407407,12.407407,15.0980749000154,1,0.717345200013369,True
sub-30,27,1,27,1,60,20.0,2714,3014,4214,12.12963,-7.87037,7.87037,4.72174020000966,3,5.80576320001273,True
sub-30,28,1,28,2,300,20.0,20069,21569,27569,24.074074,4.074074,4.074074,9.14243290000013,3,0.784030699986033,True
sub-30,29,1,29,2,300,20.0,2522,4022,10022,58.425926,38.425926,38.425926,5.2884122999967,3,0.550513900001533,True
sub-30,30,1,30,2,300,20.0,10518,12018,18018,9.259259,-10.740741,10.740741,7.82487660000333,3,0.433809900016058,True
sub-30,31,1,31,1,12,60.0,9950,10130,10250,22.12963,-37.87037,37.87037,8.75893359998008,3,0.850656599999638,True
sub-30,32,1,32,2,60,40.0,16451,17051,17951,26.296296,-13.703704,13.703704,10.6942077999992,3,0.500675799994496,True
sub-30,33,1,33,2,60,80.0,25202,26402,26702,95.0,15.0,15.0,5.05498859999352,3,0.517355999996652,True
sub-30,34,1,34,2,60,60.0,11369,12269,12869,52.962963,-7.037037,7.037037,4.48809480000636,1,0.734269500011578,True
sub-30,35,1,35,2,300,20.0,12645,14145,20145,28.796296,8.796296,8.796296,6.65664130001096,2,0.550268499995581,True
sub-30,36,1,36,1,12,20.0,15162,15222,15462,47.5,27.5,27.5,5.58887730000424,2,0.400295800005551,True
sub-30,37,1,37,2,300,80.0,19476,25476,26976,47.5,-32.5,32.5,23.8574217999994,2,0.566892600007122,True
sub-30,38,1,38,2,60,60.0,3650,4550,5150,60.833333,0.833333,0.833333,5.78946530001121,3,0.483838999993167,True
sub-30,39,1,39,1,60,80.0,5494,6694,6994,92.685185,12.685185,12.685185,4.17085629998473,3,0.50115990001359,True
sub-30,40,1,40,2,60,80.0,16451,17651,17951,70.37037,-9.62963,9.62963,6.99019380001118,3,0.466837799991481,True
sub-30,41,1,41,1,12,60.0,13450,13630,13750,37.592593,-22.407407,22.407407,10.6769970000023,2,0.634022500016726,True
sub-30,42,1,42,2,300,40.0,21224,24224,28724,65.0,25.0,25.0,10.9940693000098,2,0.60047200002009,True
sub-30,43,1,43,1,12,60.0,17600,17780,17900,43.148148,-16.851852,16.851852,6.17258570002741,2,0.533640899986494,True
sub-30,44,1,44,2,300,80.0,2522,8522,10022,83.888889,3.888889,3.888889,11.6120279000024,3,0.416788600006839,True
sub-30,45,1,45,2,60,80.0,28296,29496,29796,83.425926,3.425926,3.425926,4.9881172000023,3,1.25141280001844,True
sub-30,46,1,46,2,60,20.0,3650,3950,5150,21.944444,1.944444,1.944444,4.43775240000104,3,0.433779099985258,True
sub-30,47,1,47,2,60,60.0,19722,20622,21222,89.444444,29.444444,29.444444,5.85599000001093,3,0.483963100006803,True
sub-30,48,1,48,1,12,80.0,26328,26568,26628,94.722222,14.722222,14.722222,5.17228910000994,3,0.366271700011566,True
sub-30,49,1,49,2,60,20.0,25895,26195,27395,53.981481,33.981481,33.981481,7.70759430000907,2,0.583711999992374,True
sub-30,50,1,50,2,300,60.0,9381,13881,16881,70.925926,10.925926,10.925926,8.2248655000003,2,0.633806199999526,True
sub-30,51,1,51,1,12,40.0,21800,21920,22100,80.37037,40.37037,40.37037,10.4770281999954,3,0.417582399997627,True
sub-30,52,1,52,2,60,40.0,12596,13196,14096,57.12963,17.12963,17.12963,17.0000162000069,1,0.884055900009116,True
sub-30,53,1,53,2,60,20.0,23865,24165,25365,42.407407,22.407407,22.407407,7.09054989999276,1,0.366731599991908,True
sub-30,54,1,54,1,12,60.0,29300,29480,29600,83.240741,23.240741,23.240741,6.74034660001052,3,0.58416679999209,True
sub-30,55,1,55,2,300,40.0,16072,19072,23572,66.018519,26.018519,26.018519,7.27406369999516,1,0.517201700014993,True
sub-30,56,1,56,2,60,80.0,21629,22829,23129,77.962963,-2.037037,2.037037,8.62498209998011,3,0.383878099994035,True
sub-30,57,1,57,1,12,60.0,12500,12680,12800,77.592593,17.592593,17.592593,6.15625879997969,2,0.750980699987849,True
sub-30,58,1,58,2,300,40.0,20069,23069,27569,54.444444,14.444444,14.444444,5.0882461000001,2,0.383803800010355,True
sub-30,59,1,59,2,60,60.0,25202,26102,26702,19.814815,-40.185185,40.185185,4.32140839999192,3,0.533921599999303,True
sub-30,60,1,60,1,12,80.0,10400,10640,10700,88.703704,8.703704,8.703704,6.92358530001365,2,0.550478599994676,True
sub-30,61,1,61,2,300,80.0,21224,27224,28724,73.333333,-6.666667,6.666667,3.68709929997567,2,0.684036499995272,True
sub-30,62,1,62,1,60,40.0,26923,27523,28423,85.092593,45.092593,45.092593,3.93729629999143,3,0.584138800011714,True
sub-30,63,1,63,1,12,20.0,16152,16212,16452,20.37037,0.37037,0.37037,10.7775177999865,3,0.383488699997542,True
sub-30,64,1,64,1,12,80.0,27281,27521,27581,87.407407,7.407407,7.407407,5.15514819999225,3,0.500331999995978,True
sub-30,65,1,65,2,300,60.0,2522,7022,10022,66.759259,6.759259,6.759259,7.20733219999237,2,6.42298219999065,True
sub-30,66,1,66,1,60,80.0,13942,15142,15442,78.240741,-1.759259,1.759259,5.53890949999913,3,0.500287199974991,True
sub-30,67,1,67,1,12,40.0,26328,26448,26628,89.722222,49.722222,49.722222,3.60385790001601,3,1.0343665999826,True
sub-30,68,1,68,2,300,40.0,13458,16458,20958,13.611111,-26.388889,26.388889,7.70810200000414,3,0.450938800000585,True
sub-30,69,1,69,2,300,60.0,14351,18851,21851,78.055556,18.055556,18.055556,9.54285909997997,3,0.383715400006622,True
sub-30,70,1,70,2,60,80.0,14390,15590,15890,93.055556,13.055556,13.055556,3.93738839999423,3,0.400308099982794,True
sub-30,71,1,71,1,60,80.0,26923,28123,28423,72.592593,-7.407407,7.407407,10.9278954000037,3,0.466833699989365,True
sub-30,72,1,72,2,300,80.0,14351,20351,21851,70.925926,-9.074074,9.074074,4.12080249999417,3,0.60026690000086,True
sub-30,73,1,73,1,12,80.0,23864,24105,24165,59.351852,-20.648148,20.648148,11.6451137000112,1,0.633723300008568,True
sub-30,74,1,74,1,12,40.0,17600,17720,17900,60.277778,20.277778,20.277778,5.83958339999662,2,0.400503100012429,True
sub-30,75,1,75,2,300,80.0,18200,24200,25700,25.37037,-54.62963,54.62963,7.81131029999232,2,0.601019099995028,True
sub-30,76,1,76,2,60,20.0,16451,16751,17951,40.740741,20.740741,20.740741,5.47267819999251,1,0.683824600011576,True
sub-30,77,1,77,1,12,20.0,2393,2453,2693,53.148148,33.148148,33.148148,7.1050213999988,2,0.567131499992683,True
sub-30,78,1,78,1,60,20.0,22148,22448,23648,89.62963,69.62963,69.62963,5.85592949998681,3,0.917791000014403,True
sub-30,79,1,79,1,60,40.0,2714,3314,4214,80.277778,40.277778,40.277778,7.6410920000053,3,20.7873363000107,True
sub-30,80,1,80,1,12,20.0,11500,11560,11800,58.518519,38.518519,38.518519,7.85803329999907,2,0.517094599985284,True
sub-30,81,1,81,1,60,60.0,5494,6394,6994,62.314815,2.314815,2.314815,6.1064950999862,2,0.75060040000244,True
sub-30,82,1,82,2,300,60.0,18922,23422,26422,58.888889,-1.111111,1.111111,15.0316835000121,2,5.73907460001646,True
sub-30,83,1,83,2,300,60.0,10273,14773,17773,50.092593,-9.907407,9.907407,19.5531354999984,2,2.71898909998708,True
sub-30,84,1,84,1,60,60.0,22148,23048,23648,78.518519,18.518519,18.518519,9.90951210001367,2,111.327714300015,True
sub-30,85,1,85,2,60,80.0,10035,11235,11535,47.592593,-32.407407,32.407407,4.57506730000022,3,0.400441100005991,True
sub-30,86,1,86,1,60,20.0,13176,13476,14676,28.981481,8.981481,8.981481,2.53300460000173,3,0.467192800017073,True
sub-30,87,1,87,1,12,40.0,29300,29420,29600,30.740741,-9.259259,9.259259,7.49094650000915,3,0.450662599992938,True
sub-30,88,1,88,2,300,20.0,13557,15057,21057,32.592593,12.592593,12.592593,7.19058349999249,2,0.900532400002703,True
sub-30,89,1,89,2,60,60.0,23865,24765,25365,61.574074,1.574074,1.574074,7.30714180000359,2,0.500299200008157,True
sub-30,90,1,90,2,300,60.0,7365,11865,14865,28.055556,-31.944444,31.944444,11.6451475000067,3,0.450176200014539,True
sub-30,91,1,91,1,12,40.0,4600,4720,4900,52.314815,12.314815,12.314815,9.25923039999906,3,0.734177600010298,True
sub-30,92,1,92,2,300,20.0,14066,15566,21566,24.074074,4.074074,4.074074,5.0054361000075,3,0.366830799990566,True
sub-30,93,1,93,1,60,80.0,22148,23348,23648,76.944444,-3.055556,3.055556,4.48796319999382,3,0.466859099979046,True
sub-30,94,1,94,2,300,60.0,11085,15585,18585,51.388889,-8.611111,8.611111,8.7589971999987,2,0.36679160001222,True
sub-30,95,1,95,1,60,80.0,15628,16828,17128,88.055556,8.055556,8.055556,3.47045960000832,3,0.433578099997248,True
sub-30,96,1,96,2,300,60.0,11153,15653,18653,50.092593,-9.907407,9.907407,4.47136659998795,1,0.467135499988216,True
sub-30,97,1,97,2,60,80.0,12596,13796,14096,71.574074,-8.425926,8.425926,13.7634015999792,2,0.533918100001756,True
sub-30,98,1,98,1,60,60.0,15628,16528,17128,52.5,-7.5,7.5,3.85335049999412,1,0.650501900003291,True
sub-30,99,1,99,2,300,20.0,1638,3138,9138,38.796296,18.796296,18.796296,6.05593270002282,3,0.400096299999859,True
sub-30,100,1,100,2,300,20.0,21224,22724,28724,57.314815,37.314815,37.314815,4.88842999999178,2,0.467469399998663,True
sub-30,101,2,1,2,300,80.0,20069,26069,27569,45.185185,-34.814815,34.814815,21.4765103000099,1,0.867402300005778,True
sub-30,102,2,2,2,300,80.0,18922,24922,26422,45.092593,-34.907407,34.907407,5.97305719999712,1,0.466847700008656,True
sub-30,103,2,3,1,60,20.0,15628,15928,17128,32.5,12.5,12.5,4.07126820000121,3,0.450750799995148,True
sub-30,104,2,4,2,300,60.0,1960,6460,9460,59.814815,-0.185185,0.185185,4.25447509999503,3,0.366786099999444,True
sub-30,105,2,5,1,12,40.0,15586,15706,15886,32.592593,-7.407407,7.407407,5.20536590000847,3,0.483752500003902,True
sub-30,106,2,6,1,12,80.0,21800,22040,22100,98.055556,18.055556,18.055556,7.14009530001203,4,0.516982000001007,True
sub-30,107,2,7,1,12,80.0,1602,1842,1902,72.962963,-7.037037,7.037037,5.4732411999721,3,0.566809499985538,True
sub-30,108,2,8,2,60,60.0,21629,22529,23129,49.166667,-10.833333,10.833333,5.97350049999658,2,0.367734400002518,True
sub-30,109,2,9,2,60,80.0,23865,25065,25365,54.537037,-25.462963,25.462963,3.7042726999789,1,0.400188999978126,True
sub-30,110,2,10,1,12,40.0,1602,1722,1902,51.574074,11.574074,11.574074,6.70727079999051,2,0.499906799988821,True
sub-30,111,2,11,1,60,60.0,2714,3614,4214,65.833333,5.833333,5.833333,5.40307000000029,3,0.40028689999599,True
sub-30,112,2,12,2,300,80.0,13557,19557,21057,57.5,-22.5,22.5,5.43873900000471,2,0.55070190000697,True
sub-30,113,2,13,1,60,20.0,5494,5794,6994,33.055556,13.055556,13.055556,6.08966580001288,3,0.366902900015702,True
sub-30,114,2,14,2,60,20.0,25202,25502,26702,32.314815,12.314815,12.314815,6.55649859999539,3,0.450423700007377,True
sub-30,115,2,15,2,60,60.0,12596,13496,14096,54.537037,-5.462963,5.462963,6.13997799999197,2,0.400169599975924,True
sub-30,116,2,16,1,12,20.0,4600,4660,4900,21.481481,1.481481,1.481481,5.93988399999216,3,0.600477300002239,True
sub-30,117,2,17,2,300,20.0,19988,21488,27488,70.462963,50.462963,50.462963,5.62220840001828,3,0.39971090000472,True
sub-30,118,2,18,1,12,80.0,9950,10190,10250,70.555556,-9.444444,9.444444,4.88849119999213,2,0.449952800001483,True
sub-30,119,2,19,1,60,40.0,20386,20986,21886,64.166667,24.166667,24.166667,5.54267090000212,3,0.501052199979312,True
sub-30,120,2,20,1,12,60.0,26328,26508,26628,74.907407,14.907407,14.907407,4.78871550000621,3,0.400581399997463,True
sub-30,121,2,21,1,12,80.0,29300,29540,29600,60.462963,-19.537037,19.537037,6.87164890000713,3,0.417106000008061,True
sub-30,122,2,22,1,12,60.0,15162,15342,15462,53.240741,-6.759259,6.759259,3.65381710001383,1,0.517206099990289,True
sub-30,123,2,23,1,12,40.0,25820,25940,26120,35.648148,-4.351852,4.351852,5.27213070000289,2,0.534268099989276,True
sub-30,124,2,24,2,60,40.0,23865,24465,25365,46.851852,6.851852,6.851852,3.31985619998886,2,0.684091200004331,True
sub-30,125,2,25,1,60,60.0,20386,21286,21886,56.574074,-3.425926,3.425926,4.70433340000454,3,0.349608999997144,True
sub-30,126,2,26,1,12,60.0,2393,2573,2693,76.111111,16.111111,16.111111,4.43770979999681,3,0.39999869998428,True
sub-30,127,2,27,2,300,60.0,16327,20827,23827,80.185185,20.185185,20.185185,7.5241164000181,3,0.500437199982116,True
sub-30,128,2,28,1,60,20.0,1414,1714,2914,34.722222,14.722222,14.722222,11.4110985999868,3,0.566613800008781,True
sub-30,129,2,29,1,12,80.0,21273,21513,21573,82.037037,2.037037,2.037037,3.62335129998973,3,0.600649800006067,True
sub-30,130,2,30,2,300,60.0,17351,21851,24851,60.37037,0.37037,0.37037,4.72245850000763,1,0.450344199984101,True
sub-30,131,2,31,2,300,20.0,22736,24236,30236,40.37037,20.37037,20.37037,9.54061809999984,3,0.56745200001751,True
sub-30,132,2,32,2,60,20.0,9187,9487,10687,19.074074,-0.925926,0.925926,7.09052929998142,3,0.733512000006157,True
sub-30,133,2,33,2,300,80.0,11085,17085,18585,24.814815,-55.185185,55.185185,4.65475309998146,2,0.483489100006409,True
sub-30,134,2,34,1,12,60.0,21800,21980,22100,44.166667,-15.833333,15.833333,24.0104643999948,2,0.633876699983375,True
sub-30,135,2,35,1,60,60.0,1414,2314,2914,32.962963,-27.037037,27.037037,4.83652630000142,3,0.467129099997691,True
sub-30,136,2,36,2,60,40.0,17621,18221,19121,53.333333,13.333333,13.333333,10.1601090999902,2,1.21790750001673,True
sub-30,137,2,37,1,12,60.0,27281,27461,27581,87.5,27.5,27.5,11.2779287000012,3,0.85077160000219,True
sub-30,138,2,38,1,60,40.0,13176,13776,14676,30.648148,-9.351852,9.351852,9.79308479998144,2,29.061670199997,True
sub-30,139,2,39,2,300,80.0,19988,25988,27488,57.592593,-22.407407,22.407407,7.47430600001825,2,0.467070899991085,True
sub-30,140,2,40,1,60,40.0,1414,2014,2914,40.740741,0.740741,0.740741,3.57095660001505,3,0.734333300002617,True
sub-30,141,2,41,1,12,60.0,1602,1782,1902,72.12963,12.12963,12.12963,5.43862760000047,2,39.8731099999859,True
sub-30,142,2,42,2,60,60.0,9187,10087,10687,61.018519,1.018519,1.018519,5.45569729999988,2,0.850764599977992,True
sub-30,143,2,43,1,60,20.0,6042,6342,7542,21.296296,1.296296,1.296296,3.53666819998761,3,0.850573599978815,True
sub-30,144,2,44,2,300,40.0,10518,13518,18018,58.796296,18.796296,18.796296,2.80295620000106,1,0.366842600022209,True
sub-30,145,2,45,1,60,80.0,2714,3914,4214,91.944444,11.944444,11.944444,9.97644959998433,4,2.71911470001214,True
sub-30,146,2,46,2,60,80.0,19722,20922,21222,88.703704,8.703704,8.703704,5.45555299997795,3,1.05033490000641,True
sub-30,147,2,47,2,300,40.0,14066,17066,21566,56.851852,16.851852,16.851852,5.42202980001457,2,4.22086080000735,True
sub-30,148,2,48,1,60,20.0,20386,20686,21886,36.574074,16.574074,16.574074,6.02228529998683,2,2.91981099999975,True
sub-30,149,2,49,1,60,40.0,22148,22748,23648,39.907407,-0.092593,0.092593,5.63905339999473,3,1.08466819999739,True
sub-30,150,2,50,1,12,80.0,3739,3979,4039,96.759259,16.759259,16.759259,5.36189869997906,3,0.800800500001059,True
sub-30,151,2,51,1,12,40.0,2486,2606,2786,31.851852,-8.148148,8.148148,6.47098710000864,3,0.667114600015338,True
sub-30,152,2,52,2,300,60.0,19988,24488,27488,61.018519,1.018519,1.018519,6.80691030001617,3,0.783994600002188,True
sub-30,153,2,53,1,12,60.0,14329,14509,14629,88.611111,28.611111,28.611111,9.65981630000169,3,27.0435334000212,True
sub-30,154,2,54,2,300,40.0,10273,13273,17773,40.37037,0.37037,0.37037,4.53760339997825,2,0.550397699989844,True
sub-30,155,2,55,2,300,60.0,14066,18566,21566,49.074074,-10.925926,10.925926,5.60572819999652,1,2.76908059997367,True
sub-30,156,2,56,1,12,80.0,6414,6654,6714,80.185185,0.185185,0.185185,8.34188729999004,3,2.2853371000092,True
sub-30,157,2,57,2,300,20.0,7365,8865,14865,59.259259,39.259259,39.259259,23.7574107999971,1,0.567202400008682,True
sub-30,158,2,58,2,300,80.0,16072,22072,23572,74.444444,-5.555556,5.555556,4.17113279999466,3,0.684037800005171,True
sub-30,159,2,59,1,12,20.0,10400,10460,10700,6.203704,-13.796296,13.796296,6.45967660000314,2,15.1150892000005,True
sub-30,160,2,60,1,12,80.0,12500,12740,12800,42.222222,-37.777778,37.777778,4.37159639998571,2,1.18485980000696,True
sub-30,161,2,61,2,300,60.0,1638,6138,9138,61.759259,1.759259,1.759259,12.8438830999948,2,1.25109099998371,True
sub-30,162,2,62,1,12,60.0,4600,4780,4900,46.666667,-13.333333,13.333333,5.37227199997869,2,8.6251771999814,True
sub-30,163,2,63,1,12,40.0,13450,13570,13750,26.481481,-13.518519,13.518519,2.9026673999906,2,7.89126070000929,True
sub-30,164,2,64,1,12,80.0,24970,25210,25270,72.777778,-7.222222,7.222222,15.2488133999868,3,0.483805699972435,True
sub-30,165,2,65,1,60,80.0,1414,2614,2914,82.5,2.5,2.5,2.80265570001211,3,5.85553149998304,True
sub-30,166,2,66,1,12,40.0,2393,2513,2693,48.981481,8.981481,8.981481,50.7339411000139,2,0.951076099998317,True
sub-30,167,2,67,2,300,80.0,5739,11739,13239,12.592593,-67.407407,67.407407,4.1709551999811,3,0.566865300002973,True
sub-30,168,2,68,1,12,20.0,26328,26388,26628,97.407407,77.407407,77.407407,4.37136469999677,3,0.433791899995412,True
sub-30,169,2,69,2,300,60.0,13557,18057,21057,54.351852,-5.648148,5.648148,3.57046729998546,2,0.3834367999807,True
sub-30,170,2,70,2,60,20.0,11369,11669,12869,7.685185,-12.314815,12.314815,4.72121550000156,3,0.533757400000467,True
sub-30,171,2,71,1,12,60.0,21273,21453,21573,11.944444,-48.055556,48.055556,5.35568830001284,3,0.700418699998408,True
sub-30,172,2,72,2,300,80.0,7365,13365,14865,73.333333,-6.666667,6.666667,7.7245602000039,3,0.450370200007455,True
sub-30,173,2,73,2,300,20.0,11153,12653,18653,62.777778,42.777778,42.777778,4.32107040000846,1,0.50021659999038,True
sub-30,174,2,74,1,12,60.0,3739,3919,4039,95.648148,35.648148,35.648148,4.571663300012,3,1.11775030000717,True
sub-30,175,2,75,2,60,80.0,3650,4850,5150,74.074074,-5.925926,5.925926,7.09072659999947,3,4.37078109997673,True
sub-30,176,2,76,2,300,60.0,21224,25724,28724,75.833333,15.833333,15.833333,10.9113647000049,2,0.517229899996891,True
sub-30,177,2,77,1,12,60.0,15586,15766,15886,45.37037,-14.62963,14.62963,7.85794440002064,3,5.33837679997668,True
sub-30,179,2,79,2,300,80.0,10273,16273,17773,21.759259,-58.240741,58.240741,3.3863810999901,1,1.26824000000488,True
sub-30,180,2,80,1,12,20.0,6414,6474,6714,13.518519,-6.481481,6.481481,5.10520669998368,3,3.68684340000618,True
sub-30,181,2,81,2,300,60.0,19476,23976,26976,68.148148,8.148148,8.148148,5.22187710000434,2,0.466946200001984,True
sub-30,182,2,82,2,300,40.0,17351,20351,24851,64.722222,24.722222,24.722222,5.62229200001456,1,0.517206499993335,True
sub-30,183,2,83,2,60,40.0,25202,25802,26702,26.388889,-13.611111,13.611111,3.35292989999288,2,0.250893099990207,True
sub-30,184,2,84,2,300,40.0,12645,15645,20145,24.537037,-15.462963,15.462963,9.00938160001533,3,2.31915269998717,True
sub-30,185,2,85,1,12,20.0,14329,14389,14629,67.5,47.5,47.5,14.3141883999924,3,4.92214779998175,True
sub-30,186,2,86,2,300,80.0,16327,22327,23827,93.611111,13.611111,13.611111,8.44233469999744,2,5.171726999979,True
sub-30,187,2,87,1,12,40.0,23864,23985,24165,32.685185,-7.314815,7.314815,16.0160824999911,1,0.516842799988808,True
sub-30,188,2,88,2,300,20.0,17351,18851,24851,64.722222,44.722222,44.722222,9.19266850000713,2,12.6456917999894,True
sub-30,189,2,89,1,60,60.0,4556,5456,6056,31.759259,-28.240741,28.240741,19.253094500018,1,0.600199699983932,True
sub-30,190,2,90,2,60,60.0,17621,18521,19121,50.0,-10.0,10.0,30.0800703999993,1,0.567128499998943,True
sub-30,191,2,91,1,12,20.0,21800,21860,22100,56.666667,36.666667,36.666667,3.970877499989,3,1.6509399000206,True
sub-30,192,2,92,1,12,60.0,16152,16332,16452,11.759259,-48.240741,48.240741,4.32064349998836,2,10.4935967999917,True
sub-30,193,2,93,2,300,20.0,18200,19700,25700,39.907407,19.907407,19.907407,7.67419290001271,1,0.600785300019197,True
sub-30,194,2,94,1,12,80.0,16152,16392,16452,93.611111,13.611111,13.611111,4.22124149999581,4,0.783810499997343,True
sub-30,195,2,95,2,60,80.0,25895,27095,27395,75.555556,-4.444444,4.444444,6.37265699999989,2,1.85147759999381,True
sub-30,196,2,96,2,300,20.0,16327,17827,23827,33.055556,13.055556,13.055556,5.95609570000669,2,9.14201409998349,True
sub-30,197,2,97,2,300,80.0,10518,16518,18018,40.925926,-39.074074,39.074074,8.59467170000425,1,0.60071849997621,True
sub-30,198,2,98,1,12,60.0,10400,10580,10700,30.462963,-29.537037,29.537037,4.68897670001024,1,2.86909559997729,True
sub-30,200,2,100,1,12,20.0,2486,2546,2786,33.518519,13.518519,13.518519,3.20309319999068,3,0.550278699985938,True
sub-30,201,3,1,2,300,80.0,1960,7960,9460,64.62963,-15.37037,15.37037,7.04677009998704,3,0.500748300022678,True
sub-30,202,3,2,1,60,80.0,4556,5756,6056,62.87037,-17.12963,17.12963,5.23864090000279,3,0.399910200008889,True
sub-30,203,3,3,2,300,20.0,16072,17572,23572,35.277778,15.277778,15.277778,8.15778770000906,3,0.500209999998332,True
sub-30,204,3,4,1,12,40.0,12500,12620,12800,50.555556,10.555556,10.555556,3.93761350002023,2,0.483830099983606,True
sub-30,205,3,5,2,300,20.0,5739,7239,13239,37.592593,17.592593,17.592593,4.63788860000204,3,0.466692700021667,True
sub-30,206,3,6,1,60,80.0,20386,21586,21886,58.796296,-21.203704,21.203704,5.60591109999222,3,0.367161700007272,True
sub-30,207,3,7,1,60,60.0,6042,6942,7542,55.740741,-4.259259,4.259259,4.78822049999143,2,0.434226300014415,True
sub-30,208,3,8,1,60,60.0,13942,14842,15442,37.12963,-22.87037,22.87037,4.32119580000289,1,0.36709260000498,True
sub-30,209,3,9,1,12,40.0,9950,10070,10250,51.018519,11.018519,11.018519,6.33966759999748,3,0.466924000007566,True
sub-30,210,3,10,2,300,20.0,1960,3460,9460,65.648148,45.648148,45.648148,5.08860449999338,2,1.20117839999147,True
sub-30,211,3,11,2,300,40.0,18200,21200,25700,55.092593,15.092593,15.092593,5.23869090000516,1,0.467075399996247,True
sub-30,212,3,12,2,300,40.0,19476,22476,26976,51.296296,11.296296,11.296296,3.20352350000757,1,0.36693339998601,True
sub-30,213,3,13,2,300,40.0,18922,21922,26422,49.537037,9.537037,9.537037,5.42219559999648,1,0.400338600011309,True
sub-30,214,3,14,1,60,20.0,13942,14242,15442,36.111111,16.111111,16.111111,6.25642849999712,3,0.467114999977638,True
sub-30,215,3,15,2,300,40.0,1638,4638,9138,67.222222,27.222222,27.222222,6.82322969997767,3,0.350388299993937,True
sub-30,216,3,16,2,300,40.0,11153,14153,18653,52.314815,12.314815,12.314815,3.03619280000566,1,0.517281500011449,True
sub-30,217,3,17,1,12,20.0,15586,15646,15886,35.833333,15.833333,15.833333,3.48698739998508,3,0.333174500003224,True
sub-30,218,3,18,1,12,20.0,12500,12560,12800,41.574074,21.574074,21.574074,8.54198990002623,3,1.03442420001374,True
sub-30,219,3,19,1,12,80.0,2393,2633,2693,93.055556,13.055556,13.055556,4.17116129997884,3,0.417129700013902,True
sub-30,220,3,20,2,60,20.0,12596,12896,14096,36.296296,16.296296,16.296296,5.65590809998684,2,0.483345499989809,True
sub-30,221,3,21,1,12,60.0,24970,25150,25270,81.666667,21.666667,21.666667,3.63744420002331,3,0.333757799991872,True
sub-30,222,3,22,2,300,60.0,13458,17958,20958,33.425926,-26.574074,26.574074,4.03711420000763,3,0.400281299982452,True
sub-30,223,3,23,2,300,20.0,19476,20976,26976,40.0,20.0,20.0,6.44009879999794,2,0.66743899998255,True
sub-30,224,3,24,1,12,20.0,13450,13510,13750,49.907407,29.907407,29.907407,6.5228036000044,2,0.650026999996043,True
sub-30,225,3,25,2,300,40.0,13557,16557,21057,36.481481,-3.518519,3.518519,19.8197411999863,2,0.350170400022761,True
sub-30,226,3,26,2,300,80.0,13458,19458,20958,68.240741,-11.759259,11.759259,3.10295950001454,3,0.349616499996045,True
sub-30,227,3,27,2,60,60.0,25895,26795,27395,48.518519,-11.481481,11.481481,5.45553860001382,1,0.333627599989995,True
sub-30,228,3,28,1,12,60.0,23864,24045,24165,61.574074,1.574074,1.574074,4.2209550999978,1,0.33346850000089,True
sub-30,229,3,29,2,60,40.0,3650,4250,5150,21.944444,-18.055556,18.055556,4.22113950000493,3,0.450354700005846,True
sub-30,230,3,30,1,12,20.0,3739,3799,4039,59.907407,39.907407,39.907407,8.24201829999219,3,0.416796999983489,True
sub-30,231,3,31,2,300,60.0,5739,10239,13239,51.203704,-8.796296,8.796296,4.37087270000483,1,0.450127299991436,True
sub-30,232,3,32,2,300,80.0,22736,28736,30236,50.555556,-29.444444,29.444444,6.57305269999778,2,0.466794899984961,True
sub-30,233,3,33,2,300,80.0,11153,17153,18653,51.388889,-28.611111,28.611111,7.04026239999802,1,0.450196699996013,True
sub-30,234,3,34,1,12,20.0,17600,17660,17900,45.462963,25.462963,25.462963,4.58836069999961,2,0.400221799995051,True
sub-30,235,3,35,1,12,40.0,21273,21393,21573,37.12963,-2.87037,2.87037,3.80403520000982,3,0.417145999992499,True
sub-30,236,3,36,2,300,80.0,12645,18645,20145,58.611111,-21.388889,21.388889,7.02382370000123,1,0.500448500009952,True
sub-30,237,3,37,2,300,40.0,7365,10365,14865,35.925926,-4.074074,4.074074,12.962806800002,3,0.366886300005717,True
sub-30,238,3,38,1,12,40.0,14329,14449,14629,44.907407,4.907407,4.907407,8.00810239999555,3,0.450340999988839,True
sub-30,239,3,39,2,60,40.0,19722,20322,21222,62.685185,22.685185,22.685185,5.55544699999154,3,0.467147699993802,True
sub-30,240,3,40,1,60,60.0,13176,14076,14676,64.166667,4.166667,4.166667,9.00866459999815,2,0.417348700022557,True
sub-30,241,3,41,2,60,60.0,16451,17351,17951,78.333333,18.333333,18.333333,7.35712780000176,3,0.416719399974681,True
sub-30,242,3,42,1,12,20.0,24250,24310,24550,80.0,60.0,60.0,9.8431425000017,2,0.467411599995102,True
sub-30,243,3,43,1,12,40.0,16152,16272,16452,50.740741,10.740741,10.740741,9.55942569999024,2,0.40027879999252,True
sub-30,244,3,44,2,300,80.0,14066,20066,21566,37.777778,-42.222222,42.222222,3.78671970000141,1,0.483833199978107,True
sub-30,245,3,45,2,60,40.0,21629,22229,23129,58.981481,18.981481,18.981481,4.87170849999529,1,0.566995300003327,True
sub-30,246,3,46,1,12,20.0,29300,29360,29600,50.0,30.0,30.0,5.27204559999518,3,0.450169200019445,True
sub-30,247,3,47,1,60,40.0,15628,16228,17128,36.203704,-3.796296,3.796296,6.47318669999367,2,0.650229699996998,True
sub-30,248,3,48,1,60,60.0,26923,27823,28423,67.5,7.5,7.5,13.8971600000222,3,2.46914699999615,True
sub-30,249,3,49,1,12,20.0,21273,21333,21573,31.018519,11.018519,11.018519,4.17112779998569,3,0.550142699998105,True
sub-30,250,3,50,1,60,20.0,4556,4856,6056,30.648148,10.648148,10.648148,3.28680229999008,3,0.367170999990776,True
sub-30,251,3,51,1,12,40.0,24250,24370,24550,60.555556,20.555556,20.555556,7.75797320000128,3,0.400422000006074,True
sub-30,252,3,52,1,12,80.0,11500,11740,11800,68.518519,-11.481481,11.481481,5.00537959998473,3,0.333070199994836,True
sub-30,253,3,53,2,60,40.0,28296,28896,29796,57.037037,17.037037,17.037037,7.22384270001202,1,0.617108700011158,True
sub-30,254,3,54,1,12,40.0,11500,11620,11800,52.592593,12.592593,12.592593,6.90682830000878,2,0.600553399999626,True
sub-30,255,3,55,2,300,20.0,11085,12585,18585,36.944444,16.944444,16.944444,6.42319950001547,1,0.500507699995068,True
sub-30,256,3,56,2,300,20.0,13458,14958,20958,37.592593,17.592593,17.592593,14.1972216999856,3,0.633667800022522,True
sub-30,257,3,57,2,300,60.0,12645,17145,20145,63.888889,3.888889,3.888889,3.87047670001629,1,0.416810499998973,True
sub-30,258,3,58,2,60,20.0,21629,21929,23129,40.462963,20.462963,20.462963,5.85617019998608,3,0.333401400013826,True
sub-30,259,3,59,1,60,40.0,13942,14542,15442,64.074074,24.074074,24.074074,3.48696259999997,1,0.500546199997188,True
sub-30,260,3,60,2,60,20.0,14390,14690,15890,39.62963,19.62963,19.62963,7.29071559998556,3,0.700650499988114,True
sub-30,261,3,61,1,12,20.0,9950,10010,10250,48.981481,28.981481,28.981481,7.26079539998318,1,0.834484499995596,True
sub-30,262,3,62,2,300,40.0,5739,8739,13239,28.240741,-11.759259,11.759259,5.95639770000707,3,0.400354100012918,True
sub-30,263,3,63,1,60,80.0,6042,7242,7542,69.259259,-10.740741,10.740741,5.08583550000912,3,0.483749800012446,True
sub-30,264,3,64,2,60,40.0,11369,11969,12869,58.148148,18.148148,18.148148,4.98808320000534,1,0.417197400005534,True
sub-30,265,3,65,2,60,20.0,17621,17921,19121,38.425926,18.425926,18.425926,7.82396310000331,3,0.717250699992291,True
sub-30,266,3,66,2,300,80.0,17351,23351,24851,54.259259,-25.740741,25.740741,2.66899059998104,1,0.43364250002196,True
sub-30,267,3,67,1,60,40.0,5494,6094,6994,33.055556,-6.944444,6.944444,6.22304730000905,3,0.432964800012996,True
sub-30,268,3,68,1,12,80.0,13450,13690,13750,68.240741,-11.759259,11.759259,3.95388270000694,3,0.349561200011521,True
sub-30,269,3,69,1,12,80.0,4600,4840,4900,69.259259,-10.740741,10.740741,6.30651109997415,3,0.433205999986967,True
sub-30,270,3,70,1,12,40.0,6414,6534,6714,29.814815,-10.185185,10.185185,5.4055565999879,3,0.48347899998771,True
sub-30,271,3,71,2,300,20.0,10273,11773,17773,44.351852,24.351852,24.351852,3.68701780002447,1,0.434162500023376,True
sub-30,272,3,72,1,12,80.0,17600,17840,17900,81.574074,1.574074,1.574074,6.95705029999953,3,0.517194700019899,True
sub-30,273,3,73,1,12,40.0,15162,15282,15462,70.0,30.0,30.0,4.27092000000993,1,0.533836199989309,True
sub-30,274,3,74,2,60,80.0,9187,10387,10687,74.722222,-5.277778,5.277778,7.19049599999561,3,0.383600300003308,True
sub-30,275,3,75,1,12,60.0,25820,26000,26120,36.203704,-23.796296,23.796296,9.30921199999284,3,0.367163200018694,True
sub-30,276,3,76,2,60,40.0,9187,9787,10687,29.814815,-10.185185,10.185185,4.48781459999736,3,0.366918699990492,True
sub-30,277,3,77,2,300,40.0,16327,19327,23827,57.87037,17.87037,17.87037,5.12179769997601,1,0.484339499991619,True
sub-30,278,3,78,2,300,80.0,9381,15381,16881,40.0,-40.0,40.0,13.2827004000137,1,0.633839399990392,True
sub-30,279,3,79,2,300,20.0,14351,15851,21851,28.518519,8.518519,8.518519,9.12320319999707,3,0.350730999984079,True
sub-30,280,3,80,1,60,40.0,6042,6642,7542,74.907407,34.907407,34.907407,4.47089919997961,3,0.317401499982224,True
sub-30,281,3,81,2,60,80.0,17621,18821,19121,72.685185,-7.314815,7.314815,4.93821530000423,3,0.383434599993051,True
sub-30,282,3,82,1,12,20.0,24970,25030,25270,26.851852,6.851852,6.851852,4.12095969999791,3,0.333528999995905,True
sub-30,283,3,83,2,300,40.0,14351,17351,21851,62.037037,22.037037,22.037037,4.5209915000014,1,0.583941099990624,True
sub-30,284,3,84,1,12,80.0,14329,14569,14629,76.018519,-3.981481,3.981481,4.52156780002405,3,0.200417499989271,True
sub-30,285,3,85,2,60,40.0,10035,10635,11535,38.425926,-1.574074,1.574074,3.40369700000155,3,0.417015999992145,True
sub-30,286,3,86,1,12,40.0,3739,3859,4039,37.222222,-2.777778,2.777778,4.83833050000248,3,0.367009299981873,True
sub-30,287,3,87,1,12,80.0,15162,15402,15462,48.425926,-31.574074,31.574074,5.23886460001813,1,0.584220799995819,True
sub-30,288,3,88,1,60,20.0,26923,27223,28423,51.851852,31.851852,31.851852,8.27517090001492,3,0.683707999996841,True
sub-30,289,3,89,1,12,60.0,6414,6594,6714,33.796296,-26.203704,26.203704,7.84175310001592,3,0.417084899992914,True
sub-30,290,3,90,1,12,20.0,1602,1662,1902,55.833333,35.833333,35.833333,4.53833939999458,1,0.400130299996817,True
sub-30,291,3,91,2,60,40.0,25895,26495,27395,73.611111,33.611111,33.611111,9.75996180000947,2,0.467175199999474,True
sub-30,292,3,92,2,60,20.0,10035,10335,11535,57.314815,37.314815,37.314815,5.70600629999535,1,0.734020399977453,True
sub-30,293,3,93,1,12,40.0,27281,27401,27581,29.351852,-10.648148,10.648148,8.65900680000777,3,0.300016499997582,True
sub-30,294,3,94,2,300,60.0,18200,22700,25700,58.611111,-1.388889,1.388889,4.50465529999928,1,0.38356119999662,True
sub-30,295,3,95,2,60,60.0,28296,29196,29796,55.740741,-4.259259,4.259259,3.93774299998767,1,0.383600000001024,True
sub-30,296,3,96,2,60,20.0,19722,20022,21222,17.685185,-2.314815,2.314815,4.28767720001633,3,0.383437100012088,True
sub-30,297,3,97,2,60,60.0,14390,15290,15890,31.111111,-28.888889,28.888889,4.0538592999801,3,0.350233100005425,True
sub-30,298,3,98,2,300,40.0,19988,22988,27488,59.259259,19.259259,19.259259,3.95459900001878,1,0.316663600009633,True
sub-30,299,3,99,2,300,60.0,16072,20572,23572,82.12963,22.12963,22.12963,5.53905079999822,3,0.383347300026798,True
sub-30,300,3,100,1,12,40.0,24970,25090,25270,68.240741,28.240741,28.240741,5.28851900002337,3,0.483982600009767,True
