subject,run,trial,interval_width,temporal_location(%),start_frame,target_frame,end_frame,reported_location(%),signed_error,absolute_error,confidence
sub-01,1,1,12,40.0,15162,15282,15462,23.59375,-16.40625,16.40625,3
sub-01,1,2,60,80.0,1414,2614,2914,46.953125,-33.046875,33.046875,2
sub-01,1,3,300,80.0,14066,20066,21566,27.65625,-52.34375,52.34375,1
sub-01,1,4,60,80.0,11369,12569,12869,74.84375,-5.15625,5.15625,4
sub-01,1,5,60,60.0,15628,16528,17128,17.03125,-42.96875,42.96875,3
sub-01,1,6,12,80.0,25018,25258,25318,70.3125,-9.6875,9.6875,3
sub-01,1,7,300,60.0,16072,20572,23572,26.25,-33.75,33.75,3
sub-01,1,8,12,80.0,2486,2726,2786,64.296875,-15.703125,15.703125,3
sub-01,1,9,60,40.0,26923,27523,28423,72.734375,32.734375,32.734375,4
sub-01,1,10,60,40.0,10035,10635,11535,48.515625,8.515625,8.515625,1
sub-01,1,11,12,40.0,21800,21920,22100,78.59375,38.59375,38.59375,4
sub-01,1,12,12,40.0,11565,11685,11865,72.890625,32.890625,32.890625,3
sub-01,1,13,60,20.0,10035,10335,11535,54.140625,34.140625,34.140625,1
sub-01,1,14,12,60.0,15586,15766,15886,31.953125,-28.046875,28.046875,2
sub-01,1,15,300,60.0,19988,24488,27488,36.875,-23.125,23.125,1
sub-01,1,16,300,40.0,2522,5522,10022,69.21875,29.21875,29.21875,2
sub-01,1,17,12,40.0,15586,15706,15886,27.5,-12.5,12.5,4
sub-01,1,18,300,40.0,16327,19327,23827,53.59375,13.59375,13.59375,2
sub-01,1,19,60,20.0,25202,25502,26702,38.984375,18.984375,18.984375,3
sub-01,1,20,12,40.0,4600,4720,4900,37.03125,-2.96875,2.96875,2
sub-01,1,21,300,20.0,9381,10881,16881,69.765625,49.765625,49.765625,2
sub-01,1,22,12,60.0,4600,4780,4900,36.484375,-23.515625,23.515625,3
sub-01,1,23,12,60.0,13450,13630,13750,34.140625,-25.859375,25.859375,3
sub-01,1,24,300,80.0,14351,20351,21851,76.40625,-3.59375,3.59375,4
sub-01,1,25,60,60.0,13942,14842,15442,49.140625,-10.859375,10.859375,2
sub-01,1,26,300,80.0,12645,18645,20145,67.34375,-12.65625,12.65625,3
sub-01,1,27,300,20.0,21224,22724,28724,66.875,46.875,46.875,2
sub-01,1,28,12,60.0,17959,18139,18259,62.8125,2.8125,2.8125,2
sub-01,1,29,12,20.0,1602,1662,1902,64.6875,44.6875,44.6875,2
sub-01,1,30,300,20.0,12645,14145,20145,30.546875,10.546875,10.546875,3
sub-01,1,31,12,60.0,21800,21980,22100,73.671875,13.671875,13.671875,4
sub-01,1,32,300,40.0,9381,12381,16881,44.609375,4.609375,4.609375,2
sub-01,1,33,300,60.0,21224,25724,28724,65.078125,5.078125,5.078125,2
sub-01,1,34,12,40.0,29300,29420,29600,88.28125,48.28125,48.28125,4
sub-01,1,35,12,20.0,27281,27341,27581,33.515625,13.515625,13.515625,1
sub-01,1,36,60,60.0,21153,22053,22653,29.375,-30.625,30.625,3
sub-01,1,37,60,80.0,25202,26402,26702,79.609375,-0.390625,0.390625,3
sub-01,1,38,12,40.0,1602,1722,1902,50.46875,10.46875,10.46875,3
sub-01,1,39,12,20.0,29300,29360,29600,70.703125,50.703125,50.703125,4
sub-01,1,40,60,80.0,16451,17651,17951,82.96875,2.96875,2.96875,2
sub-01,1,41,300,20.0,16327,17827,23827,41.171875,21.171875,21.171875,1
sub-01,1,42,12,80.0,15586,15826,15886,82.03125,2.03125,2.03125,4
sub-01,1,43,60,20.0,9187,9487,10687,34.609375,14.609375,14.609375,3
sub-01,1,44,12,40.0,27281,27401,27581,32.8125,-7.1875,7.1875,2
sub-01,1,45,60,80.0,25895,27095,27395,75.390625,-4.609375,4.609375,3
sub-01,1,46,60,20.0,11369,11669,12869,25.078125,5.078125,5.078125,3
sub-01,1,47,12,20.0,4600,4660,4900,26.328125,6.328125,6.328125,4
sub-01,1,48,12,20.0,16152,16212,16452,15.3125,-4.6875,4.6875,4
sub-01,1,49,12,40.0,2486,2606,2786,27.421875,-12.578125,12.578125,3
sub-01,1,50,300,40.0,11085,14085,18585,68.90625,28.90625,28.90625,1
sub-01,1,51,60,80.0,10035,11235,11535,31.25,-48.75,48.75,1
sub-01,1,52,12,20.0,23924,23984,24224,10.859375,-9.140625,9.140625,4
sub-01,1,53,300,60.0,10273,14773,17773,36.25,-23.75,23.75,2
sub-01,1,54,12,60.0,25018,25198,25318,85.46875,25.46875,25.46875,3
sub-01,1,55,300,40.0,19988,22988,27488,74.375,34.375,34.375,2
sub-01,1,56,12,80.0,14329,14569,14629,68.59375,-11.40625,11.40625,3
sub-01,1,57,12,40.0,16152,16272,16452,14.296875,-25.703125,25.703125,4
sub-01,1,58,300,60.0,18200,22700,25700,28.046875,-31.953125,31.953125,3
sub-01,1,59,12,40.0,13450,13570,13750,21.640625,-18.359375,18.359375,3
sub-01,1,60,60,80.0,3650,4850,5150,78.984375,-1.015625,1.015625,3
sub-01,2,61,300,20.0,11085,12585,18585,77.421875,57.421875,57.421875,4
sub-01,2,62,300,20.0,22736,24236,30236,29.296875,9.296875,9.296875,2
sub-01,2,63,300,80.0,1960,7960,9460,72.578125,-7.421875,7.421875,3
sub-01,2,64,60,20.0,17621,17921,19121,25.0,5.0,5.0,3
sub-01,2,65,300,80.0,9381,15381,16881,21.484375,-58.515625,58.515625,2
sub-01,2,66,300,40.0,1960,4960,9460,33.59375,-6.40625,6.40625,1
sub-01,2,67,300,20.0,2522,4022,10022,64.53125,44.53125,44.53125,3
sub-01,2,68,60,40.0,17621,18221,19121,40.9375,0.9375,0.9375,2
sub-01,2,69,12,40.0,23924,24044,24224,17.34375,-22.65625,22.65625,4
sub-01,2,70,60,40.0,19722,20322,21222,80.390625,40.390625,40.390625,4
sub-01,2,71,300,60.0,14066,18566,21566,21.5625,-38.4375,38.4375,3
sub-01,2,72,300,80.0,21224,27224,28724,75.9375,-4.0625,4.0625,3
sub-01,2,73,60,60.0,25895,26795,27395,26.09375,-33.90625,33.90625,2
sub-01,2,74,60,60.0,10035,10935,11535,62.734375,2.734375,2.734375,2
sub-01,2,75,300,40.0,14351,17351,21851,30.625,-9.375,9.375,2
sub-01,2,76,60,40.0,21153,21753,22653,32.734375,-7.265625,7.265625,3
sub-01,2,77,12,40.0,12500,12620,12800,75.3125,35.3125,35.3125,4
sub-01,2,78,12,60.0,12500,12680,12800,40.3125,-19.6875,19.6875,3
sub-01,2,79,300,40.0,13557,16557,21057,51.484375,11.484375,11.484375,1
sub-01,2,80,300,20.0,1960,3460,9460,33.515625,13.515625,13.515625,1
sub-01,2,81,12,80.0,27281,27521,27581,75.9375,-4.0625,4.0625,3
sub-01,2,82,12,60.0,16152,16332,16452,18.046875,-41.953125,41.953125,4
sub-01,2,83,12,20.0,15162,15222,15462,72.1875,52.1875,52.1875,4
sub-01,2,84,60,40.0,3650,4250,5150,20.0,-20.0,20.0,3
sub-01,2,85,300,80.0,18922,24922,26422,77.578125,-2.421875,2.421875,3
sub-01,2,86,12,20.0,13450,13510,13750,22.96875,2.96875,2.96875,3
sub-01,2,87,12,60.0,25820,26000,26120,33.28125,-26.71875,26.71875,3
sub-01,2,88,60,40.0,12596,13196,14096,61.71875,21.71875,21.71875,1
sub-01,2,89,60,20.0,1414,1714,2914,35.703125,15.703125,15.703125,3
sub-01,2,90,12,60.0,1602,1782,1902,71.71875,11.71875,11.71875,3
sub-01,2,91,60,40.0,25895,26495,27395,22.34375,-17.65625,17.65625,2
sub-01,2,92,12,80.0,29300,29540,29600,60.0,-20.0,20.0,3
sub-01,2,93,60,60.0,13176,14076,14676,65.703125,5.703125,5.703125,3
sub-01,2,94,60,60.0,17621,18521,19121,21.5625,-38.4375,38.4375,3
sub-01,2,95,60,40.0,14390,14990,15890,67.03125,27.03125,27.03125,1
sub-01,2,96,300,80.0,16327,22327,23827,67.421875,-12.578125,12.578125,4
sub-01,2,97,60,60.0,26923,27823,28423,75.546875,15.546875,15.546875,4
sub-01,2,98,60,40.0,22148,22748,23648,35.9375,-4.0625,4.0625,1
sub-01,2,99,12,40.0,25018,25138,25318,64.140625,24.140625,24.140625,3
sub-01,2,100,12,80.0,13450,13690,13750,75.46875,-4.53125,4.53125,4
sub-01,2,101,60,20.0,25895,26195,27395,31.015625,11.015625,11.015625,2
sub-01,2,102,300,80.0,13458,19458,20958,39.921875,-40.078125,40.078125,1
sub-01,2,103,300,80.0,2522,8522,10022,24.765625,-55.234375,55.234375,2
sub-01,2,104,300,60.0,2522,7022,10022,32.421875,-27.578125,27.578125,1
sub-01,2,105,60,60.0,16451,17351,17951,61.640625,1.640625,1.640625,2
sub-01,2,106,60,60.0,25202,26102,26702,19.53125,-40.46875,40.46875,3
sub-01,2,107,60,80.0,14390,15590,15890,79.296875,-0.703125,0.703125,4
sub-01,2,108,300,40.0,18200,21200,25700,26.953125,-13.046875,13.046875,3
sub-01,2,109,12,60.0,15162,15342,15462,76.5625,16.5625,16.5625,3
sub-01,2,110,60,40.0,15628,16228,17128,23.828125,-16.171875,16.171875,2
sub-01,2,111,12,40.0,26328,26448,26628,72.890625,32.890625,32.890625,4
sub-01,2,112,12,60.0,27281,27461,27581,28.59375,-31.40625,31.40625,2
sub-01,2,113,300,40.0,22736,25736,30236,26.71875,-13.28125,13.28125,3
sub-01,2,114,60,40.0,28296,28896,29796,21.5625,-18.4375,18.4375,3
sub-01,2,115,300,40.0,16072,19072,23572,33.671875,-6.328125,6.328125,1
sub-01,2,116,60,40.0,4556,5156,6056,77.109375,37.109375,37.109375,3
sub-01,2,117,12,80.0,15162,15402,15462,71.796875,-8.203125,8.203125,3
sub-01,2,118,12,60.0,2486,2666,2786,70.9375,10.9375,10.9375,3
sub-01,2,119,300,60.0,10518,15018,18018,49.609375,-10.390625,10.390625,1
sub-01,2,120,12,20.0,2486,2546,2786,22.265625,2.265625,2.265625,4
sub-01,3,121,300,40.0,12645,15645,20145,18.75,-21.25,21.25,3
sub-01,3,122,300,80.0,19476,25476,26976,77.421875,-2.578125,2.578125,4
sub-01,3,123,12,20.0,12500,12560,12800,56.875,36.875,36.875,3
sub-01,3,124,12,40.0,17959,18079,18259,70.546875,30.546875,30.546875,3
sub-01,3,125,60,80.0,12596,13796,14096,59.921875,-20.078125,20.078125,2
sub-01,3,126,12,40.0,25820,25940,26120,24.21875,-15.78125,15.78125,3
sub-01,3,127,12,20.0,21800,21860,22100,79.53125,59.53125,59.53125,4
sub-01,3,128,300,60.0,16327,20827,23827,36.171875,-23.828125,23.828125,3
sub-01,3,129,60,60.0,19722,20622,21222,72.265625,12.265625,12.265625,4
sub-01,3,130,60,80.0,15628,16828,17128,77.265625,-2.734375,2.734375,4
sub-01,3,131,12,80.0,21800,22040,22100,100.0,20.0,20.0,4
sub-01,3,132,300,40.0,19476,22476,26976,32.5,-7.5,7.5,1
sub-01,3,133,60,40.0,9187,9787,10687,36.09375,-3.90625,3.90625,3
sub-01,3,134,300,60.0,18922,23422,26422,42.03125,-17.96875,17.96875,2
sub-01,3,135,60,20.0,12596,12896,14096,21.015625,1.015625,1.015625,3
sub-01,3,136,12,20.0,21273,21333,21573,10.46875,-9.53125,9.53125,4
sub-01,3,137,12,40.0,21273,21393,21573,9.84375,-30.15625,30.15625,4
sub-01,3,138,12,20.0,17959,18019,18259,21.71875,1.71875,1.71875,3
sub-01,3,139,12,80.0,23924,24164,24224,38.203125,-41.796875,41.796875,2
sub-01,3,140,300,60.0,1960,6460,9460,56.875,-3.125,3.125,1
sub-01,3,141,12,80.0,26328,26568,26628,71.25,-8.75,8.75,4
sub-01,3,142,60,80.0,17621,18821,19121,80.625,0.625,0.625,3
sub-01,3,143,300,40.0,20069,23069,27569,21.171875,-18.828125,18.828125,1
sub-01,3,144,300,60.0,13557,18057,21057,41.328125,-18.671875,18.671875,2
sub-01,3,145,300,20.0,10273,11773,17773,33.515625,13.515625,13.515625,3
sub-01,3,146,300,40.0,21224,24224,28724,29.296875,-10.703125,10.703125,3
sub-01,3,147,60,40.0,13942,14542,15442,22.5,-17.5,17.5,1
sub-01,3,148,60,20.0,13176,13476,14676,7.03125,-12.96875,12.96875,4
sub-01,3,149,300,20.0,14351,15851,21851,25.15625,5.15625,5.15625,3
sub-01,3,150,300,20.0,13458,14958,20958,13.984375,-6.015625,6.015625,4
sub-01,3,151,60,60.0,3650,4550,5150,73.59375,13.59375,13.59375,3
sub-01,3,152,300,20.0,18922,20422,26422,58.671875,38.671875,38.671875,2
sub-01,3,153,300,80.0,20069,26069,27569,66.953125,-13.046875,13.046875,2
sub-01,3,154,300,80.0,18200,24200,25700,76.5625,-3.4375,3.4375,2
sub-01,3,155,60,40.0,11369,11969,12869,80.234375,40.234375,40.234375,3
sub-01,3,156,300,60.0,11085,15585,18585,34.375,-25.625,25.625,2
sub-01,3,157,300,80.0,10518,16518,18018,28.671875,-51.328125,51.328125,3
sub-01,3,158,12,20.0,25018,25078,25318,6.796875,-13.203125,13.203125,4
sub-01,3,159,300,40.0,14066,17066,21566,18.671875,-21.328125,21.328125,2
sub-01,3,160,60,80.0,13942,15142,15442,89.6875,9.6875,9.6875,4
sub-01,3,161,60,20.0,15628,15928,17128,50.078125,30.078125,30.078125,2
sub-01,3,162,12,80.0,21273,21513,21573,97.65625,17.65625,17.65625,4
sub-01,3,163,60,80.0,28296,29496,29796,63.28125,-16.71875,16.71875,2
sub-01,3,164,12,80.0,16152,16392,16452,92.578125,12.578125,12.578125,4
sub-01,3,165,60,40.0,1414,2014,2914,26.875,-13.125,13.125,3
sub-01,3,166,300,60.0,20069,24569,27569,43.828125,-16.171875,16.171875,1
sub-01,3,167,300,20.0,19476,20976,26976,35.15625,15.15625,15.15625,1
sub-01,3,168,300,80.0,19988,25988,27488,56.40625,-23.59375,23.59375,1
sub-01,3,169,300,80.0,16072,22072,23572,36.875,-43.125,43.125,1
sub-01,3,170,60,20.0,3650,3950,5150,23.828125,3.828125,3.828125,3
sub-01,3,171,60,80.0,13176,14376,14676,65.546875,-14.453125,14.453125,3
sub-01,3,172,12,60.0,11565,11745,11865,39.765625,-20.234375,20.234375,2
sub-01,3,173,300,60.0,19476,23976,26976,37.03125,-22.96875,22.96875,2
sub-01,3,174,60,80.0,26923,28123,28423,64.375,-15.625,15.625,3
sub-01,3,175,60,40.0,16451,17051,17951,71.953125,31.953125,31.953125,2
sub-01,3,176,300,60.0,14351,18851,21851,50.859375,-9.140625,9.140625,1
sub-01,3,177,60,60.0,12596,13496,14096,24.84375,-35.15625,35.15625,2
sub-01,3,178,60,20.0,14390,14690,15890,22.734375,2.734375,2.734375,4
sub-01,3,179,300,20.0,20069,21569,27569,42.5,22.5,22.5,1
sub-01,3,180,60,60.0,4556,5456,6056,16.5625,-43.4375,43.4375,2
sub-01,4,181,12,60.0,3739,3919,4039,82.578125,22.578125,22.578125,4
sub-01,4,182,300,60.0,9381,13881,16881,26.40625,-33.59375,33.59375,2
sub-01,4,183,300,80.0,11085,17085,18585,61.796875,-18.203125,18.203125,1
sub-01,4,184,12,60.0,23924,24104,24224,70.546875,10.546875,10.546875,2
sub-01,4,185,60,40.0,13176,13776,14676,22.265625,-17.734375,17.734375,3
sub-01,4,186,300,20.0,19988,21488,27488,48.4375,28.4375,28.4375,1
sub-01,4,187,12,20.0,14329,14389,14629,26.015625,6.015625,6.015625,3
sub-01,4,188,60,80.0,9187,10387,10687,44.453125,-35.546875,35.546875,2
sub-01,4,189,300,40.0,10518,13518,18018,24.6875,-15.3125,15.3125,2
sub-01,4,190,12,40.0,3739,3859,4039,12.65625,-27.34375,27.34375,4
sub-01,4,191,60,20.0,19722,20022,21222,18.125,-1.875,1.875,4
sub-01,4,192,12,60.0,29300,29480,29600,25.234375,-34.765625,34.765625,3
sub-01,4,193,12,20.0,11565,11625,11865,27.34375,7.34375,7.34375,3
sub-01,4,194,60,20.0,16451,16751,17951,30.625,10.625,10.625,3
sub-01,4,195,300,60.0,13458,17958,20958,60.15625,0.15625,0.15625,1
sub-01,4,196,60,20.0,22148,22448,23648,27.578125,7.578125,7.578125,2
sub-01,4,197,60,40.0,25202,25802,26702,18.28125,-21.71875,21.71875,3
sub-01,4,198,12,40.0,14329,14449,14629,23.75,-16.25,16.25,3
sub-01,4,199,300,40.0,18922,21922,26422,50.703125,10.703125,10.703125,2
sub-01,4,200,60,60.0,28296,29196,29796,69.609375,9.609375,9.609375,2
sub-01,4,201,12,80.0,3739,3979,4039,87.03125,7.03125,7.03125,4
sub-01,4,202,60,80.0,22148,23348,23648,33.671875,-46.328125,46.328125,2
sub-01,4,203,12,80.0,12500,12740,12800,32.5,-47.5,47.5,3
sub-01,4,204,300,20.0,14066,15566,21566,19.140625,-0.859375,0.859375,3
sub-01,4,205,60,80.0,21153,22353,22653,36.328125,-43.671875,43.671875,3
sub-01,4,206,300,40.0,10273,13273,17773,71.09375,31.09375,31.09375,2
sub-01,4,207,60,20.0,4556,4856,6056,14.375,-5.625,5.625,3
sub-01,4,208,12,20.0,25820,25880,26120,21.09375,1.09375,1.09375,3
sub-01,4,209,60,80.0,4556,5756,6056,76.015625,-3.984375,3.984375,3
sub-01,4,210,300,60.0,12645,17145,20145,24.53125,-35.46875,35.46875,2
sub-01,4,211,300,60.0,22736,27236,30236,77.1875,17.1875,17.1875,3
sub-01,4,212,12,60.0,26328,26508,26628,75.859375,15.859375,15.859375,4
sub-01,4,213,60,60.0,11369,12269,12869,38.125,-21.875,21.875,3
sub-01,4,214,12,20.0,26328,26388,26628,25.703125,5.703125,5.703125,3
sub-01,4,215,60,80.0,19722,20922,21222,80.390625,0.390625,0.390625,4
sub-01,4,216,300,80.0,10273,16273,17773,31.09375,-48.90625,48.90625,2
sub-01,4,217,12,60.0,21273,21453,21573,16.40625,-43.59375,43.59375,4
sub-01,4,218,300,20.0,13557,15057,21057,17.578125,-2.421875,2.421875,4
sub-01,4,219,300,20.0,18200,19700,25700,27.109375,7.109375,7.109375,2
sub-01,4,220,12,80.0,25820,26060,26120,18.90625,-61.09375,61.09375,3
sub-01,4,221,300,20.0,16072,17572,23572,37.34375,17.34375,17.34375,2
sub-01,4,222,60,20.0,13942,14242,15442,16.328125,-3.671875,3.671875,4
sub-01,4,223,300,80.0,13557,19557,21057,21.875,-58.125,58.125,2
sub-01,4,224,60,60.0,22148,23048,23648,28.359375,-31.640625,31.640625,3
sub-01,4,225,12,80.0,11565,11805,11865,33.125,-46.875,46.875,2
sub-01,4,226,60,60.0,14390,15290,15890,45.625,-14.375,14.375,1
sub-01,4,227,12,80.0,17959,18199,18259,22.5,-57.5,57.5,2
sub-01,4,228,300,80.0,22736,28736,30236,67.5,-12.5,12.5,3
sub-01,4,229,300,40.0,13458,16458,20958,31.09375,-8.90625,8.90625,2
sub-01,4,230,12,20.0,15586,15646,15886,17.5,-2.5,2.5,4
sub-01,4,231,12,80.0,4600,4840,4900,68.359375,-11.640625,11.640625,4
sub-01,4,232,300,20.0,10518,12018,18018,23.28125,3.28125,3.28125,4
sub-01,4,233,12,20.0,3739,3799,4039,37.1875,17.1875,17.1875,4
sub-01,4,234,12,60.0,14329,14509,14629,34.53125,-25.46875,25.46875,3
sub-01,4,235,60,60.0,9187,10087,10687,13.046875,-46.953125,46.953125,2
sub-01,4,236,60,20.0,21153,21453,22653,29.453125,9.453125,9.453125,3
sub-01,4,237,60,20.0,28296,28596,29796,23.125,3.125,3.125,3
sub-01,4,238,12,80.0,1602,1842,1902,65.15625,-14.84375,14.84375,3
sub-01,4,239,60,60.0,1414,2314,2914,31.484375,-28.515625,28.515625,2
sub-01,4,240,60,20.0,26923,27223,28423,30.78125,10.78125,10.78125,3
sub-02,1,1,12,80.0,3739,3979,4039,73.515625,-6.484375,6.484375,3
sub-02,1,2,12,20.0,25018,25078,25318,10.546875,-9.453125,9.453125,3
sub-02,1,3,300,40.0,13458,16458,20958,87.03125,47.03125,47.03125,3
sub-02,1,4,12,20.0,15162,15222,15462,53.90625,33.90625,33.90625,2
sub-02,1,5,300,80.0,16072,22072,23572,40.78125,-39.21875,39.21875,1
sub-02,1,6,12,60.0,21800,21980,22100,70.859375,10.859375,10.859375,2
sub-02,1,7,12,80.0,14329,14569,14629,82.65625,2.65625,2.65625,3
sub-02,1,8,12,20.0,13450,13510,13750,18.671875,-1.328125,1.328125,3
sub-02,1,9,300,40.0,20069,23069,27569,50.46875,10.46875,10.46875,1
sub-02,1,10,60,20.0,16451,16751,17951,22.109375,2.109375,2.109375,2
sub-02,1,11,60,40.0,15628,16228,17128,60.46875,20.46875,20.46875,2
sub-02,1,12,12,80.0,27281,27521,27581,77.890625,-2.109375,2.109375,3
sub-02,1,13,60,20.0,28296,28596,29796,28.90625,8.90625,8.90625,2
sub-02,1,14,300,80.0,22736,28736,30236,59.84375,-20.15625,20.15625,2
sub-02,1,15,12,40.0,3739,3859,4039,29.609375,-10.390625,10.390625,3
sub-02,1,16,300,20.0,13458,14958,20958,26.171875,6.171875,6.171875,3
sub-02,1,17,300,60.0,1960,6460,9460,61.171875,1.171875,1.171875,1
sub-02,1,18,60,40.0,3650,4250,5150,28.90625,-11.09375,11.09375,2
sub-02,1,19,60,80.0,14390,15590,15890,92.03125,12.03125,12.03125,3
sub-02,1,20,300,80.0,1960,7960,9460,50.078125,-29.921875,29.921875,1
sub-02,1,21,60,20.0,15628,15928,17128,73.4375,53.4375,53.4375,2
sub-02,1,22,60,20.0,10035,10335,11535,39.21875,19.21875,19.21875,2
sub-02,1,23,300,20.0,2522,4022,10022,50.0,30.0,30.0,1
sub-02,1,24,12,20.0,25820,25880,26120,39.140625,19.140625,19.140625,1
sub-02,1,25,60,40.0,21153,21753,22653,48.125,8.125,8.125,1
sub-02,1,26,60,60.0,9187,10087,10687,50.0,-10.0,10.0,1
sub-02,1,27,300,60.0,11085,15585,18585,50.0,-10.0,10.0,1
sub-02,1,28,12,20.0,21800,21860,22100,89.0625,69.0625,69.0625,4
sub-02,1,29,300,80.0,10518,16518,18018,32.5,-47.5,47.5,2
sub-02,1,30,300,60.0,18200,22700,25700,44.53125,-15.46875,15.46875,2
sub-02,1,31,12,40.0,17959,18079,18259,50.0,10.0,10.0,2
sub-02,1,32,300,20.0,20069,21569,27569,50.0,30.0,30.0,1
sub-02,1,33,300,80.0,16327,22327,23827,71.328125,-8.671875,8.671875,2
sub-02,1,34,60,80.0,4556,5756,6056,71.015625,-8.984375,8.984375,2
sub-02,1,35,60,40.0,25895,26495,27395,44.609375,4.609375,4.609375,2
sub-02,1,36,60,20.0,9187,9487,10687,28.359375,8.359375,8.359375,3
sub-02,1,37,60,40.0,16451,17051,17951,65.46875,25.46875,25.46875,3
sub-02,1,38,60,40.0,11369,11969,12869,62.265625,22.265625,22.265625,2
sub-02,1,39,12,40.0,11565,11685,11865,50.703125,10.703125,10.703125,3
sub-02,1,40,12,60.0,25018,25198,25318,93.90625,33.90625,33.90625,4
sub-02,1,41,300,20.0,10518,12018,18018,50.0,30.0,30.0,1
sub-02,1,42,60,20.0,22148,22448,23648,50.0,30.0,30.0,4
sub-02,1,43,300,40.0,9381,12381,16881,79.140625,39.140625,39.140625,3
sub-02,1,44,12,20.0,29300,29360,29600,50.0,30.0,30.0,4
sub-02,1,45,300,60.0,20069,24569,27569,40.46875,-19.53125,19.53125,2
sub-02,1,46,60,80.0,28296,29496,29796,60.3125,-19.6875,19.6875,2
sub-02,1,47,12,40.0,4600,4720,4900,50.0,10.0,10.0,4
sub-02,1,48,60,20.0,1414,1714,2914,50.859375,30.859375,30.859375,4
sub-02,1,49,12,60.0,23924,24104,24224,42.265625,-17.734375,17.734375,3
sub-02,1,50,12,40.0,25018,25138,25318,51.953125,11.953125,11.953125,3
sub-02,1,51,300,80.0,14351,20351,21851,50.0,-30.0,30.0,1
sub-02,1,52,60,20.0,25202,25502,26702,17.03125,-2.96875,2.96875,4
sub-02,1,53,60,40.0,14390,14990,15890,50.0,10.0,10.0,1
sub-02,1,54,12,20.0,1602,1662,1902,50.0,30.0,30.0,3
sub-02,1,55,12,40.0,27281,27401,27581,27.65625,-12.34375,12.34375,3
sub-02,1,56,12,60.0,2486,2666,2786,75.703125,15.703125,15.703125,3
sub-02,1,57,300,80.0,19988,25988,27488,50.0,-30.0,30.0,1
sub-02,1,58,12,60.0,11565,11745,11865,54.765625,-5.234375,5.234375,3
sub-02,1,59,12,60.0,3739,3919,4039,86.484375,26.484375,26.484375,3
sub-02,1,60,300,20.0,9381,10881,16881,60.625,40.625,40.625,2
sub-02,2,61,60,80.0,13176,14376,14676,77.578125,-2.421875,2.421875,3
sub-02,2,62,300,60.0,16072,20572,23572,50.0,-10.0,10.0,2
sub-02,2,63,12,80.0,21273,21513,21573,93.671875,13.671875,13.671875,4
sub-02,2,64,300,80.0,11085,17085,18585,56.796875,-23.203125,23.203125,1
sub-02,2,65,300,20.0,11085,12585,18585,56.015625,36.015625,36.015625,2
sub-02,2,66,60,20.0,13176,13476,14676,13.203125,-6.796875,6.796875,3
sub-02,2,67,300,80.0,9381,15381,16881,18.90625,-61.09375,61.09375,3
sub-02,2,68,60,80.0,17621,18821,19121,64.6875,-15.3125,15.3125,2
sub-02,2,69,60,40.0,22148,22748,23648,50.0,10.0,10.0,3
sub-02,2,70,12,80.0,12500,12740,12800,30.546875,-49.453125,49.453125,3
sub-02,2,71,60,80.0,9187,10387,10687,43.203125,-36.796875,36.796875,3
sub-02,2,72,60,80.0,25895,27095,27395,84.0625,4.0625,4.0625,3
sub-02,2,73,300,20.0,16072,17572,23572,50.0,30.0,30.0,1
sub-02,2,74,60,40.0,13942,14542,15442,31.5625,-8.4375,8.4375,3
sub-02,2,75,12,40.0,1602,1722,1902,50.0,10.0,10.0,3
sub-02,2,76,12,20.0,2486,2546,2786,8.359375,-11.640625,11.640625,4
sub-02,2,77,60,40.0,1414,2014,2914,50.0,10.0,10.0,3
sub-02,2,78,300,20.0,14351,15851,21851,13.203125,-6.796875,6.796875,3
sub-02,2,79,12,40.0,16152,16272,16452,12.03125,-27.96875,27.96875,3
sub-02,2,80,300,40.0,1960,4960,9460,57.96875,17.96875,17.96875,3
sub-02,2,81,60,80.0,10035,11235,11535,53.90625,-26.09375,26.09375,1
sub-02,2,82,300,20.0,14066,15566,21566,38.203125,18.203125,18.203125,2
sub-02,2,83,12,40.0,15162,15282,15462,80.078125,40.078125,40.078125,3
sub-02,2,84,60,80.0,15628,16828,17128,87.1875,7.1875,7.1875,3
sub-02,2,85,12,80.0,15586,15826,15886,67.578125,-12.421875,12.421875,4
sub-02,2,86,60,40.0,4556,5156,6056,39.84375,-0.15625,0.15625,3
sub-02,2,87,12,60.0,21273,21453,21573,31.71875,-28.28125,28.28125,4
sub-02,2,88,60,60.0,15628,16528,17128,40.78125,-19.21875,19.21875,3
sub-02,2,89,12,60.0,17959,18139,18259,39.84375,-20.15625,20.15625,1
sub-02,2,90,60,20.0,12596,12896,14096,33.828125,13.828125,13.828125,3
sub-02,2,91,12,80.0,21800,22040,22100,97.890625,17.890625,17.890625,4
sub-02,2,92,300,60.0,14351,18851,21851,50.0,-10.0,10.0,1
sub-02,2,93,300,60.0,13557,18057,21057,59.0625,-0.9375,0.9375,1
sub-02,2,94,12,40.0,29300,29420,29600,66.71875,26.71875,26.71875,3
sub-02,2,95,60,60.0,17621,18521,19121,60.859375,0.859375,0.859375,2
sub-02,2,96,12,20.0,21273,21333,21573,4.140625,-15.859375,15.859375,4
sub-02,2,97,60,60.0,4556,5456,6056,73.359375,13.359375,13.359375,4
sub-02,2,98,60,40.0,25202,25802,26702,52.1875,12.1875,12.1875,3
sub-02,2,99,12,40.0,14329,14449,14629,49.21875,9.21875,9.21875,3
sub-02,2,100,60,20.0,21153,21453,22653,20.0,0.0,0.0,3
sub-02,2,101,12,20.0,4600,4660,4900,51.71875,31.71875,31.71875,3
sub-02,2,102,300,40.0,11085,14085,18585,49.765625,9.765625,9.765625,3
sub-02,2,103,300,60.0,13458,17958,20958,60.78125,0.78125,0.78125,2
sub-02,2,104,300,40.0,19476,22476,26976,53.90625,13.90625,13.90625,2
sub-02,2,105,60,40.0,28296,28896,29796,25.46875,-14.53125,14.53125,2
sub-02,2,106,12,80.0,11565,11805,11865,51.71875,-28.28125,28.28125,3
sub-02,2,107,12,20.0,14329,14389,14629,50.0,30.0,30.0,4
sub-02,2,108,300,80.0,10273,16273,17773,33.59375,-46.40625,46.40625,3
sub-02,2,109,300,40.0,16327,19327,23827,54.6875,14.6875,14.6875,3
sub-02,2,110,60,60.0,19722,20622,21222,77.578125,17.578125,17.578125,3
sub-02,2,111,300,40.0,22736,25736,30236,24.765625,-15.234375,15.234375,2
sub-02,2,112,60,20.0,13942,14242,15442,13.125,-6.875,6.875,3
sub-02,2,113,60,80.0,11369,12569,12869,70.78125,-9.21875,9.21875,3
sub-02,2,114,300,40.0,13557,16557,21057,69.453125,29.453125,29.453125,3
sub-02,2,115,12,20.0,3739,3799,4039,29.140625,9.140625,9.140625,4
sub-02,2,116,300,60.0,9381,13881,16881,50.0,-10.0,10.0,2
sub-02,2,117,12,80.0,13450,13690,13750,68.828125,-11.171875,11.171875,3
sub-02,2,118,60,40.0,12596,13196,14096,46.40625,6.40625,6.40625,2
sub-02,2,119,12,20.0,26328,26388,26628,76.015625,56.015625,56.015625,3
sub-02,2,120,60,80.0,19722,20922,21222,71.71875,-8.28125,8.28125,3
sub-02,3,121,300,40.0,21224,24224,28724,42.109375,2.109375,2.109375,2
sub-02,3,122,12,60.0,4600,4780,4900,49.6875,-10.3125,10.3125,4
sub-02,3,123,12,40.0,21273,21393,21573,50.3125,10.3125,10.3125,3
sub-02,3,124,12,80.0,25018,25258,25318,59.6875,-20.3125,20.3125,3
sub-02,3,125,12,80.0,23924,24164,24224,83.4375,3.4375,3.4375,3
sub-02,3,126,60,80.0,12596,13796,14096,58.4375,-21.5625,21.5625,1
sub-02,3,127,12,20.0,27281,27341,27581,68.828125,48.828125,48.828125,2
sub-02,3,128,300,20.0,18200,19700,25700,57.03125,37.03125,37.03125,2
sub-02,3,129,60,20.0,26923,27223,28423,27.1875,7.1875,7.1875,2
sub-02,3,130,300,40.0,14066,17066,21566,36.40625,-3.59375,3.59375,2
sub-02,3,131,300,60.0,16327,20827,23827,54.140625,-5.859375,5.859375,2
sub-02,3,132,12,80.0,15162,15402,15462,61.09375,-18.90625,18.90625,2
sub-02,3,133,300,40.0,10273,13273,17773,61.953125,21.953125,21.953125,2
sub-02,3,134,12,60.0,29300,29480,29600,62.96875,2.96875,2.96875,3
sub-02,3,135,12,40.0,15586,15706,15886,50.0,10.0,10.0,4
sub-02,3,136,12,80.0,16152,16392,16452,89.453125,9.453125,9.453125,3
sub-02,3,137,300,40.0,18922,21922,26422,74.609375,34.609375,34.609375,3
sub-02,3,138,60,60.0,13176,14076,14676,78.90625,18.90625,18.90625,3
sub-02,3,139,60,80.0,22148,23348,23648,51.171875,-28.828125,28.828125,2
sub-02,3,140,12,20.0,11565,11625,11865,23.28125,3.28125,3.28125,3
sub-02,3,141,12,80.0,29300,29540,29600,61.484375,-18.515625,18.515625,3
sub-02,3,142,300,60.0,10518,15018,18018,56.484375,-3.515625,3.515625,2
sub-02,3,143,12,60.0,15162,15342,15462,35.703125,-24.296875,24.296875,3
sub-02,3,144,12,20.0,23924,23984,24224,16.25,-3.75,3.75,3
sub-02,3,145,300,60.0,19988,24488,27488,48.4375,-11.5625,11.5625,1
sub-02,3,146,12,20.0,16152,16212,16452,22.65625,2.65625,2.65625,3
sub-02,3,147,300,80.0,13557,19557,21057,49.296875,-30.703125,30.703125,1
sub-02,3,148,60,20.0,14390,14690,15890,30.859375,10.859375,10.859375,3
sub-02,3,149,60,60.0,14390,15290,15890,46.09375,-13.90625,13.90625,2
sub-02,3,150,300,20.0,10273,11773,17773,71.71875,51.71875,51.71875,2
sub-02,3,151,300,40.0,19988,22988,27488,53.125,13.125,13.125,2
sub-02,3,152,300,60.0,21224,25724,28724,66.796875,6.796875,6.796875,2
sub-02,3,153,12,60.0,13450,13630,13750,82.03125,22.03125,22.03125,3
sub-02,3,154,60,60.0,25895,26795,27395,37.890625,-22.109375,22.109375,2
sub-02,3,155,60,40.0,13176,13776,14676,33.515625,-6.484375,6.484375,3
sub-02,3,156,60,40.0,26923,27523,28423,73.59375,33.59375,33.59375,3
sub-02,3,157,12,80.0,2486,2726,2786,75.46875,-4.53125,4.53125,3
sub-02,3,158,300,60.0,19476,23976,26976,48.125,-11.875,11.875,1
sub-02,3,159,60,80.0,26923,28123,28423,78.515625,-1.484375,1.484375,3
sub-02,3,160,12,40.0,26328,26448,26628,82.421875,42.421875,42.421875,3
sub-02,3,161,12,40.0,2486,2606,2786,17.265625,-22.734375,22.734375,3
sub-02,3,162,12,40.0,12500,12620,12800,72.109375,32.109375,32.109375,3
sub-02,3,163,60,20.0,4556,4856,6056,29.453125,9.453125,9.453125,3
sub-02,3,164,300,80.0,19476,25476,26976,85.9375,5.9375,5.9375,3
sub-02,3,165,60,80.0,1414,2614,2914,75.78125,-4.21875,4.21875,3
sub-02,3,166,300,60.0,18922,23422,26422,40.15625,-19.84375,19.84375,2
sub-02,3,167,300,80.0,18200,24200,25700,20.390625,-59.609375,59.609375,3
sub-02,3,168,12,60.0,15586,15766,15886,50.0,-10.0,10.0,3
sub-02,3,169,300,80.0,21224,27224,28724,67.34375,-12.65625,12.65625,3
sub-02,3,170,60,20.0,19722,20022,21222,3.203125,-16.796875,16.796875,4
sub-02,3,171,60,60.0,1414,2314,2914,30.46875,-29.53125,29.53125,2
sub-02,3,172,12,20.0,15586,15646,15886,22.96875,2.96875,2.96875,3
sub-02,3,173,60,80.0,3650,4850,5150,76.015625,-3.984375,3.984375,3
sub-02,3,174,12,80.0,1602,1842,1902,74.375,-5.625,5.625,3
sub-02,3,175,12,60.0,26328,26508,26628,85.46875,25.46875,25.46875,3
sub-02,3,176,300,40.0,12645,15645,20145,62.65625,22.65625,22.65625,1
sub-02,3,177,60,60.0,25202,26102,26702,53.984375,-6.015625,6.015625,1
sub-02,3,178,60,60.0,21153,22053,22653,19.53125,-40.46875,40.46875,2
sub-02,3,179,300,80.0,20069,26069,27569,77.5,-2.5,2.5,3
sub-02,3,180,12,40.0,25820,25940,26120,30.78125,-9.21875,9.21875,3
sub-02,4,181,12,80.0,4600,4840,4900,59.921875,-20.078125,20.078125,3
sub-02,4,182,60,80.0,16451,17651,17951,66.796875,-13.203125,13.203125,3
sub-02,4,183,300,20.0,19988,21488,27488,52.890625,32.890625,32.890625,1
sub-02,4,184,60,60.0,3650,4550,5150,66.40625,6.40625,6.40625,2
sub-02,4,185,12,60.0,12500,12680,12800,41.5625,-18.4375,18.4375,3
sub-02,4,186,12,60.0,25820,26000,26120,40.3125,-19.6875,19.6875,2
sub-02,4,187,12,80.0,25820,26060,26120,20.859375,-59.140625,59.140625,2
sub-02,4,188,60,80.0,21153,22353,22653,54.84375,-25.15625,25.15625,2
sub-02,4,189,60,60.0,11369,12269,12869,50.0,-10.0,10.0,1
sub-02,4,190,12,60.0,1602,1782,1902,73.203125,13.203125,13.203125,3
sub-02,4,191,300,60.0,22736,27236,30236,53.046875,-6.953125,6.953125,1
sub-02,4,192,300,80.0,2522,8522,10022,56.796875,-23.203125,23.203125,2
sub-02,4,193,300,40.0,18200,21200,25700,55.78125,15.78125,15.78125,1
sub-02,4,194,300,40.0,14351,17351,21851,60.234375,20.234375,20.234375,2
sub-02,4,195,12,20.0,17959,18019,18259,17.8125,-2.1875,2.1875,3
sub-02,4,196,12,80.0,26328,26568,26628,77.890625,-2.109375,2.109375,3
sub-02,4,197,12,60.0,27281,27461,27581,80.078125,20.078125,20.078125,3
sub-02,4,198,60,20.0,11369,11669,12869,20.78125,0.78125,0.78125,3
sub-02,4,199,60,40.0,9187,9787,10687,19.921875,-20.078125,20.078125,3
sub-02,4,200,300,20.0,1960,3460,9460,35.46875,15.46875,15.46875,1
sub-02,4,201,300,20.0,16327,17827,23827,60.46875,40.46875,40.46875,1
sub-02,4,202,60,40.0,17621,18221,19121,52.265625,12.265625,12.265625,1
sub-02,4,203,12,40.0,21800,21920,22100,73.75,33.75,33.75,2
sub-02,4,204,300,60.0,14066,18566,21566,48.75,-11.25,11.25,1
sub-02,4,205,300,40.0,2522,5522,10022,50.0,10.0,10.0,1
sub-02,4,206,12,40.0,23924,24044,24224,24.21875,-15.78125,15.78125,3
sub-02,4,207,300,60.0,12645,17145,20145,39.140625,-20.859375,20.859375,1
sub-02,4,208,60,20.0,17621,17921,19121,18.4375,-1.5625,1.5625,3
sub-02,4,209,300,80.0,12645,18645,20145,49.296875,-30.703125,30.703125,2
sub-02,4,210,300,40.0,10518,13518,18018,50.0,10.0,10.0,1
sub-02,4,211,60,20.0,25895,26195,27395,53.515625,33.515625,33.515625,1
sub-02,4,212,300,60.0,2522,7022,10022,50.0,-10.0,10.0,1
sub-02,4,213,12,60.0,14329,14509,14629,51.71875,-8.28125,8.28125,4
sub-02,4,214,60,60.0,26923,27823,28423,71.5625,11.5625,11.5625,3
sub-02,4,215,300,20.0,19476,20976,26976,43.59375,23.59375,23.59375,2
sub-02,4,216,60,60.0,22148,23048,23648,51.171875,-8.828125,8.828125,1
sub-02,4,217,12,60.0,16152,16332,16452,24.375,-35.625,35.625,3
sub-02,4,218,300,20.0,12645,14145,20145,49.0625,29.0625,29.0625,1
sub-02,4,219,60,80.0,25202,26402,26702,75.9375,-4.0625,4.0625,3
sub-02,4,220,300,20.0,13557,15057,21057,21.640625,1.640625,1.640625,3
sub-02,4,221,300,60.0,10273,14773,17773,32.8125,-27.1875,27.1875,3
sub-02,4,222,300,20.0,18922,20422,26422,47.734375,27.734375,27.734375,1
sub-02,4,223,60,60.0,10035,10935,11535,73.125,13.125,13.125,2
sub-02,4,224,12,20.0,12500,12560,12800,16.875,-3.125,3.125,3
sub-02,4,225,12,40.0,13450,13570,13750,71.953125,31.953125,31.953125,3
sub-02,4,226,60,40.0,19722,20322,21222,83.671875,43.671875,43.671875,3
sub-02,4,227,60,60.0,12596,13496,14096,53.359375,-6.640625,6.640625,1
sub-02,4,228,60,80.0,13942,15142,15442,93.671875,13.671875,13.671875,4
sub-02,4,229,300,80.0,13458,19458,20958,57.03125,-22.96875,22.96875,1
sub-02,4,230,60,20.0,3650,3950,5150,27.578125,7.578125,7.578125,2
sub-02,4,231,300,40.0,16072,19072,23572,47.421875,7.421875,7.421875,1
sub-02,4,232,12,80.0,17959,18199,18259,54.453125,-25.546875,25.546875,1
sub-02,4,233,300,20.0,22736,24236,30236,47.03125,27.03125,27.03125,1
sub-02,4,234,300,80.0,18922,24922,26422,52.34375,-27.65625,27.65625,1
sub-02,4,235,60,60.0,16451,17351,17951,52.34375,-7.65625,7.65625,1
sub-02,4,236,300,20.0,21224,22724,28724,48.59375,28.59375,28.59375,1
sub-02,4,237,60,60.0,13942,14842,15442,19.21875,-40.78125,40.78125,3
sub-02,4,238,60,40.0,10035,10635,11535,21.015625,-18.984375,18.984375,3
sub-02,4,239,300,80.0,14066,20066,21566,53.203125,-26.796875,26.796875,1
sub-02,4,240,60,60.0,28296,29196,29796,44.84375,-15.15625,15.15625,1
sub-03,1,1,60,60.0,1414,2314,2914,32.03125,-27.96875,27.96875,
sub-03,1,2,12,80.0,25018,25258,25318,73.125,-6.875,6.875,
sub-03,1,3,60,20.0,13942,14242,15442,18.90625,-1.09375,1.09375,
sub-03,1,4,12,20.0,17959,18019,18259,32.8125,12.8125,12.8125,
sub-03,1,5,60,60.0,17621,18521,19121,34.765625,-25.234375,25.234375,
sub-03,1,6,12,40.0,26328,26448,26628,75.46875,35.46875,35.46875,
sub-03,1,7,12,40.0,23924,24044,24224,26.171875,-13.828125,13.828125,
sub-03,1,8,60,60.0,12596,13496,14096,50.0,-10.0,10.0,
sub-03,1,9,300,20.0,18200,19700,25700,39.53125,19.53125,19.53125,
sub-03,1,10,12,80.0,4600,4840,4900,87.5,7.5,7.5,
sub-03,1,11,60,20.0,16451,16751,17951,29.375,9.375,9.375,
sub-03,1,12,300,20.0,13458,14958,20958,31.875,11.875,11.875,
sub-03,1,13,300,80.0,20069,26069,27569,50.0,-30.0,30.0,
sub-03,1,14,300,80.0,13557,19557,21057,50.0,-30.0,30.0,
sub-03,1,15,300,60.0,13557,18057,21057,50.0,-10.0,10.0,
sub-03,1,16,60,20.0,3650,3950,5150,40.078125,20.078125,20.078125,
sub-03,1,17,60,60.0,16451,17351,17951,50.0,-10.0,10.0,
sub-03,1,18,300,20.0,9381,10881,16881,50.0,30.0,30.0,
sub-03,1,19,300,80.0,19988,25988,27488,50.0,-30.0,30.0,
sub-03,1,20,60,40.0,19722,20322,21222,82.34375,42.34375,42.34375,
sub-03,1,21,12,20.0,27281,27341,27581,50.0,30.0,30.0,
sub-03,1,22,60,20.0,28296,28596,29796,50.0,30.0,30.0,
sub-03,1,23,300,20.0,20069,21569,27569,50.0,30.0,30.0,
sub-03,1,24,300,40.0,9381,12381,16881,50.0,10.0,10.0,
sub-03,1,25,60,60.0,4556,5456,6056,83.359375,23.359375,23.359375,
sub-03,1,26,300,20.0,16072,17572,23572,50.0,30.0,30.0,
sub-03,1,27,300,60.0,14351,18851,21851,50.0,-10.0,10.0,
sub-03,1,28,300,40.0,14351,17351,21851,50.0,10.0,10.0,
sub-03,1,29,300,80.0,22736,28736,30236,50.0,-30.0,30.0,
sub-03,1,30,300,40.0,19476,22476,26976,50.0,10.0,10.0,
sub-03,1,31,12,40.0,11565,11685,11865,76.40625,36.40625,36.40625,
sub-03,1,32,300,20.0,12645,14145,20145,50.0,30.0,30.0,
sub-03,1,33,12,40.0,14329,14449,14629,32.734375,-7.265625,7.265625,
sub-03,1,34,300,80.0,14351,20351,21851,50.0,-30.0,30.0,
sub-03,1,35,12,60.0,26328,26508,26628,89.765625,29.765625,29.765625,
sub-03,1,36,300,60.0,20069,24569,27569,50.0,-10.0,10.0,
sub-03,1,37,60,40.0,13176,13776,14676,24.375,-15.625,15.625,
sub-03,1,38,12,80.0,12500,12740,12800,72.8125,-7.1875,7.1875,
sub-03,1,39,300,40.0,1960,4960,9460,50.0,10.0,10.0,
sub-03,1,40,12,20.0,1602,1662,1902,32.109375,12.109375,12.109375,
sub-03,1,41,60,20.0,1414,1714,2914,34.921875,14.921875,14.921875,
sub-03,1,42,12,40.0,15586,15706,15886,29.21875,-10.78125,10.78125,
sub-03,1,43,60,20.0,26923,27223,28423,30.46875,10.46875,10.46875,
sub-03,1,44,12,60.0,4600,4780,4900,70.78125,10.78125,10.78125,
sub-03,1,45,60,60.0,13176,14076,14676,78.28125,18.28125,18.28125,
sub-03,1,46,12,20.0,25018,25078,25318,6.484375,-13.515625,13.515625,
sub-03,1,47,12,60.0,27281,27461,27581,70.0,10.0,10.0,
sub-03,1,48,12,80.0,17959,18199,18259,50.0,-30.0,30.0,
sub-03,1,49,60,40.0,12596,13196,14096,50.0,10.0,10.0,
sub-03,1,50,300,60.0,2522,7022,10022,50.0,-10.0,10.0,
sub-03,1,51,60,80.0,9187,10387,10687,50.0,-30.0,30.0,
sub-03,1,52,12,20.0,4600,4660,4900,27.109375,7.109375,7.109375,
sub-03,1,53,60,60.0,25895,26795,27395,50.0,-10.0,10.0,
sub-03,1,54,300,60.0,21224,25724,28724,50.0,-10.0,10.0,
sub-03,1,55,60,40.0,3650,4250,5150,23.59375,-16.40625,16.40625,
sub-03,1,56,60,20.0,13176,13476,14676,14.296875,-5.703125,5.703125,
sub-03,1,57,12,20.0,29300,29360,29600,81.328125,61.328125,61.328125,
sub-03,1,58,12,80.0,13450,13690,13750,82.03125,2.03125,2.03125,
sub-03,1,59,60,80.0,16451,17651,17951,77.265625,-2.734375,2.734375,
sub-03,1,60,60,40.0,28296,28896,29796,34.296875,-5.703125,5.703125,
sub-03,2,61,300,40.0,19988,22988,27488,50.0,10.0,10.0,
sub-03,2,62,300,20.0,10273,11773,17773,22.5,2.5,2.5,
sub-03,2,63,60,80.0,10035,11235,11535,37.578125,-42.421875,42.421875,
sub-03,2,64,300,80.0,10518,16518,18018,50.0,-30.0,30.0,
sub-03,2,65,300,20.0,14066,15566,21566,50.0,30.0,30.0,
sub-03,2,66,60,60.0,15628,16528,17128,50.0,-10.0,10.0,
sub-03,2,67,12,40.0,4600,4720,4900,50.0,10.0,10.0,
sub-03,2,68,300,20.0,19476,20976,26976,50.0,30.0,30.0,
sub-03,2,69,300,60.0,14066,18566,21566,50.0,-10.0,10.0,
sub-03,2,70,12,60.0,13450,13630,13750,36.71875,-23.28125,23.28125,
sub-03,2,71,12,80.0,3739,3979,4039,87.421875,7.421875,7.421875,
sub-03,2,72,12,40.0,21273,21393,21573,38.125,-1.875,1.875,
sub-03,2,73,60,20.0,22148,22448,23648,60.3125,40.3125,40.3125,
sub-03,2,74,60,20.0,10035,10335,11535,50.0,30.0,30.0,
sub-03,2,75,300,80.0,13458,19458,20958,50.0,-30.0,30.0,
sub-03,2,76,300,20.0,16327,17827,23827,50.0,30.0,30.0,
sub-03,2,77,60,20.0,14390,14690,15890,28.125,8.125,8.125,
sub-03,2,78,300,60.0,18200,22700,25700,50.0,-10.0,10.0,
sub-03,2,79,60,40.0,17621,18221,19121,50.0,10.0,10.0,
sub-03,2,80,12,60.0,2486,2666,2786,73.828125,13.828125,13.828125,
sub-03,2,81,12,80.0,16152,16392,16452,96.40625,16.40625,16.40625,
sub-03,2,82,60,80.0,17621,18821,19121,57.5,-22.5,22.5,
sub-03,2,83,300,20.0,2522,4022,10022,50.0,30.0,30.0,
sub-03,2,84,12,60.0,16152,16332,16452,27.890625,-32.109375,32.109375,
sub-03,2,85,12,60.0,15162,15342,15462,54.921875,-5.078125,5.078125,
sub-03,2,86,300,80.0,16072,22072,23572,50.0,-30.0,30.0,
sub-03,2,87,60,80.0,25202,26402,26702,73.90625,-6.09375,6.09375,
sub-03,2,88,12,80.0,15586,15826,15886,66.796875,-13.203125,13.203125,
sub-03,2,89,300,40.0,18922,21922,26422,50.0,10.0,10.0,
sub-03,2,90,12,20.0,11565,11625,11865,35.390625,15.390625,15.390625,
sub-03,2,91,300,80.0,10273,16273,17773,62.8125,-17.1875,17.1875,
sub-03,2,92,60,60.0,10035,10935,11535,50.0,-10.0,10.0,
sub-03,2,93,300,20.0,14351,15851,21851,50.0,30.0,30.0,
sub-03,2,94,60,80.0,14390,15590,15890,77.1875,-2.8125,2.8125,
sub-03,2,95,12,40.0,2486,2606,2786,25.078125,-14.921875,14.921875,
sub-03,2,96,12,80.0,21273,21513,21573,71.5625,-8.4375,8.4375,
sub-03,2,97,12,40.0,16152,16272,16452,32.890625,-7.109375,7.109375,
sub-03,2,98,12,40.0,25820,25940,26120,35.15625,-4.84375,4.84375,
sub-03,2,99,12,80.0,23924,24164,24224,83.203125,3.203125,3.203125,
sub-03,2,100,12,20.0,21800,21860,22100,69.375,49.375,49.375,
sub-03,2,101,12,60.0,25820,26000,26120,50.0,-10.0,10.0,
sub-03,2,102,60,40.0,26923,27523,28423,66.484375,26.484375,26.484375,
sub-03,2,103,60,20.0,21153,21453,22653,30.078125,10.078125,10.078125,
sub-03,2,104,60,20.0,4556,4856,6056,37.421875,17.421875,17.421875,
sub-03,2,105,12,40.0,25018,25138,25318,80.546875,40.546875,40.546875,
sub-03,2,106,60,20.0,17621,17921,19121,27.734375,7.734375,7.734375,
sub-03,2,107,12,60.0,11565,11745,11865,36.171875,-23.828125,23.828125,
sub-03,2,108,12,80.0,1602,1842,1902,79.0625,-0.9375,0.9375,
sub-03,2,109,60,40.0,1414,2014,2914,32.578125,-7.421875,7.421875,
sub-03,2,110,60,20.0,12596,12896,14096,26.953125,6.953125,6.953125,
sub-03,2,111,12,80.0,15162,15402,15462,57.1875,-22.8125,22.8125,
sub-03,2,112,300,40.0,10518,13518,18018,50.0,10.0,10.0,
sub-03,2,113,60,80.0,1414,2614,2914,71.953125,-8.046875,8.046875,
sub-03,2,114,300,40.0,2522,5522,10022,50.0,10.0,10.0,
sub-03,2,115,12,40.0,21800,21920,22100,64.21875,24.21875,24.21875,
sub-03,2,116,60,20.0,9187,9487,10687,21.953125,1.953125,1.953125,
sub-03,2,117,300,80.0,12645,18645,20145,50.0,-30.0,30.0,
sub-03,2,118,12,60.0,14329,14509,14629,67.734375,7.734375,7.734375,
sub-03,2,119,300,40.0,13458,16458,20958,50.0,10.0,10.0,
sub-03,2,120,60,80.0,26923,28123,28423,77.65625,-2.34375,2.34375,
sub-03,3,121,12,60.0,3739,3919,4039,80.78125,20.78125,20.78125,
sub-03,3,122,60,60.0,3650,4550,5150,67.5,7.5,7.5,
sub-03,3,123,60,60.0,11369,12269,12869,50.0,-10.0,10.0,
sub-03,3,124,300,20.0,10518,12018,18018,50.0,30.0,30.0,
sub-03,3,125,60,60.0,9187,10087,10687,50.0,-10.0,10.0,
sub-03,3,126,300,40.0,10273,13273,17773,50.0,10.0,10.0,
sub-03,3,127,12,20.0,23924,23984,24224,23.75,3.75,3.75,
sub-03,3,128,60,80.0,13176,14376,14676,72.1875,-7.8125,7.8125,
sub-03,3,129,12,40.0,15162,15282,15462,57.890625,17.890625,17.890625,
sub-03,3,130,12,60.0,1602,1782,1902,67.1875,7.1875,7.1875,
sub-03,3,131,300,60.0,19988,24488,27488,50.0,-10.0,10.0,
sub-03,3,132,12,20.0,15586,15646,15886,14.0625,-5.9375,5.9375,
sub-03,3,133,60,60.0,22148,23048,23648,34.921875,-25.078125,25.078125,
sub-03,3,134,300,60.0,16072,20572,23572,50.0,-10.0,10.0,
sub-03,3,135,300,60.0,16327,20827,23827,50.0,-10.0,10.0,
sub-03,3,136,300,20.0,19988,21488,27488,50.0,30.0,30.0,
sub-03,3,137,12,40.0,12500,12620,12800,64.296875,24.296875,24.296875,
sub-03,3,138,60,60.0,28296,29196,29796,50.0,-10.0,10.0,
sub-03,3,139,12,80.0,11565,11805,11865,37.03125,-42.96875,42.96875,
sub-03,3,140,300,60.0,10518,15018,18018,50.0,-10.0,10.0,
sub-03,3,141,12,60.0,25018,25198,25318,63.828125,3.828125,3.828125,
sub-03,3,142,60,40.0,22148,22748,23648,62.8125,22.8125,22.8125,
sub-03,3,143,60,80.0,21153,22353,22653,69.765625,-10.234375,10.234375,
sub-03,3,144,300,60.0,13458,17958,20958,50.0,-10.0,10.0,
sub-03,3,145,60,40.0,9187,9787,10687,20.3125,-19.6875,19.6875,
sub-03,3,146,300,20.0,18922,20422,26422,50.0,30.0,30.0,
sub-03,3,147,12,20.0,3739,3799,4039,33.515625,13.515625,13.515625,
sub-03,3,148,12,60.0,12500,12680,12800,65.78125,5.78125,5.78125,
sub-03,3,149,60,20.0,25895,26195,27395,50.0,30.0,30.0,
sub-03,3,150,300,60.0,19476,23976,26976,50.0,-10.0,10.0,
sub-03,3,151,12,80.0,25820,26060,26120,19.765625,-60.234375,60.234375,
sub-03,3,152,60,60.0,14390,15290,15890,50.0,-10.0,10.0,
sub-03,3,153,300,40.0,22736,25736,30236,50.0,10.0,10.0,
sub-03,3,154,60,20.0,11369,11669,12869,14.375,-5.625,5.625,
sub-03,3,155,60,40.0,21153,21753,22653,50.0,10.0,10.0,
sub-03,3,156,300,40.0,18200,21200,25700,27.109375,-12.890625,12.890625,
sub-03,3,157,12,80.0,29300,29540,29600,69.84375,-10.15625,10.15625,
sub-03,3,158,12,80.0,2486,2726,2786,70.78125,-9.21875,9.21875,
sub-03,3,159,60,80.0,12596,13796,14096,50.0,-30.0,30.0,
sub-03,3,160,12,20.0,21273,21333,21573,16.875,-3.125,3.125,
sub-03,3,161,60,60.0,13942,14842,15442,42.265625,-17.734375,17.734375,
sub-03,3,162,60,40.0,16451,17051,17951,50.0,10.0,10.0,
sub-03,3,163,12,40.0,17959,18079,18259,50.0,10.0,10.0,
sub-03,3,164,60,40.0,14390,14990,15890,50.0,10.0,10.0,
sub-03,3,165,60,40.0,25202,25802,26702,33.515625,-6.484375,6.484375,
sub-03,3,166,300,80.0,2522,8522,10022,37.96875,-42.03125,42.03125,
sub-03,3,167,60,20.0,19722,20022,21222,17.734375,-2.265625,2.265625,
sub-03,3,168,12,20.0,2486,2546,2786,6.796875,-13.203125,13.203125,
sub-03,3,169,60,60.0,19722,20622,21222,85.78125,25.78125,25.78125,
sub-03,3,170,300,60.0,18922,23422,26422,50.0,-10.0,10.0,
sub-03,3,171,12,80.0,27281,27521,27581,84.765625,4.765625,4.765625,
sub-03,3,172,300,80.0,1960,7960,9460,50.0,-30.0,30.0,
sub-03,3,173,300,60.0,10273,14773,17773,78.59375,18.59375,18.59375,
sub-03,3,174,60,40.0,15628,16228,17128,50.0,10.0,10.0,
sub-03,3,175,12,20.0,13450,13510,13750,31.640625,11.640625,11.640625,
sub-03,3,176,300,80.0,21224,27224,28724,50.0,-30.0,30.0,
sub-03,3,177,60,20.0,25202,25502,26702,61.25,41.25,41.25,
sub-03,3,178,300,80.0,18922,24922,26422,50.0,-30.0,30.0,
sub-03,3,179,12,20.0,14329,14389,14629,34.453125,14.453125,14.453125,
sub-03,3,180,300,80.0,11085,17085,18585,50.0,-30.0,30.0,
sub-03,4,181,12,40.0,13450,13570,13750,33.515625,-6.484375,6.484375,
sub-03,4,182,12,40.0,27281,27401,27581,50.0,10.0,10.0,
sub-03,4,183,60,40.0,4556,5156,6056,74.53125,34.53125,34.53125,
sub-03,4,184,12,80.0,21800,22040,22100,93.125,13.125,13.125,
sub-03,4,185,300,80.0,14066,20066,21566,69.453125,-10.546875,10.546875,
sub-03,4,186,300,40.0,13557,16557,21057,50.0,10.0,10.0,
sub-03,4,187,300,40.0,14066,17066,21566,35.078125,-4.921875,4.921875,
sub-03,4,188,300,80.0,9381,15381,16881,42.578125,-37.421875,37.421875,
sub-03,4,189,300,40.0,21224,24224,28724,50.0,10.0,10.0,
sub-03,4,190,300,20.0,1960,3460,9460,37.96875,17.96875,17.96875,
sub-03,4,191,60,40.0,10035,10635,11535,50.0,10.0,10.0,
sub-03,4,192,300,40.0,16327,19327,23827,50.0,10.0,10.0,
sub-03,4,193,12,60.0,21800,21980,22100,70.3125,10.3125,10.3125,
sub-03,4,194,60,80.0,25895,27095,27395,75.703125,-4.296875,4.296875,
sub-03,4,195,60,40.0,13942,14542,15442,17.8125,-22.1875,22.1875,
sub-03,4,196,60,80.0,15628,16828,17128,84.453125,4.453125,4.453125,
sub-03,4,197,60,40.0,25895,26495,27395,50.0,10.0,10.0,
sub-03,4,198,300,60.0,1960,6460,9460,50.0,-10.0,10.0,
sub-03,4,199,12,80.0,14329,14569,14629,89.375,9.375,9.375,
sub-03,4,200,60,60.0,21153,22053,22653,31.953125,-28.046875,28.046875,
sub-03,4,201,12,40.0,29300,29420,29600,84.375,44.375,44.375,
sub-03,4,202,60,80.0,13942,15142,15442,81.640625,1.640625,1.640625,
sub-03,4,203,12,40.0,1602,1722,1902,31.875,-8.125,8.125,
sub-03,4,204,60,20.0,15628,15928,17128,50.0,30.0,30.0,
sub-03,4,205,12,20.0,26328,26388,26628,28.4375,8.4375,8.4375,
sub-03,4,206,12,40.0,3739,3859,4039,29.6875,-10.3125,10.3125,
sub-03,4,207,12,60.0,21273,21453,21573,28.828125,-31.171875,31.171875,
sub-03,4,208,300,20.0,22736,24236,30236,50.0,30.0,30.0,
sub-03,4,209,60,40.0,11369,11969,12869,50.0,10.0,10.0,
sub-03,4,210,60,80.0,11369,12569,12869,83.984375,3.984375,3.984375,
sub-03,4,211,300,60.0,22736,27236,30236,50.0,-10.0,10.0,
sub-03,4,212,300,20.0,11085,12585,18585,50.0,30.0,30.0,
sub-03,4,213,300,40.0,12645,15645,20145,33.359375,-6.640625,6.640625,
sub-03,4,214,60,80.0,28296,29496,29796,50.0,-30.0,30.0,
sub-03,4,215,60,80.0,19722,20922,21222,81.40625,1.40625,1.40625,
sub-03,4,216,300,80.0,18200,24200,25700,77.5,-2.5,2.5,
sub-03,4,217,300,60.0,11085,15585,18585,50.0,-10.0,10.0,
sub-03,4,218,300,60.0,12645,17145,20145,39.921875,-20.078125,20.078125,
sub-03,4,219,300,40.0,16072,19072,23572,50.0,10.0,10.0,
sub-03,4,220,60,80.0,3650,4850,5150,70.703125,-9.296875,9.296875,
sub-03,4,221,60,80.0,22148,23348,23648,90.390625,10.390625,10.390625,
sub-03,4,222,300,20.0,21224,22724,28724,61.015625,41.015625,41.015625,
sub-03,4,223,300,40.0,20069,23069,27569,50.0,10.0,10.0,
sub-03,4,224,12,60.0,29300,29480,29600,67.734375,7.734375,7.734375,
sub-03,4,225,300,80.0,16327,22327,23827,67.421875,-12.578125,12.578125,
sub-03,4,226,300,40.0,11085,14085,18585,50.0,10.0,10.0,
sub-03,4,227,60,60.0,25202,26102,26702,76.25,16.25,16.25,
sub-03,4,228,300,60.0,9381,13881,16881,50.0,-10.0,10.0,
sub-03,4,229,12,80.0,26328,26568,26628,89.140625,9.140625,9.140625,
sub-03,4,230,12,60.0,15586,15766,15886,50.0,-10.0,10.0,
sub-03,4,231,12,20.0,15162,15222,15462,65.078125,45.078125,45.078125,
sub-03,4,232,12,20.0,25820,25880,26120,35.46875,15.46875,15.46875,
sub-03,4,233,12,60.0,23924,24104,24224,72.1875,12.1875,12.1875,
sub-03,4,234,12,20.0,12500,12560,12800,26.171875,6.171875,6.171875,
sub-03,4,235,300,20.0,13557,15057,21057,25.078125,5.078125,5.078125,
sub-03,4,236,12,60.0,17959,18139,18259,50.0,-10.0,10.0,
sub-03,4,237,12,20.0,16152,16212,16452,14.6875,-5.3125,5.3125,
sub-03,4,238,300,80.0,19476,25476,26976,50.0,-30.0,30.0,
sub-03,4,239,60,60.0,26923,27823,28423,75.3125,15.3125,15.3125,
sub-03,4,240,60,80.0,4556,5756,6056,78.828125,-1.171875,1.171875,
sub-04,1,1,12,20.0,14329,14389,14629,81.40625,61.40625,61.40625,3
sub-04,1,2,12,20.0,29300,29360,29600,68.828125,48.828125,48.828125,3
sub-04,1,3,300,40.0,21224,24224,28724,30.390625,-9.609375,9.609375,3
sub-04,1,4,60,80.0,14390,15590,15890,75.859375,-4.140625,4.140625,3
sub-04,1,5,60,60.0,25895,26795,27395,45.390625,-14.609375,14.609375,1
sub-04,1,6,300,40.0,16327,19327,23827,47.1875,7.1875,7.1875,2
sub-04,1,7,60,80.0,21153,22353,22653,44.0625,-35.9375,35.9375,1
sub-04,1,8,300,60.0,22736,27236,30236,83.203125,23.203125,23.203125,3
sub-04,1,9,300,20.0,18922,20422,26422,46.5625,26.5625,26.5625,2
sub-04,1,10,300,20.0,13458,14958,20958,33.75,13.75,13.75,3
sub-04,1,11,60,40.0,25202,25802,26702,16.5625,-23.4375,23.4375,3
sub-04,1,12,12,40.0,13450,13570,13750,45.0,5.0,5.0,2
sub-04,1,13,12,20.0,16152,16212,16452,12.265625,-7.734375,7.734375,3
sub-04,1,14,60,40.0,26923,27523,28423,75.546875,35.546875,35.546875,2
sub-04,1,15,12,80.0,25820,26060,26120,23.75,-56.25,56.25,3
sub-04,1,16,12,60.0,15586,15766,15886,48.828125,-11.171875,11.171875,3
sub-04,1,17,300,60.0,16327,20827,23827,38.515625,-21.484375,21.484375,2
sub-04,1,18,12,60.0,23924,24104,24224,72.109375,12.109375,12.109375,3
sub-04,1,19,12,60.0,16152,16332,16452,27.109375,-32.890625,32.890625,3
sub-04,1,20,300,80.0,14351,20351,21851,62.734375,-17.265625,17.265625,1
sub-04,1,21,300,20.0,14066,15566,21566,39.921875,19.921875,19.921875,2
sub-04,1,22,60,20.0,19722,20022,21222,15.546875,-4.453125,4.453125,3
sub-04,1,23,12,80.0,2486,2726,2786,81.875,1.875,1.875,3
sub-04,1,24,300,40.0,1960,4960,9460,53.984375,13.984375,13.984375,1
sub-04,1,25,12,60.0,15162,15342,15462,50.234375,-9.765625,9.765625,3
sub-04,1,26,12,20.0,27281,27341,27581,77.265625,57.265625,57.265625,2
sub-04,1,27,12,40.0,1602,1722,1902,37.34375,-2.65625,2.65625,3
sub-04,1,28,300,60.0,9381,13881,16881,48.203125,-11.796875,11.796875,1
sub-04,1,29,300,80.0,18200,24200,25700,68.59375,-11.40625,11.40625,2
sub-04,1,30,12,20.0,25820,25880,26120,31.71875,11.71875,11.71875,2
sub-04,1,31,60,40.0,14390,14990,15890,50.0,10.0,10.0,1
sub-04,1,32,60,20.0,28296,28596,29796,43.828125,23.828125,23.828125,2
sub-04,1,33,60,60.0,10035,10935,11535,43.984375,-16.015625,16.015625,1
sub-04,1,34,12,40.0,3739,3859,4039,65.546875,25.546875,25.546875,3
sub-04,1,35,300,60.0,10518,15018,18018,41.640625,-18.359375,18.359375,1
sub-04,1,36,300,60.0,13458,17958,20958,44.0625,-15.9375,15.9375,1
sub-04,1,37,300,80.0,2522,8522,10022,52.1875,-27.8125,27.8125,1
sub-04,1,38,60,60.0,22148,23048,23648,38.203125,-21.796875,21.796875,2
sub-04,1,39,60,80.0,4556,5756,6056,72.578125,-7.421875,7.421875,3
sub-04,1,40,300,60.0,2522,7022,10022,59.375,-0.625,0.625,1
sub-04,1,41,300,20.0,20069,21569,27569,48.90625,28.90625,28.90625,1
sub-04,1,42,12,80.0,4600,4840,4900,82.8125,2.8125,2.8125,4
sub-04,1,43,300,60.0,14066,18566,21566,38.984375,-21.015625,21.015625,2
sub-04,1,44,300,60.0,1960,6460,9460,64.453125,4.453125,4.453125,1
sub-04,1,45,60,40.0,19722,20322,21222,83.984375,43.984375,43.984375,3
sub-04,1,46,60,40.0,1414,2014,2914,36.328125,-3.671875,3.671875,3
sub-04,1,47,300,80.0,1960,7960,9460,69.375,-10.625,10.625,2
sub-04,1,48,300,20.0,16327,17827,23827,64.375,44.375,44.375,2
sub-04,1,49,60,60.0,3650,4550,5150,69.84375,9.84375,9.84375,3
sub-04,1,50,300,80.0,20069,26069,27569,33.515625,-46.484375,46.484375,2
sub-04,1,51,60,20.0,11369,11669,12869,31.171875,11.171875,11.171875,3
sub-04,1,52,60,20.0,13942,14242,15442,23.359375,3.359375,3.359375,3
sub-04,1,53,300,80.0,18922,24922,26422,72.8125,-7.1875,7.1875,3
sub-04,1,54,12,40.0,23924,24044,24224,26.5625,-13.4375,13.4375,3
sub-04,1,55,60,20.0,10035,10335,11535,40.9375,20.9375,20.9375,2
sub-04,1,56,12,80.0,11565,11805,11865,51.40625,-28.59375,28.59375,2
sub-04,1,57,60,60.0,26923,27823,28423,73.671875,13.671875,13.671875,2
sub-04,1,58,300,40.0,19988,22988,27488,55.0,15.0,15.0,1
sub-04,1,59,300,40.0,2522,5522,10022,55.546875,15.546875,15.546875,1
sub-04,1,60,12,60.0,21800,21980,22100,76.328125,16.328125,16.328125,3
sub-04,2,61,60,40.0,9187,9787,10687,24.296875,-15.703125,15.703125,3
sub-04,2,62,60,40.0,17621,18221,19121,47.96875,7.96875,7.96875,1
sub-04,2,63,12,60.0,13450,13630,13750,57.8125,-2.1875,2.1875,2
sub-04,2,64,12,20.0,21273,21333,21573,21.484375,1.484375,1.484375,3
sub-04,2,65,12,20.0,15586,15646,15886,24.296875,4.296875,4.296875,3
sub-04,2,66,12,40.0,12500,12620,12800,41.015625,1.015625,1.015625,3
sub-04,2,67,60,80.0,11369,12569,12869,66.875,-13.125,13.125,3
sub-04,2,68,60,20.0,13176,13476,14676,12.8125,-7.1875,7.1875,3
sub-04,2,69,60,60.0,11369,12269,12869,67.5,7.5,7.5,2
sub-04,2,70,12,80.0,21800,22040,22100,86.25,6.25,6.25,4
sub-04,2,71,300,20.0,14351,15851,21851,32.96875,12.96875,12.96875,3
sub-04,2,72,60,80.0,13176,14376,14676,73.203125,-6.796875,6.796875,3
sub-04,2,73,12,40.0,15162,15282,15462,76.40625,36.40625,36.40625,3
sub-04,2,74,12,20.0,4600,4660,4900,22.421875,2.421875,2.421875,4
sub-04,2,75,60,20.0,25202,25502,26702,24.0625,4.0625,4.0625,3
sub-04,2,76,12,80.0,23924,24164,24224,74.53125,-5.46875,5.46875,3
sub-04,2,77,12,20.0,17959,18019,18259,50.0,30.0,30.0,2
sub-04,2,78,60,20.0,15628,15928,17128,39.6875,19.6875,19.6875,2
sub-04,2,79,300,60.0,14351,18851,21851,65.625,5.625,5.625,1
sub-04,2,80,300,60.0,11085,15585,18585,71.171875,11.171875,11.171875,1
sub-04,2,81,300,40.0,9381,12381,16881,63.359375,23.359375,23.359375,2
sub-04,2,82,300,20.0,10273,11773,17773,57.1875,37.1875,37.1875,1
sub-04,2,83,12,80.0,14329,14569,14629,91.71875,11.71875,11.71875,3
sub-04,2,84,60,20.0,26923,27223,28423,16.015625,-3.984375,3.984375,3
sub-04,2,85,60,20.0,4556,4856,6056,33.671875,13.671875,13.671875,3
sub-04,2,86,300,60.0,20069,24569,27569,54.53125,-5.46875,5.46875,1
sub-04,2,87,300,20.0,21224,22724,28724,44.296875,24.296875,24.296875,1
sub-04,2,88,12,80.0,26328,26568,26628,80.859375,0.859375,0.859375,3
sub-04,2,89,60,80.0,25895,27095,27395,86.5625,6.5625,6.5625,3
sub-04,2,90,12,20.0,12500,12560,12800,32.734375,12.734375,12.734375,3
sub-04,2,91,60,40.0,12596,13196,14096,42.96875,2.96875,2.96875,1
sub-04,2,92,12,40.0,2486,2606,2786,32.34375,-7.65625,7.65625,3
sub-04,2,93,300,80.0,19988,25988,27488,50.0,-30.0,30.0,1
sub-04,2,94,12,40.0,16152,16272,16452,15.703125,-24.296875,24.296875,2
sub-04,2,95,300,60.0,13557,18057,21057,50.703125,-9.296875,9.296875,2
sub-04,2,96,60,20.0,22148,22448,23648,37.734375,17.734375,17.734375,2
sub-04,2,97,12,40.0,14329,14449,14629,60.15625,20.15625,20.15625,3
sub-04,2,98,300,40.0,18922,21922,26422,57.421875,17.421875,17.421875,1
sub-04,2,99,60,40.0,16451,17051,17951,67.03125,27.03125,27.03125,1
sub-04,2,100,300,80.0,16072,22072,23572,56.40625,-23.59375,23.59375,1
sub-04,2,101,12,80.0,17959,18199,18259,46.015625,-33.984375,33.984375,2
sub-04,2,102,300,40.0,12645,15645,20145,25.46875,-14.53125,14.53125,3
sub-04,2,103,300,20.0,2522,4022,10022,57.109375,37.109375,37.109375,2
sub-04,2,104,60,80.0,19722,20922,21222,81.25,1.25,1.25,3
sub-04,2,105,12,40.0,25018,25138,25318,79.765625,39.765625,39.765625,3
sub-04,2,106,60,40.0,21153,21753,22653,38.046875,-1.953125,1.953125,2
sub-04,2,107,60,20.0,21153,21453,22653,29.453125,9.453125,9.453125,2
sub-04,2,108,60,60.0,4556,5456,6056,62.8125,2.8125,2.8125,3
sub-04,2,109,12,40.0,4600,4720,4900,45.9375,5.9375,5.9375,2
sub-04,2,110,300,40.0,11085,14085,18585,56.953125,16.953125,16.953125,2
sub-04,2,111,12,80.0,15162,15402,15462,66.015625,-13.984375,13.984375,2
sub-04,2,112,300,80.0,21224,27224,28724,63.984375,-16.015625,16.015625,2
sub-04,2,113,300,60.0,10273,14773,17773,40.546875,-19.453125,19.453125,2
sub-04,2,114,300,40.0,14351,17351,21851,40.78125,0.78125,0.78125,2
sub-04,2,115,300,20.0,11085,12585,18585,65.703125,45.703125,45.703125,2
sub-04,2,116,12,40.0,26328,26448,26628,81.5625,41.5625,41.5625,3
sub-04,2,117,60,40.0,22148,22748,23648,63.203125,23.203125,23.203125,1
sub-04,2,118,12,60.0,3739,3919,4039,78.671875,18.671875,18.671875,3
sub-04,2,119,300,80.0,12645,18645,20145,45.78125,-34.21875,34.21875,2
sub-04,2,120,300,80.0,11085,17085,18585,50.0,-30.0,30.0,1
sub-04,3,121,300,20.0,10518,12018,18018,33.046875,13.046875,13.046875,2
sub-04,3,122,12,60.0,25018,25198,25318,75.078125,15.078125,15.078125,3
sub-04,3,123,60,60.0,19722,20622,21222,74.84375,14.84375,14.84375,2
sub-04,3,124,60,20.0,9187,9487,10687,32.8125,12.8125,12.8125,3
sub-04,3,125,12,40.0,11565,11685,11865,70.625,30.625,30.625,2
sub-04,3,126,60,80.0,16451,17651,17951,71.640625,-8.359375,8.359375,2
sub-04,3,127,12,60.0,21273,21453,21573,15.078125,-44.921875,44.921875,3
sub-04,3,128,12,40.0,29300,29420,29600,80.46875,40.46875,40.46875,3
sub-04,3,129,60,60.0,14390,15290,15890,69.140625,9.140625,9.140625,2
sub-04,3,130,60,20.0,14390,14690,15890,36.484375,16.484375,16.484375,3
sub-04,3,131,60,60.0,15628,16528,17128,41.328125,-18.671875,18.671875,3
sub-04,3,132,12,60.0,17959,18139,18259,40.625,-19.375,19.375,1
sub-04,3,133,60,20.0,1414,1714,2914,37.109375,17.109375,17.109375,3
sub-04,3,134,300,40.0,18200,21200,25700,41.40625,1.40625,1.40625,2
sub-04,3,135,12,60.0,4600,4780,4900,46.015625,-13.984375,13.984375,3
sub-04,3,136,60,80.0,12596,13796,14096,48.59375,-31.40625,31.40625,1
sub-04,3,137,300,60.0,16072,20572,23572,48.4375,-11.5625,11.5625,2
sub-04,3,138,12,80.0,21273,21513,21573,90.703125,10.703125,10.703125,3
sub-04,3,139,12,20.0,25018,25078,25318,30.390625,10.390625,10.390625,4
sub-04,3,140,60,80.0,3650,4850,5150,70.0,-10.0,10.0,3
sub-04,3,141,300,20.0,1960,3460,9460,54.765625,34.765625,34.765625,2
sub-04,3,142,60,60.0,25202,26102,26702,66.171875,6.171875,6.171875,2
sub-04,3,143,12,80.0,15586,15826,15886,28.75,-51.25,51.25,3
sub-04,3,144,300,80.0,19476,25476,26976,90.234375,10.234375,10.234375,3
sub-04,3,145,300,20.0,19988,21488,27488,48.515625,28.515625,28.515625,1
sub-04,3,146,12,20.0,1602,1662,1902,40.546875,20.546875,20.546875,3
sub-04,3,147,12,60.0,12500,12680,12800,38.28125,-21.71875,21.71875,3
sub-04,3,148,300,20.0,22736,24236,30236,44.375,24.375,24.375,3
sub-04,3,149,60,20.0,17621,17921,19121,31.640625,11.640625,11.640625,3
sub-04,3,150,12,80.0,13450,13690,13750,79.609375,-0.390625,0.390625,4
sub-04,3,151,60,80.0,22148,23348,23648,38.59375,-41.40625,41.40625,1
sub-04,3,152,60,40.0,3650,4250,5150,41.25,1.25,1.25,3
sub-04,3,153,12,20.0,3739,3799,4039,41.09375,21.09375,21.09375,3
sub-04,3,154,12,60.0,29300,29480,29600,64.296875,4.296875,4.296875,2
sub-04,3,155,60,80.0,26923,28123,28423,74.140625,-5.859375,5.859375,2
sub-04,3,156,60,60.0,17621,18521,19121,51.640625,-8.359375,8.359375,1
sub-04,3,157,12,60.0,1602,1782,1902,68.90625,8.90625,8.90625,3
sub-04,3,158,60,40.0,10035,10635,11535,19.375,-20.625,20.625,3
sub-04,3,159,12,20.0,11565,11625,11865,46.328125,26.328125,26.328125,2
sub-04,3,160,12,40.0,17959,18079,18259,79.296875,39.296875,39.296875,2
sub-04,3,161,300,40.0,13557,16557,21057,71.796875,31.796875,31.796875,2
sub-04,3,162,12,60.0,11565,11745,11865,66.953125,6.953125,6.953125,2
sub-04,3,163,12,60.0,2486,2666,2786,68.203125,8.203125,8.203125,3
sub-04,3,164,60,60.0,21153,22053,22653,28.4375,-31.5625,31.5625,2
sub-04,3,165,60,40.0,13942,14542,15442,37.65625,-2.34375,2.34375,3
sub-04,3,166,12,40.0,15586,15706,15886,74.609375,34.609375,34.609375,3
sub-04,3,167,300,40.0,19476,22476,26976,59.921875,19.921875,19.921875,1
sub-04,3,168,60,80.0,13942,15142,15442,72.421875,-7.578125,7.578125,4
sub-04,3,169,12,40.0,25820,25940,26120,31.171875,-8.828125,8.828125,3
sub-04,3,170,12,20.0,21800,21860,22100,79.53125,59.53125,59.53125,3
sub-04,3,171,12,80.0,1602,1842,1902,78.75,-1.25,1.25,3
sub-04,3,172,12,40.0,21800,21920,22100,79.296875,39.296875,39.296875,3
sub-04,3,173,300,20.0,19476,20976,26976,72.5,52.5,52.5,1
sub-04,3,174,12,80.0,12500,12740,12800,61.796875,-18.203125,18.203125,3
sub-04,3,175,300,60.0,12645,17145,20145,38.4375,-21.5625,21.5625,2
sub-04,3,176,300,40.0,13458,16458,20958,70.703125,30.703125,30.703125,2
sub-04,3,177,300,40.0,20069,23069,27569,67.5,27.5,27.5,2
sub-04,3,178,300,60.0,21224,25724,28724,45.625,-14.375,14.375,2
sub-04,3,179,300,40.0,22736,25736,30236,39.6875,-0.3125,0.3125,3
sub-04,3,180,60,40.0,11369,11969,12869,55.46875,15.46875,15.46875,2
sub-04,4,181,12,80.0,29300,29540,29600,71.484375,-8.515625,8.515625,3
sub-04,4,182,300,80.0,22736,28736,30236,74.140625,-5.859375,5.859375,2
sub-04,4,183,60,80.0,15628,16828,17128,68.984375,-11.015625,11.015625,3
sub-04,4,184,300,20.0,16072,17572,23572,67.03125,47.03125,47.03125,3
sub-04,4,185,12,80.0,25018,25258,25318,66.5625,-13.4375,13.4375,3
sub-04,4,186,300,80.0,9381,15381,16881,39.609375,-40.390625,40.390625,3
sub-04,4,187,12,80.0,16152,16392,16452,79.609375,-0.390625,0.390625,3
sub-04,4,188,12,20.0,15162,15222,15462,83.828125,63.828125,63.828125,3
sub-04,4,189,12,40.0,21273,21393,21573,24.6875,-15.3125,15.3125,3
sub-04,4,190,12,60.0,25820,26000,26120,64.53125,4.53125,4.53125,2
sub-04,4,191,60,40.0,4556,5156,6056,71.09375,31.09375,31.09375,2
sub-04,4,192,300,60.0,18922,23422,26422,70.625,10.625,10.625,1
sub-04,4,193,12,40.0,27281,27401,27581,76.015625,36.015625,36.015625,2
sub-04,4,194,60,80.0,28296,29496,29796,46.09375,-33.90625,33.90625,1
sub-04,4,195,60,80.0,9187,10387,10687,54.765625,-25.234375,25.234375,1
sub-04,4,196,300,20.0,18200,19700,25700,59.84375,39.84375,39.84375,2
sub-04,4,197,300,40.0,16072,19072,23572,53.203125,13.203125,13.203125,1
sub-04,4,198,12,20.0,13450,13510,13750,48.984375,28.984375,28.984375,2
sub-04,4,199,300,40.0,10273,13273,17773,51.953125,11.953125,11.953125,1
sub-04,4,200,300,60.0,19988,24488,27488,57.03125,-2.96875,2.96875,2
sub-04,4,201,60,20.0,16451,16751,17951,41.640625,21.640625,21.640625,2
sub-04,4,202,300,80.0,13557,19557,21057,56.5625,-23.4375,23.4375,2
sub-04,4,203,60,20.0,3650,3950,5150,34.21875,14.21875,14.21875,3
sub-04,4,204,300,20.0,12645,14145,20145,36.71875,16.71875,16.71875,2
sub-04,4,205,300,60.0,18200,22700,25700,39.140625,-20.859375,20.859375,3
sub-04,4,206,60,80.0,1414,2614,2914,78.28125,-1.71875,1.71875,3
sub-04,4,207,300,80.0,10518,16518,18018,37.8125,-42.1875,42.1875,2
sub-04,4,208,60,60.0,16451,17351,17951,38.671875,-21.328125,21.328125,2
sub-04,4,209,12,20.0,23924,23984,24224,33.90625,13.90625,13.90625,3
sub-04,4,210,60,80.0,17621,18821,19121,69.0625,-10.9375,10.9375,3
sub-04,4,211,60,60.0,1414,2314,2914,25.859375,-34.140625,34.140625,3
sub-04,4,212,12,60.0,14329,14509,14629,83.515625,23.515625,23.515625,3
sub-04,4,213,300,40.0,14066,17066,21566,37.8125,-2.1875,2.1875,2
sub-04,4,214,300,80.0,16327,22327,23827,79.453125,-0.546875,0.546875,2
sub-04,4,215,60,60.0,13176,14076,14676,70.3125,10.3125,10.3125,3
sub-04,4,216,300,60.0,19476,23976,26976,33.125,-26.875,26.875,1
sub-04,4,217,60,60.0,9187,10087,10687,43.90625,-16.09375,16.09375,2
sub-04,4,218,12,20.0,2486,2546,2786,23.59375,3.59375,3.59375,3
sub-04,4,219,60,60.0,12596,13496,14096,63.984375,3.984375,3.984375,2
sub-04,4,220,12,80.0,27281,27521,27581,66.875,-13.125,13.125,2
sub-04,4,221,300,80.0,10273,16273,17773,36.40625,-43.59375,43.59375,2
sub-04,4,222,300,20.0,13557,15057,21057,40.78125,20.78125,20.78125,3
sub-04,4,223,60,40.0,28296,28896,29796,37.03125,-2.96875,2.96875,2
sub-04,4,224,60,80.0,25202,26402,26702,80.9375,0.9375,0.9375,3
sub-04,4,225,60,20.0,25895,26195,27395,41.796875,21.796875,21.796875,2
sub-04,4,226,12,60.0,27281,27461,27581,70.078125,10.078125,10.078125,3
sub-04,4,227,300,80.0,13458,19458,20958,61.40625,-18.59375,18.59375,2
sub-04,4,228,12,80.0,3739,3979,4039,75.3125,-4.6875,4.6875,3
sub-04,4,229,60,60.0,28296,29196,29796,69.921875,9.921875,9.921875,2
sub-04,4,230,12,60.0,26328,26508,26628,75.078125,15.078125,15.078125,3
sub-04,4,231,60,20.0,12596,12896,14096,36.5625,16.5625,16.5625,3
sub-04,4,232,12,20.0,26328,26388,26628,68.28125,48.28125,48.28125,2
sub-04,4,233,60,40.0,13176,13776,14676,40.078125,0.078125,0.078125,3
sub-04,4,234,300,80.0,14066,20066,21566,47.578125,-32.421875,32.421875,1
sub-04,4,235,60,80.0,10035,11235,11535,46.953125,-33.046875,33.046875,2
sub-04,4,236,60,40.0,25895,26495,27395,38.75,-1.25,1.25,3
sub-04,4,237,60,60.0,13942,14842,15442,38.59375,-21.40625,21.40625,3
sub-04,4,238,60,40.0,15628,16228,17128,27.578125,-12.421875,12.421875,3
sub-04,4,239,300,20.0,9381,10881,16881,62.1875,42.1875,42.1875,2
sub-04,4,240,300,40.0,10518,13518,18018,49.296875,9.296875,9.296875,2
sub-05,1,1,300,20.0,18922,20422,26422,96.5625,76.5625,76.5625,4
sub-05,1,2,60,60.0,22148,23048,23648,51.09375,-8.90625,8.90625,1
sub-05,1,3,60,80.0,17621,18821,19121,72.578125,-7.421875,7.421875,3
sub-05,1,4,60,40.0,28296,28896,29796,28.75,-11.25,11.25,2
sub-05,1,5,12,40.0,16152,16272,16452,7.03125,-32.96875,32.96875,4
sub-05,1,6,60,60.0,25895,26795,27395,51.09375,-8.90625,8.90625,1
sub-05,1,7,300,40.0,1960,4960,9460,35.625,-4.375,4.375,2
sub-05,1,8,12,80.0,1602,1842,1902,86.875,6.875,6.875,4
sub-05,1,9,12,80.0,29300,29540,29600,80.703125,0.703125,0.703125,3
sub-05,1,10,12,60.0,15162,15342,15462,84.140625,24.140625,24.140625,3
sub-05,1,11,12,80.0,13450,13690,13750,85.234375,5.234375,5.234375,4
sub-05,1,12,12,60.0,11565,11745,11865,24.84375,-35.15625,35.15625,2
sub-05,1,13,12,40.0,17959,18079,18259,76.875,36.875,36.875,3
sub-05,1,14,60,60.0,26923,27823,28423,75.546875,15.546875,15.546875,3
sub-05,1,15,300,40.0,13458,16458,20958,77.65625,37.65625,37.65625,2
sub-05,1,16,60,60.0,13942,14842,15442,18.90625,-41.09375,41.09375,3
sub-05,1,17,12,40.0,15586,15706,15886,48.90625,8.90625,8.90625,4
sub-05,1,18,12,60.0,27281,27461,27581,79.21875,19.21875,19.21875,3
sub-05,1,19,60,20.0,21153,21453,22653,15.15625,-4.84375,4.84375,4
sub-05,1,20,12,20.0,13450,13510,13750,31.171875,11.171875,11.171875,2
sub-05,1,21,12,40.0,26328,26448,26628,93.671875,53.671875,53.671875,4
sub-05,1,22,12,40.0,27281,27401,27581,29.453125,-10.546875,10.546875,3
sub-05,1,23,12,60.0,23924,24104,24224,21.015625,-38.984375,38.984375,2
sub-05,1,24,12,20.0,3739,3799,4039,29.765625,9.765625,9.765625,3
sub-05,1,25,300,40.0,16072,19072,23572,77.265625,37.265625,37.265625,2
sub-05,1,26,300,20.0,13557,15057,21057,31.25,11.25,11.25,3
sub-05,1,27,12,80.0,15586,15826,15886,92.734375,12.734375,12.734375,4
sub-05,1,28,300,20.0,19988,21488,27488,78.59375,58.59375,58.59375,4
sub-05,1,29,60,80.0,11369,12569,12869,85.625,5.625,5.625,4
sub-05,1,30,12,20.0,12500,12560,12800,63.828125,43.828125,43.828125,4
sub-05,1,31,300,60.0,13557,18057,21057,79.609375,19.609375,19.609375,1
sub-05,1,32,60,40.0,12596,13196,14096,49.609375,9.609375,9.609375,1
sub-05,1,33,12,80.0,17959,18199,18259,73.59375,-6.40625,6.40625,2
sub-05,1,34,300,80.0,19988,25988,27488,21.71875,-58.28125,58.28125,1
sub-05,1,35,12,60.0,25018,25198,25318,73.75,13.75,13.75,3
sub-05,1,36,60,40.0,14390,14990,15890,47.109375,7.109375,7.109375,1
sub-05,1,37,12,80.0,21800,22040,22100,100.0,20.0,20.0,4
sub-05,1,38,60,40.0,19722,20322,21222,59.140625,19.140625,19.140625,2
sub-05,1,39,60,60.0,15628,16528,17128,13.984375,-46.015625,46.015625,2
sub-05,1,40,12,20.0,16152,16212,16452,4.140625,-15.859375,15.859375,4
sub-05,1,41,12,40.0,25820,25940,26120,26.328125,-13.671875,13.671875,4
sub-05,1,42,12,20.0,14329,14389,14629,49.453125,29.453125,29.453125,2
sub-05,1,43,300,60.0,2522,7022,10022,30.78125,-29.21875,29.21875,1
sub-05,1,44,300,60.0,22736,27236,30236,73.359375,13.359375,13.359375,2
sub-05,1,45,60,60.0,13176,14076,14676,83.28125,23.28125,23.28125,3
sub-05,1,46,12,60.0,3739,3919,4039,92.5,32.5,32.5,4
sub-05,1,47,12,60.0,16152,16332,16452,13.515625,-46.484375,46.484375,4
sub-05,1,48,60,20.0,17621,17921,19121,2.96875,-17.03125,17.03125,4
sub-05,1,49,12,20.0,4600,4660,4900,10.46875,-9.53125,9.53125,4
sub-05,1,50,60,20.0,4556,4856,6056,75.546875,55.546875,55.546875,2
sub-05,1,51,12,20.0,17959,18019,18259,11.328125,-8.671875,8.671875,3
sub-05,1,52,12,40.0,14329,14449,14629,49.0625,9.0625,9.0625,1
sub-05,1,53,300,20.0,13458,14958,20958,23.984375,3.984375,3.984375,2
sub-05,1,54,60,80.0,28296,29496,29796,72.265625,-7.734375,7.734375,1
sub-05,1,55,60,20.0,28296,28596,29796,11.875,-8.125,8.125,3
sub-05,1,56,12,80.0,3739,3979,4039,90.546875,10.546875,10.546875,4
sub-05,1,57,300,80.0,10518,16518,18018,22.109375,-57.890625,57.890625,2
sub-05,1,58,12,60.0,29300,29480,29600,9.21875,-50.78125,50.78125,2
sub-05,1,59,300,20.0,20069,21569,27569,49.140625,29.140625,29.140625,1
sub-05,1,60,300,60.0,10518,15018,18018,50.0,-10.0,10.0,1
sub-05,2,61,60,80.0,21153,22353,22653,21.5625,-58.4375,58.4375,2
sub-05,2,62,60,60.0,21153,22053,22653,17.5,-42.5,42.5,4
sub-05,2,63,60,40.0,26923,27523,28423,79.84375,39.84375,39.84375,4
sub-05,2,64,300,60.0,10273,14773,17773,23.671875,-36.328125,36.328125,4
sub-05,2,65,300,80.0,2522,8522,10022,62.734375,-17.265625,17.265625,1
sub-05,2,66,300,80.0,1960,7960,9460,51.484375,-28.515625,28.515625,1
sub-05,2,67,60,40.0,22148,22748,23648,75.390625,35.390625,35.390625,2
sub-05,2,68,300,60.0,12645,17145,20145,52.578125,-7.421875,7.421875,1
sub-05,2,69,60,60.0,17621,18521,19121,59.140625,-0.859375,0.859375,1
sub-05,2,70,12,20.0,29300,29360,29600,86.484375,66.484375,66.484375,2
sub-05,2,71,300,80.0,22736,28736,30236,69.0625,-10.9375,10.9375,2
sub-05,2,72,60,20.0,15628,15928,17128,33.359375,13.359375,13.359375,3
sub-05,2,73,60,40.0,21153,21753,22653,36.484375,-3.515625,3.515625,1
sub-05,2,74,12,20.0,11565,11625,11865,74.765625,54.765625,54.765625,3
sub-05,2,75,12,80.0,2486,2726,2786,90.0,10.0,10.0,4
sub-05,2,76,60,40.0,16451,17051,17951,61.953125,21.953125,21.953125,3
sub-05,2,77,12,40.0,23924,24044,24224,22.34375,-17.65625,17.65625,3
sub-05,2,78,300,60.0,11085,15585,18585,50.9375,-9.0625,9.0625,1
sub-05,2,79,300,20.0,16072,17572,23572,61.015625,41.015625,41.015625,1
sub-05,2,80,60,40.0,13942,14542,15442,16.796875,-23.203125,23.203125,4
sub-05,2,81,60,20.0,16451,16751,17951,10.703125,-9.296875,9.296875,4
sub-05,2,82,60,80.0,13942,15142,15442,93.984375,13.984375,13.984375,4
sub-05,2,83,300,40.0,16327,19327,23827,56.25,16.25,16.25,1
sub-05,2,84,300,20.0,18200,19700,25700,52.5,32.5,32.5,1
sub-05,2,85,60,20.0,22148,22448,23648,52.96875,32.96875,32.96875,1
sub-05,2,86,12,60.0,2486,2666,2786,80.78125,20.78125,20.78125,4
sub-05,2,87,300,40.0,10518,13518,18018,35.46875,-4.53125,4.53125,1
sub-05,2,88,300,20.0,14066,15566,21566,32.5,12.5,12.5,2
sub-05,2,89,60,20.0,11369,11669,12869,10.546875,-9.453125,9.453125,4
sub-05,2,90,60,80.0,13176,14376,14676,83.515625,3.515625,3.515625,4
sub-05,2,91,60,60.0,4556,5456,6056,86.5625,26.5625,26.5625,3
sub-05,2,92,12,80.0,15162,15402,15462,51.796875,-28.203125,28.203125,2
sub-05,2,93,60,40.0,3650,4250,5150,15.703125,-24.296875,24.296875,4
sub-05,2,94,300,40.0,14351,17351,21851,30.46875,-9.53125,9.53125,2
sub-05,2,95,60,20.0,13942,14242,15442,14.453125,-5.546875,5.546875,4
sub-05,2,96,60,60.0,11369,12269,12869,47.1875,-12.8125,12.8125,1
sub-05,2,97,60,80.0,22148,23348,23648,25.625,-54.375,54.375,1
sub-05,2,98,12,40.0,13450,13570,13750,27.65625,-12.34375,12.34375,1
sub-05,2,99,12,20.0,21800,21860,22100,73.359375,53.359375,53.359375,3
sub-05,2,100,12,20.0,26328,26388,26628,74.765625,54.765625,54.765625,3
sub-05,2,101,300,80.0,20069,26069,27569,60.703125,-19.296875,19.296875,2
sub-05,2,102,60,20.0,3650,3950,5150,40.234375,20.234375,20.234375,1
sub-05,2,103,300,80.0,16072,22072,23572,40.15625,-39.84375,39.84375,1
sub-05,2,104,12,20.0,27281,27341,27581,18.203125,-1.796875,1.796875,4
sub-05,2,105,300,60.0,1960,6460,9460,75.3125,15.3125,15.3125,3
sub-05,2,106,60,60.0,12596,13496,14096,34.921875,-25.078125,25.078125,1
sub-05,2,107,12,80.0,23924,24164,24224,90.859375,10.859375,10.859375,4
sub-05,2,108,60,80.0,9187,10387,10687,34.609375,-45.390625,45.390625,1
sub-05,2,109,300,80.0,12645,18645,20145,72.265625,-7.734375,7.734375,2
sub-05,2,110,12,20.0,1602,1662,1902,72.578125,52.578125,52.578125,2
sub-05,2,111,60,80.0,26923,28123,28423,78.828125,-1.171875,1.171875,4
sub-05,2,112,300,60.0,20069,24569,27569,34.84375,-25.15625,25.15625,2
sub-05,2,113,60,40.0,25202,25802,26702,17.265625,-22.734375,22.734375,3
sub-05,2,114,300,40.0,22736,25736,30236,76.953125,36.953125,36.953125,3
sub-05,2,115,300,20.0,12645,14145,20145,69.921875,49.921875,49.921875,1
sub-05,2,116,12,60.0,21273,21453,21573,18.046875,-41.953125,41.953125,4
sub-05,2,117,300,60.0,9381,13881,16881,30.234375,-29.765625,29.765625,3
sub-05,2,118,60,80.0,10035,11235,11535,38.828125,-41.171875,41.171875,1
sub-05,2,119,12,80.0,16152,16392,16452,93.203125,13.203125,13.203125,4
sub-05,2,120,300,60.0,14066,18566,21566,20.15625,-39.84375,39.84375,1
sub-05,3,121,12,80.0,14329,14569,14629,72.265625,-7.734375,7.734375,3
sub-05,3,122,60,20.0,25895,26195,27395,27.1875,7.1875,7.1875,1
sub-05,3,123,60,80.0,25895,27095,27395,80.46875,0.46875,0.46875,3
sub-05,3,124,60,20.0,19722,20022,21222,0.0,-20.0,20.0,4
sub-05,3,125,300,80.0,13458,19458,20958,68.515625,-11.484375,11.484375,2
sub-05,3,126,60,40.0,25895,26495,27395,81.71875,41.71875,41.71875,1
sub-05,3,127,300,60.0,19476,23976,26976,42.03125,-17.96875,17.96875,1
sub-05,3,128,300,20.0,14351,15851,21851,27.421875,7.421875,7.421875,2
sub-05,3,129,300,40.0,18200,21200,25700,9.375,-30.625,30.625,3
sub-05,3,130,12,80.0,25820,26060,26120,23.046875,-56.953125,56.953125,3
sub-05,3,131,60,60.0,3650,4550,5150,82.734375,22.734375,22.734375,4
sub-05,3,132,300,60.0,16327,20827,23827,29.453125,-30.546875,30.546875,3
sub-05,3,133,12,40.0,3739,3859,4039,24.296875,-15.703125,15.703125,2
sub-05,3,134,300,20.0,10518,12018,18018,28.4375,8.4375,8.4375,2
sub-05,3,135,60,20.0,13176,13476,14676,9.53125,-10.46875,10.46875,4
sub-05,3,136,60,60.0,14390,15290,15890,54.609375,-5.390625,5.390625,2
sub-05,3,137,300,20.0,11085,12585,18585,31.5625,11.5625,11.5625,2
sub-05,3,138,60,20.0,25202,25502,26702,15.546875,-4.453125,4.453125,4
sub-05,3,139,300,60.0,16072,20572,23572,73.203125,13.203125,13.203125,1
sub-05,3,140,300,20.0,16327,17827,23827,74.0625,54.0625,54.0625,2
sub-05,3,141,12,40.0,12500,12620,12800,70.78125,30.78125,30.78125,4
sub-05,3,142,300,80.0,13557,19557,21057,42.34375,-37.65625,37.65625,1
sub-05,3,143,60,80.0,3650,4850,5150,81.328125,1.328125,1.328125,4
sub-05,3,144,300,80.0,10273,16273,17773,23.90625,-56.09375,56.09375,4
sub-05,3,145,60,60.0,9187,10087,10687,30.78125,-29.21875,29.21875,2
sub-05,3,146,12,60.0,17959,18139,18259,74.21875,14.21875,14.21875,2
sub-05,3,147,12,20.0,25018,25078,25318,9.296875,-10.703125,10.703125,4
sub-05,3,148,300,20.0,10273,11773,17773,69.375,49.375,49.375,2
sub-05,3,149,60,40.0,9187,9787,10687,14.21875,-25.78125,25.78125,4
sub-05,3,150,60,20.0,1414,1714,2914,16.71875,-3.28125,3.28125,2
sub-05,3,151,12,60.0,12500,12680,12800,88.984375,28.984375,28.984375,3
sub-05,3,152,12,40.0,21800,21920,22100,73.75,33.75,33.75,2
sub-05,3,153,60,20.0,26923,27223,28423,18.75,-1.25,1.25,2
sub-05,3,154,12,20.0,21273,21333,21573,0.0,-20.0,20.0,4
sub-05,3,155,300,60.0,18200,22700,25700,41.484375,-18.515625,18.515625,1
sub-05,3,156,300,40.0,12645,15645,20145,41.328125,1.328125,1.328125,2
sub-05,3,157,300,60.0,14351,18851,21851,72.5,12.5,12.5,2
sub-05,3,158,60,20.0,14390,14690,15890,18.203125,-1.796875,1.796875,4
sub-05,3,159,60,20.0,12596,12896,14096,20.46875,0.46875,0.46875,4
sub-05,3,160,12,20.0,15162,15222,15462,51.875,31.875,31.875,4
sub-05,3,161,300,40.0,11085,14085,18585,42.734375,2.734375,2.734375,1
sub-05,3,162,12,60.0,25820,26000,26120,17.8125,-42.1875,42.1875,3
sub-05,3,163,12,60.0,1602,1782,1902,100.0,40.0,40.0,4
sub-05,3,164,12,40.0,25018,25138,25318,78.4375,38.4375,38.4375,4
sub-05,3,165,12,40.0,11565,11685,11865,46.953125,6.953125,6.953125,4
sub-05,3,166,300,20.0,22736,24236,30236,43.90625,23.90625,23.90625,2
sub-05,3,167,300,60.0,19988,24488,27488,62.578125,2.578125,2.578125,1
sub-05,3,168,12,60.0,21800,21980,22100,65.0,5.0,5.0,2
sub-05,3,169,12,60.0,26328,26508,26628,78.828125,18.828125,18.828125,3
sub-05,3,170,300,80.0,14066,20066,21566,47.5,-32.5,32.5,1
sub-05,3,171,12,40.0,21273,21393,21573,6.796875,-33.203125,33.203125,4
sub-05,3,172,300,80.0,18922,24922,26422,71.796875,-8.203125,8.203125,4
sub-05,3,173,12,20.0,15586,15646,15886,11.25,-8.75,8.75,4
sub-05,3,174,300,40.0,9381,12381,16881,60.78125,20.78125,20.78125,2
sub-05,3,175,300,40.0,18922,21922,26422,63.203125,23.203125,23.203125,1
sub-05,3,176,12,60.0,15586,15766,15886,50.390625,-9.609375,9.609375,4
sub-05,3,177,300,60.0,21224,25724,28724,74.84375,14.84375,14.84375,2
sub-05,3,178,12,40.0,15162,15282,15462,75.9375,35.9375,35.9375,4
sub-05,3,179,60,40.0,17621,18221,19121,70.15625,30.15625,30.15625,2
sub-05,3,180,300,80.0,19476,25476,26976,73.28125,-6.71875,6.71875,2
sub-05,4,181,300,40.0,20069,23069,27569,57.578125,17.578125,17.578125,1
sub-05,4,182,60,40.0,1414,2014,2914,80.625,40.625,40.625,3
sub-05,4,183,60,20.0,9187,9487,10687,14.21875,-5.78125,5.78125,3
sub-05,4,184,12,20.0,23924,23984,24224,19.765625,-0.234375,0.234375,4
sub-05,4,185,60,80.0,1414,2614,2914,73.90625,-6.09375,6.09375,3
sub-05,4,186,12,20.0,2486,2546,2786,22.1875,2.1875,2.1875,4
sub-05,4,187,12,80.0,26328,26568,26628,86.25,6.25,6.25,4
sub-05,4,188,60,40.0,10035,10635,11535,32.1875,-7.8125,7.8125,3
sub-05,4,189,300,40.0,13557,16557,21057,72.65625,32.65625,32.65625,3
sub-05,4,190,300,40.0,10273,13273,17773,49.765625,9.765625,9.765625,1
sub-05,4,191,60,40.0,11369,11969,12869,57.1875,17.1875,17.1875,1
sub-05,4,192,60,40.0,4556,5156,6056,74.765625,34.765625,34.765625,3
sub-05,4,193,12,80.0,27281,27521,27581,68.671875,-11.328125,11.328125,3
sub-05,4,194,12,80.0,11565,11805,11865,19.84375,-60.15625,60.15625,2
sub-05,4,195,60,60.0,16451,17351,17951,62.5,2.5,2.5,1
sub-05,4,196,300,20.0,21224,22724,28724,66.5625,46.5625,46.5625,2
sub-05,4,197,300,40.0,19476,22476,26976,52.8125,12.8125,12.8125,1
sub-05,4,198,60,40.0,15628,16228,17128,27.5,-12.5,12.5,2
sub-05,4,199,60,60.0,10035,10935,11535,67.96875,7.96875,7.96875,2
sub-05,4,200,60,80.0,16451,17651,17951,80.859375,0.859375,0.859375,4
sub-05,4,201,300,80.0,11085,17085,18585,61.015625,-18.984375,18.984375,2
sub-05,4,202,12,60.0,14329,14509,14629,74.296875,14.296875,14.296875,3
sub-05,4,203,300,80.0,14351,20351,21851,70.859375,-9.140625,9.140625,3
sub-05,4,204,12,40.0,1602,1722,1902,50.46875,10.46875,10.46875,3
sub-05,4,205,300,40.0,14066,17066,21566,34.53125,-5.46875,5.46875,1
sub-05,4,206,300,80.0,18200,24200,25700,69.21875,-10.78125,10.78125,2
sub-05,4,207,60,80.0,12596,13796,14096,46.171875,-33.828125,33.828125,1
sub-05,4,208,12,40.0,2486,2606,2786,14.375,-25.625,25.625,4
sub-05,4,209,300,40.0,2522,5522,10022,51.171875,11.171875,11.171875,1
sub-05,4,210,12,40.0,29300,29420,29600,78.515625,38.515625,38.515625,3
sub-05,4,211,60,80.0,4556,5756,6056,76.171875,-3.828125,3.828125,4
sub-05,4,212,60,60.0,1414,2314,2914,28.671875,-31.328125,31.328125,3
sub-05,4,213,300,60.0,13458,17958,20958,34.53125,-25.46875,25.46875,2
sub-05,4,214,300,80.0,16327,22327,23827,70.234375,-9.765625,9.765625,2
sub-05,4,215,300,60.0,18922,23422,26422,79.140625,19.140625,19.140625,2
sub-05,4,216,12,80.0,21273,21513,21573,99.375,19.375,19.375,4
sub-05,4,217,60,80.0,14390,15590,15890,81.40625,1.40625,1.40625,4
sub-05,4,218,300,80.0,21224,27224,28724,54.53125,-25.46875,25.46875,1
sub-05,4,219,12,60.0,13450,13630,13750,48.828125,-11.171875,11.171875,1
sub-05,4,220,60,20.0,10035,10335,11535,34.53125,14.53125,14.53125,2
sub-05,4,221,300,20.0,9381,10881,16881,66.25,46.25,46.25,1
sub-05,4,222,300,20.0,2522,4022,10022,62.96875,42.96875,42.96875,2
sub-05,4,223,60,80.0,15628,16828,17128,83.59375,3.59375,3.59375,4
sub-05,4,224,60,40.0,13176,13776,14676,6.171875,-33.828125,33.828125,4
sub-05,4,225,12,80.0,12500,12740,12800,69.84375,-10.15625,10.15625,4
sub-05,4,226,60,60.0,19722,20622,21222,91.25,31.25,31.25,4
sub-05,4,227,60,80.0,25202,26402,26702,68.984375,-11.015625,11.015625,4
sub-05,4,228,12,40.0,4600,4720,4900,17.421875,-22.578125,22.578125,4
sub-05,4,229,300,40.0,21224,24224,28724,36.875,-3.125,3.125,2
sub-05,4,230,300,20.0,1960,3460,9460,49.921875,29.921875,29.921875,1
sub-05,4,231,12,80.0,4600,4840,4900,73.828125,-6.171875,6.171875,4
sub-05,4,232,300,40.0,19988,22988,27488,60.546875,20.546875,20.546875,1
sub-05,4,233,12,60.0,4600,4780,4900,56.328125,-3.671875,3.671875,4
sub-05,4,234,60,60.0,25202,26102,26702,24.375,-35.625,35.625,2
sub-05,4,235,300,80.0,9381,15381,16881,47.421875,-32.578125,32.578125,1
sub-05,4,236,12,20.0,25820,25880,26120,28.515625,8.515625,8.515625,2
sub-05,4,237,60,80.0,19722,20922,21222,80.0,0.0,0.0,4
sub-05,4,238,60,60.0,28296,29196,29796,67.734375,7.734375,7.734375,1
sub-05,4,239,300,20.0,19476,20976,26976,39.21875,19.21875,19.21875,1
sub-05,4,240,12,80.0,25018,25258,25318,76.484375,-3.515625,3.515625,4
sub-06,1,1,60,40.0,25202,25802,26702,26.796875,-13.203125,13.203125,2
sub-06,1,2,300,60.0,16327,20827,23827,41.875,-18.125,18.125,2
sub-06,1,3,60,60.0,1414,2314,2914,41.796875,-18.203125,18.203125,3
sub-06,1,4,60,60.0,22148,23048,23648,23.59375,-36.40625,36.40625,3
sub-06,1,5,60,20.0,28296,28596,29796,59.765625,39.765625,39.765625,3
sub-06,1,6,300,20.0,20069,21569,27569,49.53125,29.53125,29.53125,2
sub-06,1,7,60,80.0,16451,17651,17951,69.296875,-10.703125,10.703125,3
sub-06,1,8,60,20.0,25202,25502,26702,31.5625,11.5625,11.5625,3
sub-06,1,9,300,80.0,20069,26069,27569,63.671875,-16.328125,16.328125,3
sub-06,1,10,60,60.0,28296,29196,29796,12.8125,-47.1875,47.1875,2
sub-06,1,11,60,60.0,13176,14076,14676,72.421875,12.421875,12.421875,3
sub-06,1,12,60,80.0,11369,12569,12869,83.984375,3.984375,3.984375,3
sub-06,1,13,60,40.0,13942,14542,15442,17.5,-22.5,22.5,3
sub-06,1,14,12,80.0,2486,2726,2786,85.0,5.0,5.0,2
sub-06,1,15,12,20.0,2486,2546,2786,22.34375,2.34375,2.34375,3
sub-06,1,16,300,80.0,21224,27224,28724,69.0625,-10.9375,10.9375,3
sub-06,1,17,300,40.0,20069,23069,27569,68.828125,28.828125,28.828125,3
sub-06,1,18,12,60.0,17959,18139,18259,72.890625,12.890625,12.890625,3
sub-06,1,19,12,80.0,15586,15826,15886,37.03125,-42.96875,42.96875,2
sub-06,1,20,60,80.0,25895,27095,27395,58.203125,-21.796875,21.796875,2
sub-06,1,21,12,40.0,29300,29420,29600,78.828125,38.828125,38.828125,3
sub-06,1,22,60,40.0,28296,28896,29796,71.5625,31.5625,31.5625,3
sub-06,1,23,60,20.0,11369,11669,12869,13.59375,-6.40625,6.40625,2
sub-06,1,24,60,40.0,22148,22748,23648,38.59375,-1.40625,1.40625,2
sub-06,1,25,300,60.0,11085,15585,18585,53.125,-6.875,6.875,2
sub-06,1,26,60,40.0,3650,4250,5150,33.125,-6.875,6.875,2
sub-06,1,27,12,20.0,13450,13510,13750,21.953125,1.953125,1.953125,2
sub-06,1,28,12,60.0,23924,24104,24224,70.15625,10.15625,10.15625,2
sub-06,1,29,12,40.0,27281,27401,27581,46.015625,6.015625,6.015625,2
sub-06,1,30,12,40.0,25820,25940,26120,39.84375,-0.15625,0.15625,2
sub-06,1,31,12,60.0,13450,13630,13750,47.109375,-12.890625,12.890625,2
sub-06,1,32,12,40.0,3739,3859,4039,41.875,1.875,1.875,2
sub-06,1,33,60,40.0,13176,13776,14676,29.53125,-10.46875,10.46875,2
sub-06,1,34,300,40.0,19476,22476,26976,58.125,18.125,18.125,2
sub-06,1,35,12,80.0,21800,22040,22100,94.609375,14.609375,14.609375,3
sub-06,1,36,12,20.0,21800,21860,22100,67.265625,47.265625,47.265625,2
sub-06,1,37,12,60.0,12500,12680,12800,67.1875,7.1875,7.1875,2
sub-06,1,38,300,20.0,16072,17572,23572,45.703125,25.703125,25.703125,2
sub-06,1,39,12,20.0,15162,15222,15462,23.28125,3.28125,3.28125,2
sub-06,1,40,300,60.0,10273,14773,17773,31.484375,-28.515625,28.515625,2
sub-06,1,41,60,20.0,19722,20022,21222,43.046875,23.046875,23.046875,2
sub-06,1,42,300,40.0,11085,14085,18585,38.28125,-1.71875,1.71875,2
sub-06,1,43,300,80.0,13458,19458,20958,42.734375,-37.265625,37.265625,2
sub-06,1,44,60,60.0,21153,22053,22653,33.671875,-26.328125,26.328125,3
sub-06,1,45,60,80.0,13942,15142,15442,83.90625,3.90625,3.90625,3
sub-06,1,46,300,80.0,14351,20351,21851,67.1875,-12.8125,12.8125,2
sub-06,1,47,60,20.0,9187,9487,10687,37.8125,17.8125,17.8125,2
sub-06,1,48,60,40.0,14390,14990,15890,37.8125,-2.1875,2.1875,2
sub-06,1,49,60,80.0,15628,16828,17128,34.140625,-45.859375,45.859375,2
sub-06,1,50,12,60.0,26328,26508,26628,78.75,18.75,18.75,3
sub-06,1,51,60,80.0,13176,14376,14676,67.734375,-12.265625,12.265625,3
sub-06,1,52,60,20.0,10035,10335,11535,30.703125,10.703125,10.703125,2
sub-06,1,53,300,80.0,12645,18645,20145,38.59375,-41.40625,41.40625,2
sub-06,1,54,12,40.0,21800,21920,22100,33.671875,-6.328125,6.328125,2
sub-06,1,55,300,40.0,18200,21200,25700,37.65625,-2.34375,2.34375,2
sub-06,1,56,60,60.0,12596,13496,14096,36.640625,-23.359375,23.359375,2
sub-06,1,57,60,80.0,9187,10387,10687,65.15625,-14.84375,14.84375,2
sub-06,1,58,300,80.0,10273,16273,17773,71.484375,-8.515625,8.515625,2
sub-06,1,59,300,60.0,9381,13881,16881,27.1875,-32.8125,32.8125,2
sub-06,1,60,60,20.0,12596,12896,14096,20.546875,0.546875,0.546875,2
sub-06,2,61,12,80.0,16152,16392,16452,100.0,20.0,20.0,4
sub-06,2,62,300,60.0,19988,24488,27488,61.953125,1.953125,1.953125,2
sub-06,2,63,300,40.0,16072,19072,23572,23.28125,-16.71875,16.71875,2
sub-06,2,64,300,20.0,18922,20422,26422,65.703125,45.703125,45.703125,2
sub-06,2,65,60,20.0,21153,21453,22653,10.078125,-9.921875,9.921875,3
sub-06,2,66,12,20.0,14329,14389,14629,62.578125,42.578125,42.578125,2
sub-06,2,67,12,80.0,25018,25258,25318,76.328125,-3.671875,3.671875,2
sub-06,2,68,12,40.0,15162,15282,15462,68.90625,28.90625,28.90625,2
sub-06,2,69,60,60.0,25895,26795,27395,29.609375,-30.390625,30.390625,2
sub-06,2,70,12,60.0,1602,1782,1902,88.515625,28.515625,28.515625,3
sub-06,2,71,300,40.0,22736,25736,30236,40.078125,0.078125,0.078125,2
sub-06,2,72,12,60.0,29300,29480,29600,91.328125,31.328125,31.328125,2
sub-06,2,73,12,60.0,15586,15766,15886,77.34375,17.34375,17.34375,2
sub-06,2,74,60,80.0,26923,28123,28423,25.390625,-54.609375,54.609375,2
sub-06,2,75,300,60.0,2522,7022,10022,26.640625,-33.359375,33.359375,2
sub-06,2,76,60,80.0,12596,13796,14096,38.28125,-41.71875,41.71875,2
sub-06,2,77,60,40.0,25895,26495,27395,71.09375,31.09375,31.09375,1
sub-06,2,78,300,60.0,14351,18851,21851,37.34375,-22.65625,22.65625,2
sub-06,2,79,300,40.0,19988,22988,27488,50.703125,10.703125,10.703125,2
sub-06,2,80,300,80.0,1960,7960,9460,59.6875,-20.3125,20.3125,2
sub-06,2,81,300,40.0,14351,17351,21851,58.984375,18.984375,18.984375,2
sub-06,2,82,12,40.0,2486,2606,2786,8.125,-31.875,31.875,2
sub-06,2,83,60,60.0,19722,20622,21222,92.265625,32.265625,32.265625,2
sub-06,2,84,300,60.0,13458,17958,20958,35.3125,-24.6875,24.6875,2
sub-06,2,85,12,80.0,4600,4840,4900,87.890625,7.890625,7.890625,2
sub-06,2,86,12,40.0,15586,15706,15886,40.9375,0.9375,0.9375,2
sub-06,2,87,300,80.0,16072,22072,23572,34.921875,-45.078125,45.078125,2
sub-06,2,88,12,80.0,17959,18199,18259,36.796875,-43.203125,43.203125,2
sub-06,2,89,12,80.0,11565,11805,11865,30.46875,-49.53125,49.53125,2
sub-06,2,90,300,20.0,22736,24236,30236,25.859375,5.859375,5.859375,2
sub-06,2,91,12,20.0,23924,23984,24224,37.8125,17.8125,17.8125,2
sub-06,2,92,60,40.0,15628,16228,17128,49.765625,9.765625,9.765625,2
sub-06,2,93,60,80.0,28296,29496,29796,32.1875,-47.8125,47.8125,2
sub-06,2,94,60,20.0,26923,27223,28423,26.328125,6.328125,6.328125,3
sub-06,2,95,60,20.0,22148,22448,23648,50.0,30.0,30.0,2
sub-06,2,96,60,60.0,9187,10087,10687,50.0,-10.0,10.0,2
sub-06,2,97,12,80.0,29300,29540,29600,88.046875,8.046875,8.046875,2
sub-06,2,98,12,40.0,4600,4720,4900,33.59375,-6.40625,6.40625,2
sub-06,2,99,12,20.0,27281,27341,27581,50.0,30.0,30.0,2
sub-06,2,100,12,20.0,25018,25078,25318,5.46875,-14.53125,14.53125,3
sub-06,2,101,12,80.0,23924,24164,24224,81.640625,1.640625,1.640625,3
sub-06,2,102,60,40.0,21153,21753,22653,65.703125,25.703125,25.703125,2
sub-06,2,103,60,20.0,25895,26195,27395,42.265625,22.265625,22.265625,2
sub-06,2,104,300,40.0,1960,4960,9460,47.734375,7.734375,7.734375,2
sub-06,2,105,300,60.0,14066,18566,21566,32.890625,-27.109375,27.109375,2
sub-06,2,106,12,40.0,25018,25138,25318,40.15625,0.15625,0.15625,2
sub-06,2,107,300,20.0,21224,22724,28724,33.90625,13.90625,13.90625,3
sub-06,2,108,12,80.0,14329,14569,14629,52.65625,-27.34375,27.34375,2
sub-06,2,109,300,60.0,21224,25724,28724,57.34375,-2.65625,2.65625,2
sub-06,2,110,300,40.0,13557,16557,21057,56.25,16.25,16.25,2
sub-06,2,111,60,40.0,10035,10635,11535,50.0,10.0,10.0,2
sub-06,2,112,300,60.0,16072,20572,23572,23.75,-36.25,36.25,2
sub-06,2,113,300,20.0,19476,20976,26976,49.0625,29.0625,29.0625,2
sub-06,2,114,300,20.0,13458,14958,20958,50.0,30.0,30.0,2
sub-06,2,115,60,20.0,16451,16751,17951,50.0,30.0,30.0,2
sub-06,2,116,60,40.0,26923,27523,28423,33.90625,-6.09375,6.09375,2
sub-06,2,117,60,20.0,1414,1714,2914,50.0,30.0,30.0,2
sub-06,2,118,300,80.0,19988,25988,27488,24.921875,-55.078125,55.078125,2
sub-06,2,119,300,20.0,16327,17827,23827,63.59375,43.59375,43.59375,2
sub-06,2,120,60,40.0,4556,5156,6056,19.609375,-20.390625,20.390625,2
sub-06,3,121,12,20.0,17959,18019,18259,15.390625,-4.609375,4.609375,2
sub-06,3,122,12,60.0,21800,21980,22100,34.53125,-25.46875,25.46875,2
sub-06,3,123,60,60.0,11369,12269,12869,34.53125,-25.46875,25.46875,2
sub-06,3,124,12,60.0,27281,27461,27581,17.890625,-42.109375,42.109375,2
sub-06,3,125,60,80.0,4556,5756,6056,67.5,-12.5,12.5,3
sub-06,3,126,12,60.0,14329,14509,14629,63.671875,3.671875,3.671875,3
sub-06,3,127,300,60.0,20069,24569,27569,56.640625,-3.359375,3.359375,3
sub-06,3,128,300,40.0,14066,17066,21566,50.0,10.0,10.0,2
sub-06,3,129,60,60.0,26923,27823,28423,50.0,-10.0,10.0,2
sub-06,3,130,300,20.0,9381,10881,16881,32.65625,12.65625,12.65625,2
sub-06,3,131,60,40.0,1414,2014,2914,16.015625,-23.984375,23.984375,2
sub-06,3,132,12,60.0,2486,2666,2786,78.4375,18.4375,18.4375,3
sub-06,3,133,60,80.0,21153,22353,22653,67.34375,-12.65625,12.65625,3
sub-06,3,134,60,80.0,3650,4850,5150,67.34375,-12.65625,12.65625,3
sub-06,3,135,12,20.0,11565,11625,11865,62.109375,42.109375,42.109375,3
sub-06,3,136,12,20.0,25820,25880,26120,54.609375,34.609375,34.609375,3
sub-06,3,137,60,40.0,17621,18221,19121,67.34375,27.34375,27.34375,3
sub-06,3,138,300,20.0,14351,15851,21851,67.34375,47.34375,47.34375,3
sub-06,3,139,60,60.0,25202,26102,26702,26.5625,-33.4375,33.4375,3
sub-06,3,140,60,60.0,16451,17351,17951,25.390625,-34.609375,34.609375,3
sub-06,3,141,300,20.0,14066,15566,21566,26.875,6.875,6.875,3
sub-06,3,142,12,40.0,26328,26448,26628,66.796875,26.796875,26.796875,3
sub-06,3,143,300,20.0,10273,11773,17773,66.5625,46.5625,46.5625,3
sub-06,3,144,60,60.0,15628,16528,17128,38.359375,-21.640625,21.640625,3
sub-06,3,145,300,20.0,2522,4022,10022,29.921875,9.921875,9.921875,3
sub-06,3,146,12,60.0,25018,25198,25318,35.546875,-24.453125,24.453125,3
sub-06,3,147,60,20.0,14390,14690,15890,35.859375,15.859375,15.859375,2
sub-06,3,148,12,60.0,11565,11745,11865,29.375,-30.625,30.625,2
sub-06,3,149,60,60.0,13942,14842,15442,100.0,40.0,40.0,2
sub-06,3,150,300,60.0,10518,15018,18018,54.84375,-5.15625,5.15625,2
sub-06,3,151,12,80.0,26328,26568,26628,87.96875,7.96875,7.96875,2
sub-06,3,152,60,80.0,25202,26402,26702,31.71875,-48.28125,48.28125,2
sub-06,3,153,300,40.0,13458,16458,20958,71.09375,31.09375,31.09375,3
sub-06,3,154,60,60.0,10035,10935,11535,64.375,4.375,4.375,3
sub-06,3,155,60,20.0,3650,3950,5150,28.90625,8.90625,8.90625,2
sub-06,3,156,300,40.0,10518,13518,18018,30.9375,-9.0625,9.0625,2
sub-06,3,157,60,60.0,17621,18521,19121,31.171875,-28.828125,28.828125,2
sub-06,3,158,12,20.0,21273,21333,21573,31.328125,11.328125,11.328125,2
sub-06,3,159,12,20.0,4600,4660,4900,4.375,-15.625,15.625,3
sub-06,3,160,60,60.0,14390,15290,15890,57.421875,-2.578125,2.578125,3
sub-06,3,161,12,20.0,16152,16212,16452,6.953125,-13.046875,13.046875,3
sub-06,3,162,12,20.0,12500,12560,12800,30.703125,10.703125,10.703125,3
sub-06,3,163,300,20.0,10518,12018,18018,26.953125,6.953125,6.953125,2
sub-06,3,164,300,80.0,9381,15381,16881,34.765625,-45.234375,45.234375,2
sub-06,3,165,300,40.0,9381,12381,16881,34.0625,-5.9375,5.9375,2
sub-06,3,166,12,80.0,15162,15402,15462,34.0625,-45.9375,45.9375,2
sub-06,3,167,12,60.0,15162,15342,15462,34.0625,-25.9375,25.9375,2
sub-06,3,168,12,80.0,3739,3979,4039,93.984375,13.984375,13.984375,3
sub-06,3,169,300,20.0,11085,12585,18585,72.109375,52.109375,52.109375,3
sub-06,3,170,60,40.0,16451,17051,17951,50.0,10.0,10.0,2
sub-06,3,171,60,20.0,13942,14242,15442,16.171875,-3.828125,3.828125,2
sub-06,3,172,12,80.0,21273,21513,21573,99.296875,19.296875,19.296875,4
sub-06,3,173,300,40.0,12645,15645,20145,20.15625,-19.84375,19.84375,2
sub-06,3,174,60,80.0,1414,2614,2914,26.5625,-53.4375,53.4375,2
sub-06,3,175,12,60.0,16152,16332,16452,26.5625,-33.4375,33.4375,3
sub-06,3,176,300,80.0,13557,19557,21057,43.4375,-36.5625,36.5625,2
sub-06,3,177,60,80.0,19722,20922,21222,86.25,6.25,6.25,3
sub-06,3,178,12,20.0,3739,3799,4039,35.46875,15.46875,15.46875,2
sub-06,3,179,60,60.0,3650,4550,5150,35.078125,-24.921875,24.921875,2
sub-06,3,180,300,80.0,16327,22327,23827,74.6875,-5.3125,5.3125,3
sub-06,4,181,300,20.0,1960,3460,9460,74.6875,54.6875,54.6875,3
sub-06,4,182,300,80.0,10518,16518,18018,35.859375,-44.140625,44.140625,2
sub-06,4,183,12,40.0,21273,21393,21573,0.0,-40.0,40.0,4
sub-06,4,184,300,60.0,1960,6460,9460,50.0,-10.0,10.0,3
sub-06,4,185,300,40.0,10273,13273,17773,68.203125,28.203125,28.203125,2
sub-06,4,186,300,20.0,19988,21488,27488,57.96875,37.96875,37.96875,3
sub-06,4,187,12,20.0,1602,1662,1902,50.0,30.0,30.0,2
sub-06,4,188,12,40.0,1602,1722,1902,30.078125,-9.921875,9.921875,2
sub-06,4,189,12,80.0,27281,27521,27581,50.0,-30.0,30.0,2
sub-06,4,190,60,80.0,17621,18821,19121,50.0,-30.0,30.0,2
sub-06,4,191,12,40.0,12500,12620,12800,64.296875,24.296875,24.296875,2
sub-06,4,192,60,40.0,11369,11969,12869,50.0,10.0,10.0,2
sub-06,4,193,300,40.0,21224,24224,28724,69.53125,29.53125,29.53125,3
sub-06,4,194,300,80.0,22736,28736,30236,72.03125,-7.96875,7.96875,2
sub-06,4,195,60,20.0,17621,17921,19121,51.328125,31.328125,31.328125,2
sub-06,4,196,12,20.0,26328,26388,26628,50.0,30.0,30.0,2
sub-06,4,197,60,80.0,22148,23348,23648,50.0,-30.0,30.0,2
sub-06,4,198,12,40.0,13450,13570,13750,21.40625,-18.59375,18.59375,2
sub-06,4,199,300,80.0,18922,24922,26422,60.78125,-19.21875,19.21875,2
sub-06,4,200,12,20.0,15586,15646,15886,34.921875,14.921875,14.921875,2
sub-06,4,201,12,60.0,21273,21453,21573,10.78125,-49.21875,49.21875,4
sub-06,4,202,60,80.0,10035,11235,11535,40.3125,-39.6875,39.6875,1
sub-06,4,203,300,60.0,22736,27236,30236,50.0,-10.0,10.0,2
sub-06,4,204,300,80.0,19476,25476,26976,45.78125,-34.21875,34.21875,2
sub-06,4,205,60,60.0,4556,5456,6056,50.0,-10.0,10.0,2
sub-06,4,206,12,40.0,11565,11685,11865,36.953125,-3.046875,3.046875,2
sub-06,4,207,300,80.0,2522,8522,10022,38.046875,-41.953125,41.953125,2
sub-06,4,208,60,20.0,4556,4856,6056,30.625,10.625,10.625,2
sub-06,4,209,12,60.0,3739,3919,4039,81.171875,21.171875,21.171875,2
sub-06,4,210,300,80.0,18200,24200,25700,43.125,-36.875,36.875,2
sub-06,4,211,12,40.0,14329,14449,14629,43.203125,3.203125,3.203125,2
sub-06,4,212,60,20.0,15628,15928,17128,32.5,12.5,12.5,2
sub-06,4,213,300,20.0,13557,15057,21057,34.6875,14.6875,14.6875,2
sub-06,4,214,300,60.0,19476,23976,26976,34.765625,-25.234375,25.234375,2
sub-06,4,215,300,40.0,2522,5522,10022,34.765625,-5.234375,5.234375,2
sub-06,4,216,12,80.0,13450,13690,13750,85.0,5.0,5.0,4
sub-06,4,217,12,80.0,25820,26060,26120,50.0,-30.0,30.0,3
sub-06,4,218,12,40.0,23924,24044,24224,29.84375,-10.15625,10.15625,2
sub-06,4,219,300,20.0,12645,14145,20145,29.453125,9.453125,9.453125,2
sub-06,4,220,12,80.0,1602,1842,1902,50.0,-30.0,30.0,3
sub-06,4,221,60,80.0,14390,15590,15890,50.0,-30.0,30.0,2
sub-06,4,222,12,80.0,12500,12740,12800,50.46875,-29.53125,29.53125,2
sub-06,4,223,300,60.0,12645,17145,20145,50.0,-10.0,10.0,2
sub-06,4,224,300,60.0,18922,23422,26422,50.0,-10.0,10.0,2
sub-06,4,225,60,40.0,9187,9787,10687,34.296875,-5.703125,5.703125,3
sub-06,4,226,300,40.0,16327,19327,23827,50.0,10.0,10.0,2
sub-06,4,227,12,20.0,29300,29360,29600,77.265625,57.265625,57.265625,2
sub-06,4,228,300,60.0,13557,18057,21057,58.046875,-1.953125,1.953125,2
sub-06,4,229,300,80.0,11085,17085,18585,50.0,-30.0,30.0,2
sub-06,4,230,12,60.0,25820,26000,26120,38.359375,-21.640625,21.640625,2
sub-06,4,231,300,80.0,14066,20066,21566,50.0,-30.0,30.0,2
sub-06,4,232,12,40.0,16152,16272,16452,62.578125,22.578125,22.578125,2
sub-06,4,233,60,20.0,13176,13476,14676,28.90625,8.90625,8.90625,3
sub-06,4,234,60,40.0,19722,20322,21222,50.0,10.0,10.0,2
sub-06,4,235,300,40.0,18922,21922,26422,40.78125,0.78125,0.78125,2
sub-06,4,236,12,40.0,17959,18079,18259,44.453125,4.453125,4.453125,2
sub-06,4,237,12,60.0,4600,4780,4900,50.0,-10.0,10.0,2
sub-06,4,238,300,20.0,18200,19700,25700,39.296875,19.296875,19.296875,2
sub-06,4,239,60,40.0,12596,13196,14096,39.296875,-0.703125,0.703125,2
sub-06,4,240,300,60.0,18200,22700,25700,65.15625,5.15625,5.15625,2
sub-07,1,1,60,80.0,21153,22353,22653,52.34375,-27.65625,27.65625,1
sub-07,1,2,300,60.0,19476,23976,26976,49.84375,-10.15625,10.15625,1
sub-07,1,3,300,20.0,10273,11773,17773,70.3125,50.3125,50.3125,2
sub-07,1,4,60,40.0,13176,13776,14676,42.890625,2.890625,2.890625,2
sub-07,1,5,300,40.0,10273,13273,17773,61.5625,21.5625,21.5625,2
sub-07,1,6,60,80.0,3650,4850,5150,77.1875,-2.8125,2.8125,3
sub-07,1,7,12,40.0,17959,18079,18259,64.609375,24.609375,24.609375,2
sub-07,1,8,300,60.0,12645,17145,20145,80.390625,20.390625,20.390625,2
sub-07,1,9,60,80.0,26923,28123,28423,74.84375,-5.15625,5.15625,2
sub-07,1,10,12,20.0,21800,21860,22100,77.34375,57.34375,57.34375,3
sub-07,1,11,12,40.0,23924,24044,24224,21.796875,-18.203125,18.203125,2
sub-07,1,12,60,40.0,19722,20322,21222,87.890625,47.890625,47.890625,3
sub-07,1,13,12,20.0,1602,1662,1902,47.65625,27.65625,27.65625,2
sub-07,1,14,300,40.0,13458,16458,20958,59.140625,19.140625,19.140625,1
sub-07,1,15,300,80.0,11085,17085,18585,76.875,-3.125,3.125,2
sub-07,1,16,12,80.0,17959,18199,18259,44.140625,-35.859375,35.859375,1
sub-07,1,17,12,80.0,27281,27521,27581,48.125,-31.875,31.875,2
sub-07,1,18,12,20.0,16152,16212,16452,7.265625,-12.734375,12.734375,3
sub-07,1,19,300,20.0,10518,12018,18018,31.25,11.25,11.25,1
sub-07,1,20,300,40.0,19988,22988,27488,44.21875,4.21875,4.21875,4
sub-07,1,21,60,80.0,25895,27095,27395,89.375,9.375,9.375,3
sub-07,1,22,12,40.0,27281,27401,27581,80.546875,40.546875,40.546875,2
sub-07,1,23,60,80.0,28296,29496,29796,72.5,-7.5,7.5,2
sub-07,1,24,300,60.0,10273,14773,17773,71.015625,11.015625,11.015625,2
sub-07,1,25,60,60.0,17621,18521,19121,74.53125,14.53125,14.53125,2
sub-07,1,26,300,60.0,21224,25724,28724,39.375,-20.625,20.625,2
sub-07,1,27,12,40.0,16152,16272,16452,18.046875,-21.953125,21.953125,2
sub-07,1,28,300,60.0,16072,20572,23572,20.9375,-39.0625,39.0625,2
sub-07,1,29,12,20.0,23924,23984,24224,5.390625,-14.609375,14.609375,3
sub-07,1,30,300,20.0,1960,3460,9460,11.40625,-8.59375,8.59375,2
sub-07,1,31,300,20.0,2522,4022,10022,42.65625,22.65625,22.65625,2
sub-07,1,32,12,60.0,12500,12680,12800,56.171875,-3.828125,3.828125,3
sub-07,1,33,300,20.0,13557,15057,21057,18.203125,-1.796875,1.796875,2
sub-07,1,34,300,80.0,18200,24200,25700,32.890625,-47.109375,47.109375,2
sub-07,1,35,12,20.0,15586,15646,15886,3.4375,-16.5625,16.5625,4
sub-07,1,36,60,60.0,15628,16528,17128,34.921875,-25.078125,25.078125,2
sub-07,1,37,60,60.0,1414,2314,2914,42.65625,-17.34375,17.34375,2
sub-07,1,38,300,60.0,11085,15585,18585,59.0625,-0.9375,0.9375,2
sub-07,1,39,12,40.0,13450,13570,13750,77.578125,37.578125,37.578125,2
sub-07,1,40,300,40.0,16072,19072,23572,45.859375,5.859375,5.859375,1
sub-07,1,41,60,40.0,10035,10635,11535,37.5,-2.5,2.5,1
sub-07,1,42,12,80.0,14329,14569,14629,90.15625,10.15625,10.15625,3
sub-07,1,43,300,40.0,18200,21200,25700,58.984375,18.984375,18.984375,2
sub-07,1,44,60,40.0,3650,4250,5150,20.3125,-19.6875,19.6875,2
sub-07,1,45,12,20.0,25820,25880,26120,20.390625,0.390625,0.390625,3
sub-07,1,46,300,80.0,9381,15381,16881,78.515625,-1.484375,1.484375,2
sub-07,1,47,12,80.0,3739,3979,4039,88.59375,8.59375,8.59375,3
sub-07,1,48,12,20.0,12500,12560,12800,22.578125,2.578125,2.578125,3
sub-07,1,49,12,60.0,13450,13630,13750,89.375,29.375,29.375,3
sub-07,1,50,300,80.0,16072,22072,23572,65.390625,-14.609375,14.609375,1
sub-07,1,51,12,60.0,3739,3919,4039,95.703125,35.703125,35.703125,3
sub-07,1,52,300,40.0,18922,21922,26422,60.9375,20.9375,20.9375,1
sub-07,1,53,60,20.0,14390,14690,15890,32.421875,12.421875,12.421875,2
sub-07,1,54,60,80.0,17621,18821,19121,57.578125,-22.421875,22.421875,2
sub-07,1,55,12,60.0,2486,2666,2786,82.109375,22.109375,22.109375,2
sub-07,1,56,12,40.0,2486,2606,2786,15.703125,-24.296875,24.296875,3
sub-07,1,57,12,60.0,21273,21453,21573,70.859375,10.859375,10.859375,2
sub-07,1,58,60,60.0,3650,4550,5150,90.703125,30.703125,30.703125,2
sub-07,1,59,300,60.0,14066,18566,21566,41.09375,-18.90625,18.90625,2
sub-07,1,60,60,20.0,13942,14242,15442,17.109375,-2.890625,2.890625,2
sub-07,2,61,300,40.0,10518,13518,18018,35.0,-5.0,5.0,1
sub-07,2,62,12,20.0,29300,29360,29600,64.375,44.375,44.375,2
sub-07,2,63,60,20.0,16451,16751,17951,43.4375,23.4375,23.4375,2
sub-07,2,64,300,20.0,19476,20976,26976,55.703125,35.703125,35.703125,2
sub-07,2,65,300,80.0,1960,7960,9460,48.125,-31.875,31.875,2
sub-07,2,66,300,20.0,16072,17572,23572,73.984375,53.984375,53.984375,1
sub-07,2,67,12,40.0,15162,15282,15462,79.84375,39.84375,39.84375,3
sub-07,2,68,300,20.0,16327,17827,23827,37.734375,17.734375,17.734375,2
sub-07,2,69,60,20.0,12596,12896,14096,43.59375,23.59375,23.59375,2
sub-07,2,70,60,40.0,13942,14542,15442,32.5,-7.5,7.5,2
sub-07,2,71,60,60.0,28296,29196,29796,65.0,5.0,5.0,1
sub-07,2,72,300,80.0,14351,20351,21851,80.15625,0.15625,0.15625,1
sub-07,2,73,60,80.0,9187,10387,10687,68.984375,-11.015625,11.015625,1
sub-07,2,74,12,60.0,26328,26508,26628,83.28125,23.28125,23.28125,3
sub-07,2,75,60,20.0,1414,1714,2914,21.875,1.875,1.875,2
sub-07,2,76,300,40.0,16327,19327,23827,36.328125,-3.671875,3.671875,1
sub-07,2,77,12,80.0,29300,29540,29600,62.96875,-17.03125,17.03125,3
sub-07,2,78,12,20.0,3739,3799,4039,24.609375,4.609375,4.609375,2
sub-07,2,79,60,40.0,1414,2014,2914,39.0625,-0.9375,0.9375,3
sub-07,2,80,60,40.0,22148,22748,23648,47.96875,7.96875,7.96875,2
sub-07,2,81,60,60.0,25895,26795,27395,21.484375,-38.515625,38.515625,1
sub-07,2,82,300,80.0,10273,16273,17773,29.453125,-50.546875,50.546875,2
sub-07,2,83,300,80.0,20069,26069,27569,58.984375,-21.015625,21.015625,2
sub-07,2,84,60,20.0,26923,27223,28423,54.375,34.375,34.375,2
sub-07,2,85,300,60.0,20069,24569,27569,45.546875,-14.453125,14.453125,2
sub-07,2,86,300,20.0,13458,14958,20958,37.8125,17.8125,17.8125,2
sub-07,2,87,300,40.0,12645,15645,20145,27.5,-12.5,12.5,2
sub-07,2,88,12,80.0,13450,13690,13750,66.640625,-13.359375,13.359375,1
sub-07,2,89,12,80.0,11565,11805,11865,17.96875,-62.03125,62.03125,2
sub-07,2,90,12,80.0,16152,16392,16452,96.328125,16.328125,16.328125,3
sub-07,2,91,300,40.0,19476,22476,26976,47.34375,7.34375,7.34375,1
sub-07,2,92,300,80.0,2522,8522,10022,46.796875,-33.203125,33.203125,1
sub-07,2,93,60,40.0,28296,28896,29796,33.046875,-6.953125,6.953125,2
sub-07,2,94,60,80.0,25202,26402,26702,69.609375,-10.390625,10.390625,2
sub-07,2,95,12,40.0,3739,3859,4039,73.125,33.125,33.125,2
sub-07,2,96,300,20.0,14066,15566,21566,54.609375,34.609375,34.609375,1
sub-07,2,97,300,80.0,19988,25988,27488,66.171875,-13.828125,13.828125,1
sub-07,2,98,60,20.0,22148,22448,23648,37.5,17.5,17.5,2
sub-07,2,99,12,40.0,15586,15706,15886,34.609375,-5.390625,5.390625,3
sub-07,2,100,12,20.0,26328,26388,26628,61.25,41.25,41.25,2
sub-07,2,101,300,40.0,22736,25736,30236,60.46875,20.46875,20.46875,2
sub-07,2,102,12,80.0,21273,21513,21573,81.953125,1.953125,1.953125,3
sub-07,2,103,12,20.0,25018,25078,25318,30.0,10.0,10.0,3
sub-07,2,104,12,20.0,14329,14389,14629,28.59375,8.59375,8.59375,3
sub-07,2,105,60,60.0,22148,23048,23648,43.046875,-16.953125,16.953125,2
sub-07,2,106,12,40.0,12500,12620,12800,55.625,15.625,15.625,3
sub-07,2,107,60,20.0,4556,4856,6056,19.0625,-0.9375,0.9375,3
sub-07,2,108,60,60.0,9187,10087,10687,54.140625,-5.859375,5.859375,2
sub-07,2,109,60,60.0,12596,13496,14096,53.28125,-6.71875,6.71875,1
sub-07,2,110,60,20.0,15628,15928,17128,76.328125,56.328125,56.328125,2
sub-07,2,111,60,80.0,14390,15590,15890,75.0,-5.0,5.0,3
sub-07,2,112,60,40.0,21153,21753,22653,32.890625,-7.109375,7.109375,2
sub-07,2,113,12,60.0,23924,24104,24224,23.75,-36.25,36.25,2
sub-07,2,114,60,40.0,25202,25802,26702,24.609375,-15.390625,15.390625,2
sub-07,2,115,300,20.0,9381,10881,16881,42.578125,22.578125,22.578125,1
sub-07,2,116,60,40.0,9187,9787,10687,32.734375,-7.265625,7.265625,2
sub-07,2,117,12,60.0,16152,16332,16452,40.390625,-19.609375,19.609375,2
sub-07,2,118,300,40.0,14351,17351,21851,45.0,5.0,5.0,1
sub-07,2,119,60,60.0,14390,15290,15890,56.71875,-3.28125,3.28125,2
sub-07,2,120,60,20.0,21153,21453,22653,23.359375,3.359375,3.359375,2
sub-07,3,121,300,40.0,14066,17066,21566,41.71875,1.71875,1.71875,2
sub-07,3,122,60,80.0,10035,11235,11535,34.375,-45.625,45.625,2
sub-07,3,123,300,60.0,22736,27236,30236,54.375,-5.625,5.625,2
sub-07,3,124,12,40.0,26328,26448,26628,68.828125,28.828125,28.828125,2
sub-07,3,125,12,80.0,25820,26060,26120,32.734375,-47.265625,47.265625,2
sub-07,3,126,60,60.0,25202,26102,26702,63.90625,3.90625,3.90625,2
sub-07,3,127,60,60.0,26923,27823,28423,63.59375,3.59375,3.59375,2
sub-07,3,128,60,60.0,11369,12269,12869,43.28125,-16.71875,16.71875,1
sub-07,3,129,12,60.0,27281,27461,27581,70.78125,10.78125,10.78125,2
sub-07,3,130,60,60.0,10035,10935,11535,60.9375,0.9375,0.9375,2
sub-07,3,131,60,80.0,15628,16828,17128,69.21875,-10.78125,10.78125,2
sub-07,3,132,300,20.0,14351,15851,21851,34.921875,14.921875,14.921875,2
sub-07,3,133,300,20.0,18200,19700,25700,59.296875,39.296875,39.296875,1
sub-07,3,134,12,20.0,15162,15222,15462,65.703125,45.703125,45.703125,2
sub-07,3,135,60,80.0,13176,14376,14676,77.578125,-2.421875,2.421875,3
sub-07,3,136,60,40.0,4556,5156,6056,71.5625,31.5625,31.5625,3
sub-07,3,137,12,60.0,4600,4780,4900,36.40625,-23.59375,23.59375,1
sub-07,3,138,300,80.0,21224,27224,28724,77.734375,-2.265625,2.265625,2
sub-07,3,139,300,20.0,20069,21569,27569,52.8125,32.8125,32.8125,2
sub-07,3,140,12,60.0,21800,21980,22100,76.328125,16.328125,16.328125,2
sub-07,3,141,12,40.0,4600,4720,4900,24.375,-15.625,15.625,2
sub-07,3,142,60,80.0,22148,23348,23648,58.75,-21.25,21.25,2
sub-07,3,143,12,20.0,2486,2546,2786,9.453125,-10.546875,10.546875,3
sub-07,3,144,300,80.0,10518,16518,18018,58.359375,-21.640625,21.640625,1
sub-07,3,145,12,20.0,27281,27341,27581,73.515625,53.515625,53.515625,1
sub-07,3,146,300,60.0,18200,22700,25700,44.6875,-15.3125,15.3125,1
sub-07,3,147,60,20.0,3650,3950,5150,32.8125,12.8125,12.8125,2
sub-07,3,148,60,20.0,17621,17921,19121,23.4375,3.4375,3.4375,2
sub-07,3,149,12,60.0,29300,29480,29600,63.828125,3.828125,3.828125,3
sub-07,3,150,12,80.0,15586,15826,15886,50.859375,-29.140625,29.140625,3
sub-07,3,151,12,60.0,25018,25198,25318,76.328125,16.328125,16.328125,3
sub-07,3,152,300,40.0,11085,14085,18585,48.28125,8.28125,8.28125,1
sub-07,3,153,12,80.0,21800,22040,22100,89.84375,9.84375,9.84375,3
sub-07,3,154,300,60.0,13557,18057,21057,68.515625,8.515625,8.515625,2
sub-07,3,155,60,80.0,16451,17651,17951,79.609375,-0.390625,0.390625,2
sub-07,3,156,60,60.0,19722,20622,21222,68.828125,8.828125,8.828125,2
sub-07,3,157,60,80.0,4556,5756,6056,72.421875,-7.578125,7.578125,2
sub-07,3,158,60,40.0,26923,27523,28423,80.625,40.625,40.625,2
sub-07,3,159,60,20.0,11369,11669,12869,23.4375,3.4375,3.4375,2
sub-07,3,160,300,80.0,12645,18645,20145,70.546875,-9.453125,9.453125,2
sub-07,3,161,12,20.0,21273,21333,21573,24.609375,4.609375,4.609375,2
sub-07,3,162,12,80.0,15162,15402,15462,68.59375,-11.40625,11.40625,2
sub-07,3,163,12,40.0,21800,21920,22100,66.796875,26.796875,26.796875,3
sub-07,3,164,12,80.0,1602,1842,1902,76.09375,-3.90625,3.90625,3
sub-07,3,165,12,60.0,14329,14509,14629,53.90625,-6.09375,6.09375,3
sub-07,3,166,300,20.0,11085,12585,18585,37.265625,17.265625,17.265625,2
sub-07,3,167,300,80.0,22736,28736,30236,44.375,-35.625,35.625,1
sub-07,3,168,300,20.0,22736,24236,30236,60.859375,40.859375,40.859375,2
sub-07,3,169,12,40.0,29300,29420,29600,48.359375,8.359375,8.359375,2
sub-07,3,170,300,40.0,1960,4960,9460,57.34375,17.34375,17.34375,1
sub-07,3,171,12,80.0,26328,26568,26628,79.921875,-0.078125,0.078125,2
sub-07,3,172,12,40.0,25820,25940,26120,33.59375,-6.40625,6.40625,2
sub-07,3,173,12,80.0,2486,2726,2786,66.5625,-13.4375,13.4375,2
sub-07,3,174,60,60.0,4556,5456,6056,36.328125,-23.671875,23.671875,2
sub-07,3,175,60,40.0,15628,16228,17128,47.1875,7.1875,7.1875,2
sub-07,3,176,12,80.0,23924,24164,24224,86.25,6.25,6.25,2
sub-07,3,177,300,20.0,12645,14145,20145,62.1875,42.1875,42.1875,1
sub-07,3,178,60,40.0,17621,18221,19121,45.0,5.0,5.0,2
sub-07,3,179,300,80.0,14066,20066,21566,48.984375,-31.015625,31.015625,1
sub-07,3,180,60,40.0,16451,17051,17951,51.25,11.25,11.25,1
sub-07,4,181,60,60.0,13176,14076,14676,90.390625,30.390625,30.390625,3
sub-07,4,182,60,20.0,10035,10335,11535,36.25,16.25,16.25,1
sub-07,4,183,12,60.0,15162,15342,15462,72.421875,12.421875,12.421875,2
sub-07,4,184,60,20.0,25202,25502,26702,38.4375,18.4375,18.4375,2
sub-07,4,185,300,80.0,13557,19557,21057,48.4375,-31.5625,31.5625,2
sub-07,4,186,300,60.0,14351,18851,21851,42.734375,-17.265625,17.265625,1
sub-07,4,187,300,80.0,16327,22327,23827,67.421875,-12.578125,12.578125,2
sub-07,4,188,300,60.0,19988,24488,27488,42.34375,-17.65625,17.65625,1
sub-07,4,189,60,40.0,14390,14990,15890,53.671875,13.671875,13.671875,1
sub-07,4,190,60,20.0,25895,26195,27395,39.296875,19.296875,19.296875,2
sub-07,4,191,12,20.0,11565,11625,11865,44.6875,24.6875,24.6875,1
sub-07,4,192,60,20.0,19722,20022,21222,31.09375,11.09375,11.09375,2
sub-07,4,193,300,60.0,18922,23422,26422,37.03125,-22.96875,22.96875,2
sub-07,4,194,300,80.0,13458,19458,20958,45.625,-34.375,34.375,1
sub-07,4,195,12,40.0,21273,21393,21573,33.4375,-6.5625,6.5625,2
sub-07,4,196,300,40.0,9381,12381,16881,54.140625,14.140625,14.140625,1
sub-07,4,197,300,60.0,16327,20827,23827,44.375,-15.625,15.625,1
sub-07,4,198,12,40.0,1602,1722,1902,34.375,-5.625,5.625,2
sub-07,4,199,12,40.0,11565,11685,11865,23.59375,-16.40625,16.40625,2
sub-07,4,200,60,80.0,12596,13796,14096,53.4375,-26.5625,26.5625,2
sub-07,4,201,60,40.0,12596,13196,14096,51.25,11.25,11.25,2
sub-07,4,202,300,40.0,20069,23069,27569,67.890625,27.890625,27.890625,1
sub-07,4,203,12,80.0,4600,4840,4900,73.75,-6.25,6.25,4
sub-07,4,204,300,60.0,10518,15018,18018,62.34375,2.34375,2.34375,2
sub-07,4,205,12,20.0,4600,4660,4900,50.703125,30.703125,30.703125,3
sub-07,4,206,300,20.0,21224,22724,28724,61.640625,41.640625,41.640625,1
sub-07,4,207,60,20.0,9187,9487,10687,39.53125,19.53125,19.53125,2
sub-07,4,208,300,60.0,2522,7022,10022,60.15625,0.15625,0.15625,1
sub-07,4,209,300,60.0,1960,6460,9460,56.015625,-3.984375,3.984375,1
sub-07,4,210,12,20.0,17959,18019,18259,28.28125,8.28125,8.28125,2
sub-07,4,211,60,20.0,13176,13476,14676,26.171875,6.171875,6.171875,3
sub-07,4,212,60,80.0,13942,15142,15442,68.671875,-11.328125,11.328125,2
sub-07,4,213,300,40.0,21224,24224,28724,62.96875,22.96875,22.96875,2
sub-07,4,214,60,60.0,21153,22053,22653,22.03125,-37.96875,37.96875,2
sub-07,4,215,12,20.0,13450,13510,13750,76.875,56.875,56.875,3
sub-07,4,216,60,80.0,11369,12569,12869,72.65625,-7.34375,7.34375,3
sub-07,4,217,12,60.0,11565,11745,11865,35.546875,-24.453125,24.453125,2
sub-07,4,218,12,80.0,25018,25258,25318,51.875,-28.125,28.125,2
sub-07,4,219,300,80.0,19476,25476,26976,42.734375,-37.265625,37.265625,2
sub-07,4,220,60,60.0,13942,14842,15442,32.578125,-27.421875,27.421875,2
sub-07,4,221,300,60.0,13458,17958,20958,68.828125,8.828125,8.828125,1
sub-07,4,222,60,20.0,28296,28596,29796,30.46875,10.46875,10.46875,2
sub-07,4,223,300,80.0,18922,24922,26422,53.59375,-26.40625,26.40625,2
sub-07,4,224,12,40.0,25018,25138,25318,55.078125,15.078125,15.078125,2
sub-07,4,225,12,60.0,25820,26000,26120,35.390625,-24.609375,24.609375,2
sub-07,4,226,12,60.0,17959,18139,18259,39.6875,-20.3125,20.3125,1
sub-07,4,227,300,20.0,19988,21488,27488,67.890625,47.890625,47.890625,2
sub-07,4,228,12,40.0,14329,14449,14629,48.671875,8.671875,8.671875,3
sub-07,4,229,300,40.0,2522,5522,10022,68.515625,28.515625,28.515625,1
sub-07,4,230,60,80.0,19722,20922,21222,72.1875,-7.8125,7.8125,3
sub-07,4,231,12,60.0,1602,1782,1902,72.03125,12.03125,12.03125,3
sub-07,4,232,300,60.0,9381,13881,16881,55.78125,-4.21875,4.21875,2
sub-07,4,233,60,40.0,11369,11969,12869,68.671875,28.671875,28.671875,2
sub-07,4,234,60,40.0,25895,26495,27395,57.65625,17.65625,17.65625,2
sub-07,4,235,60,60.0,16451,17351,17951,37.890625,-22.109375,22.109375,2
sub-07,4,236,300,20.0,18922,20422,26422,53.828125,33.828125,33.828125,2
sub-07,4,237,12,60.0,15586,15766,15886,47.890625,-12.109375,12.109375,3
sub-07,4,238,300,40.0,13557,16557,21057,57.8125,17.8125,17.8125,1
sub-07,4,239,12,80.0,12500,12740,12800,48.59375,-31.40625,31.40625,3
sub-07,4,240,60,80.0,1414,2614,2914,90.546875,10.546875,10.546875,3
sub-08,1,1,60,20.0,13942,14242,15442,2.03125,-17.96875,17.96875,4
sub-08,1,2,12,80.0,15162,15402,15462,86.09375,6.09375,6.09375,3
sub-08,1,3,60,40.0,13176,13776,14676,21.484375,-18.515625,18.515625,4
sub-08,1,4,60,80.0,4556,5756,6056,72.34375,-7.65625,7.65625,3
sub-08,1,5,12,80.0,14329,14569,14629,74.296875,-5.703125,5.703125,3
sub-08,1,6,60,20.0,9187,9487,10687,14.921875,-5.078125,5.078125,3
sub-08,1,7,12,20.0,2486,2546,2786,14.21875,-5.78125,5.78125,4
sub-08,1,8,60,60.0,12596,13496,14096,26.71875,-33.28125,33.28125,2
sub-08,1,9,300,20.0,13557,15057,21057,8.046875,-11.953125,11.953125,3
sub-08,1,10,300,20.0,20069,21569,27569,34.296875,14.296875,14.296875,1
sub-08,1,11,60,80.0,17621,18821,19121,74.53125,-5.46875,5.46875,2
sub-08,1,12,300,40.0,19988,22988,27488,30.78125,-9.21875,9.21875,1
sub-08,1,13,60,80.0,1414,2614,2914,82.890625,2.890625,2.890625,3
sub-08,1,14,60,80.0,11369,12569,12869,72.96875,-7.03125,7.03125,2
sub-08,1,15,60,20.0,10035,10335,11535,29.84375,9.84375,9.84375,3
sub-08,1,16,12,20.0,25018,25078,25318,27.734375,7.734375,7.734375,2
sub-08,1,17,300,80.0,13458,19458,20958,71.71875,-8.28125,8.28125,2
sub-08,1,18,300,60.0,14066,18566,21566,38.59375,-21.40625,21.40625,1
sub-08,1,19,12,60.0,21800,21980,22100,55.078125,-4.921875,4.921875,2
sub-08,1,20,300,60.0,21224,25724,28724,51.640625,-8.359375,8.359375,1
sub-08,1,21,12,60.0,16152,16332,16452,17.34375,-42.65625,42.65625,2
sub-08,1,22,60,60.0,15628,16528,17128,26.40625,-33.59375,33.59375,3
sub-08,1,23,60,80.0,25202,26402,26702,30.46875,-49.53125,49.53125,2
sub-08,1,24,60,40.0,10035,10635,11535,66.796875,26.796875,26.796875,2
sub-08,1,25,12,40.0,14329,14449,14629,76.25,36.25,36.25,3
sub-08,1,26,300,40.0,16327,19327,23827,25.859375,-14.140625,14.140625,3
sub-08,1,27,300,80.0,20069,26069,27569,73.671875,-6.328125,6.328125,2
sub-08,1,28,300,40.0,11085,14085,18585,61.40625,21.40625,21.40625,2
sub-08,1,29,60,60.0,4556,5456,6056,27.8125,-32.1875,32.1875,2
sub-08,1,30,300,60.0,18922,23422,26422,27.890625,-32.109375,32.109375,3
sub-08,1,31,12,40.0,17959,18079,18259,76.5625,36.5625,36.5625,2
sub-08,1,32,300,60.0,22736,27236,30236,88.59375,28.59375,28.59375,3
sub-08,1,33,12,80.0,27281,27521,27581,73.203125,-6.796875,6.796875,2
sub-08,1,34,60,60.0,13176,14076,14676,69.375,9.375,9.375,3
sub-08,1,35,300,80.0,2522,8522,10022,76.171875,-3.828125,3.828125,3
sub-08,1,36,60,20.0,12596,12896,14096,32.265625,12.265625,12.265625,2
sub-08,1,37,12,80.0,13450,13690,13750,82.890625,2.890625,2.890625,4
sub-08,1,38,60,40.0,13942,14542,15442,37.734375,-2.265625,2.265625,3
sub-08,1,39,12,80.0,21800,22040,22100,76.25,-3.75,3.75,3
sub-08,1,40,60,20.0,21153,21453,22653,21.5625,1.5625,1.5625,2
sub-08,1,41,12,40.0,2486,2606,2786,28.203125,-11.796875,11.796875,2
sub-08,1,42,60,60.0,3650,4550,5150,87.8125,27.8125,27.8125,2
sub-08,1,43,300,80.0,10273,16273,17773,35.078125,-44.921875,44.921875,3
sub-08,1,44,12,60.0,15162,15342,15462,84.0625,24.0625,24.0625,3
sub-08,1,45,300,40.0,20069,23069,27569,51.796875,11.796875,11.796875,1
sub-08,1,46,300,20.0,21224,22724,28724,13.515625,-6.484375,6.484375,3
sub-08,1,47,300,80.0,14351,20351,21851,79.53125,-0.46875,0.46875,2
sub-08,1,48,300,60.0,19476,23976,26976,28.75,-31.25,31.25,1
sub-08,1,49,12,60.0,3739,3919,4039,90.859375,30.859375,30.859375,4
sub-08,1,50,300,40.0,14351,17351,21851,76.796875,36.796875,36.796875,1
sub-08,1,51,60,80.0,16451,17651,17951,85.546875,5.546875,5.546875,3
sub-08,1,52,300,40.0,21224,24224,28724,27.65625,-12.34375,12.34375,2
sub-08,1,53,12,80.0,11565,11805,11865,81.09375,1.09375,1.09375,3
sub-08,1,54,300,80.0,12645,18645,20145,80.390625,0.390625,0.390625,3
sub-08,1,55,300,40.0,19476,22476,26976,25.859375,-14.140625,14.140625,1
sub-08,1,56,300,40.0,12645,15645,20145,25.0,-15.0,15.0,2
sub-08,1,57,12,60.0,15586,15766,15886,84.921875,24.921875,24.921875,3
sub-08,1,58,60,80.0,21153,22353,22653,74.453125,-5.546875,5.546875,2
sub-08,1,59,300,40.0,10273,13273,17773,51.328125,11.328125,11.328125,1
sub-08,1,60,12,80.0,29300,29540,29600,85.625,5.625,5.625,3
sub-08,2,61,60,20.0,16451,16751,17951,27.03125,7.03125,7.03125,3
sub-08,2,62,300,20.0,18200,19700,25700,22.34375,2.34375,2.34375,2
sub-08,2,63,300,80.0,14066,20066,21566,58.125,-21.875,21.875,2
sub-08,2,64,12,80.0,4600,4840,4900,47.65625,-32.34375,32.34375,2
sub-08,2,65,12,20.0,4600,4660,4900,35.390625,15.390625,15.390625,3
sub-08,2,66,12,80.0,23924,24164,24224,86.796875,6.796875,6.796875,3
sub-08,2,67,12,80.0,16152,16392,16452,86.71875,6.71875,6.71875,4
sub-08,2,68,12,60.0,13450,13630,13750,17.734375,-42.265625,42.265625,2
sub-08,2,69,300,40.0,13458,16458,20958,86.40625,46.40625,46.40625,3
sub-08,2,70,60,40.0,12596,13196,14096,25.3125,-14.6875,14.6875,2
sub-08,2,71,300,80.0,1960,7960,9460,76.875,-3.125,3.125,2
sub-08,2,72,12,40.0,29300,29420,29600,82.109375,42.109375,42.109375,2
sub-08,2,73,12,60.0,1602,1782,1902,77.8125,17.8125,17.8125,3
sub-08,2,74,300,20.0,2522,4022,10022,32.734375,12.734375,12.734375,2
sub-08,2,75,12,80.0,17959,18199,18259,63.828125,-16.171875,16.171875,2
sub-08,2,76,300,40.0,10518,13518,18018,14.609375,-25.390625,25.390625,1
sub-08,2,77,300,60.0,19988,24488,27488,59.921875,-0.078125,0.078125,3
sub-08,2,78,300,40.0,9381,12381,16881,74.140625,34.140625,34.140625,4
sub-08,2,79,60,60.0,16451,17351,17951,33.90625,-26.09375,26.09375,1
sub-08,2,80,300,20.0,11085,12585,18585,83.984375,63.984375,63.984375,1
sub-08,2,81,300,20.0,12645,14145,20145,74.0625,54.0625,54.0625,3
sub-08,2,82,12,60.0,4600,4780,4900,83.515625,23.515625,23.515625,3
sub-08,2,83,300,80.0,16072,22072,23572,29.140625,-50.859375,50.859375,1
sub-08,2,84,60,80.0,19722,20922,21222,84.765625,4.765625,4.765625,4
sub-08,2,85,60,60.0,26923,27823,28423,71.484375,11.484375,11.484375,3
sub-08,2,86,300,60.0,10273,14773,17773,36.40625,-23.59375,23.59375,2
sub-08,2,87,60,20.0,3650,3950,5150,37.109375,17.109375,17.109375,3
sub-08,2,88,60,60.0,14390,15290,15890,33.28125,-26.71875,26.71875,3
sub-08,2,89,60,80.0,13176,14376,14676,76.71875,-3.28125,3.28125,2
sub-08,2,90,300,60.0,12645,17145,20145,64.375,4.375,4.375,2
sub-08,2,91,300,80.0,18922,24922,26422,39.6875,-40.3125,40.3125,1
sub-08,2,92,300,80.0,18200,24200,25700,73.046875,-6.953125,6.953125,3
sub-08,2,93,12,20.0,25820,25880,26120,18.90625,-1.09375,1.09375,2
sub-08,2,94,12,20.0,27281,27341,27581,39.296875,19.296875,19.296875,2
sub-08,2,95,60,80.0,22148,23348,23648,49.84375,-30.15625,30.15625,1
sub-08,2,96,12,20.0,26328,26388,26628,73.90625,53.90625,53.90625,3
sub-08,2,97,300,60.0,16072,20572,23572,27.8125,-32.1875,32.1875,1
sub-08,2,98,300,80.0,22736,28736,30236,74.0625,-5.9375,5.9375,1
sub-08,2,99,60,60.0,19722,20622,21222,76.5625,16.5625,16.5625,3
sub-08,2,100,12,40.0,12500,12620,12800,66.796875,26.796875,26.796875,3
sub-08,2,101,60,60.0,25895,26795,27395,83.046875,23.046875,23.046875,1
sub-08,2,102,300,20.0,13458,14958,20958,23.203125,3.203125,3.203125,3
sub-08,2,103,60,60.0,22148,23048,23648,78.359375,18.359375,18.359375,3
sub-08,2,104,300,20.0,19988,21488,27488,73.828125,53.828125,53.828125,1
sub-08,2,105,12,20.0,23924,23984,24224,15.3125,-4.6875,4.6875,4
sub-08,2,106,60,20.0,25202,25502,26702,27.265625,7.265625,7.265625,3
sub-08,2,107,12,60.0,14329,14509,14629,34.609375,-25.390625,25.390625,3
sub-08,2,108,12,40.0,27281,27401,27581,34.296875,-5.703125,5.703125,3
sub-08,2,109,12,80.0,15586,15826,15886,77.03125,-2.96875,2.96875,2
sub-08,2,110,300,40.0,2522,5522,10022,70.46875,30.46875,30.46875,2
sub-08,2,111,60,40.0,28296,28896,29796,64.375,24.375,24.375,3
sub-08,2,112,12,40.0,23924,24044,24224,33.75,-6.25,6.25,4
sub-08,2,113,300,60.0,2522,7022,10022,25.546875,-34.453125,34.453125,3
sub-08,2,114,60,20.0,11369,11669,12869,37.8125,17.8125,17.8125,4
sub-08,2,115,300,80.0,10518,16518,18018,70.546875,-9.453125,9.453125,3
sub-08,2,116,12,40.0,15586,15706,15886,27.734375,-12.265625,12.265625,4
sub-08,2,117,12,20.0,13450,13510,13750,72.5,52.5,52.5,4
sub-08,2,118,60,60.0,28296,29196,29796,37.5,-22.5,22.5,2
sub-08,2,119,300,80.0,19988,25988,27488,45.9375,-34.0625,34.0625,1
sub-08,2,120,300,80.0,13557,19557,21057,68.125,-11.875,11.875,3
sub-08,3,121,60,20.0,14390,14690,15890,21.796875,1.796875,1.796875,3
sub-08,3,122,300,40.0,18922,21922,26422,30.859375,-9.140625,9.140625,3
sub-08,3,123,300,40.0,14066,17066,21566,35.703125,-4.296875,4.296875,3
sub-08,3,124,300,60.0,20069,24569,27569,61.09375,1.09375,1.09375,1
sub-08,3,125,12,40.0,25820,25940,26120,21.5625,-18.4375,18.4375,4
sub-08,3,126,300,60.0,13557,18057,21057,64.375,4.375,4.375,3
sub-08,3,127,60,40.0,9187,9787,10687,33.125,-6.875,6.875,3
sub-08,3,128,60,20.0,28296,28596,29796,15.078125,-4.921875,4.921875,3
sub-08,3,129,12,60.0,21273,21453,21573,30.625,-29.375,29.375,4
sub-08,3,130,300,20.0,1960,3460,9460,67.578125,47.578125,47.578125,3
sub-08,3,131,60,60.0,13942,14842,15442,28.984375,-31.015625,31.015625,3
sub-08,3,132,12,40.0,15162,15282,15462,83.75,43.75,43.75,3
sub-08,3,133,300,80.0,9381,15381,16881,51.09375,-28.90625,28.90625,1
sub-08,3,134,60,40.0,25202,25802,26702,27.96875,-12.03125,12.03125,3
sub-08,3,135,12,80.0,21273,21513,21573,90.390625,10.390625,10.390625,4
sub-08,3,136,60,40.0,25895,26495,27395,30.78125,-9.21875,9.21875,3
sub-08,3,137,60,40.0,22148,22748,23648,75.9375,35.9375,35.9375,2
sub-08,3,138,300,60.0,11085,15585,18585,59.765625,-0.234375,0.234375,2
sub-08,3,139,60,40.0,21153,21753,22653,36.875,-3.125,3.125,3
sub-08,3,140,300,80.0,11085,17085,18585,70.234375,-9.765625,9.765625,3
sub-08,3,141,300,60.0,10518,15018,18018,28.28125,-31.71875,31.71875,1
sub-08,3,142,60,20.0,26923,27223,28423,74.6875,54.6875,54.6875,3
sub-08,3,143,300,60.0,18200,22700,25700,23.125,-36.875,36.875,2
sub-08,3,144,300,20.0,19476,20976,26976,77.578125,57.578125,57.578125,1
sub-08,3,145,300,60.0,16327,20827,23827,32.96875,-27.03125,27.03125,3
sub-08,3,146,60,60.0,10035,10935,11535,71.40625,11.40625,11.40625,2
sub-08,3,147,60,40.0,11369,11969,12869,65.78125,25.78125,25.78125,3
sub-08,3,148,300,20.0,14351,15851,21851,28.671875,8.671875,8.671875,3
sub-08,3,149,12,60.0,25820,26000,26120,69.296875,9.296875,9.296875,2
sub-08,3,150,60,80.0,10035,11235,11535,30.46875,-49.53125,49.53125,3
sub-08,3,151,60,60.0,25202,26102,26702,13.90625,-46.09375,46.09375,3
sub-08,3,152,12,80.0,2486,2726,2786,74.453125,-5.546875,5.546875,3
sub-08,3,153,12,40.0,25018,25138,25318,95.46875,55.46875,55.46875,4
sub-08,3,154,300,40.0,16072,19072,23572,33.59375,-6.40625,6.40625,4
sub-08,3,155,60,80.0,12596,13796,14096,33.984375,-46.015625,46.015625,1
sub-08,3,156,60,40.0,17621,18221,19121,73.671875,33.671875,33.671875,2
sub-08,3,157,60,40.0,19722,20322,21222,68.125,28.125,28.125,4
sub-08,3,158,12,80.0,25820,26060,26120,32.8125,-47.1875,47.1875,2
sub-08,3,159,60,40.0,3650,4250,5150,23.75,-16.25,16.25,3
sub-08,3,160,60,60.0,17621,18521,19121,69.140625,9.140625,9.140625,3
sub-08,3,161,60,80.0,15628,16828,17128,66.796875,-13.203125,13.203125,3
sub-08,3,162,12,40.0,26328,26448,26628,72.34375,32.34375,32.34375,4
sub-08,3,163,60,80.0,28296,29496,29796,43.671875,-36.328125,36.328125,1
sub-08,3,164,60,80.0,14390,15590,15890,79.921875,-0.078125,0.078125,4
sub-08,3,165,300,80.0,21224,27224,28724,68.671875,-11.328125,11.328125,3
sub-08,3,166,60,20.0,15628,15928,17128,68.984375,48.984375,48.984375,2
sub-08,3,167,12,80.0,25018,25258,25318,72.1875,-7.8125,7.8125,3
sub-08,3,168,12,60.0,12500,12680,12800,73.984375,13.984375,13.984375,4
sub-08,3,169,60,60.0,11369,12269,12869,38.75,-21.25,21.25,3
sub-08,3,170,12,20.0,3739,3799,4039,27.96875,7.96875,7.96875,3
sub-08,3,171,60,60.0,1414,2314,2914,25.546875,-34.453125,34.453125,3
sub-08,3,172,12,20.0,12500,12560,12800,81.875,61.875,61.875,3
sub-08,3,173,300,20.0,10518,12018,18018,32.734375,12.734375,12.734375,2
sub-08,3,174,12,80.0,3739,3979,4039,87.96875,7.96875,7.96875,4
sub-08,3,175,60,80.0,26923,28123,28423,70.234375,-9.765625,9.765625,3
sub-08,3,176,300,40.0,22736,25736,30236,52.03125,12.03125,12.03125,2
sub-08,3,177,12,60.0,23924,24104,24224,73.28125,13.28125,13.28125,4
sub-08,3,178,12,20.0,14329,14389,14629,63.28125,43.28125,43.28125,3
sub-08,3,179,300,20.0,9381,10881,16881,82.421875,62.421875,62.421875,2
sub-08,3,180,300,20.0,22736,24236,30236,39.375,19.375,19.375,2
sub-08,4,181,12,20.0,1602,1662,1902,40.625,20.625,20.625,2
sub-08,4,182,300,40.0,18200,21200,25700,56.640625,16.640625,16.640625,3
sub-08,4,183,60,40.0,4556,5156,6056,64.609375,24.609375,24.609375,3
sub-08,4,184,12,40.0,4600,4720,4900,22.5,-17.5,17.5,2
sub-08,4,185,300,80.0,16327,22327,23827,67.265625,-12.734375,12.734375,3
sub-08,4,186,12,20.0,15162,15222,15462,71.875,51.875,51.875,3
sub-08,4,187,60,80.0,3650,4850,5150,83.515625,3.515625,3.515625,3
sub-08,4,188,60,60.0,9187,10087,10687,24.375,-35.625,35.625,3
sub-08,4,189,300,20.0,10273,11773,17773,40.234375,20.234375,20.234375,2
sub-08,4,190,12,60.0,11565,11745,11865,26.71875,-33.28125,33.28125,2
sub-08,4,191,12,20.0,17959,18019,18259,34.0625,14.0625,14.0625,3
sub-08,4,192,300,60.0,14351,18851,21851,76.09375,16.09375,16.09375,3
sub-08,4,193,60,40.0,1414,2014,2914,35.390625,-4.609375,4.609375,2
sub-08,4,194,60,20.0,25895,26195,27395,68.28125,48.28125,48.28125,3
sub-08,4,195,12,20.0,15586,15646,15886,25.9375,5.9375,5.9375,4
sub-08,4,196,12,60.0,2486,2666,2786,78.90625,18.90625,18.90625,3
sub-08,4,197,12,60.0,27281,27461,27581,64.21875,4.21875,4.21875,2
sub-08,4,198,60,40.0,16451,17051,17951,32.578125,-7.421875,7.421875,1
sub-08,4,199,60,20.0,4556,4856,6056,72.1875,52.1875,52.1875,3
sub-08,4,200,12,80.0,1602,1842,1902,77.578125,-2.421875,2.421875,3
sub-08,4,201,300,60.0,9381,13881,16881,33.90625,-26.09375,26.09375,3
sub-08,4,202,12,40.0,13450,13570,13750,41.09375,1.09375,1.09375,3
sub-08,4,203,12,40.0,21273,21393,21573,37.96875,-2.03125,2.03125,3
sub-08,4,204,60,80.0,25895,27095,27395,72.03125,-7.96875,7.96875,3
sub-08,4,205,300,60.0,1960,6460,9460,31.171875,-28.828125,28.828125,3
sub-08,4,206,12,20.0,21800,21860,22100,70.234375,50.234375,50.234375,3
sub-08,4,207,60,20.0,13176,13476,14676,31.25,11.25,11.25,3
sub-08,4,208,60,20.0,1414,1714,2914,24.921875,4.921875,4.921875,4
sub-08,4,209,300,80.0,19476,25476,26976,82.265625,2.265625,2.265625,3
sub-08,4,210,300,20.0,16327,17827,23827,34.0625,14.0625,14.0625,4
sub-08,4,211,300,60.0,13458,17958,20958,32.421875,-27.578125,27.578125,3
sub-08,4,212,12,20.0,21273,21333,21573,25.0,5.0,5.0,3
sub-08,4,213,12,40.0,1602,1722,1902,85.46875,45.46875,45.46875,2
sub-08,4,214,300,20.0,14066,15566,21566,40.703125,20.703125,20.703125,3
sub-08,4,215,12,20.0,16152,16212,16452,27.5,7.5,7.5,2
sub-08,4,216,300,20.0,18922,20422,26422,71.015625,51.015625,51.015625,3
sub-08,4,217,12,80.0,12500,12740,12800,32.890625,-47.109375,47.109375,3
sub-08,4,218,60,40.0,15628,16228,17128,65.15625,25.15625,25.15625,3
sub-08,4,219,12,20.0,29300,29360,29600,75.0,55.0,55.0,3
sub-08,4,220,12,40.0,16152,16272,16452,30.625,-9.375,9.375,3
sub-08,4,221,60,80.0,13942,15142,15442,71.328125,-8.671875,8.671875,3
sub-08,4,222,12,40.0,21800,21920,22100,76.484375,36.484375,36.484375,3
sub-08,4,223,300,40.0,13557,16557,21057,70.3125,30.3125,30.3125,2
sub-08,4,224,12,60.0,25018,25198,25318,86.953125,26.953125,26.953125,3
sub-08,4,225,12,40.0,3739,3859,4039,26.640625,-13.359375,13.359375,3
sub-08,4,226,12,60.0,26328,26508,26628,81.953125,21.953125,21.953125,3
sub-08,4,227,12,60.0,17959,18139,18259,75.15625,15.15625,15.15625,2
sub-08,4,228,12,80.0,26328,26568,26628,72.890625,-7.109375,7.109375,2
sub-08,4,229,60,40.0,26923,27523,28423,70.9375,30.9375,30.9375,3
sub-08,4,230,60,60.0,21153,22053,22653,34.375,-25.625,25.625,3
sub-08,4,231,60,40.0,14390,14990,15890,41.171875,1.171875,1.171875,1
sub-08,4,232,60,20.0,19722,20022,21222,46.640625,26.640625,26.640625,3
sub-08,4,233,12,40.0,11565,11685,11865,37.734375,-2.265625,2.265625,3
sub-08,4,234,60,20.0,17621,17921,19121,33.515625,13.515625,13.515625,3
sub-08,4,235,300,40.0,1960,4960,9460,71.015625,31.015625,31.015625,3
sub-08,4,236,12,60.0,29300,29480,29600,73.125,13.125,13.125,3
sub-08,4,237,60,80.0,9187,10387,10687,34.21875,-45.78125,45.78125,2
sub-08,4,238,60,20.0,22148,22448,23648,77.109375,57.109375,57.109375,3
sub-08,4,239,12,20.0,11565,11625,11865,55.546875,35.546875,35.546875,2
sub-08,4,240,300,20.0,16072,17572,23572,77.890625,57.890625,57.890625,2
sub-09,1,1,60,60.0,9187,10087,10687,73.203125,13.203125,13.203125,1
sub-09,1,2,300,60.0,16327,20827,23827,26.328125,-33.671875,33.671875,3
sub-09,1,3,60,80.0,15628,16828,17128,73.515625,-6.484375,6.484375,3
sub-09,1,4,60,20.0,9187,9487,10687,53.359375,33.359375,33.359375,2
sub-09,1,5,300,60.0,14066,18566,21566,82.109375,22.109375,22.109375,2
sub-09,1,6,12,20.0,15162,15222,15462,50.0,30.0,30.0,3
sub-09,1,7,60,80.0,28296,29496,29796,67.890625,-12.109375,12.109375,3
sub-09,1,8,300,40.0,18200,21200,25700,24.6875,-15.3125,15.3125,3
sub-09,1,9,12,80.0,21800,22040,22100,100.0,20.0,20.0,4
sub-09,1,10,300,40.0,13557,16557,21057,76.015625,36.015625,36.015625,3
sub-09,1,11,300,80.0,13557,19557,21057,67.734375,-12.265625,12.265625,1
sub-09,1,12,60,80.0,11369,12569,12869,88.046875,8.046875,8.046875,3
sub-09,1,13,300,80.0,21224,27224,28724,59.6875,-20.3125,20.3125,2
sub-09,1,14,300,20.0,18922,20422,26422,50.0,30.0,30.0,1
sub-09,1,15,12,20.0,25820,25880,26120,14.921875,-5.078125,5.078125,3
sub-09,1,16,12,40.0,11565,11685,11865,3.203125,-36.796875,36.796875,3
sub-09,1,17,12,20.0,16152,16212,16452,8.046875,-11.953125,11.953125,3
sub-09,1,18,300,20.0,10273,11773,17773,75.9375,55.9375,55.9375,3
sub-09,1,19,12,20.0,4600,4660,4900,7.65625,-12.34375,12.34375,4
sub-09,1,20,12,80.0,16152,16392,16452,100.0,20.0,20.0,4
sub-09,1,21,300,40.0,16327,19327,23827,50.0,10.0,10.0,1
sub-09,1,22,60,20.0,25202,25502,26702,19.84375,-0.15625,0.15625,3
sub-09,1,23,12,40.0,15162,15282,15462,21.171875,-18.828125,18.828125,2
sub-09,1,24,60,80.0,4556,5756,6056,74.53125,-5.46875,5.46875,3
sub-09,1,25,12,80.0,14329,14569,14629,66.640625,-13.359375,13.359375,2
sub-09,1,26,300,40.0,20069,23069,27569,50.0,10.0,10.0,1
sub-09,1,27,60,20.0,21153,21453,22653,27.421875,7.421875,7.421875,2
sub-09,1,28,60,60.0,17621,18521,19121,50.0,-10.0,10.0,1
sub-09,1,29,60,80.0,16451,17651,17951,75.625,-4.375,4.375,2
sub-09,1,30,60,40.0,21153,21753,22653,48.203125,8.203125,8.203125,1
sub-09,1,31,60,40.0,28296,28896,29796,36.015625,-3.984375,3.984375,1
sub-09,1,32,12,20.0,15586,15646,15886,0.0,-20.0,20.0,4
sub-09,1,33,60,60.0,10035,10935,11535,72.421875,12.421875,12.421875,3
sub-09,1,34,300,40.0,10273,13273,17773,50.0,10.0,10.0,1
sub-09,1,35,300,20.0,14351,15851,21851,50.0,30.0,30.0,1
sub-09,1,36,60,60.0,21153,22053,22653,30.46875,-29.53125,29.53125,2
sub-09,1,37,60,40.0,15628,16228,17128,50.0,10.0,10.0,1
sub-09,1,38,60,40.0,9187,9787,10687,24.921875,-15.078125,15.078125,3
sub-09,1,39,12,20.0,12500,12560,12800,96.5625,76.5625,76.5625,4
sub-09,1,40,300,20.0,10518,12018,18018,50.0,30.0,30.0,2
sub-09,1,41,12,60.0,4600,4780,4900,12.34375,-47.65625,47.65625,3
sub-09,1,42,12,20.0,13450,13510,13750,32.578125,12.578125,12.578125,3
sub-09,1,43,12,80.0,25820,26060,26120,13.515625,-66.484375,66.484375,3
sub-09,1,44,60,20.0,28296,28596,29796,17.8125,-2.1875,2.1875,3
sub-09,1,45,12,60.0,2486,2666,2786,84.609375,24.609375,24.609375,4
sub-09,1,46,60,80.0,13176,14376,14676,76.328125,-3.671875,3.671875,3
sub-09,1,47,12,60.0,21800,21980,22100,76.328125,16.328125,16.328125,3
sub-09,1,48,300,60.0,9381,13881,16881,49.375,-10.625,10.625,1
sub-09,1,49,300,80.0,10273,16273,17773,32.109375,-47.890625,47.890625,2
sub-09,1,50,300,20.0,13557,15057,21057,24.53125,4.53125,4.53125,2
sub-09,1,51,12,60.0,13450,13630,13750,32.34375,-27.65625,27.65625,2
sub-09,1,52,12,20.0,27281,27341,27581,50.0,30.0,30.0,1
sub-09,1,53,300,20.0,1960,3460,9460,38.671875,18.671875,18.671875,2
sub-09,1,54,300,80.0,18200,24200,25700,35.078125,-44.921875,44.921875,3
sub-09,1,55,60,80.0,9187,10387,10687,50.0,-30.0,30.0,1
sub-09,1,56,300,80.0,1960,7960,9460,50.0,-30.0,30.0,1
sub-09,1,57,300,80.0,10518,16518,18018,41.25,-38.75,38.75,1
sub-09,1,58,60,20.0,1414,1714,2914,32.109375,12.109375,12.109375,3
sub-09,1,59,300,60.0,12645,17145,20145,31.5625,-28.4375,28.4375,2
sub-09,1,60,300,20.0,21224,22724,28724,40.859375,20.859375,20.859375,2
sub-09,2,61,300,20.0,11085,12585,18585,50.0,30.0,30.0,1
sub-09,2,62,60,80.0,25895,27095,27395,67.65625,-12.34375,12.34375,3
sub-09,2,63,12,60.0,25820,26000,26120,39.21875,-20.78125,20.78125,1
sub-09,2,64,12,60.0,1602,1782,1902,93.984375,33.984375,33.984375,4
sub-09,2,65,300,40.0,10518,13518,18018,50.0,10.0,10.0,1
sub-09,2,66,300,60.0,18922,23422,26422,87.96875,27.96875,27.96875,2
sub-09,2,67,300,60.0,19988,24488,27488,63.75,3.75,3.75,2
sub-09,2,68,12,20.0,1602,1662,1902,80.78125,60.78125,60.78125,3
sub-09,2,69,300,60.0,1960,6460,9460,50.0,-10.0,10.0,1
sub-09,2,70,300,60.0,13458,17958,20958,50.0,-10.0,10.0,1
sub-09,2,71,300,40.0,19476,22476,26976,50.0,10.0,10.0,1
sub-09,2,72,60,20.0,15628,15928,17128,77.5,57.5,57.5,3
sub-09,2,73,60,60.0,26923,27823,28423,74.609375,14.609375,14.609375,2
sub-09,2,74,300,80.0,18922,24922,26422,80.15625,0.15625,0.15625,2
sub-09,2,75,60,60.0,3650,4550,5150,76.640625,16.640625,16.640625,3
sub-09,2,76,12,20.0,3739,3799,4039,36.015625,16.015625,16.015625,3
sub-09,2,77,300,40.0,22736,25736,30236,43.75,3.75,3.75,2
sub-09,2,78,60,80.0,26923,28123,28423,63.359375,-16.640625,16.640625,2
sub-09,2,79,12,80.0,12500,12740,12800,76.171875,-3.828125,3.828125,2
sub-09,2,80,300,60.0,10273,14773,17773,38.671875,-21.328125,21.328125,3
sub-09,2,81,12,40.0,29300,29420,29600,92.421875,52.421875,52.421875,4
sub-09,2,82,12,40.0,14329,14449,14629,80.703125,40.703125,40.703125,3
sub-09,2,83,12,40.0,21800,21920,22100,87.1875,47.1875,47.1875,4
sub-09,2,84,60,60.0,1414,2314,2914,43.125,-16.875,16.875,3
sub-09,2,85,12,20.0,26328,26388,26628,77.265625,57.265625,57.265625,4
sub-09,2,86,60,80.0,10035,11235,11535,42.578125,-37.421875,37.421875,2
sub-09,2,87,300,80.0,22736,28736,30236,44.53125,-35.46875,35.46875,1
sub-09,2,88,300,60.0,10518,15018,18018,50.0,-10.0,10.0,1
sub-09,2,89,12,80.0,3739,3979,4039,72.5,-7.5,7.5,4
sub-09,2,90,60,40.0,4556,5156,6056,50.0,10.0,10.0,3
sub-09,2,91,60,60.0,13942,14842,15442,17.109375,-42.890625,42.890625,3
sub-09,2,92,300,20.0,22736,24236,30236,41.40625,21.40625,21.40625,2
sub-09,2,93,12,60.0,3739,3919,4039,73.4375,13.4375,13.4375,3
sub-09,2,94,300,80.0,14351,20351,21851,62.109375,-17.890625,17.890625,3
sub-09,2,95,12,20.0,25018,25078,25318,7.1875,-12.8125,12.8125,4
sub-09,2,96,60,80.0,19722,20922,21222,88.75,8.75,8.75,4
sub-09,2,97,12,80.0,25018,25258,25318,86.484375,6.484375,6.484375,4
sub-09,2,98,12,40.0,4600,4720,4900,25.859375,-14.140625,14.140625,4
sub-09,2,99,60,40.0,12596,13196,14096,50.0,10.0,10.0,1
sub-09,2,100,60,60.0,11369,12269,12869,63.203125,3.203125,3.203125,2
sub-09,2,101,60,40.0,1414,2014,2914,64.765625,24.765625,24.765625,2
sub-09,2,102,300,60.0,22736,27236,30236,67.34375,7.34375,7.34375,1
sub-09,2,103,60,40.0,11369,11969,12869,31.09375,-8.90625,8.90625,2
sub-09,2,104,12,40.0,12500,12620,12800,72.734375,32.734375,32.734375,3
sub-09,2,105,12,40.0,26328,26448,26628,89.21875,49.21875,49.21875,4
sub-09,2,106,60,20.0,12596,12896,14096,14.609375,-5.390625,5.390625,4
sub-09,2,107,300,60.0,16072,20572,23572,50.0,-10.0,10.0,1
sub-09,2,108,12,80.0,4600,4840,4900,88.125,8.125,8.125,4
sub-09,2,109,60,80.0,3650,4850,5150,84.140625,4.140625,4.140625,4
sub-09,2,110,12,80.0,29300,29540,29600,89.140625,9.140625,9.140625,4
sub-09,2,111,60,60.0,28296,29196,29796,66.875,6.875,6.875,2
sub-09,2,112,12,20.0,21800,21860,22100,90.390625,70.390625,70.390625,4
sub-09,2,113,300,80.0,16327,22327,23827,81.71875,1.71875,1.71875,3
sub-09,2,114,300,80.0,9381,15381,16881,50.0,-30.0,30.0,1
sub-09,2,115,300,80.0,2522,8522,10022,77.1875,-2.8125,2.8125,4
sub-09,2,116,300,80.0,11085,17085,18585,50.0,-30.0,30.0,1
sub-09,2,117,12,60.0,15586,15766,15886,50.0,-10.0,10.0,3
sub-09,2,118,300,40.0,14351,17351,21851,38.4375,-1.5625,1.5625,2
sub-09,2,119,300,60.0,13557,18057,21057,50.0,-10.0,10.0,1
sub-09,2,120,300,20.0,16327,17827,23827,59.609375,39.609375,39.609375,1
sub-09,3,121,300,60.0,20069,24569,27569,41.015625,-18.984375,18.984375,2
sub-09,3,122,300,20.0,13458,14958,20958,26.40625,6.40625,6.40625,3
sub-09,3,123,60,20.0,11369,11669,12869,10.625,-9.375,9.375,4
sub-09,3,124,12,20.0,21273,21333,21573,0.0,-20.0,20.0,4
sub-09,3,125,12,80.0,23924,24164,24224,82.34375,2.34375,2.34375,4
sub-09,3,126,300,20.0,14066,15566,21566,32.34375,12.34375,12.34375,3
sub-09,3,127,60,20.0,13942,14242,15442,15.46875,-4.53125,4.53125,4
sub-09,3,128,12,80.0,26328,26568,26628,93.203125,13.203125,13.203125,4
sub-09,3,129,60,60.0,16451,17351,17951,50.0,-10.0,10.0,1
sub-09,3,130,12,40.0,21273,21393,21573,32.03125,-7.96875,7.96875,3
sub-09,3,131,60,60.0,13176,14076,14676,78.046875,18.046875,18.046875,3
sub-09,3,132,12,20.0,14329,14389,14629,50.0,30.0,30.0,3
sub-09,3,133,12,80.0,11565,11805,11865,64.140625,-15.859375,15.859375,3
sub-09,3,134,60,20.0,14390,14690,15890,23.984375,3.984375,3.984375,3
sub-09,3,135,12,80.0,15162,15402,15462,75.15625,-4.84375,4.84375,2
sub-09,3,136,12,40.0,17959,18079,18259,50.0,10.0,10.0,1
sub-09,3,137,60,40.0,17621,18221,19121,50.0,10.0,10.0,1
sub-09,3,138,12,80.0,27281,27521,27581,77.5,-2.5,2.5,3
sub-09,3,139,12,20.0,17959,18019,18259,20.078125,0.078125,0.078125,3
sub-09,3,140,300,40.0,12645,15645,20145,34.375,-5.625,5.625,2
sub-09,3,141,60,20.0,16451,16751,17951,15.15625,-4.84375,4.84375,3
sub-09,3,142,300,80.0,13458,19458,20958,50.0,-30.0,30.0,1
sub-09,3,143,300,40.0,9381,12381,16881,50.0,10.0,10.0,1
sub-09,3,144,300,20.0,16072,17572,23572,61.640625,41.640625,41.640625,2
sub-09,3,145,12,60.0,17959,18139,18259,81.25,21.25,21.25,3
sub-09,3,146,12,40.0,1602,1722,1902,56.015625,16.015625,16.015625,3
sub-09,3,147,60,40.0,19722,20322,21222,71.40625,31.40625,31.40625,3
sub-09,3,148,300,40.0,1960,4960,9460,50.0,10.0,10.0,1
sub-09,3,149,60,40.0,26923,27523,28423,67.96875,27.96875,27.96875,3
sub-09,3,150,12,60.0,14329,14509,14629,87.96875,27.96875,27.96875,3
sub-09,3,151,300,40.0,16072,19072,23572,50.0,10.0,10.0,1
sub-09,3,152,60,20.0,4556,4856,6056,35.9375,15.9375,15.9375,3
sub-09,3,153,300,40.0,21224,24224,28724,41.953125,1.953125,1.953125,2
sub-09,3,154,12,60.0,12500,12680,12800,42.8125,-17.1875,17.1875,2
sub-09,3,155,12,60.0,16152,16332,16452,18.4375,-41.5625,41.5625,3
sub-09,3,156,12,60.0,25018,25198,25318,84.765625,24.765625,24.765625,4
sub-09,3,157,12,20.0,2486,2546,2786,30.0,10.0,10.0,3
sub-09,3,158,60,60.0,12596,13496,14096,50.0,-10.0,10.0,1
sub-09,3,159,300,60.0,11085,15585,18585,50.0,-10.0,10.0,1
sub-09,3,160,60,40.0,22148,22748,23648,50.0,10.0,10.0,1
sub-09,3,161,300,80.0,19988,25988,27488,50.0,-30.0,30.0,1
sub-09,3,162,60,40.0,13176,13776,14676,27.5,-12.5,12.5,3
sub-09,3,163,300,20.0,12645,14145,20145,35.3125,15.3125,15.3125,3
sub-09,3,164,60,80.0,1414,2614,2914,69.375,-10.625,10.625,4
sub-09,3,165,300,80.0,16072,22072,23572,50.0,-30.0,30.0,1
sub-09,3,166,300,80.0,12645,18645,20145,62.578125,-17.421875,17.421875,2
sub-09,3,167,12,20.0,11565,11625,11865,59.21875,39.21875,39.21875,2
sub-09,3,168,60,20.0,17621,17921,19121,33.59375,13.59375,13.59375,3
sub-09,3,169,60,80.0,25202,26402,26702,79.453125,-0.546875,0.546875,3
sub-09,3,170,60,80.0,21153,22353,22653,50.0,-30.0,30.0,1
sub-09,3,171,60,60.0,25895,26795,27395,50.0,-10.0,10.0,1
sub-09,3,172,12,40.0,2486,2606,2786,31.5625,-8.4375,8.4375,3
sub-09,3,173,60,80.0,13942,15142,15442,90.390625,10.390625,10.390625,4
sub-09,3,174,300,20.0,9381,10881,16881,60.15625,40.15625,40.15625,2
sub-09,3,175,12,80.0,13450,13690,13750,100.0,20.0,20.0,4
sub-09,3,176,12,40.0,16152,16272,16452,13.515625,-26.484375,26.484375,4
sub-09,3,177,12,40.0,3739,3859,4039,41.875,1.875,1.875,3
sub-09,3,178,60,60.0,4556,5456,6056,61.71875,1.71875,1.71875,3
sub-09,3,179,60,40.0,14390,14990,15890,50.0,10.0,10.0,1
sub-09,3,180,12,80.0,2486,2726,2786,82.5,2.5,2.5,3
sub-09,4,181,60,60.0,25202,26102,26702,61.25,1.25,1.25,2
sub-09,4,182,12,60.0,23924,24104,24224,74.453125,14.453125,14.453125,2
sub-09,4,183,60,80.0,17621,18821,19121,74.84375,-5.15625,5.15625,3
sub-09,4,184,60,40.0,10035,10635,11535,37.734375,-2.265625,2.265625,2
sub-09,4,185,60,40.0,3650,4250,5150,18.59375,-21.40625,21.40625,4
sub-09,4,186,300,40.0,11085,14085,18585,50.0,10.0,10.0,1
sub-09,4,187,300,20.0,2522,4022,10022,69.53125,49.53125,49.53125,3
sub-09,4,188,60,60.0,14390,15290,15890,50.0,-10.0,10.0,1
sub-09,4,189,300,60.0,21224,25724,28724,35.15625,-24.84375,24.84375,2
sub-09,4,190,60,20.0,13176,13476,14676,7.5,-12.5,12.5,4
sub-09,4,191,12,40.0,27281,27401,27581,50.0,10.0,10.0,1
sub-09,4,192,300,20.0,19988,21488,27488,50.0,30.0,30.0,1
sub-09,4,193,12,20.0,23924,23984,24224,15.9375,-4.0625,4.0625,3
sub-09,4,194,300,20.0,18200,19700,25700,63.59375,43.59375,43.59375,2
sub-09,4,195,60,80.0,22148,23348,23648,50.0,-30.0,30.0,1
sub-09,4,196,12,80.0,15586,15826,15886,52.1875,-27.8125,27.8125,3
sub-09,4,197,300,40.0,18922,21922,26422,64.375,24.375,24.375,2
sub-09,4,198,60,60.0,22148,23048,23648,40.078125,-19.921875,19.921875,2
sub-09,4,199,12,80.0,17959,18199,18259,50.0,-30.0,30.0,1
sub-09,4,200,60,40.0,13942,14542,15442,32.265625,-7.734375,7.734375,2
sub-09,4,201,300,20.0,20069,21569,27569,50.0,30.0,30.0,1
sub-09,4,202,60,20.0,3650,3950,5150,36.25,16.25,16.25,2
sub-09,4,203,300,40.0,14066,17066,21566,50.0,10.0,10.0,1
sub-09,4,204,12,60.0,29300,29480,29600,85.703125,25.703125,25.703125,3
sub-09,4,205,12,60.0,27281,27461,27581,75.234375,15.234375,15.234375,3
sub-09,4,206,12,60.0,21273,21453,21573,49.609375,-10.390625,10.390625,3
sub-09,4,207,12,40.0,13450,13570,13750,50.0,10.0,10.0,3
sub-09,4,208,300,60.0,14351,18851,21851,63.125,3.125,3.125,2
sub-09,4,209,300,80.0,19476,25476,26976,59.921875,-20.078125,20.078125,2
sub-09,4,210,300,40.0,13458,16458,20958,50.0,10.0,10.0,1
sub-09,4,211,12,40.0,25820,25940,26120,40.0,0.0,0.0,3
sub-09,4,212,300,60.0,18200,22700,25700,50.0,-10.0,10.0,1
sub-09,4,213,12,60.0,15162,15342,15462,67.421875,7.421875,7.421875,3
sub-09,4,214,60,40.0,16451,17051,17951,50.0,10.0,10.0,1
sub-09,4,215,300,80.0,14066,20066,21566,63.90625,-16.09375,16.09375,2
sub-09,4,216,300,60.0,19476,23976,26976,50.0,-10.0,10.0,1
sub-09,4,217,60,20.0,19722,20022,21222,8.125,-11.875,11.875,3
sub-09,4,218,60,40.0,25202,25802,26702,9.21875,-30.78125,30.78125,4
sub-09,4,219,60,20.0,25895,26195,27395,50.0,30.0,30.0,1
sub-09,4,220,12,80.0,21273,21513,21573,66.328125,-13.671875,13.671875,4
sub-09,4,221,300,20.0,19476,20976,26976,50.0,30.0,30.0,1
sub-09,4,222,60,40.0,25895,26495,27395,50.0,10.0,10.0,1
sub-09,4,223,12,40.0,25018,25138,25318,92.265625,52.265625,52.265625,4
sub-09,4,224,300,80.0,20069,26069,27569,27.734375,-52.265625,52.265625,2
sub-09,4,225,12,60.0,11565,11745,11865,81.328125,21.328125,21.328125,3
sub-09,4,226,60,20.0,22148,22448,23648,31.953125,11.953125,11.953125,2
sub-09,4,227,60,20.0,10035,10335,11535,32.8125,12.8125,12.8125,2
sub-09,4,228,300,60.0,2522,7022,10022,50.0,-10.0,10.0,1
sub-09,4,229,12,40.0,15586,15706,15886,50.0,10.0,10.0,4
sub-09,4,230,12,80.0,1602,1842,1902,61.40625,-18.59375,18.59375,3
sub-09,4,231,12,40.0,23924,24044,24224,25.078125,-14.921875,14.921875,3
sub-09,4,232,300,40.0,2522,5522,10022,50.0,10.0,10.0,1
sub-09,4,233,60,60.0,15628,16528,17128,38.4375,-21.5625,21.5625,2
sub-09,4,234,60,80.0,12596,13796,14096,50.0,-30.0,30.0,1
sub-09,4,235,60,20.0,26923,27223,28423,31.328125,11.328125,11.328125,4
sub-09,4,236,12,60.0,26328,26508,26628,90.625,30.625,30.625,4
sub-09,4,237,300,40.0,19988,22988,27488,50.0,10.0,10.0,1
sub-09,4,238,12,20.0,29300,29360,29600,78.984375,58.984375,58.984375,3
sub-09,4,239,60,80.0,14390,15590,15890,82.96875,2.96875,2.96875,4
sub-09,4,240,60,60.0,19722,20622,21222,83.203125,23.203125,23.203125,4
